ward_name,forecast,tier,officers_per_shift,month_num
Kilburn Ward,65.67614,Very High,18,1
West End Ward,49.17236,Very High,18,1
Lea Bridge Ward,37.229065,Very High,18,1
Highgate Ward,34.33211,Very High,18,1
Regent's Park Ward,33.509354,Very High,18,1
Marylebone Ward,32.459114,Very High,17,1
St. James's Ward,30.8302,Very High,17,1
Village Ward,29.955896,Very High,17,1
Bloomsbury Ward,27.645115,Very High,17,1
Holborn & Covent Garden Ward,27.394402,Very High,17,1
Edgware Ward,25.5912,Very High,17,1
Wandle Ward,23.090082,Very High,17,1
Hoxton East & Shoreditch Ward,21.131641,Very High,17,1
Hyde Park Ward,19.521566,Very High,17,1
Stratford Olympic Park Ward,18.451838,Very High,17,1
Deptford Ward,18.196447,Very High,17,1
Childs Hill Ward,17.885807,Very High,17,1
Fairfield Ward,16.823542,Very High,17,1
London Fields Ward,16.6306,Very High,17,1
Abbey Ward,16.42547,Very High,17,1
Borough & Bankside Ward,16.011845,Very High,17,1
Weavers Ward,15.905461,Very High,17,1
Bow East Ward,15.756096,Very High,17,1
Bethnal Green West Ward,15.744393,Very High,17,1
Edmonton Green Ward,15.414732,Very High,17,1
Bayswater Ward,15.311078,Very High,17,1
Spitalfields & Banglatown Ward,15.103313,Very High,17,1
Wandsworth Town Ward,15.071349,Very High,17,1
Woodside Ward,15.042049,Very High,17,1
South Bermondsey Ward,14.672696,Very High,17,1
North Walworth Ward,14.566945,Very High,17,1
Whitechapel Ward,14.303273,Very High,17,1
Clapham Town Ward,14.161476,Very High,17,1
Belmont Ward,14.140431,Very High,17,1
Dalston Ward,14.084219,Very High,17,1
Rye Lane Ward,14.051369,Very High,17,1
Stonebridge Ward,14.037894,Very High,17,1
London Bridge & West Bermondsey Ward,13.628275,Very High,17,1
Hillrise Ward,13.619173,Very High,17,1
Bethnal Green East Ward,13.501608,Very High,17,1
Uxbridge Ward,13.373308,Very High,17,1
Dollis Hill Ward,13.234557,Very High,17,1
Brockley Ward,13.090847,Very High,17,1
Burnt Oak Ward,12.7852745,Very High,17,1
Upper Edmonton Ward,12.769073,Very High,17,1
Enfield Lock Ward,12.652664,Very High,17,1
Cricklewood & Mapesbury Ward,12.393088,Very High,17,1
Junction Ward,12.379684,Very High,17,1
Lancaster Gate Ward,12.248372,Very High,17,1
Lansbury Ward,12.2384615,Very High,17,1
Rushey Green Ward,12.134456,Very High,17,1
Penge & Cator Ward,12.133456,Very High,17,1
North Acton Ward,12.122213,Very High,17,1
Sydenham Ward,12.112309,Very High,17,1
Brimsdown Ward,12.02762,Very High,17,1
Canary Wharf Ward,11.999826,Very High,17,1
Heaton Ward,11.889484,Very High,17,1
Noel Park Ward,11.847312,Very High,17,1
Chaucer Ward,11.731212,Very High,17,1
Bunhill Ward,11.730499,Very High,17,1
Hendon Ward,11.670802,Very High,17,1
Crouch End Ward,11.57395,Very High,17,1
Balham Ward,11.566333,Very High,17,1
Hackney Central Ward,11.551462,Very High,17,1
Campden Ward,11.521647,Very High,17,1
Tollington Ward,11.453104,Very High,17,1
Mile End Ward,11.416425,Very High,17,1
Palmers Green Ward,11.371099,Very High,17,1
Hackney Downs Ward,11.364,Very High,17,1
Broad Green Ward,11.253849,Very High,17,1
Queens Park Ward,11.157032,Very High,17,1
Hackney Wick Ward,11.155631,Very High,17,1
Harlesden & Kensal Green Ward,11.128896,Very High,17,1
Finsbury Park Ward,11.11961,Very High,17,1
Old Kent Road Ward,11.053116,Very High,17,1
Knightsbridge & Belgravia Ward,11.030652,Very High,17,1
Brixton North Ward,10.982269,Very High,17,1
Hayes Town Ward,10.978439,Very High,17,1
Greenwich Peninsula Ward,10.958963,Very High,17,1
Chiswick Gunnersbury Ward,10.88977,Very High,17,1
Brompton & Hans Town Ward,10.743019,Very High,17,1
Norwood Green Ward,10.698472,Very High,17,1
South Richmond Ward,10.655036,Very High,17,1
Streatham St. Leonard's Ward,10.623312,Very High,17,1
Osterley & Spring Grove Ward,10.541395,Very High,17,1
Homerton Ward,10.522924,Very High,17,1
Brixton Acre Lane Ward,10.467136,Very High,17,1
Pinkwell Ward,10.467095,Very High,17,1
Waterloo & South Bank Ward,10.449413,Very High,17,1
College Park & Old Oak Ward,10.443985,Very High,17,1
Haggerston Ward,10.437146,Very High,17,1
Hanger Hill Ward,10.388747,Very High,17,1
St. Giles Ward,10.371266,Very High,17,1
Battersea Park Ward,10.282496,Very High,17,1
Northumberland Park Ward,10.236395,Very High,17,1
North Bermondsey Ward,10.201512,Very High,17,1
Finchley Church End Ward,10.193853,Very High,17,1
Tooting Broadway Ward,10.188599,Very High,17,1
Cricklewood Ward,10.185453,Very High,17,1
Waddon Ward,10.148916,Very High,17,1
Forest Gate South Ward,10.069862,Very High,17,1
Stratford Ward,10.055432,Very High,17,1
Whitewebbs Ward,10.053707,Very High,17,1
Abbey Road Ward,10.034698,Very High,17,1
West Putney Ward,10.012953,Very High,17,1
Haselbury Ward,9.921733,Very High,17,1
St. Mary Cray Ward,9.868086,Very High,17,1
Royal Victoria Ward,9.856839,Very High,17,1
Colville Ward,9.836898,Very High,17,1
Hither Green Ward,9.768311,Very High,17,1
East Ham Ward,9.719498,Very High,17,1
Heathrow Villages Ward,9.712608,Very High,17,1
Lower Edmonton Ward,9.655966,Very High,17,1
West Finchley Ward,9.639392,Very High,17,1
Stoke Newington Ward,9.603534,Very High,17,1
Ponders End Ward,9.588166,Very High,17,1
Woolwich Common Ward,9.520635,Very High,17,1
West Hendon Ward,9.5061455,Very High,17,1
East Putney Ward,9.492736,Very High,17,1
South Acton Ward,9.469598,Very High,17,1
Vauxhall Ward,9.457143,Very High,17,1
Victoria Ward,9.426304,Very High,17,1
East Acton Ward,9.380441,Very High,17,1
Greenwich Park Ward,9.350559,Very High,17,1
Lavender Ward,9.341829,Very High,17,1
Bruce Castle Ward,9.339205,Very High,17,1
Willesden Green Ward,9.321847,Very High,17,1
Peckham Ward,9.303105,Very High,17,1
Church Street Ward,9.295107,Very High,17,1
Hornsey Ward,9.268832,Very High,17,1
Holloway Ward,9.258482,Very High,17,1
Brondesbury Park Ward,9.219017,Very High,17,1
Town Ward,9.172917,Very High,17,1
Westbourne Ward,9.130229,Very High,17,1
Addiscombe West Ward,9.124789,Very High,17,1
Plaistow West & Canning Town East Ward,9.119637,Very High,17,1
Brixton Windrush Ward,9.119025,Very High,17,1
Friern Barnet Ward,9.095115,Very High,17,1
Roxeth Ward,9.083647,Very High,17,1
St. Paul's Cray Ward,9.045275,High,9,1
Bromley Town Ward,8.989911,High,9,1
South Hampstead Ward,8.989672,High,9,1
Queensbury Ward,8.987954,High,9,1
Nunhead & Queen's Road Ward,8.952102,High,9,1
Leyton Ward,8.944979,High,9,1
Redcliffe Ward,8.910327,High,9,1
Heston West Ward,8.903565,High,9,1
Arsenal Ward,8.883576,High,9,1
Gospel Oak Ward,8.88287,High,9,1
Bedfont Ward,8.877596,High,9,1
Thamesfield Ward,8.752786,High,9,1
Clerkenwell Ward,8.752281,High,9,1
Shaftesbury & Queenstown Ward,8.738753,High,9,1
Harringay Ward,8.713177,High,9,1
Maida Vale Ward,8.70988,High,9,1
Woolwich Arsenal Ward,8.69601,High,9,1
Southall Green Ward,8.695732,High,9,1
Little Venice Ward,8.692455,High,9,1
St. Katharine's & Wapping Ward,8.673347,High,9,1
Gooshays Ward,8.639559,High,9,1
Ladywell Ward,8.638415,High,9,1
Goodmayes Ward,8.6304245,High,9,1
Mildmay Ward,8.617504,High,9,1
Camberwell Green Ward,8.61106,High,9,1
Clissold Ward,8.592943,High,9,1
Bow West Ward,8.580951,High,9,1
High Street Ward,8.535527,High,9,1
St. Mary's Ward,8.532984,High,9,1
St. Mary's & St. James' Ward,8.503492,High,9,1
Custom House Ward,8.500668,High,9,1
Plumstead & Glyndon Ward,8.491839,High,9,1
Ealing Common Ward,8.490862,High,9,1
Earl's Court Ward,8.481793,High,9,1
Colindale South Ward,8.470464,High,9,1
Hoe Street Ward,8.453479,High,9,1
Roundwood Ward,8.44029,High,9,1
Selhurst Ward,8.426301,High,9,1
Tottenham Central Ward,8.399544,High,9,1
Perry Vale Ward,8.374138,High,9,1
Fortune Green Ward,8.369263,High,9,1
Hounslow West Ward,8.349796,High,9,1
Brunswick Park Ward,8.331314,High,9,1
Wanstead Village Ward,8.287075,High,9,1
Golborne Ward,8.270642,High,9,1
East Sheen Ward,8.237818,High,9,1
Ilford Town Ward,8.209352,High,9,1
West Thornton Ward,8.176637,High,9,1
Plaistow South Ward,8.166242,High,9,1
Crystal Palace & Anerley Ward,8.165156,High,9,1
Bridge Ward,8.121314,High,9,1
Herne Hill & Loughborough Junction Ward,8.1158285,High,9,1
Bush Hill Park Ward,8.104061,High,9,1
Purley & Woodcote Ward,8.075294,High,9,1
Blackwall & Cubitt Town Ward,8.071752,High,9,1
Catford South Ward,8.068031,High,9,1
Hammersmith Broadway Ward,8.039687,High,9,1
Kingston Town Ward,8.036671,High,9,1
Surrey Docks Ward,7.994679,High,9,1
Hoxton West Ward,7.982371,High,9,1
Springfield Ward,7.977799,High,9,1
Ealing Broadway Ward,7.9773126,High,9,1
Bromley Common & Holwood Ward,7.936008,High,9,1
Syon & Brentford Lock Ward,7.887218,High,9,1
Feltham West Ward,7.8774333,High,9,1
Beckton Ward,7.8702703,High,9,1
Evelyn Ward,7.8584766,High,9,1
Chiswick Homefields Ward,7.847293,High,9,1
West Hampstead Ward,7.817061,High,9,1
King's Cross Ward,7.790984,High,9,1
Cranford Ward,7.7908206,High,9,1
Barnet Vale Ward,7.7717466,High,9,1
Faraday Ward,7.7526135,High,9,1
South Tottenham Ward,7.7188754,High,9,1
Beckenham Town & Copers Cope Ward,7.6828794,High,9,1
Bromley South Ward,7.674361,High,9,1
Harold Wood Ward,7.6396027,High,9,1
South Croydon Ward,7.636725,High,9,1
Kew Ward,7.594338,High,9,1
Perivale Ward,7.5577426,High,9,1
Garden Suburb Ward,7.553553,High,9,1
Harrow Road Ward,7.5408177,High,9,1
Wood End Ward,7.5043674,High,9,1
Courtfield Ward,7.500045,High,9,1
Camden Town Ward,7.4825764,High,9,1
Erith Ward,7.446614,High,9,1
Belsize Ward,7.438648,High,9,1
Valley Ward,7.410065,High,9,1
Coningham Ward,7.4049244,High,9,1
Kentish Town South Ward,7.3873253,High,9,1
Hounslow Heath Ward,7.378004,High,9,1
Frognal Ward,7.36784,High,9,1
East Greenwich Ward,7.367103,High,9,1
St. Peter's & Canalside Ward,7.36705,High,9,1
Queen's Park Ward,7.3601933,High,9,1
Mortlake & Barnes Common Ward,7.359778,High,9,1
Bellingham Ward,7.3546653,High,9,1
Walpole Ward,7.3389688,High,9,1
Southbury Ward,7.313989,High,9,1
Greenhill Ward,7.2851844,High,9,1
Highbury Ward,7.275679,High,9,1
Tooting Bec Ward,7.270744,High,9,1
Hanworth Village Ward,7.258593,High,9,1
Cann Hall Ward,7.2428346,High,9,1
Northolt Mandeville Ward,7.222276,High,9,1
Golders Green Ward,7.2154703,High,9,1
Pimlico North Ward,7.210648,High,9,1
Orpington Ward,7.2101245,High,9,1
Stockwell West & Larkhall Ward,7.207961,High,9,1
De Beauvoir Ward,7.205314,High,9,1
Stroud Green Ward,7.185077,High,9,1
Harrow Weald Ward,7.1626444,High,9,1
Belmore Ward,7.152756,High,9,1
Heston Central Ward,7.1423264,High,9,1
Abingdon Ward,7.1325326,High,9,1
Tottenham Hale Ward,7.1257534,High,9,1
Woodhouse Ward,7.1184096,High,9,1
Northfield Ward,7.067576,High,9,1
Jubilee Ward,7.041734,High,9,1
West Ham Ward,7.0295105,High,9,1
East Finchley Ward,7.006526,High,9,1
Blackheath Westcombe Ward,7.001619,High,9,1
Laycock Ward,7.0012107,High,9,1
Southgate Ward,6.9526043,High,9,1
St. James Ward,6.94844,High,9,1
Streatham Hill West & Thornton Ward,6.947325,High,9,1
Roehampton Ward,6.937591,High,9,1
St. Dunstan's Ward,6.933806,High,9,1
Goose Green Ward,6.9237185,High,9,1
Mill Hill Ward,6.919948,High,9,1
White Hart Lane Ward,6.904492,High,9,1
Sands End Ward,6.9002376,High,9,1
Hanwell Broadway Ward,6.8950877,High,9,1
Blackheath Ward,6.860165,High,9,1
Munster Ward,6.8598294,High,9,1
Thornton Heath Ward,6.837815,High,9,1
Shacklewell Ward,6.834687,High,9,1
Wandsworth Common Ward,6.8212247,High,9,1
Crofton Park Ward,6.8098607,Medium,6,1
North Richmond Ward,6.8087115,Medium,6,1
Northbury Ward,6.8039594,Medium,6,1
Telegraph Hill Ward,6.8029833,Medium,6,1
West Green Ward,6.8000546,Medium,6,1
Palace & Hurlingham Ward,6.796021,Medium,6,1
Canonbury Ward,6.7830825,Medium,6,1
Knight's Hill Ward,6.7689176,Medium,6,1
Feltham North Ward,6.76094,Medium,6,1
Kidbrooke Village & Sutcliffe Ward,6.757825,Medium,6,1
Arnos Grove Ward,6.757537,Medium,6,1
Haverstock Ward,6.7569313,Medium,6,1
Barnsbury Ward,6.7488313,Medium,6,1
St. Pancras & Somers Town Ward,6.7403336,Medium,6,1
Totteridge & Woodside Ward,6.7288814,Medium,6,1
Heston East Ward,6.6999245,Medium,6,1
Hounslow Central Ward,6.6806993,Medium,6,1
Wembley Park Ward,6.673495,Medium,6,1
Streatham Common & Vale Ward,6.657268,Medium,6,1
Boleyn Ward,6.6564407,Medium,6,1
Bexleyheath Ward,6.6233807,Medium,6,1
Rotherhithe Ward,6.612046,Medium,6,1
Plumstead Common Ward,6.5991306,Medium,6,1
Tufnell Park Ward,6.596878,Medium,6,1
Goresbrook Ward,6.5750837,Medium,6,1
Bromley North Ward,6.564516,Medium,6,1
Shepherd's Bush Green Ward,6.5445914,Medium,6,1
Chislehurst Ward,6.526501,Medium,6,1
Carterhatch Ward,6.510996,Medium,6,1
Plaistow North Ward,6.488686,Medium,6,1
Rainham & Wennington Ward,6.4833694,Medium,6,1
Belvedere Ward,6.4444757,Medium,6,1
Southfields Ward,6.4441886,Medium,6,1
Falconbrook Ward,6.4285116,Medium,6,1
Greenwich Creekside Ward,6.3997483,Medium,6,1
Rush Green & Crowlands Ward,6.391471,Medium,6,1
Pembridge Ward,6.38485,Medium,6,1
Winchmore Hill Ward,6.3760223,Medium,6,1
Woodberry Down Ward,6.370932,Medium,6,1
Whalebone Ward,6.361438,Medium,6,1
East Barnet Ward,6.3306913,Medium,6,1
Hounslow East Ward,6.3199577,Medium,6,1
Vincent Square Ward,6.3167067,Medium,6,1
Forest Hill Ward,6.3165393,Medium,6,1
East Ham South Ward,6.3163185,Medium,6,1
Greenford Broadway Ward,6.2654357,Medium,6,1
Valence Ward,6.256442,Medium,6,1
Eastcote Ward,6.2503777,Medium,6,1
South Woodford Ward,6.2399297,Medium,6,1
Canning Town North Ward,6.2210884,Medium,6,1
Alperton Ward,6.2027836,Medium,6,1
St. Andrew's Ward,6.1798916,Medium,6,1
Holland Ward,6.1666255,Medium,6,1
Teddington Ward,6.146477,Medium,6,1
Bullsmoor Ward,6.143897,Medium,6,1
St. Margarets & North Twickenham Ward,6.141804,Medium,6,1
Clapham Park Ward,6.1410704,Medium,6,1
New Cross Gate Ward,6.1410537,Medium,6,1
Welsh Harp Ward,6.1288624,Medium,6,1
Southfield Ward,6.110375,Medium,6,1
Royal Hospital Ward,6.096206,Medium,6,1
Oval Ward,6.0938087,Medium,6,1
Edgwarebury Ward,6.075909,Medium,6,1
Upminster Ward,6.0163755,Medium,6,1
Yiewsley Ward,6.0122824,Medium,6,1
Kennington Ward,6.0055385,Medium,6,1
Kentish Town North Ward,5.999565,Medium,6,1
Wembley Central Ward,5.9935946,Medium,6,1
Brixton Rush Common Ward,5.988764,Medium,6,1
South Ruislip Ward,5.9879684,Medium,6,1
Selsdon & Addington Village Ward,5.960557,Medium,6,1
Cheam Ward,5.9597898,Medium,6,1
Churchfields Ward,5.9467316,Medium,6,1
Clapham Common & Abbeville Ward,5.941682,Medium,6,1
North Hanwell Ward,5.934943,Medium,6,1
Valentines Ward,5.931488,Medium,6,1
Lee Green Ward,5.924323,Medium,6,1
Eastbury Ward,5.90539,Medium,6,1
West Drayton Ward,5.8989134,Medium,6,1
Stanley Ward,5.898671,Medium,6,1
Chelsea Riverside Ward,5.8976607,Medium,6,1
Limehouse Ward,5.8900456,Medium,6,1
St. George's Ward,5.845043,Medium,6,1
Manor Park Ward,5.8274074,Medium,6,1
Northwood Ward,5.794367,Medium,6,1
Addiscombe East Ward,5.775345,Medium,6,1
Abbey Wood Ward,5.7671294,Medium,6,1
Sutton Central Ward,5.7530313,Medium,6,1
West Kensington Ward,5.752527,Medium,6,1
Wembley Hill Ward,5.7448792,Medium,6,1
Whetstone Ward,5.7284713,Medium,6,1
West Dulwich Ward,5.7225757,Medium,6,1
Shortlands & Park Langley Ward,5.7219987,Medium,6,1
Pinner South Ward,5.71138,Medium,6,1
Stepney Green Ward,5.7087436,Medium,6,1
St. Edward's Ward,5.7038546,Medium,6,1
"Ham, Petersham & Richmond Riverside Ward",5.6981497,Medium,6,1
Seven Sisters Ward,5.694302,Medium,6,1
Muswell Hill Ward,5.673009,Medium,6,1
Wimbledon Park Ward,5.664806,Medium,6,1
Southall Broadway Ward,5.645743,Medium,6,1
Maryland Ward,5.630094,Medium,6,1
Thamesmead East Ward,5.6285143,Medium,6,1
East Wickham Ward,5.625192,Medium,6,1
Brownswood Ward,5.6189594,Medium,6,1
Barnhill Ward,5.6129904,Medium,6,1
Marlborough Ward,5.611483,Medium,6,1
Fulham Town Ward,5.5978355,Medium,6,1
Parsons Green & Sandford Ward,5.5827575,Medium,6,1
Furzedown Ward,5.573064,Medium,6,1
South Hornchurch Ward,5.5623736,Medium,6,1
Stanmore Ward,5.552306,Medium,6,1
Forest Ward,5.5274615,Medium,6,1
Northcote Ward,5.523391,Medium,6,1
High Barnet Ward,5.509538,Medium,6,1
South Norwood Ward,5.5046124,Medium,6,1
Lewisham Central Ward,5.5035653,Medium,6,1
New Malden Village Ward,5.5033894,Medium,6,1
West Heath Ward,5.4957085,Medium,6,1
Clock House Ward,5.4909787,Medium,6,1
Fortis Green Ward,5.490824,Medium,6,1
Wealdstone South Ward,5.4901295,Medium,6,1
Leytonstone Ward,5.4822564,Medium,6,1
Southall West Ward,5.4814415,Medium,6,1
Pitshanger Ward,5.465976,Medium,6,1
Brook Green Ward,5.4593606,Medium,6,1
Hampton Ward,5.45868,Medium,6,1
Cockfosters Ward,5.4487863,Medium,6,1
Dulwich Wood Ward,5.448067,Medium,6,1
Crook Log Ward,5.439937,Medium,6,1
King's Park Ward,5.431126,Medium,6,1
Barnes Ward,5.428865,Medium,6,1
Mayfield Ward,5.4256864,Medium,6,1
Queen's Gate Ward,5.4122014,Medium,6,1
Chiswick Riverside Ward,5.407968,Medium,6,1
Myatt's Fields Ward,5.406741,Medium,6,1
Ridgeway Ward,5.405111,Medium,6,1
Elm Park Ward,5.4037066,Medium,6,1
Little Ilford Ward,5.386738,Medium,6,1
Wallington South Ward,5.353203,Low,3,1
Barking Riverside Ward,5.33651,Low,3,1
North Greenford Ward,5.326463,Low,3,1
Fulham Reach Ward,5.3235364,Low,3,1
Isleworth Ward,5.3193192,Low,3,1
Parsloes Ward,5.3107467,Low,3,1
West Hill Ward,5.3081,Low,3,1
Caledonian Ward,5.2878747,Low,3,1
Green Street West Ward,5.277808,Low,3,1
Grove Park Ward,5.269395,Low,3,1
Hounslow South Ward,5.265555,Low,3,1
Colham & Cowley Ward,5.2570896,Low,3,1
Petts Wood & Knoll Ward,5.2512436,Low,3,1
West Wickham Ward,5.242958,Low,3,1
Ruislip Ward,5.241186,Low,3,1
South Balham Ward,5.232342,Low,3,1
Higham Hill Ward,5.225336,Low,3,1
Hayes & Coney Hall Ward,5.221822,Low,3,1
Grove Green Ward,5.217704,Low,3,1
Kelsey & Eden Park Ward,5.2116365,Low,3,1
Newington Ward,5.2060432,Low,3,1
Central Greenford Ward,5.1918645,Low,3,1
Headstone Ward,5.180074,Low,3,1
Cazenove Ward,5.1746197,Low,3,1
Cricket Green Ward,5.1743045,Low,3,1
Downham Ward,5.1626844,Low,3,1
Shirley North Ward,5.1623206,Low,3,1
Loxford Ward,5.1471963,Low,3,1
Eltham Page Ward,5.1214914,Low,3,1
Sanderstead Ward,5.1210284,Low,3,1
Chapel End Ward,5.1083546,Low,3,1
Slade Green & Northend Ward,5.1056366,Low,3,1
William Morris Ward,5.090674,Low,3,1
Fairlop Ward,5.0767193,Low,3,1
Twickenham Riverside Ward,5.0741167,Low,3,1
Chadwell Ward,5.0685296,Low,3,1
Northolt West End Ward,5.0670633,Low,3,1
Grange Park Ward,5.0269203,Low,3,1
Hampton North Ward,5.019272,Low,3,1
Barkingside Ward,5.0159717,Low,3,1
Crayford Ward,5.01531,Low,3,1
Hampstead Town Ward,5.008571,Low,3,1
Hampton Wick & South Teddington Ward,4.975034,Low,3,1
Surbiton Hill Ward,4.9576106,Low,3,1
Stockwell East Ward,4.9464025,Low,3,1
Havering-atte-Bower Ward,4.94319,Low,3,1
Kingston Gate Ward,4.9398417,Low,3,1
Cranbrook Ward,4.937474,Low,3,1
Kingsbury Ward,4.930749,Low,3,1
St. Alban's Ward,4.91692,Low,3,1
Canning Town South Ward,4.9159613,Low,3,1
Mayesbrook Ward,4.9055815,Low,3,1
Squirrels Heath Ward,4.904122,Low,3,1
Crystal Palace & Upper Norwood Ward,4.891963,Low,3,1
Sidcup Ward,4.879981,Low,3,1
Fullwell Ward,4.837741,Low,3,1
Trinity Ward,4.8164597,Low,3,1
Hermitage & Gardens Ward,4.797565,Low,3,1
Primrose Hill Ward,4.7971916,Low,3,1
Eltham Town & Avery Hill Ward,4.7955914,Low,3,1
Wimbledon Town & Dundonald Ward,4.7953753,Low,3,1
St. Ann's Ward,4.789984,Low,3,1
West Thamesmead Ward,4.787947,Low,3,1
Graveney Ward,4.768603,Low,3,1
Wealdstone North Ward,4.761162,Low,3,1
Marshalls & Rise Park Ward,4.7403803,Low,3,1
Woolwich Dockyard Ward,4.7385635,Low,3,1
Hylands & Harrow Lodge Ward,4.719493,Low,3,1
Colliers Wood Ward,4.7194605,Low,3,1
Addison Ward,4.7000256,Low,3,1
Hanworth Park Ward,4.6879635,Low,3,1
Kidbrooke Park Ward,4.682829,Low,3,1
Harrow on the Hill Ward,4.6741843,Low,3,1
Shooters Hill Ward,4.663336,Low,3,1
Norbury & Pollards Hill Ward,4.6217766,Low,3,1
Grove Ward,4.588353,Low,3,1
Avonmore Ward,4.5644765,Low,3,1
Dulwich Village Ward,4.5559716,Low,3,1
Walham Green Ward,4.5507507,Low,3,1
South Twickenham Ward,4.5463533,Low,3,1
Chadwell Heath Ward,4.516744,Low,3,1
Highfield Ward,4.507509,Low,3,1
Larkswood Ward,4.4806666,Low,3,1
Fulwell & Hampton Hill Ward,4.4783463,Low,3,1
Wall End Ward,4.4734545,Low,3,1
St. Martin's Ward,4.468713,Low,3,1
Forest Gate North Ward,4.463029,Low,3,1
Beam Park Ward,4.4531984,Low,3,1
Nine Elms Ward,4.448783,Low,3,1
Falconwood & Welling Ward,4.424774,Low,3,1
Northumberland Heath Ward,4.420226,Low,3,1
Mawneys Ward,4.415776,Low,3,1
Kenton Ward,4.411713,Low,3,1
Ravenscourt Ward,4.409742,Low,3,1
Mottingham Ward,4.3979506,Low,3,1
Brentford West Ward,4.396085,Low,3,1
Shadwell Ward,4.38907,Low,3,1
Notting Dale Ward,4.387143,Low,3,1
Norbiton Ward,4.3590307,Low,3,1
Clapham East Ward,4.338438,Low,3,1
Wanstead Park Ward,4.332298,Low,3,1
Pinner Ward,4.3298593,Low,3,1
Poplar Ward,4.304711,Low,3,1
Sutton South Ward,4.2962494,Low,3,1
Carshalton Central Ward,4.292081,Low,3,1
Alexandra Park Ward,4.2539783,Low,3,1
Beddington Ward,4.238456,Low,3,1
Hillingdon East Ward,4.2354836,Low,3,1
Canons Ward,4.2226634,Low,3,1
Lillie Ward,4.2199774,Low,3,1
Gascoigne Ward,4.2196293,Low,3,1
Lady Margaret Ward,4.2162533,Low,3,1
Raynes Park Ward,4.2086873,Low,3,1
Clayhall Ward,4.2070603,Low,3,1
Figge's Marsh Ward,4.203117,Low,3,1
South Beddington & Roundshaw Ward,4.1927786,Low,3,1
New Southgate Ward,4.1903753,Low,3,1
Bickley & Sundridge Ward,4.1856174,Low,3,1
Barnehurst Ward,4.170616,Low,3,1
Dormers Wells Ward,4.168609,Low,3,1
Dalgarno Ward,4.156191,Low,3,1
Coombe Vale Ward,4.1559434,Low,3,1
Norland Ward,4.150365,Low,3,1
Green Street East Ward,4.14637,Low,3,1
St. Helier West Ward,4.137409,Low,3,1
Brentford East Ward,4.1320624,Low,3,1
Becontree Ward,4.1319447,Low,3,1
Purley Oaks & Riddlesdown Ward,4.117901,Low,3,1
Wallington North Ward,4.1167483,Low,3,1
Hainault Ward,4.1097546,Low,3,1
St. Helen's Ward,4.0829887,Low,3,1
Charlton Hornfair Ward,4.0740666,Low,3,1
Hatch Lane & Highams Park North Ward,4.0675626,Low,3,1
Norbury Park Ward,4.0627975,Low,3,1
Peckham Rye Ward,4.01895,Low,3,1
St. Mark's & Seething Wells Ward,3.9962513,Low,3,1
Yeading Ward,3.9876292,Low,3,1
Kenton East Ward,3.9855263,Low,3,1
Canbury Gardens Ward,3.9682188,Very Low,1,1
White City Ward,3.9539704,Very Low,1,1
Charlton Village & Riverside Ward,3.945789,Very Low,1,1
Bounds Green Ward,3.9442463,Very Low,1,1
Wood Street Ward,3.9380527,Very Low,1,1
Park Hill & Whitgift Ward,3.9318852,Very Low,1,1
Aldborough Ward,3.928415,Very Low,1,1
Camden Square Ward,3.9260533,Very Low,1,1
Pimlico South Ward,3.8958561,Very Low,1,1
Royal Albert Ward,3.894458,Very Low,1,1
Heathfield Ward,3.881626,Very Low,1,1
Merton Park Ward,3.8735204,Very Low,1,1
Sutton West & East Cheam Ward,3.8569443,Very Low,1,1
Hillingdon West Ward,3.813782,Very Low,1,1
Bensham Manor Ward,3.8028398,Very Low,1,1
Markhouse Ward,3.7861214,Very Low,1,1
Coombe Hill Ward,3.7693431,Very Low,1,1
Coulsdon Town Ward,3.7626455,Very Low,1,1
Stonecot Ward,3.7492712,Very Low,1,1
Endlebury Ward,3.7351432,Very Low,1,1
Bowes Ward,3.7123218,Very Low,1,1
Dulwich Hill Ward,3.7062886,Very Low,1,1
Longbridge Ward,3.7055774,Very Low,1,1
Longthornton Ward,3.6931386,Very Low,1,1
Middle Park & Horn Park Ward,3.6715968,Very Low,1,1
Whitton Ward,3.665783,Very Low,1,1
Seven Kings Ward,3.6624734,Very Low,1,1
Colindale North Ward,3.654897,Very Low,1,1
Eastbrook & Rush Green Ward,3.6339529,Very Low,1,1
St. Helier Ward,3.6274924,Very Low,1,1
Beam Ward,3.614359,Very Low,1,1
Thamesmead Moorings Ward,3.6120994,Very Low,1,1
Champion Hill Ward,3.6074438,Very Low,1,1
Clementswood Ward,3.5987978,Very Low,1,1
Centenary Ward,3.5813775,Very Low,1,1
Plaistow Ward,3.580832,Very Low,1,1
Upper Walthamstow Ward,3.577468,Very Low,1,1
West Twickenham Ward,3.5488694,Very Low,1,1
Northwood Hills Ward,3.5463467,Very Low,1,1
Wormholt Ward,3.5392435,Very Low,1,1
Oakwood Ward,3.5377312,Very Low,1,1
West Barnes Ward,3.5281584,Very Low,1,1
Wendell Park Ward,3.5258687,Very Low,1,1
Sudbury Ward,3.5128548,Very Low,1,1
Stamford Hill West Ward,3.5068116,Very Low,1,1
New Addington South Ward,3.4795291,Very Low,1,1
Farringdon Without Ward,3.4556684,Very Low,1,1
Carshalton South & Clockhouse Ward,3.4092033,Very Low,1,1
Cathall Ward,3.4025283,Very Low,1,1
Heath Ward,3.4006927,Very Low,1,1
Island Gardens Ward,3.3632548,Very Low,1,1
Streatham Hill East Ward,3.3498893,Very Low,1,1
Gipsy Hill Ward,3.3260698,Very Low,1,1
Shirley South Ward,3.323795,Very Low,1,1
Hackbridge Ward,3.3225634,Very Low,1,1
Preston Ward,3.3195975,Very Low,1,1
Hatch End Ward,3.3066545,Very Low,1,1
Farnborough & Crofton Ward,3.3027766,Very Low,1,1
Hale End & Highams Park South Ward,3.2941682,Very Low,1,1
Cannon Hill Ward,3.2931159,Very Low,1,1
Ickenham & South Harefield Ward,3.267124,Very Low,1,1
Biggin Hill Ward,3.2315543,Very Low,1,1
Berrylands Ward,3.2314122,Very Low,1,1
Streatham Wells Ward,3.2055533,Very Low,1,1
Pollards Hill Ward,3.1837342,Very Low,1,1
The Wrythe Ward,3.1806545,Very Low,1,1
Hillside Ward,3.1714683,Very Low,1,1
Underhill Ward,3.1525166,Very Low,1,1
Tokyngton Ward,3.1354005,Very Low,1,1
St. Mary's & St. James Ward,3.109736,Very Low,1,1
West Harrow Ward,3.1061237,Very Low,1,1
Alexandra Ward,3.1011937,Very Low,1,1
Newbury Ward,3.0671504,Very Low,1,1
Worcester Park North Ward,3.0429757,Very Low,1,1
Selsdon Vale & Forestdale Ward,3.0278077,Very Low,1,1
Chingford Green Ward,3.0151212,Very Low,1,1
Ravensbury Ward,2.9935725,Very Low,1,1
Northwick Park Ward,2.9746604,Very Low,1,1
Sutton North Ward,2.972069,Very Low,1,1
North Cheam Ward,2.9385622,Very Low,1,1
North Harrow Ward,2.931823,Very Low,1,1
Lavender Fields Ward,2.9230711,Very Low,1,1
Blendon & Penhill Ward,2.9138777,Very Low,1,1
Tudor Ward,2.9104953,Very Low,1,1
Roxbourne Ward,2.9024014,Very Low,1,1
Alibon Ward,2.8813732,Very Low,1,1
Chelsfield Ward,2.8789568,Very Low,1,1
St. Helier East Ward,2.8629954,Very Low,1,1
Thames View Ward,2.8525634,Very Low,1,1
Darwin Ward,2.8455465,Very Low,1,1
Lower Morden Ward,2.8419259,Very Low,1,1
New Addington North Ward,2.8379827,Very Low,1,1
Motspur Park & Old Malden East Ward,2.8154447,Very Low,1,1
"Mottingham, Coldharbour & New Eltham Ward",2.795174,Very Low,1,1
Cranham Ward,2.768572,Very Low,1,1
Green Lane & St. James Ward,2.7221775,Very Low,1,1
Blackfen & Lamorbey Ward,2.7107532,Very Low,1,1
Tolworth Ward,2.7051945,Very Low,1,1
Monkhams Ward,2.6668704,Very Low,1,1
Charville Ward,2.659628,Very Low,1,1
Rayners Lane Ward,2.6170905,Very Low,1,1
Plashet Ward,2.5716994,Very Low,1,1
Eltham Park & Progress Ward,2.5232441,Very Low,1,1
Kenley Ward,2.483113,Very Low,1,1
Farringdon Within Ward,2.4760675,Very Low,1,1
Kenton West Ward,2.4370213,Very Low,1,1
Longlands Ward,2.3396544,Very Low,1,1
Ruislip Manor Ward,2.3283615,Very Low,1,1
King George's & Sunray Ward,2.2775342,Very Low,1,1
Emerson Park Ward,2.2597883,Very Low,1,1
Hook & Chessington North Ward,2.2392058,Very Low,1,1
Old Malden Ward,2.1237257,Very Low,1,1
Chessington South & Malden Rushett Ward,2.038365,Very Low,1,1
Hacton Ward,2.0150757,Very Low,1,1
Old Coulsdon Ward,1.973284,Very Low,1,1
Tower Ward,1.8496385,Very Low,1,1
Harefield Village Ward,1.751678,Very Low,1,1
Worcester Park South Ward,1.7449442,Very Low,1,1
Castle Baynard Ward,1.4413282,Very Low,1,1
Coleman Street Ward,1.3600286,Very Low,1,1
Bishopsgate Ward,1.297495,Very Low,1,1
Cornhill Ward,1.1280524,Very Low,1,1
Cordwainer Ward,1.0692172,Very Low,1,1
Cheap Ward,1.0482558,Very Low,1,1
Aldersgate Ward,1.0009834,Very Low,1,1
Vintry Ward,0.86228955,Very Low,1,1
Portsoken Ward,0.85656,Very Low,1,1
Aldgate Ward,0.78813183,Very Low,1,1
Dowgate Ward,0.6602241,Very Low,1,1
Bassishaw Ward,0.6396351,Very Low,1,1
Langbourn Ward,0.6394498,Very Low,1,1
Queenhithe Ward,0.63586664,Very Low,1,1
Billingsgate Ward,0.60890436,Very Low,1,1
Cripplegate Ward,0.60890436,Very Low,1,1
Broad Street Ward,0.58895266,Very Low,1,1
Candlewick Ward,0.5539877,Very Low,1,1
Bread Street Ward,0.5270254,Very Low,1,1
Lime Street Ward,0.5270254,Very Low,1,1
Walbrook Ward,0.5270254,Very Low,1,1
Kilburn Ward,53.253426,Very High,18,2
West End Ward,48.608833,Very High,18,2
Lea Bridge Ward,40.289173,Very High,18,2
Highgate Ward,34.90293,Very High,18,2
Regent's Park Ward,32.700596,Very High,18,2
Marylebone Ward,29.862558,Very High,18,2
Village Ward,29.759716,Very High,18,2
St. James's Ward,27.880594,Very High,18,2
Edgware Ward,25.366287,Very High,17,2
Bloomsbury Ward,25.197731,Very High,17,2
Holborn & Covent Garden Ward,23.140762,Very High,17,2
Wandle Ward,20.811127,Very High,17,2
Hoxton East & Shoreditch Ward,19.524605,Very High,17,2
Childs Hill Ward,17.118813,Very High,17,2
Woodside Ward,16.692772,Very High,17,2
Borough & Bankside Ward,16.58043,Very High,17,2
Abbey Ward,16.089205,Very High,17,2
Hyde Park Ward,16.02436,Very High,17,2
Deptford Ward,15.970714,Very High,17,2
London Fields Ward,15.93362,Very High,17,2
Bethnal Green West Ward,15.838825,Very High,17,2
North Walworth Ward,15.539321,Very High,17,2
Stratford Olympic Park Ward,15.500209,Very High,17,2
Wandsworth Town Ward,15.401401,Very High,17,2
Bow East Ward,15.166845,Very High,17,2
Spitalfields & Banglatown Ward,15.037066,Very High,17,2
Weavers Ward,14.844491,Very High,17,2
Fairfield Ward,14.740174,Very High,17,2
South Bermondsey Ward,14.22549,Very High,17,2
London Bridge & West Bermondsey Ward,13.705741,Very High,17,2
Bethnal Green East Ward,13.521887,Very High,17,2
Edmonton Green Ward,13.4922905,Very High,17,2
Brockley Ward,13.408197,Very High,17,2
Clapham Town Ward,12.884314,Very High,17,2
Bayswater Ward,12.877098,Very High,17,2
Belmont Ward,12.586306,Very High,17,2
Hillrise Ward,12.548064,Very High,17,2
Stonebridge Ward,12.541783,Very High,17,2
Rye Lane Ward,12.442668,Very High,17,2
Lancaster Gate Ward,12.424229,Very High,17,2
Hendon Ward,12.24818,Very High,17,2
Dalston Ward,12.11402,Very High,17,2
Whitechapel Ward,12.056326,Very High,17,2
Dollis Hill Ward,11.928321,Very High,17,2
Uxbridge Ward,11.871566,Very High,17,2
Rushey Green Ward,11.80765,Very High,17,2
Lansbury Ward,11.615591,Very High,17,2
Canary Wharf Ward,11.538686,Very High,17,2
Mile End Ward,11.515801,Very High,17,2
Brimsdown Ward,11.441762,Very High,17,2
Junction Ward,11.3998375,Very High,17,2
Queens Park Ward,11.282566,Very High,17,2
Hackney Downs Ward,11.1572,Very High,17,2
Haggerston Ward,10.96319,Very High,17,2
Finsbury Park Ward,10.924158,Very High,17,2
Bunhill Ward,10.881949,Very High,17,2
Chiswick Gunnersbury Ward,10.796739,Very High,17,2
Balham Ward,10.79358,Very High,17,2
Brixton Acre Lane Ward,10.684564,Very High,17,2
Sydenham Ward,10.627804,Very High,17,2
Burnt Oak Ward,10.61751,Very High,17,2
Chaucer Ward,10.578471,Very High,17,2
Hackney Central Ward,10.516435,Very High,17,2
Upper Edmonton Ward,10.4413,Very High,17,2
Cricklewood & Mapesbury Ward,10.411427,Very High,17,2
Penge & Cator Ward,10.410665,Very High,17,2
Enfield Lock Ward,10.395824,Very High,17,2
Hanger Hill Ward,10.383411,Very High,17,2
Campden Ward,10.338997,Very High,17,2
Knightsbridge & Belgravia Ward,10.257938,Very High,17,2
North Acton Ward,10.21184,Very High,17,2
South Richmond Ward,10.192091,Very High,17,2
Cricklewood Ward,10.124829,Very High,17,2
Abbey Road Ward,10.083685,Very High,17,2
Whitewebbs Ward,10.053393,Very High,17,2
Homerton Ward,9.999535,Very High,17,2
Brixton North Ward,9.923462,Very High,17,2
Waterloo & South Bank Ward,9.919553,Very High,17,2
Bruce Castle Ward,9.91363,Very High,17,2
Church Street Ward,9.898629,Very High,17,2
Battersea Park Ward,9.8803215,Very High,17,2
Stratford Ward,9.858622,Very High,17,2
Hayes Town Ward,9.779935,Very High,17,2
Noel Park Ward,9.774156,Very High,17,2
Tollington Ward,9.755037,Very High,17,2
Crouch End Ward,9.735547,Very High,17,2
Old Kent Road Ward,9.69302,Very High,17,2
Tooting Broadway Ward,9.682121,Very High,17,2
Harlesden & Kensal Green Ward,9.6062765,Very High,17,2
Streatham St. Leonard's Ward,9.601742,Very High,17,2
Victoria Ward,9.555103,Very High,17,2
Hackney Wick Ward,9.505731,Very High,17,2
Broad Green Ward,9.467468,Very High,17,2
Waddon Ward,9.45731,Very High,17,2
Hither Green Ward,9.453499,Very High,17,2
Town Ward,9.43341,Very High,17,2
Heathrow Villages Ward,9.41556,Very High,17,2
Pinkwell Ward,9.3611355,Very High,17,2
Greenwich Park Ward,9.333407,Very High,17,2
Brompton & Hans Town Ward,9.324498,Very High,17,2
Willesden Green Ward,9.313036,Very High,17,2
College Park & Old Oak Ward,9.304109,Very High,17,2
St. Giles Ward,9.291805,Very High,17,2
Heaton Ward,9.248257,Very High,17,2
Palmers Green Ward,9.201198,Very High,17,2
North Bermondsey Ward,9.192211,Very High,17,2
Brondesbury Park Ward,9.159369,Very High,17,2
Woolwich Arsenal Ward,9.155902,Very High,17,2
East Ham Ward,9.143688,Very High,17,2
Clerkenwell Ward,9.131456,Very High,17,2
Finchley Church End Ward,9.082398,Very High,17,2
Greenwich Peninsula Ward,9.065306,Very High,17,2
East Acton Ward,9.012023,Very High,17,2
West Finchley Ward,8.981573,Very High,17,2
Forest Gate South Ward,8.979514,Very High,17,2
Stoke Newington Ward,8.930825,Very High,17,2
Lower Edmonton Ward,8.781347,Very High,17,2
Roundwood Ward,8.773187,Very High,17,2
Northumberland Park Ward,8.772266,Very High,17,2
Nunhead & Queen's Road Ward,8.771348,Very High,17,2
West Putney Ward,8.693178,Very High,17,2
Maida Vale Ward,8.670316,Very High,17,2
Ladywell Ward,8.667831,Very High,17,2
St. Paul's Cray Ward,8.6566515,Very High,17,2
Mildmay Ward,8.651777,Very High,17,2
Haselbury Ward,8.634326,Very High,17,2
Gooshays Ward,8.609706,Very High,17,2
Lavender Ward,8.578575,Very High,17,2
Ilford Town Ward,8.578301,Very High,17,2
Colville Ward,8.531286,Very High,17,2
Osterley & Spring Grove Ward,8.524742,Very High,17,2
Royal Victoria Ward,8.506822,Very High,17,2
South Acton Ward,8.470583,Very High,17,2
Addiscombe West Ward,8.441573,Very High,17,2
Little Venice Ward,8.439979,Very High,17,2
Harringay Ward,8.401201,Very High,17,2
Woolwich Common Ward,8.332218,Very High,17,2
Chiswick Homefields Ward,8.278499,Very High,17,2
Herne Hill & Loughborough Junction Ward,8.278073,Very High,17,2
Earl's Court Ward,8.272218,High,9,2
Roxeth Ward,8.263344,High,9,2
Southall Green Ward,8.260971,High,9,2
Fortune Green Ward,8.254765,High,9,2
East Putney Ward,8.237034,High,9,2
Plaistow West & Canning Town East Ward,8.233509,High,9,2
Camden Town Ward,8.227407,High,9,2
Ponders End Ward,8.200608,High,9,2
Custom House Ward,8.1943445,High,9,2
Westbourne Ward,8.179153,High,9,2
Norwood Green Ward,8.1710615,High,9,2
Bromley Town Ward,8.158539,High,9,2
Shaftesbury & Queenstown Ward,8.155962,High,9,2
Purley & Woodcote Ward,8.152689,High,9,2
Vauxhall Ward,8.148166,High,9,2
West Hendon Ward,8.104669,High,9,2
Leyton Ward,8.058897,High,9,2
Bedfont Ward,8.058063,High,9,2
Friern Barnet Ward,8.051403,High,9,2
Peckham Ward,8.032092,High,9,2
Perry Vale Ward,7.9925933,High,9,2
Redcliffe Ward,7.979473,High,9,2
Hoxton West Ward,7.9527736,High,9,2
St. Katharine's & Wapping Ward,7.9512386,High,9,2
St. Mary's & St. James' Ward,7.9122977,High,9,2
St. Mary Cray Ward,7.8991275,High,9,2
South Hampstead Ward,7.8598895,High,9,2
Courtfield Ward,7.8412337,High,9,2
Hornsey Ward,7.800886,High,9,2
Harrow Road Ward,7.7789426,High,9,2
Ealing Common Ward,7.775895,High,9,2
South Tottenham Ward,7.760566,High,9,2
Brixton Windrush Ward,7.752393,High,9,2
Queensbury Ward,7.7417045,High,9,2
St. Peter's & Canalside Ward,7.724832,High,9,2
Gospel Oak Ward,7.719388,High,9,2
Blackwall & Cubitt Town Ward,7.7061634,High,9,2
Tottenham Central Ward,7.6782646,High,9,2
Jubilee Ward,7.67363,High,9,2
Bow West Ward,7.647973,High,9,2
Plumstead & Glyndon Ward,7.6475887,High,9,2
Holloway Ward,7.6450844,High,9,2
Heston West Ward,7.6399927,High,9,2
Camberwell Green Ward,7.601538,High,9,2
West Thornton Ward,7.5621104,High,9,2
Selhurst Ward,7.557175,High,9,2
East Greenwich Ward,7.5474305,High,9,2
Colindale South Ward,7.5189886,High,9,2
Brunswick Park Ward,7.4949174,High,9,2
West Hampstead Ward,7.447904,High,9,2
Catford South Ward,7.4446735,High,9,2
Evelyn Ward,7.429261,High,9,2
Hounslow West Ward,7.3976374,High,9,2
Golborne Ward,7.364367,High,9,2
Bromley South Ward,7.3614187,High,9,2
Hammersmith Broadway Ward,7.3145237,High,9,2
King's Cross Ward,7.301492,High,9,2
Thamesfield Ward,7.2805147,High,9,2
Ealing Broadway Ward,7.2677345,High,9,2
Arsenal Ward,7.2625794,High,9,2
Golders Green Ward,7.188053,High,9,2
Bromley Common & Holwood Ward,7.1879454,High,9,2
Barnet Vale Ward,7.1655545,High,9,2
Clissold Ward,7.1602983,High,9,2
Springfield Ward,7.112891,High,9,2
Bridge Ward,7.09954,High,9,2
Plaistow South Ward,7.0947657,High,9,2
St. Dunstan's Ward,7.0593514,High,9,2
Wandsworth Common Ward,7.055897,High,9,2
Goodmayes Ward,7.024484,High,9,2
St. Mary's Ward,7.002203,High,9,2
Hounslow Central Ward,6.998902,High,9,2
Northfield Ward,6.962054,High,9,2
Greenhill Ward,6.9503784,High,9,2
Stanley Ward,6.9429455,High,9,2
Beckton Ward,6.941283,High,9,2
Woodberry Down Ward,6.9341846,High,9,2
Surrey Docks Ward,6.8712473,High,9,2
Belsize Ward,6.8677497,High,9,2
Woodhouse Ward,6.8674116,High,9,2
Haverstock Ward,6.838934,High,9,2
Cranford Ward,6.8297687,High,9,2
East Sheen Ward,6.8291655,High,9,2
Shepherd's Bush Green Ward,6.8106103,High,9,2
Laycock Ward,6.792913,High,9,2
St. James Ward,6.754752,High,9,2
Belvedere Ward,6.754052,High,9,2
Feltham West Ward,6.7323503,High,9,2
Blackheath Ward,6.695536,High,9,2
Kingston Town Ward,6.694959,High,9,2
Wanstead Village Ward,6.693054,High,9,2
High Street Ward,6.6878586,High,9,2
Pimlico North Ward,6.6836076,High,9,2
Perivale Ward,6.6807885,High,9,2
Canonbury Ward,6.679955,High,9,2
South Woodford Ward,6.6711564,High,9,2
Hanworth Village Ward,6.6668243,High,9,2
Coningham Ward,6.646373,High,9,2
Bush Hill Park Ward,6.61019,High,9,2
East Finchley Ward,6.6018405,High,9,2
Highbury Ward,6.599181,High,9,2
Northbury Ward,6.5946407,High,9,2
Valley Ward,6.549281,High,9,2
Bellingham Ward,6.508909,High,9,2
Clapham Park Ward,6.5048666,High,9,2
Hoe Street Ward,6.5046563,High,9,2
Goose Green Ward,6.495506,High,9,2
Falconbrook Ward,6.489802,High,9,2
Orpington Ward,6.485654,High,9,2
Wood End Ward,6.4659095,High,9,2
Syon & Brentford Lock Ward,6.459742,High,9,2
Crystal Palace & Anerley Ward,6.456732,High,9,2
Harrow Weald Ward,6.4553943,High,9,2
St. Pancras & Somers Town Ward,6.4539456,High,9,2
Hounslow Heath Ward,6.4417176,High,9,2
Greenwich Creekside Ward,6.430828,High,9,2
Boleyn Ward,6.410121,High,9,2
Pembridge Ward,6.3987083,High,9,2
Tottenham Hale Ward,6.377521,High,9,2
South Croydon Ward,6.366447,High,9,2
Hanwell Broadway Ward,6.353469,High,9,2
Faraday Ward,6.3500667,High,9,2
Kentish Town South Ward,6.3494406,High,9,2
Stockwell West & Larkhall Ward,6.3358474,High,9,2
Tooting Bec Ward,6.2954483,High,9,2
Totteridge & Woodside Ward,6.278479,High,9,2
Queen's Park Ward,6.252133,High,9,2
Northolt Mandeville Ward,6.251358,High,9,2
Bromley North Ward,6.2398896,High,9,2
Blackheath Westcombe Ward,6.239295,High,9,2
Welsh Harp Ward,6.223341,High,9,2
Heston Central Ward,6.206691,High,9,2
Beckenham Town & Copers Cope Ward,6.1611753,High,9,2
Stroud Green Ward,6.1601458,High,9,2
White Hart Lane Ward,6.1555243,High,9,2
Abingdon Ward,6.1344852,High,9,2
Roehampton Ward,6.131734,High,9,2
Southfield Ward,6.123186,High,9,2
Walpole Ward,6.121939,Medium,6,2
Holland Ward,6.1215034,Medium,6,2
Streatham Hill West & Thornton Ward,6.119631,Medium,6,2
West Green Ward,6.1181726,Medium,6,2
Oval Ward,6.1092305,Medium,6,2
Garden Suburb Ward,6.095379,Medium,6,2
Knight's Hill Ward,6.0930123,Medium,6,2
Mortlake & Barnes Common Ward,6.0681887,Medium,6,2
Feltham North Ward,6.063672,Medium,6,2
Cann Hall Ward,6.046491,Medium,6,2
East Ham South Ward,6.0455937,Medium,6,2
Crofton Park Ward,6.042146,Medium,6,2
Belmore Ward,6.020596,Medium,6,2
Limehouse Ward,6.003361,Medium,6,2
Erith Ward,5.9990597,Medium,6,2
North Richmond Ward,5.9917183,Medium,6,2
Harold Wood Ward,5.975491,Medium,6,2
De Beauvoir Ward,5.9746366,Medium,6,2
Greenford Broadway Ward,5.9557447,Medium,6,2
Streatham Common & Vale Ward,5.9478855,Medium,6,2
Chislehurst Ward,5.933065,Medium,6,2
Heston East Ward,5.9289827,Medium,6,2
Kew Ward,5.926171,Medium,6,2
Munster Ward,5.9196863,Medium,6,2
Clock House Ward,5.8983026,Medium,6,2
Downham Ward,5.89536,Medium,6,2
North Greenford Ward,5.8913245,Medium,6,2
Southbury Ward,5.88599,Medium,6,2
West Ham Ward,5.873507,Medium,6,2
Bexleyheath Ward,5.8556104,Medium,6,2
Caledonian Ward,5.8266845,Medium,6,2
Canning Town North Ward,5.803277,Medium,6,2
Fortis Green Ward,5.7968583,Medium,6,2
Selsdon & Addington Village Ward,5.7887874,Medium,6,2
Southfields Ward,5.7773533,Medium,6,2
Telegraph Hill Ward,5.776868,Medium,6,2
Palace & Hurlingham Ward,5.7664204,Medium,6,2
Shacklewell Ward,5.7599363,Medium,6,2
Lee Green Ward,5.7593513,Medium,6,2
Tufnell Park Ward,5.755235,Medium,6,2
Frognal Ward,5.747749,Medium,6,2
Clapham Common & Abbeville Ward,5.7406793,Medium,6,2
New Malden Village Ward,5.727484,Medium,6,2
New Cross Gate Ward,5.7254424,Medium,6,2
Southgate Ward,5.702612,Medium,6,2
Plaistow North Ward,5.698423,Medium,6,2
East Barnet Ward,5.6969824,Medium,6,2
Whalebone Ward,5.695081,Medium,6,2
Goresbrook Ward,5.692779,Medium,6,2
Barnsbury Ward,5.6791425,Medium,6,2
Marlborough Ward,5.660184,Medium,6,2
Crayford Ward,5.6499877,Medium,6,2
Wimbledon Park Ward,5.6342793,Medium,6,2
"Ham, Petersham & Richmond Riverside Ward",5.6268945,Medium,6,2
Barking Riverside Ward,5.626492,Medium,6,2
St. Margarets & North Twickenham Ward,5.6166363,Medium,6,2
Arnos Grove Ward,5.603494,Medium,6,2
Stanmore Ward,5.600411,Medium,6,2
Rotherhithe Ward,5.594031,Medium,6,2
Wembley Park Ward,5.5927663,Medium,6,2
Thornton Heath Ward,5.592734,Medium,6,2
St. Andrew's Ward,5.5920215,Medium,6,2
Valence Ward,5.571618,Medium,6,2
Brixton Rush Common Ward,5.5698304,Medium,6,2
Teddington Ward,5.5681314,Medium,6,2
Sands End Ward,5.5643396,Medium,6,2
Bullsmoor Ward,5.5504,Medium,6,2
Eastbury Ward,5.5419774,Medium,6,2
Vincent Square Ward,5.538476,Medium,6,2
Chiswick Riverside Ward,5.5344763,Medium,6,2
Thamesmead East Ward,5.5306034,Medium,6,2
Kentish Town North Ward,5.526486,Medium,6,2
Grove Park Ward,5.5232058,Medium,6,2
Edgwarebury Ward,5.5221663,Medium,6,2
Lewisham Central Ward,5.521212,Medium,6,2
Plumstead Common Ward,5.494649,Medium,6,2
Upminster Ward,5.476614,Medium,6,2
Barnes Ward,5.4663854,Medium,6,2
Northolt West End Ward,5.456301,Medium,6,2
Primrose Hill Ward,5.449399,Medium,6,2
Northcote Ward,5.444857,Medium,6,2
Forest Hill Ward,5.441727,Medium,6,2
Crystal Palace & Upper Norwood Ward,5.422087,Medium,6,2
King's Park Ward,5.415688,Medium,6,2
Canning Town South Ward,5.402327,Medium,6,2
Pitshanger Ward,5.383392,Medium,6,2
Little Ilford Ward,5.3807454,Medium,6,2
South Balham Ward,5.3789835,Medium,6,2
Colham & Cowley Ward,5.3758492,Medium,6,2
Ridgeway Ward,5.3399086,Medium,6,2
Loxford Ward,5.319683,Medium,6,2
Fulham Reach Ward,5.306835,Medium,6,2
Eltham Town & Avery Hill Ward,5.3013906,Medium,6,2
Maryland Ward,5.293068,Medium,6,2
Rush Green & Crowlands Ward,5.2568984,Medium,6,2
Barnhill Ward,5.210808,Medium,6,2
St. George's Ward,5.206158,Medium,6,2
Mill Hill Ward,5.1791987,Medium,6,2
Abbey Wood Ward,5.1619883,Medium,6,2
Muswell Hill Ward,5.159514,Medium,6,2
South Norwood Ward,5.129208,Medium,6,2
Royal Hospital Ward,5.126924,Medium,6,2
Ruislip Ward,5.123997,Medium,6,2
Kennington Ward,5.123428,Medium,6,2
Dulwich Wood Ward,5.114936,Medium,6,2
Carterhatch Ward,5.1098022,Medium,6,2
Charlton Village & Riverside Ward,5.0955024,Medium,6,2
East Wickham Ward,5.09015,Medium,6,2
Churchfields Ward,5.0864673,Medium,6,2
Cazenove Ward,5.0560884,Medium,6,2
North Hanwell Ward,5.043668,Medium,6,2
Whetstone Ward,5.036234,Medium,6,2
Trinity Ward,5.0166078,Medium,6,2
Sutton Central Ward,5.015441,Medium,6,2
Forest Ward,4.997193,Medium,6,2
St. Edward's Ward,4.9947906,Medium,6,2
Rainham & Wennington Ward,4.994165,Medium,6,2
Kelsey & Eden Park Ward,4.9915724,Medium,6,2
Kidbrooke Village & Sutcliffe Ward,4.9879236,Medium,6,2
Crook Log Ward,4.9738307,Medium,6,2
Woolwich Dockyard Ward,4.961945,Medium,6,2
Yiewsley Ward,4.9549203,Medium,6,2
Petts Wood & Knoll Ward,4.945939,Medium,6,2
Hounslow East Ward,4.9441347,Medium,6,2
West Kensington Ward,4.939591,Medium,6,2
Furzedown Ward,4.9350624,Medium,6,2
Seven Sisters Ward,4.9295797,Medium,6,2
Fairlop Ward,4.914259,Medium,6,2
Chapel End Ward,4.90994,Medium,6,2
Valentines Ward,4.8871956,Medium,6,2
Larkswood Ward,4.8748384,Medium,6,2
Southall Broadway Ward,4.869352,Medium,6,2
Newington Ward,4.85209,Medium,6,2
Kingsbury Ward,4.845502,Medium,6,2
Brook Green Ward,4.8430376,Medium,6,2
Cockfosters Ward,4.827461,Medium,6,2
Central Greenford Ward,4.79345,Medium,6,2
Stepney Green Ward,4.7846823,Medium,6,2
Wembley Central Ward,4.777802,Medium,6,2
Shortlands & Park Langley Ward,4.771306,Low,3,2
Fulham Town Ward,4.768532,Low,3,2
Brownswood Ward,4.764539,Low,3,2
Cranbrook Ward,4.7598534,Low,3,2
Wembley Hill Ward,4.743414,Low,3,2
Isleworth Ward,4.724071,Low,3,2
Mottingham Ward,4.723251,Low,3,2
Hylands & Harrow Lodge Ward,4.722555,Low,3,2
Eastcote Ward,4.7223663,Low,3,2
Cheam Ward,4.7129927,Low,3,2
West Dulwich Ward,4.711115,Low,3,2
Chelsea Riverside Ward,4.6939363,Low,3,2
Barkingside Ward,4.6914077,Low,3,2
Brentford West Ward,4.6902785,Low,3,2
West Heath Ward,4.6887712,Low,3,2
Pinner South Ward,4.6721363,Low,3,2
Northwood Ward,4.670809,Low,3,2
Cricket Green Ward,4.6519537,Low,3,2
Fullwell Ward,4.6499395,Low,3,2
Headstone Ward,4.6153827,Low,3,2
Twickenham Riverside Ward,4.6082006,Low,3,2
Squirrels Heath Ward,4.601559,Low,3,2
Southall West Ward,4.568561,Low,3,2
Parsons Green & Sandford Ward,4.5631843,Low,3,2
Alperton Ward,4.544577,Low,3,2
Slade Green & Northend Ward,4.5400157,Low,3,2
Kenton Ward,4.539184,Low,3,2
Parsloes Ward,4.5374656,Low,3,2
Dulwich Village Ward,4.5339684,Low,3,2
Shadwell Ward,4.525515,Low,3,2
Wealdstone South Ward,4.524399,Low,3,2
Lillie Ward,4.512393,Low,3,2
Mayesbrook Ward,4.511687,Low,3,2
Coombe Vale Ward,4.5091047,Low,3,2
Myatt's Fields Ward,4.5071034,Low,3,2
West Drayton Ward,4.5053005,Low,3,2
Winchmore Hill Ward,4.502043,Low,3,2
William Morris Ward,4.4994345,Low,3,2
Clapham East Ward,4.4876466,Low,3,2
Walham Green Ward,4.4843616,Low,3,2
Norbury & Pollards Hill Ward,4.4814515,Low,3,2
Clayhall Ward,4.472574,Low,3,2
Stockwell East Ward,4.472486,Low,3,2
Green Street West Ward,4.465814,Low,3,2
Eltham Page Ward,4.46009,Low,3,2
Queen's Gate Ward,4.450662,Low,3,2
Mawneys Ward,4.4413304,Low,3,2
Wallington South Ward,4.4389935,Low,3,2
Dormers Wells Ward,4.425462,Low,3,2
Manor Park Ward,4.407379,Low,3,2
Shirley North Ward,4.3831015,Low,3,2
Harrow on the Hill Ward,4.3724265,Low,3,2
South Hornchurch Ward,4.3609724,Low,3,2
Leytonstone Ward,4.3537884,Low,3,2
Grove Green Ward,4.348301,Low,3,2
Elm Park Ward,4.3462596,Low,3,2
Addiscombe East Ward,4.337182,Low,3,2
Hampton Ward,4.333169,Low,3,2
St. Martin's Ward,4.33305,Low,3,2
Grove Ward,4.3297377,Low,3,2
Ravenscourt Ward,4.321114,Low,3,2
Hounslow South Ward,4.312672,Low,3,2
Addison Ward,4.2767367,Low,3,2
Brentford East Ward,4.275739,Low,3,2
Hampstead Town Ward,4.27263,Low,3,2
Nine Elms Ward,4.2715764,Low,3,2
Poplar Ward,4.265529,Low,3,2
Hanworth Park Ward,4.2596726,Low,3,2
Kidbrooke Park Ward,4.2180815,Low,3,2
South Ruislip Ward,4.216059,Low,3,2
Hampton North Ward,4.2116213,Low,3,2
Aldborough Ward,4.209668,Low,3,2
Higham Hill Ward,4.194683,Low,3,2
Grange Park Ward,4.1933384,Low,3,2
Hermitage & Gardens Ward,4.1686854,Low,3,2
Fulwell & Hampton Hill Ward,4.1680217,Low,3,2
Hampton Wick & South Teddington Ward,4.158174,Low,3,2
Figge's Marsh Ward,4.1562076,Low,3,2
High Barnet Ward,4.1534214,Low,3,2
Endlebury Ward,4.1448,Low,3,2
South Twickenham Ward,4.0985084,Low,3,2
Alexandra Park Ward,4.088556,Low,3,2
Chadwell Ward,4.0815506,Low,3,2
Raynes Park Ward,4.053605,Low,3,2
Becontree Ward,4.035076,Low,3,2
St. Ann's Ward,4.0342627,Low,3,2
West Twickenham Ward,4.025533,Low,3,2
St. Mary's & St. James Ward,4.003876,Low,3,2
St. Alban's Ward,4.0036902,Low,3,2
Heathfield Ward,4.001849,Low,3,2
St. Helier West Ward,3.9985297,Low,3,2
Yeading Ward,3.9945955,Low,3,2
Hillingdon East Ward,3.9937387,Low,3,2
Chadwell Heath Ward,3.9842298,Low,3,2
Wealdstone North Ward,3.9790814,Low,3,2
Mayfield Ward,3.9703178,Low,3,2
Pimlico South Ward,3.969667,Low,3,2
West Hill Ward,3.95658,Low,3,2
Gascoigne Ward,3.9498582,Low,3,2
New Southgate Ward,3.9037519,Low,3,2
Longbridge Ward,3.8899093,Low,3,2
Sanderstead Ward,3.8737957,Low,3,2
Colliers Wood Ward,3.8644083,Low,3,2
Charlton Hornfair Ward,3.861705,Low,3,2
Forest Gate North Ward,3.8440125,Low,3,2
Barnehurst Ward,3.8387218,Low,3,2
Wimbledon Town & Dundonald Ward,3.825806,Low,3,2
Kingston Gate Ward,3.824434,Low,3,2
Surbiton Hill Ward,3.8229373,Low,3,2
Northumberland Heath Ward,3.8176115,Low,3,2
Notting Dale Ward,3.8151834,Low,3,2
Bowes Ward,3.8015277,Low,3,2
Bensham Manor Ward,3.797451,Low,3,2
Wall End Ward,3.795229,Low,3,2
Lady Margaret Ward,3.7937496,Low,3,2
Havering-atte-Bower Ward,3.7931726,Low,3,2
Graveney Ward,3.7903545,Low,3,2
Canons Ward,3.7892752,Low,3,2
Hayes & Coney Hall Ward,3.7867157,Low,3,2
Avonmore Ward,3.7793005,Low,3,2
Norbiton Ward,3.7674465,Low,3,2
Beddington Ward,3.765891,Low,3,2
Wallington North Ward,3.7348099,Low,3,2
Shooters Hill Ward,3.7315633,Low,3,2
Falconwood & Welling Ward,3.7190897,Low,3,2
Marshalls & Rise Park Ward,3.7037077,Low,3,2
Camden Square Ward,3.702878,Low,3,2
Dalgarno Ward,3.6982393,Low,3,2
Centenary Ward,3.64891,Low,3,2
Peckham Rye Ward,3.6417096,Low,3,2
Hainault Ward,3.6366587,Low,3,2
West Thamesmead Ward,3.6348417,Low,3,2
West Wickham Ward,3.622233,Low,3,2
Wanstead Park Ward,3.6184323,Low,3,2
White City Ward,3.578356,Low,3,2
Norland Ward,3.5653644,Low,3,2
Ickenham & South Harefield Ward,3.5604155,Low,3,2
Beam Park Ward,3.558982,Low,3,2
Carshalton Central Ward,3.5377195,Very Low,1,2
Royal Albert Ward,3.5259461,Very Low,1,2
St. Helen's Ward,3.5227623,Very Low,1,2
Highfield Ward,3.5183609,Very Low,1,2
Coombe Hill Ward,3.5172362,Very Low,1,2
Stonecot Ward,3.5016096,Very Low,1,2
Thamesmead Moorings Ward,3.500064,Very Low,1,2
Sutton South Ward,3.488613,Very Low,1,2
Sutton West & East Cheam Ward,3.4768677,Very Low,1,2
Sidcup Ward,3.4700692,Very Low,1,2
Streatham Wells Ward,3.4690511,Very Low,1,2
Champion Hill Ward,3.4499044,Very Low,1,2
Bickley & Sundridge Ward,3.4433794,Very Low,1,2
Pinner Ward,3.4319322,Very Low,1,2
St. Mark's & Seething Wells Ward,3.3956218,Very Low,1,2
Northwood Hills Ward,3.3828912,Very Low,1,2
Whitton Ward,3.3798373,Very Low,1,2
South Beddington & Roundshaw Ward,3.365856,Very Low,1,2
Clementswood Ward,3.3604734,Very Low,1,2
Canbury Gardens Ward,3.3539252,Very Low,1,2
Stamford Hill West Ward,3.3483825,Very Low,1,2
Purley Oaks & Riddlesdown Ward,3.3396733,Very Low,1,2
Middle Park & Horn Park Ward,3.3357828,Very Low,1,2
Norbury Park Ward,3.3125267,Very Low,1,2
Wendell Park Ward,3.3062243,Very Low,1,2
Upper Walthamstow Ward,3.2900035,Very Low,1,2
St. Helier Ward,3.282912,Very Low,1,2
Green Street East Ward,3.2745047,Very Low,1,2
Hale End & Highams Park South Ward,3.2686212,Very Low,1,2
Hillingdon West Ward,3.2584388,Very Low,1,2
Colindale North Ward,3.25492,Very Low,1,2
Eastbrook & Rush Green Ward,3.2365484,Very Low,1,2
Streatham Hill East Ward,3.2091434,Very Low,1,2
Seven Kings Ward,3.2076976,Very Low,1,2
Bounds Green Ward,3.2031324,Very Low,1,2
Hatch Lane & Highams Park North Ward,3.1699655,Very Low,1,2
Beam Ward,3.158423,Very Low,1,2
Heath Ward,3.145997,Very Low,1,2
Wood Street Ward,3.1321356,Very Low,1,2
Farnborough & Crofton Ward,3.120312,Very Low,1,2
Park Hill & Whitgift Ward,3.0912712,Very Low,1,2
Wormholt Ward,3.053566,Very Low,1,2
Gipsy Hill Ward,3.049037,Very Low,1,2
Longthornton Ward,3.0432403,Very Low,1,2
Plaistow Ward,3.0247755,Very Low,1,2
Coulsdon Town Ward,3.020064,Very Low,1,2
Sudbury Ward,2.996869,Very Low,1,2
Preston Ward,2.9948897,Very Low,1,2
Island Gardens Ward,2.9777691,Very Low,1,2
Dulwich Hill Ward,2.975791,Very Low,1,2
Oakwood Ward,2.9739053,Very Low,1,2
Hatch End Ward,2.933229,Very Low,1,2
West Barnes Ward,2.9198723,Very Low,1,2
New Addington South Ward,2.8981442,Very Low,1,2
Hackbridge Ward,2.8714306,Very Low,1,2
Selsdon Vale & Forestdale Ward,2.848203,Very Low,1,2
Blendon & Penhill Ward,2.8348327,Very Low,1,2
Carshalton South & Clockhouse Ward,2.8010442,Very Low,1,2
Newbury Ward,2.7885108,Very Low,1,2
West Harrow Ward,2.780788,Very Low,1,2
Markhouse Ward,2.772347,Very Low,1,2
Merton Park Ward,2.7526195,Very Low,1,2
North Cheam Ward,2.7345502,Very Low,1,2
The Wrythe Ward,2.7239363,Very Low,1,2
Alibon Ward,2.7152479,Very Low,1,2
Pollards Hill Ward,2.701569,Very Low,1,2
Rayners Lane Ward,2.6950366,Very Low,1,2
Eltham Park & Progress Ward,2.649461,Very Low,1,2
Kenton East Ward,2.6408148,Very Low,1,2
Farringdon Without Ward,2.6292748,Very Low,1,2
Chingford Green Ward,2.624205,Very Low,1,2
Cannon Hill Ward,2.6183236,Very Low,1,2
Underhill Ward,2.6024132,Very Low,1,2
Hillside Ward,2.5946014,Very Low,1,2
Alexandra Ward,2.5861819,Very Low,1,2
Cathall Ward,2.5552273,Very Low,1,2
Tudor Ward,2.5319352,Very Low,1,2
Sutton North Ward,2.5307047,Very Low,1,2
Roxbourne Ward,2.5269928,Very Low,1,2
St. Helier East Ward,2.51969,Very Low,1,2
Lavender Fields Ward,2.4891083,Very Low,1,2
Green Lane & St. James Ward,2.4794447,Very Low,1,2
Tolworth Ward,2.4565196,Very Low,1,2
Ravensbury Ward,2.4196184,Very Low,1,2
"Mottingham, Coldharbour & New Eltham Ward",2.4132063,Very Low,1,2
Shirley South Ward,2.4034896,Very Low,1,2
Worcester Park North Ward,2.3983696,Very Low,1,2
Thames View Ward,2.3952081,Very Low,1,2
Lower Morden Ward,2.38911,Very Low,1,2
Plashet Ward,2.3702319,Very Low,1,2
North Harrow Ward,2.3649855,Very Low,1,2
Charville Ward,2.3649714,Very Low,1,2
Kenley Ward,2.3521693,Very Low,1,2
Darwin Ward,2.3508754,Very Low,1,2
Biggin Hill Ward,2.2937918,Very Low,1,2
Blackfen & Lamorbey Ward,2.2816434,Very Low,1,2
Tokyngton Ward,2.2687354,Very Low,1,2
Monkhams Ward,2.2656922,Very Low,1,2
Motspur Park & Old Malden East Ward,2.2242289,Very Low,1,2
Berrylands Ward,2.2051861,Very Low,1,2
New Addington North Ward,2.19225,Very Low,1,2
Chelsfield Ward,2.1500447,Very Low,1,2
Old Malden Ward,2.1194866,Very Low,1,2
King George's & Sunray Ward,2.1020496,Very Low,1,2
Farringdon Within Ward,2.095754,Very Low,1,2
Cranham Ward,2.088603,Very Low,1,2
Northwick Park Ward,2.0787213,Very Low,1,2
Kenton West Ward,1.940913,Very Low,1,2
Old Coulsdon Ward,1.9386398,Very Low,1,2
Ruislip Manor Ward,1.8181843,Very Low,1,2
Emerson Park Ward,1.7170815,Very Low,1,2
Hook & Chessington North Ward,1.6846495,Very Low,1,2
Chessington South & Malden Rushett Ward,1.6548958,Very Low,1,2
Longlands Ward,1.6033599,Very Low,1,2
Worcester Park South Ward,1.5413779,Very Low,1,2
Tower Ward,1.5102087,Very Low,1,2
Hacton Ward,1.4543833,Very Low,1,2
Harefield Village Ward,1.4345442,Very Low,1,2
Langbourn Ward,1.1716528,Very Low,1,2
Castle Baynard Ward,1.1617868,Very Low,1,2
Bishopsgate Ward,1.0913855,Very Low,1,2
Cornhill Ward,0.855468,Very Low,1,2
Coleman Street Ward,0.81182545,Very Low,1,2
Vintry Ward,0.73249364,Very Low,1,2
Aldgate Ward,0.7292043,Very Low,1,2
Cordwainer Ward,0.6835666,Very Low,1,2
Cripplegate Ward,0.6057641,Very Low,1,2
Cheap Ward,0.59611094,Very Low,1,2
Aldersgate Ward,0.5035618,Very Low,1,2
Billingsgate Ward,0.48696682,Very Low,1,2
Bassishaw Ward,0.436697,Very Low,1,2
Bread Street Ward,0.43205023,Very Low,1,2
Portsoken Ward,0.39688113,Very Low,1,2
Queenhithe Ward,0.38300416,Very Low,1,2
Broad Street Ward,0.37191454,Very Low,1,2
Candlewick Ward,0.3607786,Very Low,1,2
Dowgate Ward,0.35677847,Very Low,1,2
Lime Street Ward,0.33381635,Very Low,1,2
Walbrook Ward,0.33381635,Very Low,1,2
Kilburn Ward,48.11389,Very High,18,3
West End Ward,47.65785,Very High,18,3
Lea Bridge Ward,43.970264,Very High,18,3
Regent's Park Ward,32.83097,Very High,18,3
Highgate Ward,32.381016,Very High,18,3
Village Ward,30.369736,Very High,18,3
Marylebone Ward,28.740435,Very High,18,3
Edgware Ward,27.181473,Very High,18,3
St. James's Ward,26.887877,Very High,18,3
Bloomsbury Ward,23.126062,Very High,17,3
Holborn & Covent Garden Ward,22.252192,Very High,17,3
Hoxton East & Shoreditch Ward,19.286425,Very High,17,3
Woodside Ward,17.31938,Very High,17,3
Wandle Ward,16.915031,Very High,17,3
London Fields Ward,16.660023,Very High,17,3
Childs Hill Ward,16.451174,Very High,17,3
Spitalfields & Banglatown Ward,16.446945,Very High,17,3
Hyde Park Ward,15.355292,Very High,17,3
Deptford Ward,15.249017,Very High,17,3
Bethnal Green West Ward,15.176509,Very High,17,3
Borough & Bankside Ward,15.104413,Very High,17,3
Stratford Olympic Park Ward,14.594162,Very High,17,3
Abbey Ward,14.570215,Very High,17,3
South Bermondsey Ward,14.28633,Very High,17,3
Weavers Ward,13.782133,Very High,17,3
London Bridge & West Bermondsey Ward,13.7276745,Very High,17,3
Fairfield Ward,13.586521,Very High,17,3
Belmont Ward,13.560979,Very High,17,3
Bow East Ward,13.088398,Very High,17,3
Hendon Ward,12.833202,Very High,17,3
Clapham Town Ward,12.781129,Very High,17,3
Dollis Hill Ward,12.778961,Very High,17,3
Bethnal Green East Ward,12.741554,Very High,17,3
Wandsworth Town Ward,12.740022,Very High,17,3
Whitechapel Ward,12.732962,Very High,17,3
Rye Lane Ward,12.678307,Very High,17,3
Brockley Ward,12.656399,Very High,17,3
Bayswater Ward,12.638726,Very High,17,3
Edmonton Green Ward,12.484331,Very High,17,3
North Walworth Ward,12.4092,Very High,17,3
Rushey Green Ward,12.257175,Very High,17,3
Lancaster Gate Ward,12.198989,Very High,17,3
Bridge Ward,11.883308,Very High,17,3
Stonebridge Ward,11.822491,Very High,17,3
Harlesden & Kensal Green Ward,11.764961,Very High,17,3
Brimsdown Ward,11.379215,Very High,17,3
North Acton Ward,11.37364,Very High,17,3
Dalston Ward,11.228011,Very High,17,3
Junction Ward,11.1675205,Very High,17,3
Haggerston Ward,11.031806,Very High,17,3
Brondesbury Park Ward,10.982209,Very High,17,3
Homerton Ward,10.972015,Very High,17,3
Cricklewood & Mapesbury Ward,10.701368,Very High,17,3
Hillrise Ward,10.678512,Very High,17,3
Queens Park Ward,10.673279,Very High,17,3
Brixton Acre Lane Ward,10.583031,Very High,17,3
Hackney Downs Ward,10.58292,Very High,17,3
Uxbridge Ward,10.554382,Very High,17,3
Chiswick Gunnersbury Ward,10.529401,Very High,17,3
Bunhill Ward,10.475047,Very High,17,3
Balham Ward,10.398766,Very High,17,3
Lansbury Ward,10.361895,Very High,17,3
Hackney Central Ward,10.251964,Very High,17,3
Mile End Ward,10.237773,Very High,17,3
Upper Edmonton Ward,10.196567,Very High,17,3
Brixton North Ward,10.1631975,Very High,17,3
Waterloo & South Bank Ward,10.0936,Very High,17,3
Tooting Broadway Ward,10.074263,Very High,17,3
Finsbury Park Ward,10.020218,Very High,17,3
Heathrow Villages Ward,10.018811,Very High,17,3
Broad Green Ward,9.932687,Very High,17,3
East Acton Ward,9.895236,Very High,17,3
Hayes Town Ward,9.867954,Very High,17,3
Sydenham Ward,9.859954,Very High,17,3
Enfield Lock Ward,9.809952,Very High,17,3
Cricklewood Ward,9.761102,Very High,17,3
Stratford Ward,9.697014,Very High,17,3
Town Ward,9.675388,Very High,17,3
Clerkenwell Ward,9.600601,Very High,17,3
Burnt Oak Ward,9.568896,Very High,17,3
North Bermondsey Ward,9.564546,Very High,17,3
Hither Green Ward,9.558333,Very High,17,3
Abbey Road Ward,9.5458555,Very High,17,3
Bruce Castle Ward,9.463656,Very High,17,3
Canary Wharf Ward,9.445334,Very High,17,3
Church Street Ward,9.43829,Very High,17,3
Ilford Town Ward,9.408546,Very High,17,3
Streatham St. Leonard's Ward,9.380817,Very High,17,3
South Richmond Ward,9.367907,Very High,17,3
Crouch End Ward,9.349662,Very High,17,3
Brompton & Hans Town Ward,9.337511,Very High,17,3
Chaucer Ward,9.314709,Very High,17,3
Hanger Hill Ward,9.307329,Very High,17,3
Penge & Cator Ward,9.273875,Very High,17,3
Willesden Green Ward,9.246715,Very High,17,3
Battersea Park Ward,9.226545,Very High,17,3
Camden Town Ward,9.215674,Very High,17,3
Knightsbridge & Belgravia Ward,9.2143755,Very High,17,3
Chiswick Homefields Ward,9.203344,Very High,17,3
Norwood Green Ward,9.170154,Very High,17,3
East Ham Ward,9.161577,Very High,17,3
Campden Ward,9.147018,Very High,17,3
Stoke Newington Ward,9.095192,Very High,17,3
Noel Park Ward,9.091326,Very High,17,3
South Acton Ward,8.993376,Very High,17,3
West Finchley Ward,8.92127,Very High,17,3
Colville Ward,8.847112,Very High,17,3
Hackney Wick Ward,8.840285,Very High,17,3
Old Kent Road Ward,8.825869,Very High,17,3
College Park & Old Oak Ward,8.758142,Very High,17,3
Greenwich Peninsula Ward,8.751886,Very High,17,3
Victoria Ward,8.751142,Very High,17,3
Roundwood Ward,8.734103,Very High,17,3
Ladywell Ward,8.72747,Very High,17,3
Waddon Ward,8.718316,Very High,17,3
Gooshays Ward,8.618793,Very High,17,3
Lower Edmonton Ward,8.604466,Very High,17,3
Heaton Ward,8.522365,Very High,17,3
St. Giles Ward,8.513878,Very High,17,3
Herne Hill & Loughborough Junction Ward,8.511822,Very High,17,3
Lavender Ward,8.483463,Very High,17,3
Forest Gate South Ward,8.471257,Very High,17,3
St. Peter's & Canalside Ward,8.449915,Very High,17,3
Greenwich Park Ward,8.397844,Very High,17,3
St. Paul's Cray Ward,8.384826,Very High,17,3
Woolwich Arsenal Ward,8.36369,Very High,17,3
Tottenham Central Ward,8.299411,Very High,17,3
Little Venice Ward,8.295635,Very High,17,3
Tollington Ward,8.280183,Very High,17,3
Pinkwell Ward,8.256046,Very High,17,3
West Thornton Ward,8.254274,Very High,17,3
Finchley Church End Ward,8.248988,Very High,17,3
Addiscombe West Ward,8.2318535,Very High,17,3
Earl's Court Ward,8.197937,Very High,17,3
South Hampstead Ward,8.13266,Very High,17,3
Palmers Green Ward,8.1098585,Very High,17,3
King's Cross Ward,8.104481,Very High,17,3
Harringay Ward,8.094863,Very High,17,3
Haselbury Ward,8.09353,Very High,17,3
Osterley & Spring Grove Ward,8.0721445,High,9,3
Purley & Woodcote Ward,8.068772,High,9,3
West Hendon Ward,8.034538,High,9,3
Bromley Town Ward,8.009902,High,9,3
Heston West Ward,7.9839106,High,9,3
Redcliffe Ward,7.978036,High,9,3
East Greenwich Ward,7.9575167,High,9,3
Ponders End Ward,7.9464374,High,9,3
Royal Victoria Ward,7.945977,High,9,3
Nunhead & Queen's Road Ward,7.94089,High,9,3
Shaftesbury & Queenstown Ward,7.928992,High,9,3
West Putney Ward,7.9157233,High,9,3
Southall Green Ward,7.8948145,High,9,3
Whitewebbs Ward,7.8665595,High,9,3
Ealing Common Ward,7.8423963,High,9,3
Hornsey Ward,7.8322678,High,9,3
Holloway Ward,7.8299165,High,9,3
Mildmay Ward,7.7582793,High,9,3
Northumberland Park Ward,7.7313495,High,9,3
Courtfield Ward,7.7232475,High,9,3
Peckham Ward,7.72079,High,9,3
Maida Vale Ward,7.706831,High,9,3
Woolwich Common Ward,7.6995125,High,9,3
Vauxhall Ward,7.6483183,High,9,3
Hounslow West Ward,7.627202,High,9,3
Perry Vale Ward,7.599478,High,9,3
Brixton Windrush Ward,7.5961204,High,9,3
Bow West Ward,7.574871,High,9,3
Catford South Ward,7.5625906,High,9,3
East Putney Ward,7.4760427,High,9,3
Friern Barnet Ward,7.457224,High,9,3
St. Mary's Ward,7.4522886,High,9,3
Plumstead & Glyndon Ward,7.4178743,High,9,3
Custom House Ward,7.414337,High,9,3
Bedfont Ward,7.4128795,High,9,3
Plaistow West & Canning Town East Ward,7.409486,High,9,3
Leyton Ward,7.392929,High,9,3
Blackheath Ward,7.3563867,High,9,3
Kingston Town Ward,7.3506618,High,9,3
Selhurst Ward,7.299746,High,9,3
South Woodford Ward,7.2844753,High,9,3
Bromley North Ward,7.278455,High,9,3
Jubilee Ward,7.2390733,High,9,3
Westbourne Ward,7.235775,High,9,3
Harrow Road Ward,7.2260795,High,9,3
West Hampstead Ward,7.201119,High,9,3
Haverstock Ward,7.1816325,High,9,3
St. Mary's & St. James' Ward,7.1667814,High,9,3
Golborne Ward,7.1659255,High,9,3
Syon & Brentford Lock Ward,7.158985,High,9,3
Thamesfield Ward,7.154737,High,9,3
Crofton Park Ward,7.1323156,High,9,3
Tottenham Hale Ward,7.0817394,High,9,3
Belvedere Ward,7.061812,High,9,3
Falconbrook Ward,7.059513,High,9,3
Cranford Ward,7.052169,High,9,3
Camberwell Green Ward,7.0469913,High,9,3
Blackwall & Cubitt Town Ward,7.0398655,High,9,3
Plaistow South Ward,7.0081134,High,9,3
Roxeth Ward,6.952077,High,9,3
South Tottenham Ward,6.9508286,High,9,3
Hounslow Central Ward,6.949572,High,9,3
Hanwell Broadway Ward,6.9363027,High,9,3
Ealing Broadway Ward,6.9048395,High,9,3
Canonbury Ward,6.8678503,High,9,3
Hoe Street Ward,6.866215,High,9,3
Fortune Green Ward,6.856246,High,9,3
St. Mary Cray Ward,6.827432,High,9,3
Bromley South Ward,6.816198,High,9,3
Springfield Ward,6.7884164,High,9,3
Hoxton West Ward,6.777339,High,9,3
Southfield Ward,6.748792,High,9,3
Hanworth Village Ward,6.702786,High,9,3
Beckton Ward,6.7013373,High,9,3
Wood End Ward,6.699131,High,9,3
Clissold Ward,6.678509,High,9,3
East Sheen Ward,6.668822,High,9,3
Welsh Harp Ward,6.6597967,High,9,3
Colindale South Ward,6.647653,High,9,3
Gospel Oak Ward,6.6382303,High,9,3
Knight's Hill Ward,6.627563,High,9,3
Perivale Ward,6.6107,High,9,3
St. Katharine's & Wapping Ward,6.591275,High,9,3
Faraday Ward,6.5821657,High,9,3
Bush Hill Park Ward,6.5757637,High,9,3
Brunswick Park Ward,6.5626354,High,9,3
Northolt Mandeville Ward,6.536992,High,9,3
Goodmayes Ward,6.525464,High,9,3
Shepherd's Bush Green Ward,6.5213976,High,9,3
Woodberry Down Ward,6.519746,High,9,3
Barnet Vale Ward,6.487339,High,9,3
St. Pancras & Somers Town Ward,6.4754896,High,9,3
Pitshanger Ward,6.436114,High,9,3
Evelyn Ward,6.4308023,High,9,3
Valley Ward,6.4260902,High,9,3
Tooting Bec Ward,6.4126153,High,9,3
Woodhouse Ward,6.3773937,High,9,3
Telegraph Hill Ward,6.3602858,High,9,3
Boleyn Ward,6.3572125,High,9,3
Oval Ward,6.356357,High,9,3
Crystal Palace & Anerley Ward,6.350802,High,9,3
Stanley Ward,6.344809,High,9,3
Streatham Hill West & Thornton Ward,6.344056,High,9,3
Hammersmith Broadway Ward,6.326151,High,9,3
Totteridge & Woodside Ward,6.3247275,High,9,3
Coningham Ward,6.298453,High,9,3
Lee Green Ward,6.2812977,High,9,3
Pembridge Ward,6.280341,High,9,3
Kennington Ward,6.2798376,High,9,3
De Beauvoir Ward,6.276263,High,9,3
St. Dunstan's Ward,6.2611012,High,9,3
Brixton Rush Common Ward,6.2498875,High,9,3
Northbury Ward,6.2410626,High,9,3
Heston East Ward,6.2409725,High,9,3
Heston Central Ward,6.2340097,High,9,3
Kentish Town South Ward,6.2209806,High,9,3
Barnsbury Ward,6.217637,High,9,3
St. James Ward,6.2155333,High,9,3
Shacklewell Ward,6.2146716,High,9,3
Arsenal Ward,6.2139606,High,9,3
Stockwell West & Larkhall Ward,6.1927853,High,9,3
White Hart Lane Ward,6.1885223,High,9,3
Wandsworth Common Ward,6.181428,High,9,3
Tufnell Park Ward,6.1814275,High,9,3
Fulham Reach Ward,6.180915,High,9,3
Goose Green Ward,6.174659,High,9,3
Stroud Green Ward,6.1724,High,9,3
Holland Ward,6.1459594,High,9,3
High Street Ward,6.1434283,High,9,3
Cann Hall Ward,6.091085,High,9,3
Feltham North Ward,6.0878906,High,9,3
Mill Hill Ward,6.0863934,High,9,3
Queensbury Ward,6.0456944,High,9,3
Belsize Ward,6.0405097,High,9,3
West Green Ward,6.0396857,High,9,3
Highbury Ward,6.0201163,High,9,3
East Finchley Ward,6.0069594,High,9,3
Golders Green Ward,5.990928,High,9,3
Stanmore Ward,5.9427075,Medium,6,3
Munster Ward,5.9243517,Medium,6,3
Thornton Heath Ward,5.918024,Medium,6,3
Petts Wood & Knoll Ward,5.9102793,Medium,6,3
Harrow Weald Ward,5.908988,Medium,6,3
Greenford Broadway Ward,5.890246,Medium,6,3
Limehouse Ward,5.8883386,Medium,6,3
Plumstead Common Ward,5.875471,Medium,6,3
Orpington Ward,5.873574,Medium,6,3
Chapel End Ward,5.8693943,Medium,6,3
Bellingham Ward,5.858322,Medium,6,3
Clapham Park Ward,5.847048,Medium,6,3
Mortlake & Barnes Common Ward,5.8464146,Medium,6,3
North Hanwell Ward,5.8201485,Medium,6,3
North Richmond Ward,5.8145704,Medium,6,3
Rush Green & Crowlands Ward,5.803051,Medium,6,3
Greenhill Ward,5.7681565,Medium,6,3
Vincent Square Ward,5.762785,Medium,6,3
Blackheath Westcombe Ward,5.7608805,Medium,6,3
South Croydon Ward,5.7489157,Medium,6,3
Palace & Hurlingham Ward,5.729802,Medium,6,3
West Ham Ward,5.7157807,Medium,6,3
Trinity Ward,5.7107034,Medium,6,3
Streatham Common & Vale Ward,5.695052,Medium,6,3
Dulwich Wood Ward,5.694824,Medium,6,3
Barnhill Ward,5.694113,Medium,6,3
New Cross Gate Ward,5.692358,Medium,6,3
Marlborough Ward,5.664941,Medium,6,3
Garden Suburb Ward,5.6633177,Medium,6,3
Pimlico North Ward,5.652269,Medium,6,3
Laycock Ward,5.649671,Medium,6,3
Barking Riverside Ward,5.6389165,Medium,6,3
Belmore Ward,5.637175,Medium,6,3
Plaistow North Ward,5.614846,Medium,6,3
Myatt's Fields Ward,5.6146474,Medium,6,3
Surrey Docks Ward,5.6105037,Medium,6,3
Bromley Common & Holwood Ward,5.6047215,Medium,6,3
Whalebone Ward,5.599953,Medium,6,3
Feltham West Ward,5.5924788,Medium,6,3
Forest Hill Ward,5.583234,Medium,6,3
South Norwood Ward,5.553921,Medium,6,3
Hounslow Heath Ward,5.5471187,Medium,6,3
Wimbledon Park Ward,5.5464754,Medium,6,3
King's Park Ward,5.5410233,Medium,6,3
Greenwich Creekside Ward,5.4916754,Medium,6,3
Queen's Park Ward,5.490232,Medium,6,3
Wanstead Village Ward,5.4847326,Medium,6,3
Walpole Ward,5.4753556,Medium,6,3
Caledonian Ward,5.471961,Medium,6,3
Northolt West End Ward,5.4505725,Medium,6,3
Clapham Common & Abbeville Ward,5.4408984,Medium,6,3
Clock House Ward,5.412545,Medium,6,3
St. Margarets & North Twickenham Ward,5.411197,Medium,6,3
Southbury Ward,5.397001,Medium,6,3
East Barnet Ward,5.395659,Medium,6,3
Canning Town South Ward,5.3908973,Medium,6,3
Rainham & Wennington Ward,5.3755536,Medium,6,3
St. Andrew's Ward,5.3597994,Medium,6,3
Abingdon Ward,5.359637,Medium,6,3
Eastbury Ward,5.3563533,Medium,6,3
Kentish Town North Ward,5.350423,Medium,6,3
Arnos Grove Ward,5.3233123,Medium,6,3
Carterhatch Ward,5.322483,Medium,6,3
Loxford Ward,5.322457,Medium,6,3
Harold Wood Ward,5.2945404,Medium,6,3
Roehampton Ward,5.293558,Medium,6,3
Canning Town North Ward,5.291608,Medium,6,3
Royal Hospital Ward,5.2868366,Medium,6,3
Valentines Ward,5.286258,Medium,6,3
Northfield Ward,5.2833667,Medium,6,3
Colham & Cowley Ward,5.272725,Medium,6,3
Fortis Green Ward,5.2613363,Medium,6,3
William Morris Ward,5.258494,Medium,6,3
St. George's Ward,5.2584043,Medium,6,3
Furzedown Ward,5.2565184,Medium,6,3
Wembley Park Ward,5.25281,Medium,6,3
Frognal Ward,5.2486362,Medium,6,3
Selsdon & Addington Village Ward,5.2399774,Medium,6,3
Southgate Ward,5.2379594,Medium,6,3
Beckenham Town & Copers Cope Ward,5.228642,Medium,6,3
Goresbrook Ward,5.2129407,Medium,6,3
Chelsea Riverside Ward,5.209506,Medium,6,3
Addison Ward,5.1964264,Medium,6,3
Maryland Ward,5.18884,Medium,6,3
South Balham Ward,5.187049,Medium,6,3
Bexleyheath Ward,5.1869397,Medium,6,3
Crystal Palace & Upper Norwood Ward,5.184136,Medium,6,3
Hampton Wick & South Teddington Ward,5.177887,Medium,6,3
Rotherhithe Ward,5.1723976,Medium,6,3
Erith Ward,5.1596856,Medium,6,3
New Malden Village Ward,5.1558948,Medium,6,3
Eltham Town & Avery Hill Ward,5.1268277,Medium,6,3
Grove Green Ward,5.1264224,Medium,6,3
Little Ilford Ward,5.121742,Medium,6,3
Edgwarebury Ward,5.1092296,Medium,6,3
Downham Ward,5.102013,Medium,6,3
Barnes Ward,5.072715,Medium,6,3
Sands End Ward,5.066818,Medium,6,3
Addiscombe East Ward,5.0662518,Medium,6,3
Wembley Hill Ward,5.0606546,Medium,6,3
Churchfields Ward,5.04384,Medium,6,3
Fulwell & Hampton Hill Ward,5.0293293,Medium,6,3
East Ham South Ward,5.005235,Medium,6,3
Ruislip Ward,4.996561,Medium,6,3
Lewisham Central Ward,4.993027,Medium,6,3
St. Edward's Ward,4.979293,Medium,6,3
Brentford West Ward,4.9716377,Medium,6,3
Hounslow East Ward,4.956669,Medium,6,3
Seven Sisters Ward,4.940131,Medium,6,3
Abbey Wood Ward,4.9258795,Medium,6,3
Sutton Central Ward,4.922974,Medium,6,3
Central Greenford Ward,4.8956046,Medium,6,3
Falconwood & Welling Ward,4.8843336,Medium,6,3
Pinner South Ward,4.871327,Medium,6,3
Kingsbury Ward,4.864101,Medium,6,3
Walham Green Ward,4.859437,Medium,6,3
"Ham, Petersham & Richmond Riverside Ward",4.859206,Medium,6,3
Larkswood Ward,4.853954,Medium,6,3
Stepney Green Ward,4.848095,Medium,6,3
West Kensington Ward,4.845679,Medium,6,3
Kew Ward,4.8452644,Medium,6,3
Twickenham Riverside Ward,4.845219,Medium,6,3
Cazenove Ward,4.8443913,Medium,6,3
Bullsmoor Ward,4.8401237,Medium,6,3
North Greenford Ward,4.8388796,Medium,6,3
Brentford East Ward,4.837701,Medium,6,3
Chislehurst Ward,4.83031,Medium,6,3
Primrose Hill Ward,4.8295927,Medium,6,3
Newington Ward,4.82607,Medium,6,3
Chiswick Riverside Ward,4.818559,Medium,6,3
Grange Park Ward,4.813991,Medium,6,3
Northcote Ward,4.8045883,Medium,6,3
Valence Ward,4.7988296,Medium,6,3
Shadwell Ward,4.796116,Medium,6,3
Whetstone Ward,4.785675,Medium,6,3
Aldborough Ward,4.7754197,Medium,6,3
Crook Log Ward,4.7641873,Medium,6,3
West Drayton Ward,4.7518873,Medium,6,3
Barkingside Ward,4.746891,Medium,6,3
West Dulwich Ward,4.746784,Low,3,3
Alperton Ward,4.721072,Low,3,3
Woolwich Dockyard Ward,4.7160525,Low,3,3
Green Street West Ward,4.7145514,Low,3,3
Headstone Ward,4.699966,Low,3,3
Thamesmead East Ward,4.697712,Low,3,3
Grove Park Ward,4.696432,Low,3,3
Fulham Town Ward,4.671459,Low,3,3
Kidbrooke Village & Sutcliffe Ward,4.643649,Low,3,3
Yiewsley Ward,4.6256886,Low,3,3
Eastcote Ward,4.613468,Low,3,3
St. Martin's Ward,4.597626,Low,3,3
Muswell Hill Ward,4.582529,Low,3,3
Wembley Central Ward,4.5761766,Low,3,3
Mayesbrook Ward,4.5742383,Low,3,3
Norbury & Pollards Hill Ward,4.564769,Low,3,3
Hampstead Town Ward,4.5623975,Low,3,3
Dulwich Village Ward,4.551526,Low,3,3
Upminster Ward,4.5429935,Low,3,3
Manor Park Ward,4.5428243,Low,3,3
South Ruislip Ward,4.5317235,Low,3,3
Hampton North Ward,4.529701,Low,3,3
Southfields Ward,4.5005536,Low,3,3
Shirley North Ward,4.497675,Low,3,3
Forest Ward,4.483006,Low,3,3
Cockfosters Ward,4.452835,Low,3,3
Higham Hill Ward,4.447789,Low,3,3
Lillie Ward,4.447104,Low,3,3
Leytonstone Ward,4.4230385,Low,3,3
Ravenscourt Ward,4.418578,Low,3,3
Brownswood Ward,4.3828764,Low,3,3
Mottingham Ward,4.374437,Low,3,3
Elm Park Ward,4.3603325,Low,3,3
Cricket Green Ward,4.350762,Low,3,3
Eltham Page Ward,4.348655,Low,3,3
Shortlands & Park Langley Ward,4.3456316,Low,3,3
Stockwell East Ward,4.3405375,Low,3,3
Ridgeway Ward,4.3369536,Low,3,3
Slade Green & Northend Ward,4.327275,Low,3,3
Wealdstone South Ward,4.273386,Low,3,3
Southall Broadway Ward,4.2678666,Low,3,3
Squirrels Heath Ward,4.267688,Low,3,3
St. Mark's & Seething Wells Ward,4.2533407,Low,3,3
Bensham Manor Ward,4.244809,Low,3,3
Raynes Park Ward,4.2411246,Low,3,3
South Hornchurch Ward,4.2390895,Low,3,3
Brook Green Ward,4.2365384,Low,3,3
Isleworth Ward,4.22296,Low,3,3
White City Ward,4.2066364,Low,3,3
Parsons Green & Sandford Ward,4.2054596,Low,3,3
Forest Gate North Ward,4.202004,Low,3,3
Cranbrook Ward,4.1904864,Low,3,3
Cheam Ward,4.1808767,Low,3,3
Notting Dale Ward,4.176886,Low,3,3
High Barnet Ward,4.165159,Low,3,3
Clapham East Ward,4.1619377,Low,3,3
Parsloes Ward,4.149713,Low,3,3
Nine Elms Ward,4.148537,Low,3,3
Hermitage & Gardens Ward,4.146644,Low,3,3
Winchmore Hill Ward,4.142598,Low,3,3
Havering-atte-Bower Ward,4.132386,Low,3,3
East Wickham Ward,4.127583,Low,3,3
Hanworth Park Ward,4.109131,Low,3,3
St. Ann's Ward,4.096625,Low,3,3
Park Hill & Whitgift Ward,4.07587,Low,3,3
Wall End Ward,4.0728593,Low,3,3
Northwood Ward,4.06834,Low,3,3
Peckham Rye Ward,4.0662074,Low,3,3
Teddington Ward,4.0622835,Low,3,3
Clayhall Ward,4.0593596,Low,3,3
Wallington South Ward,4.058772,Low,3,3
Fairlop Ward,4.056597,Low,3,3
Charlton Village & Riverside Ward,4.052568,Low,3,3
Harrow on the Hill Ward,4.0426335,Low,3,3
Graveney Ward,4.031285,Low,3,3
Avonmore Ward,4.028554,Low,3,3
Kenton Ward,4.023337,Low,3,3
Sanderstead Ward,4.01485,Low,3,3
Centenary Ward,4.011786,Low,3,3
Wealdstone North Ward,4.009696,Low,3,3
Chadwell Heath Ward,4.0069623,Low,3,3
South Twickenham Ward,4.0064793,Low,3,3
Hampton Ward,4.0000963,Low,3,3
Canons Ward,3.9919286,Low,3,3
Chadwell Ward,3.972989,Low,3,3
Sutton South Ward,3.9710753,Low,3,3
Bickley & Sundridge Ward,3.968091,Low,3,3
Hounslow South Ward,3.9673588,Low,3,3
Grove Ward,3.9561477,Low,3,3
Dormers Wells Ward,3.9485052,Low,3,3
St. Alban's Ward,3.9461982,Low,3,3
Crayford Ward,3.943051,Low,3,3
Coombe Vale Ward,3.9363406,Low,3,3
Mayfield Ward,3.9086263,Low,3,3
Kelsey & Eden Park Ward,3.8935971,Low,3,3
Clementswood Ward,3.8836105,Low,3,3
Lady Margaret Ward,3.8835964,Low,3,3
Hainault Ward,3.8775632,Low,3,3
Hillingdon East Ward,3.876493,Low,3,3
Gascoigne Ward,3.875785,Low,3,3
Poplar Ward,3.859899,Low,3,3
Norbiton Ward,3.8580914,Low,3,3
Fullwell Ward,3.8560653,Low,3,3
Yeading Ward,3.8517933,Low,3,3
West Hill Ward,3.8368046,Low,3,3
Surbiton Hill Ward,3.8291862,Low,3,3
Heathfield Ward,3.8201935,Low,3,3
Beam Park Ward,3.817482,Low,3,3
West Wickham Ward,3.806217,Low,3,3
Northwood Hills Ward,3.7883034,Low,3,3
St. Helen's Ward,3.7543619,Low,3,3
New Southgate Ward,3.751044,Low,3,3
Becontree Ward,3.7355795,Low,3,3
Endlebury Ward,3.7303312,Low,3,3
Hylands & Harrow Lodge Ward,3.726836,Low,3,3
Beddington Ward,3.7166874,Low,3,3
Sidcup Ward,3.7011726,Low,3,3
Norland Ward,3.6966221,Low,3,3
West Thamesmead Ward,3.685374,Low,3,3
Plaistow Ward,3.662317,Low,3,3
Wanstead Park Ward,3.6600595,Low,3,3
Wimbledon Town & Dundonald Ward,3.646492,Low,3,3
Dalgarno Ward,3.6426759,Low,3,3
Barnehurst Ward,3.6303985,Low,3,3
Green Street East Ward,3.6293023,Low,3,3
Streatham Hill East Ward,3.612669,Low,3,3
Kingston Gate Ward,3.6028628,Low,3,3
Wallington North Ward,3.602733,Low,3,3
Pimlico South Ward,3.599528,Low,3,3
Champion Hill Ward,3.5994446,Low,3,3
Kidbrooke Park Ward,3.5980372,Low,3,3
West Twickenham Ward,3.5920691,Low,3,3
Marshalls & Rise Park Ward,3.557604,Low,3,3
Shooters Hill Ward,3.5482569,Low,3,3
Figge's Marsh Ward,3.5477514,Low,3,3
Wendell Park Ward,3.5184324,Low,3,3
Colliers Wood Ward,3.5102952,Low,3,3
Sutton West & East Cheam Ward,3.4972537,Low,3,3
Hatch Lane & Highams Park North Ward,3.4859324,Very Low,1,3
Mawneys Ward,3.4648135,Very Low,1,3
Queen's Gate Ward,3.455003,Very Low,1,3
Upper Walthamstow Ward,3.4487917,Very Low,1,3
Hayes & Coney Hall Ward,3.4295313,Very Low,1,3
Gipsy Hill Ward,3.4285,Very Low,1,3
West Heath Ward,3.4074705,Very Low,1,3
Alexandra Park Ward,3.4051337,Very Low,1,3
Carshalton Central Ward,3.400019,Very Low,1,3
St. Mary's & St. James Ward,3.370668,Very Low,1,3
Preston Ward,3.3579466,Very Low,1,3
Stonecot Ward,3.3198433,Very Low,1,3
Whitton Ward,3.3160052,Very Low,1,3
Stamford Hill West Ward,3.3151093,Very Low,1,3
Streatham Wells Ward,3.30579,Very Low,1,3
Seven Kings Ward,3.2961545,Very Low,1,3
Wood Street Ward,3.282456,Very Low,1,3
St. Helier West Ward,3.258282,Very Low,1,3
Bowes Ward,3.2573297,Very Low,1,3
Longbridge Ward,3.2546182,Very Low,1,3
Bounds Green Ward,3.2501702,Very Low,1,3
Wormholt Ward,3.2439697,Very Low,1,3
Camden Square Ward,3.239289,Very Low,1,3
Hatch End Ward,3.2381864,Very Low,1,3
Purley Oaks & Riddlesdown Ward,3.2185562,Very Low,1,3
Canbury Gardens Ward,3.2087615,Very Low,1,3
Southall West Ward,3.202058,Very Low,1,3
Longthornton Ward,3.192861,Very Low,1,3
Northumberland Heath Ward,3.1906462,Very Low,1,3
Charlton Hornfair Ward,3.1770685,Very Low,1,3
Farnborough & Crofton Ward,3.1633964,Very Low,1,3
Beam Ward,3.1413338,Very Low,1,3
Colindale North Ward,3.131602,Very Low,1,3
Middle Park & Horn Park Ward,3.0895789,Very Low,1,3
Highfield Ward,3.0826728,Very Low,1,3
New Addington South Ward,3.078413,Very Low,1,3
South Beddington & Roundshaw Ward,3.0610797,Very Low,1,3
Royal Albert Ward,3.058601,Very Low,1,3
Pinner Ward,3.0411136,Very Low,1,3
Coombe Hill Ward,3.0230646,Very Low,1,3
Ickenham & South Harefield Ward,3.0226955,Very Low,1,3
Eastbrook & Rush Green Ward,3.0211456,Very Low,1,3
Hillingdon West Ward,2.9434435,Very Low,1,3
St. Helier Ward,2.9373877,Very Low,1,3
Hale End & Highams Park South Ward,2.9358833,Very Low,1,3
Norbury Park Ward,2.9293668,Very Low,1,3
Markhouse Ward,2.8970387,Very Low,1,3
Sudbury Ward,2.896423,Very Low,1,3
Alibon Ward,2.8626645,Very Low,1,3
North Harrow Ward,2.8579137,Very Low,1,3
Hackbridge Ward,2.8542042,Very Low,1,3
Heath Ward,2.8402066,Very Low,1,3
Thamesmead Moorings Ward,2.785418,Very Low,1,3
Biggin Hill Ward,2.7835882,Very Low,1,3
Newbury Ward,2.7691026,Very Low,1,3
Oakwood Ward,2.7588446,Very Low,1,3
Tolworth Ward,2.7371938,Very Low,1,3
Farringdon Within Ward,2.7230062,Very Low,1,3
Roxbourne Ward,2.684328,Very Low,1,3
Pollards Hill Ward,2.6683218,Very Low,1,3
Island Gardens Ward,2.6675496,Very Low,1,3
Selsdon Vale & Forestdale Ward,2.6376462,Very Low,1,3
Merton Park Ward,2.6371784,Very Low,1,3
Monkhams Ward,2.6307652,Very Low,1,3
Green Lane & St. James Ward,2.6098783,Very Low,1,3
Coulsdon Town Ward,2.5618336,Very Low,1,3
Tudor Ward,2.5422494,Very Low,1,3
Charville Ward,2.5354724,Very Low,1,3
Underhill Ward,2.5093577,Very Low,1,3
Rayners Lane Ward,2.493602,Very Low,1,3
Blendon & Penhill Ward,2.4827125,Very Low,1,3
Sutton North Ward,2.4825237,Very Low,1,3
West Harrow Ward,2.4772322,Very Low,1,3
Thames View Ward,2.460597,Very Low,1,3
Northwick Park Ward,2.4512851,Very Low,1,3
Alexandra Ward,2.4216835,Very Low,1,3
West Barnes Ward,2.415294,Very Low,1,3
Plashet Ward,2.4091094,Very Low,1,3
Chingford Green Ward,2.379449,Very Low,1,3
Blackfen & Lamorbey Ward,2.3741374,Very Low,1,3
Farringdon Without Ward,2.3607185,Very Low,1,3
Kenton East Ward,2.3605247,Very Low,1,3
Carshalton South & Clockhouse Ward,2.3510554,Very Low,1,3
Ravensbury Ward,2.3500762,Very Low,1,3
The Wrythe Ward,2.3295927,Very Low,1,3
Cannon Hill Ward,2.3248374,Very Low,1,3
Kenley Ward,2.318719,Very Low,1,3
Dulwich Hill Ward,2.2947357,Very Low,1,3
Lavender Fields Ward,2.2900064,Very Low,1,3
New Addington North Ward,2.289754,Very Low,1,3
Cathall Ward,2.2843626,Very Low,1,3
"Mottingham, Coldharbour & New Eltham Ward",2.276483,Very Low,1,3
North Cheam Ward,2.2673311,Very Low,1,3
Hillside Ward,2.2262547,Very Low,1,3
Chelsfield Ward,2.2177534,Very Low,1,3
Lower Morden Ward,2.1891809,Very Low,1,3
Tokyngton Ward,2.1760008,Very Low,1,3
Emerson Park Ward,2.1486712,Very Low,1,3
Shirley South Ward,2.121438,Very Low,1,3
Eltham Park & Progress Ward,2.0617528,Very Low,1,3
Worcester Park North Ward,2.0181282,Very Low,1,3
St. Helier East Ward,2.0045495,Very Low,1,3
Berrylands Ward,1.980121,Very Low,1,3
Ruislip Manor Ward,1.969359,Very Low,1,3
King George's & Sunray Ward,1.9574164,Very Low,1,3
Kenton West Ward,1.9512419,Very Low,1,3
Chessington South & Malden Rushett Ward,1.924827,Very Low,1,3
Cranham Ward,1.9062138,Very Low,1,3
Darwin Ward,1.8720344,Very Low,1,3
Motspur Park & Old Malden East Ward,1.846019,Very Low,1,3
Hook & Chessington North Ward,1.8436835,Very Low,1,3
Tower Ward,1.8326896,Very Low,1,3
Old Coulsdon Ward,1.8139119,Very Low,1,3
Old Malden Ward,1.7672716,Very Low,1,3
Worcester Park South Ward,1.6175832,Very Low,1,3
Longlands Ward,1.5986581,Very Low,1,3
Castle Baynard Ward,1.4339174,Very Low,1,3
Hacton Ward,1.3912846,Very Low,1,3
Harefield Village Ward,1.3687823,Very Low,1,3
Bishopsgate Ward,1.1875285,Very Low,1,3
Coleman Street Ward,1.1601925,Very Low,1,3
Cheap Ward,1.0537908,Very Low,1,3
Langbourn Ward,0.81937164,Very Low,1,3
Aldgate Ward,0.7769387,Very Low,1,3
Vintry Ward,0.7713276,Very Low,1,3
Aldersgate Ward,0.6551501,Very Low,1,3
Cordwainer Ward,0.6456747,Very Low,1,3
Cornhill Ward,0.6063751,Very Low,1,3
Dowgate Ward,0.60482454,Very Low,1,3
Cripplegate Ward,0.5181417,Very Low,1,3
Broad Street Ward,0.49545455,Very Low,1,3
Walbrook Ward,0.46849242,Very Low,1,3
Candlewick Ward,0.46849242,Very Low,1,3
Bread Street Ward,0.46849242,Very Low,1,3
Lime Street Ward,0.46849242,Very Low,1,3
Billingsgate Ward,0.45639372,Very Low,1,3
Bassishaw Ward,0.42747104,Very Low,1,3
Portsoken Ward,0.40213826,Very Low,1,3
Queenhithe Ward,0.39674032,Very Low,1,3
West End Ward,50.24253,Very High,18,4
Kilburn Ward,45.88741,Very High,18,4
Lea Bridge Ward,43.446007,Very High,18,4
Regent's Park Ward,34.102043,Very High,18,4
Highgate Ward,32.96329,Very High,18,4
Edgware Ward,29.585806,Very High,18,4
Marylebone Ward,28.150845,Very High,18,4
Village Ward,27.326157,Very High,18,4
St. James's Ward,27.258911,Very High,18,4
Bloomsbury Ward,22.479416,Very High,17,4
Holborn & Covent Garden Ward,21.82931,Very High,17,4
Hoxton East & Shoreditch Ward,18.310268,Very High,17,4
Abbey Ward,17.324734,Very High,17,4
Childs Hill Ward,16.747248,Very High,17,4
Wandle Ward,16.27002,Very High,17,4
Woodside Ward,16.00801,Very High,17,4
London Fields Ward,15.70844,Very High,17,4
Borough & Bankside Ward,15.40676,Very High,17,4
Stratford Olympic Park Ward,14.01311,Very High,17,4
Hyde Park Ward,13.847382,Very High,17,4
Fairfield Ward,13.755858,Very High,17,4
Belmont Ward,13.749604,Very High,17,4
London Bridge & West Bermondsey Ward,13.611583,Very High,17,4
Spitalfields & Banglatown Ward,13.433898,Very High,17,4
Bow East Ward,13.03994,Very High,17,4
Bethnal Green West Ward,12.997456,Very High,17,4
Deptford Ward,12.750965,Very High,17,4
Whitechapel Ward,12.637885,Very High,17,4
Rushey Green Ward,12.47912,Very High,17,4
Edmonton Green Ward,12.396436,Very High,17,4
South Bermondsey Ward,12.286709,Very High,17,4
North Walworth Ward,12.1894655,Very High,17,4
Rye Lane Ward,12.146137,Very High,17,4
Bayswater Ward,12.052506,Very High,17,4
Harlesden & Kensal Green Ward,12.030227,Very High,17,4
Brockley Ward,11.9989605,Very High,17,4
Lancaster Gate Ward,11.953248,Very High,17,4
Wandsworth Town Ward,11.714661,Very High,17,4
Bethnal Green East Ward,11.609364,Very High,17,4
Weavers Ward,11.513442,Very High,17,4
Junction Ward,11.463206,Very High,17,4
Hendon Ward,11.444052,Very High,17,4
Clapham Town Ward,11.255941,Very High,17,4
Dollis Hill Ward,10.964947,Very High,17,4
Lansbury Ward,10.781126,Very High,17,4
Bridge Ward,10.665623,Very High,17,4
Bunhill Ward,10.648318,Very High,17,4
North Acton Ward,10.638864,Very High,17,4
Stonebridge Ward,10.623744,Very High,17,4
Queens Park Ward,10.537345,Very High,17,4
Homerton Ward,10.52514,Very High,17,4
Brimsdown Ward,10.496076,Very High,17,4
Cricklewood & Mapesbury Ward,10.4386215,Very High,17,4
Finsbury Park Ward,10.357916,Very High,17,4
Uxbridge Ward,10.261768,Very High,17,4
Dalston Ward,10.1325035,Very High,17,4
Brondesbury Park Ward,10.12507,Very High,17,4
Hillrise Ward,10.0489855,Very High,17,4
Upper Edmonton Ward,10.011685,Very High,17,4
Brixton North Ward,9.994251,Very High,17,4
Hackney Wick Ward,9.892181,Very High,17,4
Chaucer Ward,9.877089,Very High,17,4
Tollington Ward,9.869385,Very High,17,4
Balham Ward,9.828313,Very High,17,4
Canary Wharf Ward,9.801018,Very High,17,4
Hackney Central Ward,9.797118,Very High,17,4
Hackney Downs Ward,9.722003,Very High,17,4
Mile End Ward,9.617716,Very High,17,4
Haggerston Ward,9.599627,Very High,17,4
Noel Park Ward,9.58095,Very High,17,4
Ladywell Ward,9.568156,Very High,17,4
Brixton Acre Lane Ward,9.492285,Very High,17,4
Bruce Castle Ward,9.49088,Very High,17,4
Burnt Oak Ward,9.376858,Very High,17,4
Heathrow Villages Ward,9.335195,Very High,17,4
Chiswick Gunnersbury Ward,9.23121,Very High,17,4
Waterloo & South Bank Ward,9.206555,Very High,17,4
Campden Ward,9.205026,Very High,17,4
Herne Hill & Loughborough Junction Ward,9.2021675,Very High,17,4
Greenwich Peninsula Ward,9.167373,Very High,17,4
Enfield Lock Ward,9.14408,Very High,17,4
Hither Green Ward,9.130144,Very High,17,4
Crouch End Ward,9.100545,Very High,17,4
South Acton Ward,9.098635,Very High,17,4
Broad Green Ward,9.086352,Very High,17,4
Cricklewood Ward,9.057563,Very High,17,4
St. Giles Ward,9.054735,Very High,17,4
Tooting Broadway Ward,9.025939,Very High,17,4
College Park & Old Oak Ward,8.948599,Very High,17,4
Old Kent Road Ward,8.937041,Very High,17,4
Norwood Green Ward,8.915122,Very High,17,4
Colville Ward,8.902918,Very High,17,4
West Finchley Ward,8.895364,Very High,17,4
Ilford Town Ward,8.853413,Very High,17,4
Battersea Park Ward,8.80316,Very High,17,4
Stoke Newington Ward,8.780207,Very High,17,4
Tottenham Central Ward,8.704104,Very High,17,4
Gooshays Ward,8.617234,Very High,17,4
Waddon Ward,8.515031,Very High,17,4
Streatham St. Leonard's Ward,8.477915,Very High,17,4
Haselbury Ward,8.451905,Very High,17,4
Knightsbridge & Belgravia Ward,8.438851,Very High,17,4
Abbey Road Ward,8.436108,Very High,17,4
Roundwood Ward,8.412335,Very High,17,4
South Richmond Ward,8.408254,Very High,17,4
Harringay Ward,8.387701,Very High,17,4
Finchley Church End Ward,8.36254,Very High,17,4
Church Street Ward,8.346656,Very High,17,4
Brompton & Hans Town Ward,8.314616,Very High,17,4
St. Paul's Cray Ward,8.273776,Very High,17,4
Willesden Green Ward,8.26735,Very High,17,4
East Acton Ward,8.250984,Very High,17,4
Northumberland Park Ward,8.236916,Very High,17,4
Clerkenwell Ward,8.20688,Very High,17,4
Heaton Ward,8.183493,Very High,17,4
Osterley & Spring Grove Ward,8.175005,Very High,17,4
Little Venice Ward,8.16581,Very High,17,4
Heston West Ward,8.132469,Very High,17,4
Greenwich Park Ward,8.095386,Very High,17,4
Lavender Ward,8.064599,Very High,17,4
Forest Gate South Ward,8.04245,Very High,17,4
West Hendon Ward,7.999225,Very High,17,4
Hayes Town Ward,7.9907274,Very High,17,4
East Ham Ward,7.965252,Very High,17,4
Sydenham Ward,7.9518456,Very High,17,4
Stratford Ward,7.928205,Very High,17,4
Bow West Ward,7.8849425,Very High,17,4
West Thornton Ward,7.8686447,Very High,17,4
Penge & Cator Ward,7.820719,Very High,17,4
King's Cross Ward,7.809999,Very High,17,4
North Bermondsey Ward,7.807566,Very High,17,4
St. Mary's & St. James' Ward,7.8073535,Very High,17,4
Pinkwell Ward,7.791103,Very High,17,4
Camberwell Green Ward,7.775743,Very High,17,4
Town Ward,7.774569,Very High,17,4
Lower Edmonton Ward,7.7503786,Very High,17,4
Hoxton West Ward,7.733064,Very High,17,4
Woolwich Arsenal Ward,7.7125115,Very High,17,4
Nunhead & Queen's Road Ward,7.5927873,Very High,17,4
Perry Vale Ward,7.5876756,High,9,4
Bromley North Ward,7.572057,High,9,4
Mildmay Ward,7.56682,High,9,4
Palmers Green Ward,7.5449424,High,9,4
St. Peter's & Canalside Ward,7.500247,High,9,4
Hanger Hill Ward,7.495589,High,9,4
Leyton Ward,7.4879866,High,9,4
Chiswick Homefields Ward,7.476582,High,9,4
Camden Town Ward,7.4493604,High,9,4
Friern Barnet Ward,7.4333377,High,9,4
Maida Vale Ward,7.4237733,High,9,4
Bromley Town Ward,7.4195423,High,9,4
South Hampstead Ward,7.418613,High,9,4
East Greenwich Ward,7.4113264,High,9,4
South Woodford Ward,7.377372,High,9,4
Purley & Woodcote Ward,7.364046,High,9,4
Redcliffe Ward,7.346166,High,9,4
Plaistow West & Canning Town East Ward,7.3262706,High,9,4
Woolwich Common Ward,7.297462,High,9,4
Earl's Court Ward,7.294866,High,9,4
Catford South Ward,7.291757,High,9,4
St. Mary's Ward,7.249521,High,9,4
Holloway Ward,7.241906,High,9,4
East Putney Ward,7.23065,High,9,4
Royal Victoria Ward,7.2305655,High,9,4
Golborne Ward,7.225362,High,9,4
Blackwall & Cubitt Town Ward,7.1964836,High,9,4
Blackheath Ward,7.1852894,High,9,4
Shaftesbury & Queenstown Ward,7.168687,High,9,4
Addiscombe West Ward,7.149378,High,9,4
Courtfield Ward,7.1089835,High,9,4
Kingston Town Ward,7.103877,High,9,4
Whitewebbs Ward,7.0800357,High,9,4
Vauxhall Ward,7.077163,High,9,4
Thamesfield Ward,7.072271,High,9,4
Haverstock Ward,7.0656095,High,9,4
Springfield Ward,7.0459595,High,9,4
Victoria Ward,7.0379,High,9,4
Ealing Common Ward,7.022466,High,9,4
Brixton Windrush Ward,6.9976606,High,9,4
Peckham Ward,6.9874153,High,9,4
Ponders End Ward,6.963864,High,9,4
Beckton Ward,6.9218903,High,9,4
Jubilee Ward,6.8691335,High,9,4
Southall Green Ward,6.8563333,High,9,4
Knight's Hill Ward,6.8415065,High,9,4
Selhurst Ward,6.8414984,High,9,4
Tottenham Hale Ward,6.7740374,High,9,4
St. Mary Cray Ward,6.7555714,High,9,4
St. Pancras & Somers Town Ward,6.706588,High,9,4
Kentish Town South Ward,6.6967487,High,9,4
Welsh Harp Ward,6.66742,High,9,4
Plaistow South Ward,6.6600566,High,9,4
Faraday Ward,6.626061,High,9,4
Mill Hill Ward,6.611451,High,9,4
Hanwell Broadway Ward,6.6083026,High,9,4
Westbourne Ward,6.5991454,High,9,4
Fortune Green Ward,6.5976787,High,9,4
Hoe Street Ward,6.5653462,High,9,4
Totteridge & Woodside Ward,6.5482664,High,9,4
Goodmayes Ward,6.5364532,High,9,4
Goose Green Ward,6.5240836,High,9,4
Perivale Ward,6.504321,High,9,4
Arsenal Ward,6.4874926,High,9,4
Heston East Ward,6.4789987,High,9,4
East Finchley Ward,6.4718356,High,9,4
Custom House Ward,6.4675455,High,9,4
Belsize Ward,6.4590397,High,9,4
Highbury Ward,6.437138,High,9,4
Hornsey Ward,6.435076,High,9,4
High Street Ward,6.4288764,High,9,4
St. James Ward,6.427197,High,9,4
Tufnell Park Ward,6.4260597,High,9,4
Hounslow West Ward,6.420947,High,9,4
Plumstead & Glyndon Ward,6.3737926,High,9,4
Valley Ward,6.3553987,High,9,4
Clapham Common & Abbeville Ward,6.3205676,High,9,4
Coningham Ward,6.3200116,High,9,4
Walpole Ward,6.303467,High,9,4
Crofton Park Ward,6.2894387,High,9,4
Roxeth Ward,6.2859454,High,9,4
Tooting Bec Ward,6.2805567,High,9,4
Wood End Ward,6.222383,High,9,4
Cranford Ward,6.217928,High,9,4
Syon & Brentford Lock Ward,6.205803,High,9,4
Hounslow Central Ward,6.205526,High,9,4
Thornton Heath Ward,6.196375,High,9,4
West Putney Ward,6.191489,High,9,4
Oval Ward,6.1885552,High,9,4
De Beauvoir Ward,6.182448,High,9,4
White Hart Lane Ward,6.1735144,High,9,4
Pimlico North Ward,6.168729,High,9,4
Clissold Ward,6.1606073,High,9,4
South Tottenham Ward,6.1301003,High,9,4
Barnsbury Ward,6.1279683,High,9,4
Cann Hall Ward,6.117079,High,9,4
Evelyn Ward,6.1046042,High,9,4
Colindale South Ward,6.094109,High,9,4
St. Dunstan's Ward,6.0926924,High,9,4
Wanstead Village Ward,6.083392,High,9,4
King's Park Ward,6.078101,High,9,4
Forest Ward,6.076926,High,9,4
Munster Ward,6.0546083,High,9,4
Harrow Road Ward,6.053397,High,9,4
Walham Green Ward,6.0394325,High,9,4
Hanworth Village Ward,6.034035,High,9,4
Queensbury Ward,6.0309277,High,9,4
Beckenham Town & Copers Cope Ward,6.0034895,High,9,4
West Hampstead Ward,5.9982734,High,9,4
Bedfont Ward,5.9944944,High,9,4
Woodhouse Ward,5.993854,High,9,4
Lee Green Ward,5.9847393,High,9,4
Canning Town South Ward,5.9818316,High,9,4
Orpington Ward,5.975204,High,9,4
Bush Hill Park Ward,5.9682846,High,9,4
New Cross Gate Ward,5.965764,High,9,4
Northbury Ward,5.9546556,High,9,4
Southfield Ward,5.94796,High,9,4
Brixton Rush Common Ward,5.934851,High,9,4
Heston Central Ward,5.9338427,High,9,4
West Green Ward,5.923482,High,9,4
Forest Hill Ward,5.918694,High,9,4
Woodberry Down Ward,5.8853526,High,9,4
Stroud Green Ward,5.876017,High,9,4
Streatham Common & Vale Ward,5.824191,High,9,4
Greenhill Ward,5.821083,High,9,4
Garden Suburb Ward,5.820034,High,9,4
Whalebone Ward,5.806235,High,9,4
Rush Green & Crowlands Ward,5.7856307,High,9,4
Ealing Broadway Ward,5.7803035,High,9,4
Chapel End Ward,5.769243,High,9,4
Gospel Oak Ward,5.7366514,High,9,4
West Drayton Ward,5.714062,High,9,4
Crystal Palace & Anerley Ward,5.7115593,High,9,4
Brunswick Park Ward,5.7085075,High,9,4
Golders Green Ward,5.7033215,High,9,4
Kennington Ward,5.6943088,High,9,4
Belvedere Ward,5.6874056,High,9,4
Clapham Park Ward,5.6723566,Medium,6,4
Plumstead Common Ward,5.658156,Medium,6,4
Erith Ward,5.655493,Medium,6,4
Falconbrook Ward,5.64759,Medium,6,4
Hammersmith Broadway Ward,5.641028,Medium,6,4
Telegraph Hill Ward,5.636547,Medium,6,4
Feltham West Ward,5.622999,Medium,6,4
Eastbury Ward,5.6179934,Medium,6,4
West Ham Ward,5.600557,Medium,6,4
Canonbury Ward,5.597958,Medium,6,4
Belmore Ward,5.59495,Medium,6,4
Southbury Ward,5.586883,Medium,6,4
Blackheath Westcombe Ward,5.5494046,Medium,6,4
Addison Ward,5.5461645,Medium,6,4
North Hanwell Ward,5.5311255,Medium,6,4
Addiscombe East Ward,5.5301657,Medium,6,4
Downham Ward,5.5300713,Medium,6,4
Northolt Mandeville Ward,5.525035,Medium,6,4
Arnos Grove Ward,5.506211,Medium,6,4
Clapham East Ward,5.4940596,Medium,6,4
Pitshanger Ward,5.4930162,Medium,6,4
Shepherd's Bush Green Ward,5.481364,Medium,6,4
Stockwell West & Larkhall Ward,5.4730573,Medium,6,4
Bromley South Ward,5.4711833,Medium,6,4
Grove Green Ward,5.4669867,Medium,6,4
Holland Ward,5.465863,Medium,6,4
Barnhill Ward,5.4537153,Medium,6,4
Boleyn Ward,5.4490423,Medium,6,4
Streatham Hill West & Thornton Ward,5.4461403,Medium,6,4
Myatt's Fields Ward,5.4398484,Medium,6,4
Pembridge Ward,5.433476,Medium,6,4
St. Katharine's & Wapping Ward,5.4278197,Medium,6,4
Barnet Vale Ward,5.424572,Medium,6,4
Surrey Docks Ward,5.417955,Medium,6,4
Bexleyheath Ward,5.4175215,Medium,6,4
Shacklewell Ward,5.4136114,Medium,6,4
Sands End Ward,5.4107547,Medium,6,4
St. Margarets & North Twickenham Ward,5.4085116,Medium,6,4
Abingdon Ward,5.4009957,Medium,6,4
Stanley Ward,5.3819222,Medium,6,4
East Sheen Ward,5.376908,Medium,6,4
Carterhatch Ward,5.361843,Medium,6,4
Feltham North Ward,5.3381906,Medium,6,4
Vincent Square Ward,5.329365,Medium,6,4
Rotherhithe Ward,5.3225183,Medium,6,4
Royal Hospital Ward,5.305531,Medium,6,4
Harold Wood Ward,5.300551,Medium,6,4
Frognal Ward,5.288736,Medium,6,4
Southgate Ward,5.2752786,Medium,6,4
Hounslow Heath Ward,5.2712774,Medium,6,4
Little Ilford Ward,5.2691083,Medium,6,4
Canning Town North Ward,5.2542343,Medium,6,4
Plaistow North Ward,5.2456975,Medium,6,4
Dulwich Wood Ward,5.2447495,Medium,6,4
Greenford Broadway Ward,5.2233334,Medium,6,4
North Richmond Ward,5.2192664,Medium,6,4
East Barnet Ward,5.1922708,Medium,6,4
Shadwell Ward,5.180949,Medium,6,4
St. George's Ward,5.179115,Medium,6,4
Laycock Ward,5.172963,Medium,6,4
Bellingham Ward,5.168776,Medium,6,4
St. Andrew's Ward,5.166303,Medium,6,4
Lewisham Central Ward,5.1639905,Medium,6,4
South Norwood Ward,5.150954,Medium,6,4
Kentish Town North Ward,5.124709,Medium,6,4
Stepney Green Ward,5.1139317,Medium,6,4
Edgwarebury Ward,5.1045,Medium,6,4
Caledonian Ward,5.082397,Medium,6,4
Fulham Reach Ward,5.065066,Medium,6,4
South Balham Ward,5.036619,Medium,6,4
Larkswood Ward,5.0297804,Medium,6,4
Northfield Ward,5.0139484,Medium,6,4
Valence Ward,5.0091543,Medium,6,4
Furzedown Ward,5.004687,Medium,6,4
William Morris Ward,5.002536,Medium,6,4
Fortis Green Ward,4.9848905,Medium,6,4
Leytonstone Ward,4.96061,Medium,6,4
Bromley Common & Holwood Ward,4.932836,Medium,6,4
Brook Green Ward,4.92551,Medium,6,4
Dulwich Village Ward,4.9226737,Medium,6,4
Roehampton Ward,4.899528,Medium,6,4
Harrow Weald Ward,4.873788,Medium,6,4
New Malden Village Ward,4.846469,Medium,6,4
Aldborough Ward,4.845298,Medium,6,4
Wembley Hill Ward,4.829517,Medium,6,4
Whetstone Ward,4.821486,Medium,6,4
Alperton Ward,4.815476,Medium,6,4
Goresbrook Ward,4.810882,Medium,6,4
Twickenham Riverside Ward,4.8080387,Medium,6,4
Brownswood Ward,4.805253,Medium,6,4
Clock House Ward,4.7920127,Medium,6,4
Loxford Ward,4.788324,Medium,6,4
Queen's Park Ward,4.7849903,Medium,6,4
Limehouse Ward,4.7607646,Medium,6,4
Headstone Ward,4.749395,Medium,6,4
Fulwell & Hampton Hill Ward,4.739631,Medium,6,4
Chiswick Riverside Ward,4.735022,Medium,6,4
Northolt West End Ward,4.734695,Medium,6,4
Barnes Ward,4.7208104,Medium,6,4
Trinity Ward,4.7188334,Medium,6,4
Maryland Ward,4.7121587,Medium,6,4
Bullsmoor Ward,4.704773,Medium,6,4
Green Street West Ward,4.6963887,Medium,6,4
Yiewsley Ward,4.6735945,Medium,6,4
Teddington Ward,4.6542816,Medium,6,4
Fulham Town Ward,4.6322503,Medium,6,4
Stanmore Ward,4.609914,Medium,6,4
Palace & Hurlingham Ward,4.5958805,Medium,6,4
Southfields Ward,4.5831976,Medium,6,4
Colham & Cowley Ward,4.574234,Medium,6,4
East Ham South Ward,4.5719137,Medium,6,4
Valentines Ward,4.5712547,Medium,6,4
Stockwell East Ward,4.56187,Medium,6,4
Hampton Wick & South Teddington Ward,4.5512,Medium,6,4
Barking Riverside Ward,4.548586,Medium,6,4
Wembley Park Ward,4.5390325,Medium,6,4
Wandsworth Common Ward,4.5344524,Medium,6,4
West Kensington Ward,4.533183,Medium,6,4
Green Street East Ward,4.5069795,Medium,6,4
Mortlake & Barnes Common Ward,4.49579,Medium,6,4
St. Edward's Ward,4.490302,Medium,6,4
Sutton Central Ward,4.4721355,Medium,6,4
Hermitage & Gardens Ward,4.467205,Medium,6,4
South Croydon Ward,4.4587626,Medium,6,4
Ravenscourt Ward,4.454822,Medium,6,4
Seven Sisters Ward,4.441904,Medium,6,4
Chelsea Riverside Ward,4.4394746,Medium,6,4
South Ruislip Ward,4.4378734,Medium,6,4
Kingsbury Ward,4.435274,Medium,6,4
North Greenford Ward,4.4310875,Medium,6,4
Slade Green & Northend Ward,4.430323,Medium,6,4
Thamesmead East Ward,4.412972,Medium,6,4
Nine Elms Ward,4.410406,Medium,6,4
South Twickenham Ward,4.4085712,Medium,6,4
Abbey Wood Ward,4.3949666,Medium,6,4
Primrose Hill Ward,4.386663,Medium,6,4
Selsdon & Addington Village Ward,4.3806567,Medium,6,4
Cricket Green Ward,4.3745246,Medium,6,4
Rainham & Wennington Ward,4.362004,Medium,6,4
Barkingside Ward,4.3585196,Low,3,4
Wimbledon Park Ward,4.3577223,Low,3,4
Hounslow East Ward,4.341557,Low,3,4
Kew Ward,4.3375006,Low,3,4
Lillie Ward,4.3201294,Low,3,4
Greenwich Creekside Ward,4.307139,Low,3,4
Marlborough Ward,4.29367,Low,3,4
Fullwell Ward,4.283099,Low,3,4
East Wickham Ward,4.2816663,Low,3,4
Cazenove Ward,4.2656784,Low,3,4
Grove Park Ward,4.23817,Low,3,4
Crystal Palace & Upper Norwood Ward,4.226661,Low,3,4
Newington Ward,4.2263665,Low,3,4
Mayfield Ward,4.2241054,Low,3,4
Central Greenford Ward,4.2180643,Low,3,4
Brentford West Ward,4.2147145,Low,3,4
Ridgeway Ward,4.1941624,Low,3,4
Churchfields Ward,4.184908,Low,3,4
Muswell Hill Ward,4.184402,Low,3,4
West Wickham Ward,4.1629424,Low,3,4
Eltham Town & Avery Hill Ward,4.15527,Low,3,4
Kelsey & Eden Park Ward,4.151721,Low,3,4
Sidcup Ward,4.1460648,Low,3,4
Bensham Manor Ward,4.1448984,Low,3,4
Woolwich Dockyard Ward,4.143179,Low,3,4
Chadwell Ward,4.12063,Low,3,4
Chislehurst Ward,4.118035,Low,3,4
Fairlop Ward,4.116936,Low,3,4
Manor Park Ward,4.1127996,Low,3,4
Brentford East Ward,4.1110654,Low,3,4
Parsloes Ward,4.10966,Low,3,4
Falconwood & Welling Ward,4.1011715,Low,3,4
Mottingham Ward,4.0982037,Low,3,4
West Dulwich Ward,4.0956197,Low,3,4
St. Martin's Ward,4.0753136,Low,3,4
Wall End Ward,4.0623803,Low,3,4
Higham Hill Ward,4.0467815,Low,3,4
Northcote Ward,4.039671,Low,3,4
Harrow on the Hill Ward,4.0239406,Low,3,4
Notting Dale Ward,4.007301,Low,3,4
Kidbrooke Village & Sutcliffe Ward,3.9865239,Low,3,4
Sutton South Ward,3.9797573,Low,3,4
Park Hill & Whitgift Ward,3.9687886,Low,3,4
Upminster Ward,3.9662244,Low,3,4
Squirrels Heath Ward,3.9634173,Low,3,4
Chadwell Heath Ward,3.9421446,Low,3,4
Royal Albert Ward,3.9381475,Low,3,4
Sanderstead Ward,3.92373,Low,3,4
Eastcote Ward,3.904122,Low,3,4
Avonmore Ward,3.898535,Low,3,4
Lady Margaret Ward,3.8787048,Low,3,4
Mayesbrook Ward,3.871568,Low,3,4
Hylands & Harrow Lodge Ward,3.8683467,Low,3,4
Norland Ward,3.8578072,Low,3,4
Grange Park Ward,3.8505025,Low,3,4
Winchmore Hill Ward,3.8476398,Low,3,4
Havering-atte-Bower Ward,3.8447218,Low,3,4
Hatch End Ward,3.820814,Low,3,4
Kenton Ward,3.8121529,Low,3,4
Hainault Ward,3.8086605,Low,3,4
Camden Square Ward,3.8013618,Low,3,4
Colliers Wood Ward,3.7908638,Low,3,4
White City Ward,3.788716,Low,3,4
Southall Broadway Ward,3.7686994,Low,3,4
Hanworth Park Ward,3.7606118,Low,3,4
Heathfield Ward,3.7526736,Low,3,4
South Hornchurch Ward,3.7419584,Low,3,4
Grove Ward,3.730777,Low,3,4
Isleworth Ward,3.7215407,Low,3,4
Shirley North Ward,3.718921,Low,3,4
Pinner South Ward,3.7174056,Low,3,4
Parsons Green & Sandford Ward,3.715899,Low,3,4
St. Mark's & Seething Wells Ward,3.6959016,Low,3,4
Hampstead Town Ward,3.6910086,Low,3,4
Cranbrook Ward,3.6881428,Low,3,4
Eltham Page Ward,3.6838992,Low,3,4
Petts Wood & Knoll Ward,3.6489842,Low,3,4
St. Ann's Ward,3.645341,Low,3,4
Plaistow Ward,3.6363118,Low,3,4
Wealdstone South Ward,3.633313,Low,3,4
High Barnet Ward,3.625383,Low,3,4
Norbury & Pollards Hill Ward,3.6235142,Low,3,4
Pinner Ward,3.623137,Low,3,4
Elm Park Ward,3.6139534,Low,3,4
Poplar Ward,3.6063154,Low,3,4
Wembley Central Ward,3.5878208,Low,3,4
Graveney Ward,3.5813096,Low,3,4
Gascoigne Ward,3.5573773,Low,3,4
Wimbledon Town & Dundonald Ward,3.557192,Low,3,4
Champion Hill Ward,3.5541732,Low,3,4
Beam Park Ward,3.5517645,Low,3,4
Dalgarno Ward,3.5439239,Low,3,4
Wallington South Ward,3.534116,Low,3,4
Hounslow South Ward,3.5321264,Low,3,4
Streatham Hill East Ward,3.517834,Low,3,4
Raynes Park Ward,3.51045,Low,3,4
Northwick Park Ward,3.5101397,Low,3,4
Northwood Hills Ward,3.5011199,Low,3,4
Becontree Ward,3.4978333,Low,3,4
"Ham, Petersham & Richmond Riverside Ward",3.4853537,Low,3,4
Crayford Ward,3.4540286,Low,3,4
Hampton Ward,3.4442239,Low,3,4
Crook Log Ward,3.4440165,Low,3,4
Lavender Fields Ward,3.4255831,Low,3,4
Ruislip Ward,3.422225,Low,3,4
Clayhall Ward,3.4166458,Low,3,4
Bickley & Sundridge Ward,3.4140964,Low,3,4
Centenary Ward,3.407126,Low,3,4
Alexandra Park Ward,3.3893752,Low,3,4
Clementswood Ward,3.3879163,Low,3,4
Dormers Wells Ward,3.3857334,Low,3,4
St. Helen's Ward,3.3727717,Low,3,4
Beam Ward,3.366358,Low,3,4
West Thamesmead Ward,3.3590727,Low,3,4
New Southgate Ward,3.3566563,Low,3,4
Shortlands & Park Langley Ward,3.3521483,Low,3,4
Pimlico South Ward,3.3492074,Low,3,4
Cockfosters Ward,3.3459616,Low,3,4
Charlton Village & Riverside Ward,3.3436785,Low,3,4
Beddington Ward,3.335048,Low,3,4
Wealdstone North Ward,3.3293037,Low,3,4
Peckham Rye Ward,3.3273854,Low,3,4
Bowes Ward,3.312862,Low,3,4
Wendell Park Ward,3.2915924,Low,3,4
Northwood Ward,3.2904658,Low,3,4
Norbiton Ward,3.289862,Low,3,4
Longbridge Ward,3.2797637,Low,3,4
Cheam Ward,3.2597988,Low,3,4
Kidbrooke Park Ward,3.2513692,Low,3,4
Wanstead Park Ward,3.250413,Low,3,4
Hillingdon East Ward,3.2394779,Low,3,4
West Twickenham Ward,3.2360146,Low,3,4
Canbury Gardens Ward,3.235227,Low,3,4
West Hill Ward,3.2330859,Low,3,4
Forest Gate North Ward,3.2307873,Low,3,4
Stamford Hill West Ward,3.2287483,Low,3,4
Hampton North Ward,3.2221985,Low,3,4
Figge's Marsh Ward,3.2159433,Low,3,4
St. Alban's Ward,3.2064455,Very Low,1,4
Hatch Lane & Highams Park North Ward,3.1835933,Very Low,1,4
Gipsy Hill Ward,3.1759174,Very Low,1,4
St. Helier West Ward,3.1404927,Very Low,1,4
Hayes & Coney Hall Ward,3.1304073,Very Low,1,4
Endlebury Ward,3.1297932,Very Low,1,4
Wood Street Ward,3.1296763,Very Low,1,4
Surbiton Hill Ward,3.127488,Very Low,1,4
Carshalton South & Clockhouse Ward,3.124168,Very Low,1,4
Upper Walthamstow Ward,3.1220517,Very Low,1,4
Streatham Wells Ward,3.0975382,Very Low,1,4
Stonecot Ward,3.0624743,Very Low,1,4
Yeading Ward,3.0524764,Very Low,1,4
Preston Ward,3.0454378,Very Low,1,4
Farnborough & Crofton Ward,3.039245,Very Low,1,4
Purley Oaks & Riddlesdown Ward,2.9791732,Very Low,1,4
Wallington North Ward,2.9775462,Very Low,1,4
Queen's Gate Ward,2.9748147,Very Low,1,4
Whitton Ward,2.9694307,Very Low,1,4
Shooters Hill Ward,2.9673772,Very Low,1,4
West Barnes Ward,2.9665184,Very Low,1,4
Canons Ward,2.9605713,Very Low,1,4
Mawneys Ward,2.9392667,Very Low,1,4
New Addington South Ward,2.9326675,Very Low,1,4
Longthornton Ward,2.8968744,Very Low,1,4
Coombe Vale Ward,2.8745077,Very Low,1,4
South Beddington & Roundshaw Ward,2.8668003,Very Low,1,4
Middle Park & Horn Park Ward,2.8454137,Very Low,1,4
Colindale North Ward,2.8373208,Very Low,1,4
Southall West Ward,2.827535,Very Low,1,4
Biggin Hill Ward,2.7945251,Very Low,1,4
Highfield Ward,2.7793152,Very Low,1,4
Seven Kings Ward,2.739246,Very Low,1,4
Ickenham & South Harefield Ward,2.7303462,Very Low,1,4
Kingston Gate Ward,2.702378,Very Low,1,4
Pollards Hill Ward,2.6991248,Very Low,1,4
Sutton West & East Cheam Ward,2.670053,Very Low,1,4
Marshalls & Rise Park Ward,2.6655092,Very Low,1,4
Charlton Hornfair Ward,2.651179,Very Low,1,4
Wormholt Ward,2.6478467,Very Low,1,4
Norbury Park Ward,2.6443272,Very Low,1,4
Bounds Green Ward,2.626909,Very Low,1,4
Carshalton Central Ward,2.6129675,Very Low,1,4
St. Mary's & St. James Ward,2.6035914,Very Low,1,4
Sutton North Ward,2.5906913,Very Low,1,4
Oakwood Ward,2.579671,Very Low,1,4
Dulwich Hill Ward,2.5612662,Very Low,1,4
Green Lane & St. James Ward,2.5556796,Very Low,1,4
Sudbury Ward,2.5513122,Very Low,1,4
Eltham Park & Progress Ward,2.5487804,Very Low,1,4
Markhouse Ward,2.5453784,Very Low,1,4
St. Helier Ward,2.5426176,Very Low,1,4
West Heath Ward,2.5411325,Very Low,1,4
Cathall Ward,2.5104403,Very Low,1,4
Barnehurst Ward,2.5083854,Very Low,1,4
Thames View Ward,2.4998934,Very Low,1,4
Tolworth Ward,2.491888,Very Low,1,4
Hale End & Highams Park South Ward,2.4636192,Very Low,1,4
Plashet Ward,2.4633675,Very Low,1,4
Northumberland Heath Ward,2.4607992,Very Low,1,4
Heath Ward,2.4411886,Very Low,1,4
The Wrythe Ward,2.3942568,Very Low,1,4
Coulsdon Town Ward,2.3884702,Very Low,1,4
Merton Park Ward,2.3813858,Very Low,1,4
New Addington North Ward,2.348545,Very Low,1,4
Cranham Ward,2.3272882,Very Low,1,4
Tudor Ward,2.3149703,Very Low,1,4
Farringdon Without Ward,2.26169,Very Low,1,4
Charville Ward,2.247387,Very Low,1,4
Hackbridge Ward,2.2336075,Very Low,1,4
Newbury Ward,2.2273774,Very Low,1,4
Hillside Ward,2.2195098,Very Low,1,4
Underhill Ward,2.2108002,Very Low,1,4
"Mottingham, Coldharbour & New Eltham Ward",2.198482,Very Low,1,4
Coombe Hill Ward,2.1968887,Very Low,1,4
Island Gardens Ward,2.189934,Very Low,1,4
Thamesmead Moorings Ward,2.1855936,Very Low,1,4
Hillingdon West Ward,2.1786108,Very Low,1,4
Selsdon Vale & Forestdale Ward,2.1777258,Very Low,1,4
Alibon Ward,2.172934,Very Low,1,4
Kenley Ward,2.1597157,Very Low,1,4
Cannon Hill Ward,2.1519816,Very Low,1,4
Chingford Green Ward,2.0934353,Very Low,1,4
Rayners Lane Ward,2.0390153,Very Low,1,4
Shirley South Ward,2.0388398,Very Low,1,4
Eastbrook & Rush Green Ward,1.9907044,Very Low,1,4
Berrylands Ward,1.9573177,Very Low,1,4
Ravensbury Ward,1.9276514,Very Low,1,4
Chelsfield Ward,1.9273834,Very Low,1,4
Tokyngton Ward,1.9048502,Very Low,1,4
West Harrow Ward,1.8870648,Very Low,1,4
Monkhams Ward,1.8458607,Very Low,1,4
Emerson Park Ward,1.8435038,Very Low,1,4
Roxbourne Ward,1.8333819,Very Low,1,4
Alexandra Ward,1.8320061,Very Low,1,4
North Harrow Ward,1.8195771,Very Low,1,4
Kenton East Ward,1.8051273,Very Low,1,4
Motspur Park & Old Malden East Ward,1.7999741,Very Low,1,4
Hook & Chessington North Ward,1.7643278,Very Low,1,4
Lower Morden Ward,1.7639904,Very Low,1,4
North Cheam Ward,1.7623662,Very Low,1,4
Ruislip Manor Ward,1.7467214,Very Low,1,4
St. Helier East Ward,1.7234372,Very Low,1,4
Blackfen & Lamorbey Ward,1.708565,Very Low,1,4
Kenton West Ward,1.693531,Very Low,1,4
Worcester Park North Ward,1.6843781,Very Low,1,4
Blendon & Penhill Ward,1.6436135,Very Low,1,4
Chessington South & Malden Rushett Ward,1.6280133,Very Low,1,4
King George's & Sunray Ward,1.5337613,Very Low,1,4
Darwin Ward,1.4764028,Very Low,1,4
Tower Ward,1.402483,Very Low,1,4
Coleman Street Ward,1.3435608,Very Low,1,4
Old Malden Ward,1.3264917,Very Low,1,4
Farringdon Within Ward,1.3031256,Very Low,1,4
Longlands Ward,1.2798424,Very Low,1,4
Old Coulsdon Ward,1.2245057,Very Low,1,4
Worcester Park South Ward,1.2171434,Very Low,1,4
Harefield Village Ward,1.1622055,Very Low,1,4
Bishopsgate Ward,1.0331088,Very Low,1,4
Hacton Ward,0.957981,Very Low,1,4
Castle Baynard Ward,0.80781853,Very Low,1,4
Vintry Ward,0.6041031,Very Low,1,4
Cordwainer Ward,0.53756356,Very Low,1,4
Aldgate Ward,0.4929518,Very Low,1,4
Langbourn Ward,0.45941582,Very Low,1,4
Cornhill Ward,0.42996523,Very Low,1,4
Dowgate Ward,0.42513904,Very Low,1,4
Aldersgate Ward,0.41770703,Very Low,1,4
Broad Street Ward,0.35386753,Very Low,1,4
Bread Street Ward,0.34273154,Very Low,1,4
Cheap Ward,0.31576928,Very Low,1,4
Candlewick Ward,0.31576928,Very Low,1,4
Walbrook Ward,0.31576928,Very Low,1,4
Lime Street Ward,0.31576928,Very Low,1,4
Cripplegate Ward,0.25857794,Very Low,1,4
Billingsgate Ward,0.15218508,Very Low,1,4
Bassishaw Ward,0.11949397,Very Low,1,4
Queenhithe Ward,0.11949397,Very Low,1,4
Portsoken Ward,0.053583097,Very Low,1,4
Kilburn Ward,57.40394,Very High,18,5
West End Ward,49.65453,Very High,18,5
Lea Bridge Ward,40.15978,Very High,18,5
Regent's Park Ward,34.709362,Very High,18,5
Edgware Ward,31.647305,Very High,18,5
Highgate Ward,30.509493,Very High,18,5
Village Ward,29.955875,Very High,18,5
St. James's Ward,29.161776,Very High,18,5
Marylebone Ward,28.430262,Very High,17,5
Bloomsbury Ward,21.408451,Very High,17,5
Holborn & Covent Garden Ward,19.619797,Very High,17,5
Wandle Ward,18.59207,Very High,17,5
Abbey Ward,17.813383,Very High,17,5
Hoxton East & Shoreditch Ward,17.208794,Very High,17,5
Childs Hill Ward,15.903194,Very High,17,5
London Fields Ward,15.4960375,Very High,17,5
Borough & Bankside Ward,14.868097,Very High,17,5
Woodside Ward,14.788375,Very High,17,5
Hyde Park Ward,14.776684,Very High,17,5
Stratford Olympic Park Ward,14.026965,Very High,17,5
Bow East Ward,13.850894,Very High,17,5
North Walworth Ward,13.504487,Very High,17,5
Fairfield Ward,13.335562,Very High,17,5
Spitalfields & Banglatown Ward,13.309523,Very High,17,5
London Bridge & West Bermondsey Ward,13.229774,Very High,17,5
Rushey Green Ward,12.853698,Very High,17,5
Bayswater Ward,12.715122,Very High,17,5
Edmonton Green Ward,12.715059,Very High,17,5
South Bermondsey Ward,12.470525,Very High,17,5
Belmont Ward,12.36488,Very High,17,5
Whitechapel Ward,12.019919,Very High,17,5
Bethnal Green West Ward,11.969421,Very High,17,5
Deptford Ward,11.780276,Very High,17,5
Junction Ward,11.747531,Very High,17,5
Rye Lane Ward,11.733462,Very High,17,5
Clapham Town Ward,11.6301155,Very High,17,5
Upper Edmonton Ward,11.249849,Very High,17,5
Wandsworth Town Ward,11.198856,Very High,17,5
Harlesden & Kensal Green Ward,10.975878,Very High,17,5
Lancaster Gate Ward,10.969469,Very High,17,5
Dollis Hill Ward,10.966215,Very High,17,5
Hendon Ward,10.900654,Very High,17,5
Brockley Ward,10.743141,Very High,17,5
Bethnal Green East Ward,10.719437,Very High,17,5
Burnt Oak Ward,10.644694,Very High,17,5
Homerton Ward,10.592646,Very High,17,5
Weavers Ward,10.540806,Very High,17,5
Finsbury Park Ward,10.376508,Very High,17,5
North Acton Ward,10.31993,Very High,17,5
Hillrise Ward,10.211215,Very High,17,5
Tollington Ward,10.123822,Very High,17,5
Hackney Central Ward,10.110003,Very High,17,5
Canary Wharf Ward,10.076662,Very High,17,5
St. Giles Ward,10.067396,Very High,17,5
Bunhill Ward,10.038274,Very High,17,5
Colville Ward,9.993957,Very High,17,5
Northumberland Park Ward,9.887248,Very High,17,5
Balham Ward,9.845816,Very High,17,5
Mile End Ward,9.81615,Very High,17,5
Hither Green Ward,9.722996,Very High,17,5
Broad Green Ward,9.684839,Very High,17,5
Brimsdown Ward,9.600885,Very High,17,5
Bruce Castle Ward,9.59503,Very High,17,5
Lansbury Ward,9.584831,Very High,17,5
Uxbridge Ward,9.561053,Very High,17,5
Brixton North Ward,9.549063,Very High,17,5
Heaton Ward,9.539968,Very High,17,5
Noel Park Ward,9.53558,Very High,17,5
Stonebridge Ward,9.5280285,Very High,17,5
Brixton Acre Lane Ward,9.49802,Very High,17,5
Dalston Ward,9.418891,Very High,17,5
Queens Park Ward,9.404665,Very High,17,5
Stoke Newington Ward,9.39569,Very High,17,5
Cricklewood & Mapesbury Ward,9.350738,Very High,17,5
Hackney Downs Ward,9.342397,Very High,17,5
Hayes Town Ward,9.293129,Very High,17,5
Hackney Wick Ward,9.24997,Very High,17,5
Waterloo & South Bank Ward,9.218837,Very High,17,5
Enfield Lock Ward,9.179555,Very High,17,5
Haggerston Ward,9.174164,Very High,17,5
Greenwich Peninsula Ward,9.148415,Very High,17,5
Chiswick Gunnersbury Ward,9.139474,Very High,17,5
Abbey Road Ward,9.061614,Very High,17,5
College Park & Old Oak Ward,9.04381,Very High,17,5
Bridge Ward,8.968855,Very High,17,5
Gooshays Ward,8.968711,Very High,17,5
Herne Hill & Loughborough Junction Ward,8.960718,Very High,17,5
West Thornton Ward,8.843442,Very High,17,5
Finchley Church End Ward,8.825278,Very High,17,5
Hoxton West Ward,8.819437,Very High,17,5
Haselbury Ward,8.807987,Very High,17,5
Cricklewood Ward,8.796306,Very High,17,5
Brondesbury Park Ward,8.7797,Very High,17,5
Forest Gate South Ward,8.683477,Very High,17,5
Ladywell Ward,8.666185,Very High,17,5
St. Paul's Cray Ward,8.649458,Very High,17,5
Chaucer Ward,8.598367,Very High,17,5
South Acton Ward,8.547125,Very High,17,5
Crouch End Ward,8.5171995,Very High,17,5
Lavender Ward,8.49481,Very High,17,5
South Richmond Ward,8.4877,Very High,17,5
Norwood Green Ward,8.461901,Very High,17,5
Clerkenwell Ward,8.451184,Very High,17,5
West Finchley Ward,8.439147,Very High,17,5
Knightsbridge & Belgravia Ward,8.436894,Very High,17,5
Tottenham Central Ward,8.426801,Very High,17,5
Tooting Broadway Ward,8.402488,Very High,17,5
Brompton & Hans Town Ward,8.388226,Very High,17,5
Penge & Cator Ward,8.3156395,Very High,17,5
Streatham St. Leonard's Ward,8.313821,Very High,17,5
Heathrow Villages Ward,8.276353,Very High,17,5
Campden Ward,8.222999,Very High,17,5
Stratford Ward,8.137764,Very High,17,5
South Hampstead Ward,8.12493,Very High,17,5
Pinkwell Ward,8.117397,Very High,17,5
Battersea Park Ward,8.112392,Very High,17,5
Selhurst Ward,8.070981,Very High,17,5
Greenwich Park Ward,8.052077,Very High,17,5
Holloway Ward,8.020452,Very High,17,5
Bow West Ward,7.9944825,Very High,17,5
Town Ward,7.983448,Very High,17,5
Old Kent Road Ward,7.972315,Very High,17,5
Clissold Ward,7.9488454,Very High,17,5
Little Venice Ward,7.938736,Very High,17,5
Roundwood Ward,7.9304495,Very High,17,5
Waddon Ward,7.9167495,Very High,17,5
Catford South Ward,7.912714,Very High,17,5
Mildmay Ward,7.8747873,Very High,17,5
Harringay Ward,7.796783,Very High,17,5
Hanger Hill Ward,7.792985,Very High,17,5
Ilford Town Ward,7.7847652,Very High,17,5
Whitewebbs Ward,7.643856,Very High,17,5
Redcliffe Ward,7.641459,Very High,17,5
Shaftesbury & Queenstown Ward,7.6367793,Very High,17,5
Sydenham Ward,7.6288395,Very High,17,5
St. Mary's & St. James' Ward,7.626309,Very High,17,5
East Ham Ward,7.6209874,Very High,17,5
Perry Vale Ward,7.6175814,Very High,17,5
Blackheath Ward,7.605393,Very High,17,5
Woolwich Arsenal Ward,7.569133,High,9,5
Maida Vale Ward,7.5578213,High,9,5
Church Street Ward,7.5402703,High,9,5
North Bermondsey Ward,7.5357394,High,9,5
Chiswick Homefields Ward,7.525096,High,9,5
West Hendon Ward,7.5245047,High,9,5
Arsenal Ward,7.500563,High,9,5
Lower Edmonton Ward,7.487349,High,9,5
Osterley & Spring Grove Ward,7.483057,High,9,5
Royal Victoria Ward,7.4821334,High,9,5
Nunhead & Queen's Road Ward,7.4791193,High,9,5
Palmers Green Ward,7.4731135,High,9,5
Willesden Green Ward,7.4590693,High,9,5
Wood End Ward,7.4581995,High,9,5
King's Cross Ward,7.4554224,High,9,5
East Greenwich Ward,7.3908134,High,9,5
Friern Barnet Ward,7.386205,High,9,5
Leyton Ward,7.3856483,High,9,5
Addiscombe West Ward,7.3616595,High,9,5
St. Peter's & Canalside Ward,7.3609724,High,9,5
East Acton Ward,7.3572345,High,9,5
Peckham Ward,7.3329115,High,9,5
Vauxhall Ward,7.327757,High,9,5
Faraday Ward,7.279384,High,9,5
Hornsey Ward,7.214746,High,9,5
Woolwich Common Ward,7.208601,High,9,5
Ponders End Ward,7.20318,High,9,5
Walpole Ward,7.1753864,High,9,5
Kingston Town Ward,7.147476,High,9,5
Valley Ward,7.116478,High,9,5
Purley & Woodcote Ward,7.1055284,High,9,5
Springfield Ward,7.0864534,High,9,5
St. Pancras & Somers Town Ward,7.0720844,High,9,5
Ealing Common Ward,7.0430026,High,9,5
Perivale Ward,7.0427103,High,9,5
Goodmayes Ward,7.0287824,High,9,5
St. Mary Cray Ward,7.0194626,High,9,5
Kentish Town South Ward,6.9977245,High,9,5
Westbourne Ward,6.8799314,High,9,5
St. James Ward,6.868857,High,9,5
Knight's Hill Ward,6.859485,High,9,5
East Finchley Ward,6.8510094,High,9,5
Camberwell Green Ward,6.843034,High,9,5
Orpington Ward,6.8309464,High,9,5
Belmore Ward,6.8270297,High,9,5
Victoria Ward,6.812396,High,9,5
Golborne Ward,6.801961,High,9,5
Blackwall & Cubitt Town Ward,6.7513423,High,9,5
Courtfield Ward,6.702594,High,9,5
Plaistow West & Canning Town East Ward,6.6917424,High,9,5
Wanstead Village Ward,6.671578,High,9,5
Bedfont Ward,6.6703596,High,9,5
St. Katharine's & Wapping Ward,6.6693163,High,9,5
Heston West Ward,6.646131,High,9,5
Streatham Common & Vale Ward,6.6437554,High,9,5
Camden Town Ward,6.64027,High,9,5
Custom House Ward,6.632404,High,9,5
Fortune Green Ward,6.615083,High,9,5
High Street Ward,6.602174,High,9,5
Southall Green Ward,6.5756383,High,9,5
Stanley Ward,6.5253134,High,9,5
Welsh Harp Ward,6.524562,High,9,5
Bush Hill Park Ward,6.504193,High,9,5
Hoe Street Ward,6.499915,High,9,5
St. Dunstan's Ward,6.495205,High,9,5
Bromley South Ward,6.486068,High,9,5
St. Mary's Ward,6.476872,High,9,5
Bromley Town Ward,6.4598036,High,9,5
West Putney Ward,6.448087,High,9,5
Hammersmith Broadway Ward,6.4381995,High,9,5
West Hampstead Ward,6.436654,High,9,5
Garden Suburb Ward,6.421176,High,9,5
Queensbury Ward,6.3806763,High,9,5
South Woodford Ward,6.3786535,High,9,5
Tufnell Park Ward,6.370494,High,9,5
Rush Green & Crowlands Ward,6.366325,High,9,5
Cranford Ward,6.357725,High,9,5
White Hart Lane Ward,6.351875,High,9,5
Plumstead & Glyndon Ward,6.321368,High,9,5
Colindale South Ward,6.308735,High,9,5
Beckton Ward,6.3082814,High,9,5
Tottenham Hale Ward,6.2983475,High,9,5
West Green Ward,6.2729783,High,9,5
Stockwell West & Larkhall Ward,6.2517915,High,9,5
Jubilee Ward,6.2515626,High,9,5
South Tottenham Ward,6.241106,High,9,5
Gospel Oak Ward,6.2405925,High,9,5
Northbury Ward,6.2214694,High,9,5
Hounslow West Ward,6.2163906,High,9,5
Crofton Park Ward,6.2119627,High,9,5
Kennington Ward,6.2074137,High,9,5
Belsize Ward,6.1935205,High,9,5
Brixton Windrush Ward,6.1312504,High,9,5
Heston East Ward,6.1245484,High,9,5
East Putney Ward,6.1171064,High,9,5
Coningham Ward,6.105312,High,9,5
Bromley North Ward,6.078428,High,9,5
Hounslow Central Ward,6.0747857,High,9,5
Barnsbury Ward,6.0591435,High,9,5
Earl's Court Ward,6.055398,High,9,5
Hanworth Village Ward,6.023568,High,9,5
Cann Hall Ward,6.022884,High,9,5
West Ham Ward,6.0211124,High,9,5
Shepherd's Bush Green Ward,6.012848,High,9,5
Syon & Brentford Lock Ward,5.9931083,High,9,5
Walham Green Ward,5.950336,High,9,5
Thornton Heath Ward,5.937395,High,9,5
Pembridge Ward,5.93708,High,9,5
Oval Ward,5.933095,High,9,5
Beckenham Town & Copers Cope Ward,5.927771,High,9,5
Larkswood Ward,5.9272757,High,9,5
Highbury Ward,5.9200225,High,9,5
Pimlico North Ward,5.9169426,High,9,5
South Norwood Ward,5.9012876,High,9,5
Haverstock Ward,5.898841,High,9,5
Roxeth Ward,5.894846,High,9,5
Boleyn Ward,5.894352,High,9,5
Plaistow South Ward,5.8883405,High,9,5
De Beauvoir Ward,5.88096,High,9,5
New Cross Gate Ward,5.875052,High,9,5
Goose Green Ward,5.8724265,High,9,5
Shadwell Ward,5.865761,High,9,5
Northolt Mandeville Ward,5.836965,High,9,5
Ealing Broadway Ward,5.835805,High,9,5
Little Ilford Ward,5.8312135,High,9,5
Clapham Park Ward,5.82498,High,9,5
Harrow Road Ward,5.8234925,High,9,5
Munster Ward,5.8206344,High,9,5
Forest Hill Ward,5.817698,High,9,5
Holland Ward,5.7988195,High,9,5
Feltham West Ward,5.7957654,High,9,5
Bellingham Ward,5.7793045,High,9,5
Canning Town South Ward,5.7631874,High,9,5
Barnet Vale Ward,5.760653,High,9,5
St. George's Ward,5.754725,High,9,5
Stroud Green Ward,5.749679,High,9,5
Chiswick Riverside Ward,5.72201,High,9,5
Harrow Weald Ward,5.7152925,High,9,5
Brunswick Park Ward,5.7090683,Medium,6,5
Evelyn Ward,5.703967,Medium,6,5
Clapham Common & Abbeville Ward,5.6928716,Medium,6,5
East Sheen Ward,5.672774,Medium,6,5
Thamesfield Ward,5.668516,Medium,6,5
Rotherhithe Ward,5.6631203,Medium,6,5
Leytonstone Ward,5.625201,Medium,6,5
Canonbury Ward,5.612177,Medium,6,5
Woodberry Down Ward,5.6004333,Medium,6,5
Belvedere Ward,5.5987606,Medium,6,5
Southfield Ward,5.561541,Medium,6,5
Greenford Broadway Ward,5.5453153,Medium,6,5
Lewisham Central Ward,5.5445976,Medium,6,5
Totteridge & Woodside Ward,5.536146,Medium,6,5
Hanwell Broadway Ward,5.5085564,Medium,6,5
Shacklewell Ward,5.4687967,Medium,6,5
East Ham South Ward,5.4682584,Medium,6,5
King's Park Ward,5.4650893,Medium,6,5
Harold Wood Ward,5.451847,Medium,6,5
Southbury Ward,5.4476438,Medium,6,5
Edgwarebury Ward,5.4356284,Medium,6,5
Brixton Rush Common Ward,5.432842,Medium,6,5
Falconbrook Ward,5.425239,Medium,6,5
Crystal Palace & Anerley Ward,5.403977,Medium,6,5
Clapham East Ward,5.3954215,Medium,6,5
Woodhouse Ward,5.382719,Medium,6,5
Hounslow Heath Ward,5.3683567,Medium,6,5
Northfield Ward,5.363484,Medium,6,5
Frognal Ward,5.347356,Medium,6,5
Canning Town North Ward,5.3422756,Medium,6,5
Chapel End Ward,5.3368626,Medium,6,5
Abbey Wood Ward,5.3166103,Medium,6,5
Greenhill Ward,5.298364,Medium,6,5
Heston Central Ward,5.280027,Medium,6,5
North Richmond Ward,5.2763476,Medium,6,5
Telegraph Hill Ward,5.2620335,Medium,6,5
Grove Green Ward,5.2565856,Medium,6,5
Forest Ward,5.250231,Medium,6,5
Brook Green Ward,5.242634,Medium,6,5
Whalebone Ward,5.2364154,Medium,6,5
Golders Green Ward,5.208845,Medium,6,5
Southgate Ward,5.205754,Medium,6,5
North Hanwell Ward,5.192352,Medium,6,5
Tooting Bec Ward,5.19076,Medium,6,5
Abingdon Ward,5.1901016,Medium,6,5
Wandsworth Common Ward,5.176424,Medium,6,5
Arnos Grove Ward,5.1758103,Medium,6,5
Fulham Reach Ward,5.172484,Medium,6,5
Selsdon & Addington Village Ward,5.169094,Medium,6,5
East Barnet Ward,5.157676,Medium,6,5
Wimbledon Park Ward,5.14666,Medium,6,5
Newington Ward,5.145442,Medium,6,5
Caledonian Ward,5.1443872,Medium,6,5
William Morris Ward,5.131877,Medium,6,5
New Malden Village Ward,5.1261454,Medium,6,5
Brownswood Ward,5.115366,Medium,6,5
Barnhill Ward,5.105151,Medium,6,5
Bexleyheath Ward,5.1028175,Medium,6,5
Brentford East Ward,5.1019616,Medium,6,5
Downham Ward,5.096458,Medium,6,5
Green Street East Ward,5.095451,Medium,6,5
Vincent Square Ward,5.0707254,Medium,6,5
Chelsea Riverside Ward,5.0568347,Medium,6,5
Valence Ward,5.0556536,Medium,6,5
Eastbury Ward,5.030827,Medium,6,5
Feltham North Ward,5.027076,Medium,6,5
Sands End Ward,5.026846,Medium,6,5
Seven Sisters Ward,5.023919,Medium,6,5
Mill Hill Ward,5.0234685,Medium,6,5
Furzedown Ward,5.0194807,Medium,6,5
Addiscombe East Ward,5.001464,Medium,6,5
Laycock Ward,4.991696,Medium,6,5
Erith Ward,4.991011,Medium,6,5
Royal Hospital Ward,4.9577384,Medium,6,5
Central Greenford Ward,4.953991,Medium,6,5
Myatt's Fields Ward,4.9538784,Medium,6,5
Blackheath Westcombe Ward,4.952631,Medium,6,5
West Drayton Ward,4.937022,Medium,6,5
St. Edward's Ward,4.9176006,Medium,6,5
St. Andrew's Ward,4.9079823,Medium,6,5
Queen's Gate Ward,4.8892894,Medium,6,5
Chislehurst Ward,4.8881607,Medium,6,5
Mortlake & Barnes Common Ward,4.8616576,Medium,6,5
Roehampton Ward,4.8471103,Medium,6,5
Addison Ward,4.824679,Medium,6,5
Stanmore Ward,4.823807,Medium,6,5
Mayfield Ward,4.821846,Medium,6,5
Pitshanger Ward,4.810521,Medium,6,5
Lee Green Ward,4.7977676,Medium,6,5
West Dulwich Ward,4.785844,Medium,6,5
Barkingside Ward,4.7772756,Medium,6,5
Fortis Green Ward,4.7720346,Medium,6,5
Streatham Hill West & Thornton Ward,4.7701416,Medium,6,5
South Croydon Ward,4.7551746,Medium,6,5
Parsloes Ward,4.754664,Medium,6,5
Clock House Ward,4.741268,Medium,6,5
Plaistow North Ward,4.703029,Medium,6,5
Stepney Green Ward,4.6777506,Medium,6,5
South Balham Ward,4.656172,Medium,6,5
Queen's Park Ward,4.6382675,Medium,6,5
St. Margarets & North Twickenham Ward,4.6372643,Medium,6,5
Manor Park Ward,4.6303816,Medium,6,5
Fulham Town Ward,4.628392,Medium,6,5
Northolt West End Ward,4.612047,Medium,6,5
Brentford West Ward,4.606877,Medium,6,5
Plumstead Common Ward,4.581733,Medium,6,5
Wembley Hill Ward,4.5762434,Medium,6,5
Aldborough Ward,4.5608563,Medium,6,5
Southall Broadway Ward,4.5410132,Medium,6,5
Lady Margaret Ward,4.5390263,Medium,6,5
Carterhatch Ward,4.497486,Medium,6,5
North Greenford Ward,4.4594493,Medium,6,5
Ravenscourt Ward,4.4533176,Medium,6,5
Primrose Hill Ward,4.449879,Medium,6,5
Muswell Hill Ward,4.442786,Medium,6,5
Surrey Docks Ward,4.43195,Medium,6,5
Limehouse Ward,4.408826,Medium,6,5
Rainham & Wennington Ward,4.402337,Medium,6,5
Maryland Ward,4.400278,Medium,6,5
Pinner Ward,4.3890586,Medium,6,5
Kentish Town North Ward,4.3889437,Medium,6,5
Churchfields Ward,4.3775463,Medium,6,5
Sutton Central Ward,4.367818,Medium,6,5
Mottingham Ward,4.3660893,Medium,6,5
Colham & Cowley Ward,4.360923,Medium,6,5
West Kensington Ward,4.35298,Medium,6,5
Loxford Ward,4.342248,Medium,6,5
Stockwell East Ward,4.325013,Medium,6,5
Barking Riverside Ward,4.3220835,Medium,6,5
Goresbrook Ward,4.3210335,Medium,6,5
Northcote Ward,4.3200207,Medium,6,5
Hounslow East Ward,4.3171644,Medium,6,5
Marlborough Ward,4.311108,Medium,6,5
Fullwell Ward,4.308058,Medium,6,5
Fairlop Ward,4.297907,Medium,6,5
Bromley Common & Holwood Ward,4.2693467,Medium,6,5
Dulwich Wood Ward,4.268707,Medium,6,5
Yiewsley Ward,4.2665367,Medium,6,5
Grove Park Ward,4.264049,Medium,6,5
Cricket Green Ward,4.250211,Low,3,5
Palace & Hurlingham Ward,4.2427487,Low,3,5
Hampstead Town Ward,4.230501,Low,3,5
Lillie Ward,4.21941,Low,3,5
Hermitage & Gardens Ward,4.213381,Low,3,5
Havering-atte-Bower Ward,4.210116,Low,3,5
Thamesmead East Ward,4.1913137,Low,3,5
Crayford Ward,4.186519,Low,3,5
Wall End Ward,4.1765733,Low,3,5
Alexandra Park Ward,4.1688933,Low,3,5
Greenwich Creekside Ward,4.1614366,Low,3,5
St. Martin's Ward,4.157754,Low,3,5
Bullsmoor Ward,4.1545367,Low,3,5
Whetstone Ward,4.125756,Low,3,5
Kelsey & Eden Park Ward,4.12417,Low,3,5
Hounslow South Ward,4.1095924,Low,3,5
Wembley Park Ward,4.0997205,Low,3,5
Gascoigne Ward,4.069413,Low,3,5
Alperton Ward,4.063969,Low,3,5
Dulwich Village Ward,4.0625224,Low,3,5
Teddington Ward,4.0605307,Low,3,5
Kingsbury Ward,4.0534883,Low,3,5
Bensham Manor Ward,4.0520816,Low,3,5
Wallington South Ward,4.0506043,Low,3,5
Valentines Ward,4.034439,Low,3,5
Nine Elms Ward,4.023561,Low,3,5
Southfields Ward,4.0189667,Low,3,5
Green Street West Ward,4.001344,Low,3,5
South Ruislip Ward,3.9985044,Low,3,5
Dalgarno Ward,3.9958463,Low,3,5
Barnes Ward,3.99368,Low,3,5
Kenton Ward,3.9892895,Low,3,5
Winchmore Hill Ward,3.9737725,Low,3,5
Higham Hill Ward,3.9721775,Low,3,5
Crystal Palace & Upper Norwood Ward,3.9667122,Low,3,5
Ridgeway Ward,3.9651823,Low,3,5
Kew Ward,3.9629054,Low,3,5
West Wickham Ward,3.9606247,Low,3,5
Woolwich Dockyard Ward,3.960484,Low,3,5
Notting Dale Ward,3.9532752,Low,3,5
Figge's Marsh Ward,3.9338784,Low,3,5
Cranbrook Ward,3.9277909,Low,3,5
Norbury & Pollards Hill Ward,3.9133635,Low,3,5
Mayesbrook Ward,3.8867943,Low,3,5
Twickenham Riverside Ward,3.8771055,Low,3,5
Shortlands & Park Langley Ward,3.8675857,Low,3,5
Becontree Ward,3.8655884,Low,3,5
Centenary Ward,3.8557665,Low,3,5
South Hornchurch Ward,3.8521411,Low,3,5
Eastcote Ward,3.8420353,Low,3,5
Beddington Ward,3.8391478,Low,3,5
Ruislip Ward,3.8270512,Low,3,5
Hampton Wick & South Teddington Ward,3.8189206,Low,3,5
Hampton Ward,3.80908,Low,3,5
Cazenove Ward,3.798269,Low,3,5
Dormers Wells Ward,3.7981696,Low,3,5
Eltham Town & Avery Hill Ward,3.7945817,Low,3,5
Norland Ward,3.791827,Low,3,5
St. Helier West Ward,3.7874472,Low,3,5
Wealdstone South Ward,3.7856624,Low,3,5
Eltham Page Ward,3.7665386,Low,3,5
St. Ann's Ward,3.7645698,Low,3,5
Headstone Ward,3.7585475,Low,3,5
Squirrels Heath Ward,3.7538483,Low,3,5
Kidbrooke Village & Sutcliffe Ward,3.7481203,Low,3,5
Slade Green & Northend Ward,3.7379756,Low,3,5
Falconwood & Welling Ward,3.717817,Low,3,5
East Wickham Ward,3.7116919,Low,3,5
Bowes Ward,3.7055345,Low,3,5
High Barnet Ward,3.6741216,Low,3,5
Wembley Central Ward,3.6732738,Low,3,5
Harrow on the Hill Ward,3.6661854,Low,3,5
Fulwell & Hampton Hill Ward,3.65654,Low,3,5
"Ham, Petersham & Richmond Riverside Ward",3.6479135,Low,3,5
Grange Park Ward,3.6431592,Low,3,5
St. Helen's Ward,3.6374936,Low,3,5
Parsons Green & Sandford Ward,3.634655,Low,3,5
Grove Ward,3.632122,Low,3,5
Wimbledon Town & Dundonald Ward,3.6319957,Low,3,5
Colliers Wood Ward,3.6213171,Low,3,5
White City Ward,3.6193712,Low,3,5
Wealdstone North Ward,3.6147645,Low,3,5
Chadwell Ward,3.5900009,Low,3,5
South Twickenham Ward,3.5888834,Low,3,5
Isleworth Ward,3.5878918,Low,3,5
Upminster Ward,3.583404,Low,3,5
Avonmore Ward,3.5666873,Low,3,5
Elm Park Ward,3.5565164,Low,3,5
Camden Square Ward,3.5557814,Low,3,5
Mawneys Ward,3.5533783,Low,3,5
St. Alban's Ward,3.540506,Low,3,5
Pimlico South Ward,3.53938,Low,3,5
Hanworth Park Ward,3.5247726,Low,3,5
Crook Log Ward,3.520028,Low,3,5
New Southgate Ward,3.5177836,Low,3,5
Peckham Rye Ward,3.5169692,Low,3,5
Cockfosters Ward,3.5147767,Low,3,5
West Hill Ward,3.498446,Low,3,5
Seven Kings Ward,3.4891686,Low,3,5
Bounds Green Ward,3.4830956,Low,3,5
Beam Ward,3.4797606,Low,3,5
Northwood Ward,3.4549854,Low,3,5
Carshalton South & Clockhouse Ward,3.440789,Low,3,5
Pinner South Ward,3.415423,Low,3,5
Park Hill & Whitgift Ward,3.4023304,Low,3,5
Graveney Ward,3.3996277,Low,3,5
Endlebury Ward,3.3914392,Low,3,5
Trinity Ward,3.38654,Low,3,5
Wanstead Park Ward,3.3778222,Low,3,5
Raynes Park Ward,3.3739817,Low,3,5
Lavender Fields Ward,3.3646672,Low,3,5
Hylands & Harrow Lodge Ward,3.3628106,Low,3,5
Beam Park Ward,3.3614917,Low,3,5
Plaistow Ward,3.3606014,Low,3,5
Sutton South Ward,3.3596778,Low,3,5
West Twickenham Ward,3.3452268,Low,3,5
Canons Ward,3.3322468,Low,3,5
Hatch End Ward,3.3141556,Low,3,5
Sanderstead Ward,3.3138676,Low,3,5
Shooters Hill Ward,3.288513,Low,3,5
Shirley North Ward,3.2841961,Low,3,5
Chadwell Heath Ward,3.2823832,Low,3,5
Bickley & Sundridge Ward,3.274865,Low,3,5
Wood Street Ward,3.2618482,Low,3,5
Clementswood Ward,3.2498493,Low,3,5
Champion Hill Ward,3.2258656,Low,3,5
Clayhall Ward,3.2205184,Low,3,5
Longbridge Ward,3.2090454,Low,3,5
Farnborough & Crofton Ward,3.2030022,Low,3,5
West Thamesmead Ward,3.1972492,Low,3,5
Petts Wood & Knoll Ward,3.1820989,Low,3,5
Streatham Hill East Ward,3.1802738,Low,3,5
West Heath Ward,3.171585,Low,3,5
Sidcup Ward,3.1710186,Low,3,5
Poplar Ward,3.1573992,Low,3,5
Yeading Ward,3.156729,Low,3,5
Hillingdon East Ward,3.143232,Low,3,5
Stamford Hill West Ward,3.1371896,Low,3,5
Wendell Park Ward,3.132191,Very Low,1,5
Norbury Park Ward,3.1295176,Very Low,1,5
St. Mark's & Seething Wells Ward,3.1209555,Very Low,1,5
Hainault Ward,3.1128845,Very Low,1,5
Hayes & Coney Hall Ward,3.1102211,Very Low,1,5
Farringdon Without Ward,3.0924096,Very Low,1,5
West Barnes Ward,3.091439,Very Low,1,5
Hatch Lane & Highams Park North Ward,3.0859046,Very Low,1,5
Cheam Ward,3.0731757,Very Low,1,5
Charlton Village & Riverside Ward,3.0616548,Very Low,1,5
Forest Gate North Ward,3.0534122,Very Low,1,5
Surbiton Hill Ward,3.0372868,Very Low,1,5
Kidbrooke Park Ward,3.0254068,Very Low,1,5
Heathfield Ward,3.006937,Very Low,1,5
Stonecot Ward,2.993331,Very Low,1,5
Highfield Ward,2.9897044,Very Low,1,5
Norbiton Ward,2.960204,Very Low,1,5
Marshalls & Rise Park Ward,2.9528306,Very Low,1,5
Upper Walthamstow Ward,2.9497185,Very Low,1,5
Colindale North Ward,2.9465055,Very Low,1,5
Royal Albert Ward,2.9248574,Very Low,1,5
Sutton West & East Cheam Ward,2.904623,Very Low,1,5
Southall West Ward,2.8900118,Very Low,1,5
Northwood Hills Ward,2.8881986,Very Low,1,5
Streatham Wells Ward,2.8753242,Very Low,1,5
Northumberland Heath Ward,2.8655694,Very Low,1,5
Barnehurst Ward,2.861003,Very Low,1,5
Gipsy Hill Ward,2.8595672,Very Low,1,5
Sudbury Ward,2.824638,Very Low,1,5
Wallington North Ward,2.7905881,Very Low,1,5
Hampton North Ward,2.763377,Very Low,1,5
Whitton Ward,2.755504,Very Low,1,5
Dulwich Hill Ward,2.7460241,Very Low,1,5
Wormholt Ward,2.7444358,Very Low,1,5
Plashet Ward,2.7423,Very Low,1,5
South Beddington & Roundshaw Ward,2.7142959,Very Low,1,5
Thamesmead Moorings Ward,2.6997511,Very Low,1,5
Purley Oaks & Riddlesdown Ward,2.6590147,Very Low,1,5
Carshalton Central Ward,2.6464095,Very Low,1,5
Northwick Park Ward,2.6458404,Very Low,1,5
Middle Park & Horn Park Ward,2.638768,Very Low,1,5
Markhouse Ward,2.6264622,Very Low,1,5
Ickenham & South Harefield Ward,2.6172957,Very Low,1,5
Selsdon Vale & Forestdale Ward,2.6073344,Very Low,1,5
Chingford Green Ward,2.5914354,Very Low,1,5
Hillside Ward,2.5793705,Very Low,1,5
New Addington South Ward,2.570221,Very Low,1,5
Longthornton Ward,2.559976,Very Low,1,5
Merton Park Ward,2.5557487,Very Low,1,5
Canbury Gardens Ward,2.553581,Very Low,1,5
Hale End & Highams Park South Ward,2.536303,Very Low,1,5
Darwin Ward,2.5086722,Very Low,1,5
Biggin Hill Ward,2.4942129,Very Low,1,5
St. Mary's & St. James Ward,2.4910426,Very Low,1,5
Island Gardens Ward,2.4891288,Very Low,1,5
Pollards Hill Ward,2.45033,Very Low,1,5
St. Helier Ward,2.4440138,Very Low,1,5
West Harrow Ward,2.4279149,Very Low,1,5
Preston Ward,2.403124,Very Low,1,5
Eltham Park & Progress Ward,2.3969376,Very Low,1,5
Coombe Hill Ward,2.383533,Very Low,1,5
Cathall Ward,2.3696764,Very Low,1,5
Cranham Ward,2.335853,Very Low,1,5
North Cheam Ward,2.280921,Very Low,1,5
Shirley South Ward,2.2637842,Very Low,1,5
Sutton North Ward,2.259879,Very Low,1,5
Hillingdon West Ward,2.2554338,Very Low,1,5
Kingston Gate Ward,2.2464068,Very Low,1,5
Cannon Hill Ward,2.2308254,Very Low,1,5
Oakwood Ward,2.2212949,Very Low,1,5
Newbury Ward,2.2167034,Very Low,1,5
Hackbridge Ward,2.2140648,Very Low,1,5
Blackfen & Lamorbey Ward,2.2005222,Very Low,1,5
Underhill Ward,2.1541,Very Low,1,5
New Addington North Ward,2.1138968,Very Low,1,5
Kenley Ward,2.107422,Very Low,1,5
Chelsfield Ward,2.1070116,Very Low,1,5
Eastbrook & Rush Green Ward,2.1028132,Very Low,1,5
Ravensbury Ward,2.0838006,Very Low,1,5
Charlton Hornfair Ward,2.050412,Very Low,1,5
Alibon Ward,2.0192626,Very Low,1,5
Monkhams Ward,2.018128,Very Low,1,5
"Mottingham, Coldharbour & New Eltham Ward",2.0165837,Very Low,1,5
Worcester Park North Ward,1.982972,Very Low,1,5
The Wrythe Ward,1.9821603,Very Low,1,5
Green Lane & St. James Ward,1.9768801,Very Low,1,5
Coombe Vale Ward,1.9767256,Very Low,1,5
St. Helier East Ward,1.9691135,Very Low,1,5
Roxbourne Ward,1.9667138,Very Low,1,5
Rayners Lane Ward,1.9611343,Very Low,1,5
Thames View Ward,1.9457353,Very Low,1,5
North Harrow Ward,1.9369601,Very Low,1,5
Coulsdon Town Ward,1.920932,Very Low,1,5
Kenton West Ward,1.9098197,Very Low,1,5
Charville Ward,1.902055,Very Low,1,5
Tolworth Ward,1.8925161,Very Low,1,5
Tokyngton Ward,1.8812883,Very Low,1,5
Heath Ward,1.8426747,Very Low,1,5
Emerson Park Ward,1.7951393,Very Low,1,5
Tudor Ward,1.7923251,Very Low,1,5
Berrylands Ward,1.7730325,Very Low,1,5
Blendon & Penhill Ward,1.7671609,Very Low,1,5
King George's & Sunray Ward,1.7166051,Very Low,1,5
Alexandra Ward,1.7084506,Very Low,1,5
Ruislip Manor Ward,1.6967199,Very Low,1,5
Lower Morden Ward,1.6461356,Very Low,1,5
Motspur Park & Old Malden East Ward,1.5721052,Very Low,1,5
Kenton East Ward,1.5655267,Very Low,1,5
Chessington South & Malden Rushett Ward,1.5320237,Very Low,1,5
Hook & Chessington North Ward,1.5217265,Very Low,1,5
Old Coulsdon Ward,1.4159988,Very Low,1,5
Harefield Village Ward,1.3813934,Very Low,1,5
Old Malden Ward,1.3770217,Very Low,1,5
Farringdon Within Ward,1.3175287,Very Low,1,5
Longlands Ward,1.269312,Very Low,1,5
Coleman Street Ward,1.208309,Very Low,1,5
Worcester Park South Ward,1.196725,Very Low,1,5
Hacton Ward,1.0657718,Very Low,1,5
Bishopsgate Ward,1.0109366,Very Low,1,5
Castle Baynard Ward,0.97554743,Very Low,1,5
Tower Ward,0.9360143,Very Low,1,5
Langbourn Ward,0.72218066,Very Low,1,5
Cordwainer Ward,0.6413991,Very Low,1,5
Cornhill Ward,0.4550462,Very Low,1,5
Dowgate Ward,0.42808396,Very Low,1,5
Aldgate Ward,0.41694796,Very Low,1,5
Candlewick Ward,0.3899857,Very Low,1,5
Broad Street Ward,0.3899857,Very Low,1,5
Vintry Ward,0.3899857,Very Low,1,5
Lime Street Ward,0.3899857,Very Low,1,5
Cheap Ward,0.3899857,Very Low,1,5
Walbrook Ward,0.3899857,Very Low,1,5
Bread Street Ward,0.3899857,Very Low,1,5
Cripplegate Ward,0.36865178,Very Low,1,5
Aldersgate Ward,0.36548558,Very Low,1,5
Bassishaw Ward,0.25877088,Very Low,1,5
Billingsgate Ward,0.2264015,Very Low,1,5
Queenhithe Ward,0.19371043,Very Low,1,5
Portsoken Ward,0.1916586,Very Low,1,5
West End Ward,56.43369,Very High,18,6
Kilburn Ward,53.871937,Very High,18,6
Lea Bridge Ward,39.642357,Very High,18,6
Regent's Park Ward,35.517967,Very High,18,6
St. James's Ward,31.99756,Very High,18,6
Edgware Ward,31.542551,Very High,18,6
Marylebone Ward,29.452387,Very High,18,6
Highgate Ward,28.947979,Very High,18,6
Village Ward,26.805336,Very High,17,6
Bloomsbury Ward,22.133598,Very High,17,6
Holborn & Covent Garden Ward,19.40887,Very High,17,6
Hoxton East & Shoreditch Ward,18.007627,Very High,17,6
Abbey Ward,16.746078,Very High,17,6
Woodside Ward,15.927402,Very High,17,6
Wandle Ward,15.70103,Very High,17,6
Borough & Bankside Ward,15.367979,Very High,17,6
London Fields Ward,15.325829,Very High,17,6
Childs Hill Ward,15.200325,Very High,17,6
Stratford Olympic Park Ward,15.070266,Very High,17,6
Fairfield Ward,14.408859,Very High,17,6
Hyde Park Ward,14.274376,Very High,17,6
Bow East Ward,13.939974,Very High,17,6
Spitalfields & Banglatown Ward,13.800023,Very High,17,6
North Walworth Ward,13.503137,Very High,17,6
Bethnal Green West Ward,13.382366,Very High,17,6
Edmonton Green Ward,13.040648,Very High,17,6
London Bridge & West Bermondsey Ward,12.702668,Very High,17,6
Rye Lane Ward,12.596824,Very High,17,6
Belmont Ward,11.930911,Very High,17,6
Bayswater Ward,11.898801,Very High,17,6
Clapham Town Ward,11.593494,Very High,17,6
Deptford Ward,11.581182,Very High,17,6
South Bermondsey Ward,11.520522,Very High,17,6
Rushey Green Ward,11.363588,Very High,17,6
Whitechapel Ward,11.150812,Very High,17,6
Harlesden & Kensal Green Ward,11.107739,Very High,17,6
Weavers Ward,11.044538,Very High,17,6
Dollis Hill Ward,11.003098,Very High,17,6
St. Giles Ward,10.849882,Very High,17,6
Bethnal Green East Ward,10.643935,Very High,17,6
Upper Edmonton Ward,10.571912,Very High,17,6
Lancaster Gate Ward,10.539584,Very High,17,6
Junction Ward,10.451496,Very High,17,6
Broad Green Ward,10.395182,Very High,17,6
Burnt Oak Ward,10.385133,Very High,17,6
Brockley Ward,10.297547,Very High,17,6
Bunhill Ward,10.29503,Very High,17,6
Hackney Central Ward,10.255502,Very High,17,6
Homerton Ward,10.172024,Very High,17,6
Haggerston Ward,10.166256,Very High,17,6
Hendon Ward,10.113938,Very High,17,6
Wandsworth Town Ward,10.10734,Very High,17,6
Mile End Ward,10.026542,Very High,17,6
Hackney Downs Ward,10.01353,Very High,17,6
Heaton Ward,9.9431,Very High,17,6
Brimsdown Ward,9.8280115,Very High,17,6
Colville Ward,9.766906,Very High,17,6
North Acton Ward,9.753706,Very High,17,6
Queens Park Ward,9.63338,Very High,17,6
Tollington Ward,9.617192,Very High,17,6
Stoke Newington Ward,9.53511,Very High,17,6
Uxbridge Ward,9.438223,Very High,17,6
College Park & Old Oak Ward,9.426347,Very High,17,6
Lansbury Ward,9.3852,Very High,17,6
Brixton Acre Lane Ward,9.383159,Very High,17,6
Stratford Ward,9.325578,Very High,17,6
Bruce Castle Ward,9.302076,Very High,17,6
Finsbury Park Ward,9.250469,Very High,17,6
West Finchley Ward,9.248011,Very High,17,6
Brompton & Hans Town Ward,9.220277,Very High,17,6
Cricklewood Ward,9.156148,Very High,17,6
Hillrise Ward,9.155227,Very High,17,6
Canary Wharf Ward,9.126417,Very High,17,6
Noel Park Ward,9.10729,Very High,17,6
Chiswick Gunnersbury Ward,9.106308,Very High,17,6
Hither Green Ward,9.104595,Very High,17,6
Hayes Town Ward,9.102679,Very High,17,6
Cricklewood & Mapesbury Ward,9.082427,Very High,17,6
Battersea Park Ward,9.043335,Very High,17,6
Hackney Wick Ward,9.007305,Very High,17,6
Heathrow Villages Ward,8.974365,Very High,17,6
Forest Gate South Ward,8.885729,Very High,17,6
Gooshays Ward,8.88308,Very High,17,6
Balham Ward,8.85635,Very High,17,6
Northumberland Park Ward,8.853512,Very High,17,6
Brixton North Ward,8.8026495,Very High,17,6
Greenwich Peninsula Ward,8.784238,Very High,17,6
Pinkwell Ward,8.73829,Very High,17,6
Crouch End Ward,8.7016535,Very High,17,6
Finchley Church End Ward,8.607976,Very High,17,6
Stonebridge Ward,8.606291,Very High,17,6
Dalston Ward,8.595014,Very High,17,6
Brondesbury Park Ward,8.5712185,Very High,17,6
Town Ward,8.564254,Very High,17,6
East Ham Ward,8.498535,Very High,17,6
Clerkenwell Ward,8.497725,Very High,17,6
Haselbury Ward,8.4465885,Very High,17,6
Greenwich Park Ward,8.443161,Very High,17,6
Waterloo & South Bank Ward,8.424466,Very High,17,6
East Acton Ward,8.4144745,Very High,17,6
Chaucer Ward,8.387606,Very High,17,6
Enfield Lock Ward,8.342649,Very High,17,6
Tooting Broadway Ward,8.281425,Very High,17,6
West Hendon Ward,8.260967,Very High,17,6
Abbey Road Ward,8.220324,Very High,17,6
Waddon Ward,8.16645,Very High,17,6
Bridge Ward,8.160501,Very High,17,6
Holloway Ward,8.159162,Very High,17,6
Ilford Town Ward,8.158474,Very High,17,6
Norwood Green Ward,8.158404,Very High,17,6
Maida Vale Ward,8.137044,Very High,17,6
South Acton Ward,8.105083,Very High,17,6
Old Kent Road Ward,8.104601,Very High,17,6
Ladywell Ward,8.085081,Very High,17,6
West Thornton Ward,8.084485,Very High,17,6
St. Peter's & Canalside Ward,8.017306,Very High,17,6
Peckham Ward,8.01307,Very High,17,6
Whitewebbs Ward,8.001268,Very High,17,6
Lavender Ward,7.979639,Very High,17,6
Herne Hill & Loughborough Junction Ward,7.9685216,Very High,17,6
Friern Barnet Ward,7.9149604,Very High,17,6
Leyton Ward,7.908076,Very High,17,6
Hoxton West Ward,7.8940086,Very High,17,6
Nunhead & Queen's Road Ward,7.8926716,Very High,17,6
Sydenham Ward,7.8693404,Very High,17,6
Ponders End Ward,7.865474,Very High,17,6
Redcliffe Ward,7.791358,Very High,17,6
Blackheath Ward,7.786084,Very High,17,6
Willesden Green Ward,7.77957,Very High,17,6
Tottenham Central Ward,7.777895,Very High,17,6
Harringay Ward,7.7673774,Very High,17,6
North Bermondsey Ward,7.7386184,Very High,17,6
St. Mary's & St. James' Ward,7.701524,Very High,17,6
Woolwich Arsenal Ward,7.6821957,Very High,17,6
Faraday Ward,7.657067,Very High,17,6
Penge & Cator Ward,7.6350937,Very High,17,6
Little Venice Ward,7.619588,Very High,17,6
Shaftesbury & Queenstown Ward,7.6153917,Very High,17,6
Wood End Ward,7.5964904,Very High,17,6
St. Paul's Cray Ward,7.554404,High,9,6
Mildmay Ward,7.55146,High,9,6
South Richmond Ward,7.5467367,High,9,6
Southall Green Ward,7.5307484,High,9,6
Campden Ward,7.4872074,High,9,6
Perivale Ward,7.4531436,High,9,6
Addiscombe West Ward,7.410225,High,9,6
Hornsey Ward,7.406447,High,9,6
Stockwell West & Larkhall Ward,7.3866653,High,9,6
Vauxhall Ward,7.3778334,High,9,6
Knightsbridge & Belgravia Ward,7.369027,High,9,6
Westbourne Ward,7.3567576,High,9,6
Roundwood Ward,7.317958,High,9,6
Bow West Ward,7.313936,High,9,6
Selhurst Ward,7.304466,High,9,6
Streatham St. Leonard's Ward,7.2908773,High,9,6
Lower Edmonton Ward,7.2775664,High,9,6
South Hampstead Ward,7.272678,High,9,6
Church Street Ward,7.258911,High,9,6
King's Cross Ward,7.2144628,High,9,6
Golborne Ward,7.172597,High,9,6
Courtfield Ward,7.13963,High,9,6
Osterley & Spring Grove Ward,7.1364584,High,9,6
Catford South Ward,7.104876,High,9,6
Palmers Green Ward,7.0638666,High,9,6
St. Mary Cray Ward,7.049151,High,9,6
Clissold Ward,7.048547,High,9,6
Goodmayes Ward,7.018883,High,9,6
De Beauvoir Ward,7.0108995,High,9,6
Walpole Ward,7.0021076,High,9,6
Welsh Harp Ward,6.9934564,High,9,6
Colindale South Ward,6.9504404,High,9,6
St. Mary's Ward,6.932586,High,9,6
Hanger Hill Ward,6.8296747,High,9,6
Camberwell Green Ward,6.802188,High,9,6
St. James Ward,6.7882643,High,9,6
Knight's Hill Ward,6.7414985,High,9,6
Plaistow South Ward,6.7164764,High,9,6
High Street Ward,6.7064004,High,9,6
Crystal Palace & Anerley Ward,6.705755,High,9,6
Arsenal Ward,6.7034173,High,9,6
Bromley Town Ward,6.6994157,High,9,6
Woolwich Common Ward,6.6664743,High,9,6
East Greenwich Ward,6.594346,High,9,6
Victoria Ward,6.588693,High,9,6
South Woodford Ward,6.547085,High,9,6
Plaistow West & Canning Town East Ward,6.5234222,High,9,6
East Putney Ward,6.5146537,High,9,6
Springfield Ward,6.492832,High,9,6
Fortune Green Ward,6.4855924,High,9,6
White Hart Lane Ward,6.4771447,High,9,6
Roxeth Ward,6.4098463,High,9,6
Camden Town Ward,6.4012017,High,9,6
Hanwell Broadway Ward,6.382153,High,9,6
West Green Ward,6.3809724,High,9,6
Northbury Ward,6.3799667,High,9,6
Ealing Common Ward,6.3685565,High,9,6
Earl's Court Ward,6.360146,High,9,6
Heston West Ward,6.359764,High,9,6
Hammersmith Broadway Ward,6.354085,High,9,6
Streatham Common & Vale Ward,6.3281484,High,9,6
Royal Victoria Ward,6.3183737,High,9,6
Gospel Oak Ward,6.3088136,High,9,6
Queensbury Ward,6.2802935,High,9,6
Wanstead Village Ward,6.2663903,High,9,6
Syon & Brentford Lock Ward,6.264626,High,9,6
Lewisham Central Ward,6.2643795,High,9,6
Plumstead & Glyndon Ward,6.2614594,High,9,6
Cann Hall Ward,6.2186975,High,9,6
Stroud Green Ward,6.2140226,High,9,6
Blackwall & Cubitt Town Ward,6.1869226,High,9,6
Purley & Woodcote Ward,6.173388,High,9,6
Ealing Broadway Ward,6.133759,High,9,6
Jubilee Ward,6.132736,High,9,6
Falconbrook Ward,6.1231384,High,9,6
Belsize Ward,6.096918,High,9,6
Perry Vale Ward,6.0757523,High,9,6
Kentish Town South Ward,6.0610504,High,9,6
New Cross Gate Ward,6.057319,High,9,6
Abbey Wood Ward,6.0524993,High,9,6
St. Pancras & Somers Town Ward,6.046426,High,9,6
Hounslow West Ward,6.046297,High,9,6
Hoe Street Ward,6.029913,High,9,6
South Tottenham Ward,6.016259,High,9,6
Garden Suburb Ward,6.015879,High,9,6
Custom House Ward,6.0064263,High,9,6
West Putney Ward,6.0048995,High,9,6
Tufnell Park Ward,5.9966435,High,9,6
Brunswick Park Ward,5.9964943,High,9,6
Tottenham Hale Ward,5.9820504,High,9,6
Highbury Ward,5.959686,High,9,6
Stanley Ward,5.9575095,High,9,6
Brixton Windrush Ward,5.9494596,High,9,6
Bromley North Ward,5.9406753,High,9,6
Beckton Ward,5.9261622,High,9,6
Pimlico North Ward,5.903385,High,9,6
St. Katharine's & Wapping Ward,5.886291,High,9,6
Goose Green Ward,5.881257,High,9,6
East Sheen Ward,5.86427,High,9,6
Clapham East Ward,5.854191,High,9,6
Barnet Vale Ward,5.8384075,High,9,6
West Hampstead Ward,5.8282533,High,9,6
Bush Hill Park Ward,5.8276596,High,9,6
Thamesfield Ward,5.825535,High,9,6
Valley Ward,5.8085465,High,9,6
Brixton Rush Common Ward,5.7971883,High,9,6
Forest Ward,5.772663,High,9,6
Fortis Green Ward,5.7688994,High,9,6
Hounslow Central Ward,5.7597427,High,9,6
Feltham West Ward,5.7562094,High,9,6
Boleyn Ward,5.751961,High,9,6
Shepherd's Bush Green Ward,5.7422814,High,9,6
Chiswick Homefields Ward,5.737804,High,9,6
Roehampton Ward,5.732565,High,9,6
East Finchley Ward,5.7291207,High,9,6
Kennington Ward,5.7259274,High,9,6
Hounslow Heath Ward,5.7093043,High,9,6
Orpington Ward,5.6796913,High,9,6
Harold Wood Ward,5.67134,High,9,6
St. Dunstan's Ward,5.6646123,High,9,6
Evelyn Ward,5.614232,High,9,6
Canonbury Ward,5.6105175,High,9,6
Barnsbury Ward,5.5867553,High,9,6
Coningham Ward,5.5772715,High,9,6
Hanworth Village Ward,5.549611,High,9,6
Lee Green Ward,5.5480185,High,9,6
Woodhouse Ward,5.5465136,High,9,6
St. Margarets & North Twickenham Ward,5.5408254,High,9,6
Crofton Park Ward,5.5294037,High,9,6
Arnos Grove Ward,5.496597,High,9,6
Bromley South Ward,5.485687,High,9,6
Feltham North Ward,5.4800982,High,9,6
Southfield Ward,5.475784,High,9,6
Southbury Ward,5.4432893,High,9,6
Clapham Park Ward,5.437921,High,9,6
Grove Green Ward,5.435135,High,9,6
Wandsworth Common Ward,5.434375,High,9,6
Northfield Ward,5.432104,High,9,6
Shadwell Ward,5.4306,Medium,6,6
Golders Green Ward,5.42171,Medium,6,6
Bedfont Ward,5.4113817,Medium,6,6
Forest Hill Ward,5.4104056,Medium,6,6
Bellingham Ward,5.399125,Medium,6,6
Oval Ward,5.3971887,Medium,6,6
Chiswick Riverside Ward,5.3899355,Medium,6,6
Maryland Ward,5.3874216,Medium,6,6
Heston Central Ward,5.3828216,Medium,6,6
Kingston Town Ward,5.368558,Medium,6,6
Laycock Ward,5.3473043,Medium,6,6
Brook Green Ward,5.333989,Medium,6,6
Thornton Heath Ward,5.3326983,Medium,6,6
Canning Town South Ward,5.3219466,Medium,6,6
Little Ilford Ward,5.321665,Medium,6,6
Haverstock Ward,5.320112,Medium,6,6
Harrow Road Ward,5.3026257,Medium,6,6
East Barnet Ward,5.2938857,Medium,6,6
Northolt Mandeville Ward,5.2923303,Medium,6,6
St. Edward's Ward,5.265753,Medium,6,6
Harrow Weald Ward,5.258567,Medium,6,6
Thamesmead East Ward,5.220988,Medium,6,6
Abingdon Ward,5.2143054,Medium,6,6
Belmore Ward,5.207718,Medium,6,6
Cranford Ward,5.203691,Medium,6,6
Pembridge Ward,5.20007,Medium,6,6
Brownswood Ward,5.192659,Medium,6,6
Greenhill Ward,5.1704626,Medium,6,6
Belvedere Ward,5.1668606,Medium,6,6
Queen's Park Ward,5.1326227,Medium,6,6
Alperton Ward,5.122025,Medium,6,6
Clapham Common & Abbeville Ward,5.111065,Medium,6,6
Frognal Ward,5.100217,Medium,6,6
Totteridge & Woodside Ward,5.098036,Medium,6,6
Plaistow North Ward,5.091466,Medium,6,6
South Norwood Ward,5.0859895,Medium,6,6
Beckenham Town & Copers Cope Ward,5.0773897,Medium,6,6
Fulham Reach Ward,5.0702333,Medium,6,6
Chapel End Ward,5.0350976,Medium,6,6
Pitshanger Ward,5.0164585,Medium,6,6
West Drayton Ward,5.0154943,Medium,6,6
Goresbrook Ward,5.0111175,Medium,6,6
East Ham South Ward,4.9991627,Medium,6,6
Walham Green Ward,4.9900484,Medium,6,6
Woodberry Down Ward,4.988787,Medium,6,6
Downham Ward,4.9776382,Medium,6,6
Larkswood Ward,4.973763,Medium,6,6
Seven Sisters Ward,4.973598,Medium,6,6
Canning Town North Ward,4.9623504,Medium,6,6
William Morris Ward,4.9574175,Medium,6,6
Surrey Docks Ward,4.955212,Medium,6,6
Holland Ward,4.954758,Medium,6,6
Rush Green & Crowlands Ward,4.954694,Medium,6,6
West Ham Ward,4.949515,Medium,6,6
Mortlake & Barnes Common Ward,4.9491267,Medium,6,6
Mill Hill Ward,4.935555,Medium,6,6
Munster Ward,4.932988,Medium,6,6
Whalebone Ward,4.925745,Medium,6,6
Rotherhithe Ward,4.905588,Medium,6,6
Havering-atte-Bower Ward,4.8986964,Medium,6,6
St. George's Ward,4.8967776,Medium,6,6
New Malden Village Ward,4.8936744,Medium,6,6
North Hanwell Ward,4.882056,Medium,6,6
Shacklewell Ward,4.879757,Medium,6,6
Greenford Broadway Ward,4.869055,Medium,6,6
West Dulwich Ward,4.8650403,Medium,6,6
Erith Ward,4.85638,Medium,6,6
Plumstead Common Ward,4.8559313,Medium,6,6
Chelsea Riverside Ward,4.852506,Medium,6,6
Wimbledon Park Ward,4.838788,Medium,6,6
Selsdon & Addington Village Ward,4.8351264,Medium,6,6
Telegraph Hill Ward,4.82944,Medium,6,6
Tooting Bec Ward,4.8225255,Medium,6,6
North Richmond Ward,4.7944117,Medium,6,6
Yiewsley Ward,4.7879987,Medium,6,6
Primrose Hill Ward,4.779673,Medium,6,6
Blackheath Westcombe Ward,4.775019,Medium,6,6
Heston East Ward,4.7738423,Medium,6,6
Myatt's Fields Ward,4.7727866,Medium,6,6
Carterhatch Ward,4.765154,Medium,6,6
Aldborough Ward,4.757515,Medium,6,6
Cazenove Ward,4.757273,Medium,6,6
Southgate Ward,4.7540655,Medium,6,6
Dulwich Wood Ward,4.7479677,Medium,6,6
Hermitage & Gardens Ward,4.74515,Medium,6,6
Bexleyheath Ward,4.7350187,Medium,6,6
Nine Elms Ward,4.7338595,Medium,6,6
Wembley Park Ward,4.7237372,Medium,6,6
Leytonstone Ward,4.7177444,Medium,6,6
Caledonian Ward,4.7025146,Medium,6,6
Eastbury Ward,4.6913776,Medium,6,6
Addiscombe East Ward,4.688531,Medium,6,6
Churchfields Ward,4.671281,Medium,6,6
Mottingham Ward,4.664841,Medium,6,6
Barnhill Ward,4.6581826,Medium,6,6
South Croydon Ward,4.6563997,Medium,6,6
Loxford Ward,4.6552806,Medium,6,6
Marlborough Ward,4.6537046,Medium,6,6
King's Park Ward,4.610398,Medium,6,6
Stepney Green Ward,4.594853,Medium,6,6
Furzedown Ward,4.590385,Medium,6,6
Sutton South Ward,4.58091,Medium,6,6
Edgwarebury Ward,4.5700808,Medium,6,6
Palace & Hurlingham Ward,4.5519705,Medium,6,6
Brentford West Ward,4.5477576,Medium,6,6
Stockwell East Ward,4.544021,Medium,6,6
Sands End Ward,4.5248103,Medium,6,6
Cricket Green Ward,4.507587,Medium,6,6
Addison Ward,4.4879565,Medium,6,6
Newington Ward,4.487174,Medium,6,6
Stanmore Ward,4.473207,Medium,6,6
Sutton Central Ward,4.472609,Medium,6,6
Valence Ward,4.465647,Medium,6,6
Northolt West End Ward,4.4579463,Medium,6,6
Barnes Ward,4.4431295,Medium,6,6
Southall Broadway Ward,4.438514,Medium,6,6
Wall End Ward,4.4349327,Medium,6,6
South Ruislip Ward,4.4314685,Medium,6,6
Vincent Square Ward,4.4193053,Medium,6,6
Fulham Town Ward,4.416672,Medium,6,6
Green Street East Ward,4.393134,Medium,6,6
Wembley Hill Ward,4.384242,Medium,6,6
Streatham Hill West & Thornton Ward,4.381719,Medium,6,6
Crystal Palace & Upper Norwood Ward,4.3671436,Medium,6,6
Kingsbury Ward,4.3425555,Medium,6,6
Whetstone Ward,4.3111515,Medium,6,6
North Greenford Ward,4.310022,Medium,6,6
Crook Log Ward,4.302016,Medium,6,6
Grange Park Ward,4.295465,Medium,6,6
Grove Park Ward,4.2953486,Medium,6,6
Bullsmoor Ward,4.293493,Medium,6,6
Pinner Ward,4.2925277,Medium,6,6
St. Martin's Ward,4.2914753,Medium,6,6
Queen's Gate Ward,4.2891984,Medium,6,6
Central Greenford Ward,4.2706265,Medium,6,6
Rainham & Wennington Ward,4.249728,Medium,6,6
Chislehurst Ward,4.2425714,Medium,6,6
Hounslow South Ward,4.2407227,Medium,6,6
Wallington South Ward,4.2406526,Medium,6,6
St. Andrew's Ward,4.235804,Low,3,6
Limehouse Ward,4.2209525,Low,3,6
Clock House Ward,4.220668,Low,3,6
Barkingside Ward,4.2114296,Low,3,6
Headstone Ward,4.185134,Low,3,6
Higham Hill Ward,4.177454,Low,3,6
Slade Green & Northend Ward,4.172201,Low,3,6
Kentish Town North Ward,4.169733,Low,3,6
Muswell Hill Ward,4.1625433,Low,3,6
Petts Wood & Knoll Ward,4.161468,Low,3,6
Wembley Central Ward,4.157865,Low,3,6
Alexandra Park Ward,4.1444383,Low,3,6
Lillie Ward,4.109509,Low,3,6
West Kensington Ward,4.094057,Low,3,6
Kenton Ward,4.0927157,Low,3,6
Kidbrooke Village & Sutcliffe Ward,4.08718,Low,3,6
Greenwich Creekside Ward,4.0723114,Low,3,6
Dulwich Village Ward,4.07004,Low,3,6
Bromley Common & Holwood Ward,4.067786,Low,3,6
Avonmore Ward,4.065964,Low,3,6
Colham & Cowley Ward,4.062145,Low,3,6
Eltham Page Ward,4.0536323,Low,3,6
South Balham Ward,4.0512476,Low,3,6
Isleworth Ward,4.0498586,Low,3,6
Manor Park Ward,4.0403643,Low,3,6
Hounslow East Ward,4.036889,Low,3,6
Hampstead Town Ward,4.0134335,Low,3,6
Green Street West Ward,4.0131454,Low,3,6
Woolwich Dockyard Ward,4.0034566,Low,3,6
Parsloes Ward,3.989745,Low,3,6
Beam Park Ward,3.9884899,Low,3,6
Kew Ward,3.9817142,Low,3,6
Kelsey & Eden Park Ward,3.9790533,Low,3,6
Ravenscourt Ward,3.9752524,Low,3,6
East Wickham Ward,3.9681365,Low,3,6
Grove Ward,3.9483764,Low,3,6
Barking Riverside Ward,3.9463441,Low,3,6
Northcote Ward,3.9383724,Low,3,6
Bensham Manor Ward,3.9241138,Low,3,6
St. Ann's Ward,3.9157493,Low,3,6
St. Alban's Ward,3.9104671,Low,3,6
Brentford East Ward,3.906689,Low,3,6
Markhouse Ward,3.9026792,Low,3,6
Royal Hospital Ward,3.892568,Low,3,6
Hampton Ward,3.8857875,Low,3,6
Ridgeway Ward,3.8823686,Low,3,6
Shirley North Ward,3.8675005,Low,3,6
"Ham, Petersham & Richmond Riverside Ward",3.8400934,Low,3,6
Marshalls & Rise Park Ward,3.8365216,Low,3,6
Wood Street Ward,3.8349583,Low,3,6
Parsons Green & Sandford Ward,3.8309338,Low,3,6
Gascoigne Ward,3.8237407,Low,3,6
Norbury & Pollards Hill Ward,3.8221917,Low,3,6
Chadwell Ward,3.8125567,Low,3,6
Highfield Ward,3.7968519,Low,3,6
Mayfield Ward,3.792238,Low,3,6
Fullwell Ward,3.7899027,Low,3,6
West Wickham Ward,3.7848418,Low,3,6
Eastcote Ward,3.7790167,Low,3,6
Heathfield Ward,3.7640047,Low,3,6
Crayford Ward,3.752964,Low,3,6
Upminster Ward,3.7481582,Low,3,6
Colliers Wood Ward,3.7319539,Low,3,6
Dormers Wells Ward,3.712782,Low,3,6
Valentines Ward,3.712356,Low,3,6
Northwood Ward,3.7085404,Low,3,6
St. Helen's Ward,3.7079294,Low,3,6
Bounds Green Ward,3.6935444,Low,3,6
Falconwood & Welling Ward,3.6898813,Low,3,6
Fairlop Ward,3.6867833,Low,3,6
Cranbrook Ward,3.6636739,Low,3,6
Canons Ward,3.6549494,Low,3,6
Lady Margaret Ward,3.652896,Low,3,6
Camden Square Ward,3.6480925,Low,3,6
Cockfosters Ward,3.6409886,Low,3,6
Ruislip Ward,3.6388488,Low,3,6
Raynes Park Ward,3.635754,Low,3,6
Southfields Ward,3.6337178,Low,3,6
Winchmore Hill Ward,3.615376,Low,3,6
Graveney Ward,3.6098552,Low,3,6
Teddington Ward,3.6084118,Low,3,6
St. Helier West Ward,3.6065402,Low,3,6
Beddington Ward,3.6041443,Low,3,6
Dalgarno Ward,3.5936582,Low,3,6
Trinity Ward,3.5829422,Low,3,6
Wanstead Park Ward,3.5815966,Low,3,6
High Barnet Ward,3.5772593,Low,3,6
West Hill Ward,3.5508583,Low,3,6
West Twickenham Ward,3.5485656,Low,3,6
Peckham Rye Ward,3.5133815,Low,3,6
West Heath Ward,3.504438,Low,3,6
Shortlands & Park Langley Ward,3.503579,Low,3,6
Hanworth Park Ward,3.4999611,Low,3,6
Elm Park Ward,3.4912398,Low,3,6
Centenary Ward,3.47813,Low,3,6
Norland Ward,3.477731,Low,3,6
Pinner South Ward,3.4772656,Low,3,6
Pimlico South Ward,3.473942,Low,3,6
Plaistow Ward,3.4722066,Low,3,6
Hampton Wick & South Teddington Ward,3.4675472,Low,3,6
Notting Dale Ward,3.4625163,Low,3,6
Eltham Town & Avery Hill Ward,3.4535286,Low,3,6
Champion Hill Ward,3.4473462,Low,3,6
Squirrels Heath Ward,3.440849,Low,3,6
Wealdstone North Ward,3.4297862,Low,3,6
Fulwell & Hampton Hill Ward,3.4282115,Low,3,6
Mayesbrook Ward,3.4252408,Low,3,6
Stamford Hill West Ward,3.423427,Low,3,6
Twickenham Riverside Ward,3.4077585,Low,3,6
Norbury Park Ward,3.406355,Low,3,6
Clayhall Ward,3.405308,Low,3,6
Bickley & Sundridge Ward,3.395719,Low,3,6
Bowes Ward,3.3914268,Low,3,6
Hylands & Harrow Lodge Ward,3.387584,Low,3,6
Wealdstone South Ward,3.3534424,Low,3,6
Hampton North Ward,3.344028,Low,3,6
South Twickenham Ward,3.339875,Low,3,6
Mawneys Ward,3.310605,Low,3,6
Chadwell Heath Ward,3.3054879,Low,3,6
New Southgate Ward,3.3048725,Low,3,6
Shooters Hill Ward,3.2902656,Low,3,6
South Hornchurch Ward,3.289127,Low,3,6
Harrow on the Hill Ward,3.264299,Low,3,6
Yeading Ward,3.261615,Low,3,6
Wormholt Ward,3.2392027,Low,3,6
Figge's Marsh Ward,3.2367022,Low,3,6
Charlton Village & Riverside Ward,3.230443,Low,3,6
Newbury Ward,3.2262242,Low,3,6
Poplar Ward,3.1948137,Low,3,6
Sidcup Ward,3.1839137,Low,3,6
Seven Kings Ward,3.144916,Low,3,6
Streatham Hill East Ward,3.1295946,Low,3,6
Longbridge Ward,3.115299,Low,3,6
Sanderstead Ward,3.0849385,Low,3,6
Hatch Lane & Highams Park North Ward,3.0824893,Low,3,6
Southall West Ward,3.072021,Low,3,6
Northwood Hills Ward,3.0442667,Low,3,6
Longthornton Ward,3.0434725,Low,3,6
Kidbrooke Park Ward,3.034432,Very Low,1,6
Endlebury Ward,3.0200794,Very Low,1,6
Surbiton Hill Ward,3.0043488,Very Low,1,6
Forest Gate North Ward,2.9967535,Very Low,1,6
Clementswood Ward,2.9889219,Very Low,1,6
West Barnes Ward,2.9563715,Very Low,1,6
Becontree Ward,2.9339921,Very Low,1,6
Whitton Ward,2.9246316,Very Low,1,6
Carshalton South & Clockhouse Ward,2.9009993,Very Low,1,6
Wimbledon Town & Dundonald Ward,2.9007058,Very Low,1,6
Gipsy Hill Ward,2.87413,Very Low,1,6
New Addington South Ward,2.8635535,Very Low,1,6
Lavender Fields Ward,2.8506749,Very Low,1,6
Hale End & Highams Park South Ward,2.849836,Very Low,1,6
Park Hill & Whitgift Ward,2.8334744,Very Low,1,6
Northumberland Heath Ward,2.8081768,Very Low,1,6
"Mottingham, Coldharbour & New Eltham Ward",2.8074603,Very Low,1,6
White City Ward,2.8042698,Very Low,1,6
Barnehurst Ward,2.7908487,Very Low,1,6
Middle Park & Horn Park Ward,2.7869203,Very Low,1,6
Farnborough & Crofton Ward,2.7731209,Very Low,1,6
Selsdon Vale & Forestdale Ward,2.7643247,Very Low,1,6
Hatch End Ward,2.7640197,Very Low,1,6
Hayes & Coney Hall Ward,2.7538962,Very Low,1,6
Colindale North Ward,2.7469144,Very Low,1,6
Beam Ward,2.723506,Very Low,1,6
St. Mary's & St. James Ward,2.7195544,Very Low,1,6
Cheam Ward,2.7100518,Very Low,1,6
Streatham Wells Ward,2.7094898,Very Low,1,6
Norbiton Ward,2.7032704,Very Low,1,6
South Beddington & Roundshaw Ward,2.6911638,Very Low,1,6
St. Helier Ward,2.6869636,Very Low,1,6
The Wrythe Ward,2.685666,Very Low,1,6
Upper Walthamstow Ward,2.6818244,Very Low,1,6
Hainault Ward,2.6736958,Very Low,1,6
St. Mark's & Seething Wells Ward,2.6700163,Very Low,1,6
Hillingdon East Ward,2.667618,Very Low,1,6
Sudbury Ward,2.6377177,Very Low,1,6
Wendell Park Ward,2.612005,Very Low,1,6
Royal Albert Ward,2.6079352,Very Low,1,6
Thamesmead Moorings Ward,2.6072612,Very Low,1,6
Sutton North Ward,2.5899804,Very Low,1,6
Dulwich Hill Ward,2.5888026,Very Low,1,6
Cathall Ward,2.5884597,Very Low,1,6
Farringdon Without Ward,2.5814872,Very Low,1,6
Ickenham & South Harefield Ward,2.5659873,Very Low,1,6
West Thamesmead Ward,2.5632694,Very Low,1,6
Wallington North Ward,2.5419436,Very Low,1,6
Sutton West & East Cheam Ward,2.535857,Very Low,1,6
Plashet Ward,2.5238237,Very Low,1,6
Chingford Green Ward,2.5134892,Very Low,1,6
Eltham Park & Progress Ward,2.4890316,Very Low,1,6
West Harrow Ward,2.463617,Very Low,1,6
Oakwood Ward,2.4487388,Very Low,1,6
Hillside Ward,2.4449112,Very Low,1,6
Cannon Hill Ward,2.438637,Very Low,1,6
Island Gardens Ward,2.4063137,Very Low,1,6
Northwick Park Ward,2.3938718,Very Low,1,6
Carshalton Central Ward,2.3514285,Very Low,1,6
Underhill Ward,2.3285983,Very Low,1,6
Pollards Hill Ward,2.287993,Very Low,1,6
Darwin Ward,2.2401872,Very Low,1,6
Preston Ward,2.2118196,Very Low,1,6
Shirley South Ward,2.1944492,Very Low,1,6
Hackbridge Ward,2.1832547,Very Low,1,6
Merton Park Ward,2.1736412,Very Low,1,6
Kingston Gate Ward,2.149035,Very Low,1,6
Monkhams Ward,2.146073,Very Low,1,6
Tokyngton Ward,2.1268497,Very Low,1,6
Heath Ward,2.1081114,Very Low,1,6
Thames View Ward,2.102484,Very Low,1,6
Purley Oaks & Riddlesdown Ward,2.0987983,Very Low,1,6
Alibon Ward,2.0982165,Very Low,1,6
Charlton Hornfair Ward,2.093654,Very Low,1,6
Coulsdon Town Ward,2.0880122,Very Low,1,6
Coombe Hill Ward,2.024615,Very Low,1,6
Biggin Hill Ward,1.9877659,Very Low,1,6
Ravensbury Ward,1.9735457,Very Low,1,6
Eastbrook & Rush Green Ward,1.9722974,Very Low,1,6
Kenton East Ward,1.9714463,Very Low,1,6
Roxbourne Ward,1.9713506,Very Low,1,6
Rayners Lane Ward,1.9520254,Very Low,1,6
Blendon & Penhill Ward,1.9433808,Very Low,1,6
Kenton West Ward,1.9231247,Very Low,1,6
North Cheam Ward,1.9099486,Very Low,1,6
Kenley Ward,1.8960965,Very Low,1,6
Alexandra Ward,1.8700562,Very Low,1,6
Charville Ward,1.8685212,Very Low,1,6
Worcester Park North Ward,1.8479786,Very Low,1,6
Stonecot Ward,1.8309165,Very Low,1,6
New Addington North Ward,1.8150276,Very Low,1,6
Canbury Gardens Ward,1.8076293,Very Low,1,6
Coombe Vale Ward,1.7969313,Very Low,1,6
St. Helier East Ward,1.7556328,Very Low,1,6
Blackfen & Lamorbey Ward,1.7405512,Very Low,1,6
Hillingdon West Ward,1.7377062,Very Low,1,6
Cranham Ward,1.7291843,Very Low,1,6
Emerson Park Ward,1.6931672,Very Low,1,6
Chelsfield Ward,1.6862478,Very Low,1,6
Chessington South & Malden Rushett Ward,1.6538363,Very Low,1,6
Green Lane & St. James Ward,1.6442941,Very Low,1,6
North Harrow Ward,1.593971,Very Low,1,6
Tolworth Ward,1.5916259,Very Low,1,6
Old Malden Ward,1.5869715,Very Low,1,6
Berrylands Ward,1.566876,Very Low,1,6
Ruislip Manor Ward,1.5596209,Very Low,1,6
Motspur Park & Old Malden East Ward,1.5130906,Very Low,1,6
Tudor Ward,1.5016674,Very Low,1,6
Old Coulsdon Ward,1.4900589,Very Low,1,6
Lower Morden Ward,1.4807911,Very Low,1,6
King George's & Sunray Ward,1.4349289,Very Low,1,6
Farringdon Within Ward,1.4314057,Very Low,1,6
Longlands Ward,1.3322984,Very Low,1,6
Hook & Chessington North Ward,1.298722,Very Low,1,6
Harefield Village Ward,1.2106612,Very Low,1,6
Aldersgate Ward,1.0882401,Very Low,1,6
Worcester Park South Ward,1.0576411,Very Low,1,6
Hacton Ward,1.0092351,Very Low,1,6
Langbourn Ward,0.9931294,Very Low,1,6
Castle Baynard Ward,0.99307346,Very Low,1,6
Bishopsgate Ward,0.95878446,Very Low,1,6
Tower Ward,0.8668469,Very Low,1,6
Coleman Street Ward,0.6034956,Very Low,1,6
Dowgate Ward,0.52906984,Very Low,1,6
Cordwainer Ward,0.52906984,Very Low,1,6
Candlewick Ward,0.41694796,Very Low,1,6
Aldgate Ward,0.41694796,Very Low,1,6
Vintry Ward,0.41694796,Very Low,1,6
Walbrook Ward,0.3899857,Very Low,1,6
Cornhill Ward,0.3899857,Very Low,1,6
Cheap Ward,0.3899857,Very Low,1,6
Broad Street Ward,0.3899857,Very Low,1,6
Lime Street Ward,0.3899857,Very Low,1,6
Bread Street Ward,0.3899857,Very Low,1,6
Cripplegate Ward,0.38006324,Very Low,1,6
Portsoken Ward,0.24199568,Very Low,1,6
Billingsgate Ward,0.2264015,Very Low,1,6
Queenhithe Ward,0.19371043,Very Low,1,6
Bassishaw Ward,0.19371043,Very Low,1,6
Kilburn Ward,63.774467,Very High,18,7
West End Ward,55.261173,Very High,18,7
Lea Bridge Ward,41.826286,Very High,18,7
Regent's Park Ward,34.966553,Very High,18,7
Highgate Ward,32.613045,Very High,18,7
St. James's Ward,32.092308,Very High,18,7
Edgware Ward,31.681293,Very High,17,7
Marylebone Ward,28.286503,Very High,17,7
Village Ward,25.991247,Very High,17,7
Bloomsbury Ward,22.705315,Very High,17,7
Holborn & Covent Garden Ward,20.827429,Very High,17,7
Hoxton East & Shoreditch Ward,16.882244,Very High,17,7
Woodside Ward,16.640587,Very High,17,7
Borough & Bankside Ward,16.25188,Very High,17,7
Childs Hill Ward,15.985487,Very High,17,7
Abbey Ward,15.773086,Very High,17,7
Hyde Park Ward,15.488587,Very High,17,7
Wandle Ward,15.096638,Very High,17,7
London Fields Ward,14.818861,Very High,17,7
Fairfield Ward,14.560658,Very High,17,7
Bethnal Green West Ward,13.796039,Very High,17,7
Bow East Ward,13.789243,Very High,17,7
Spitalfields & Banglatown Ward,13.583644,Very High,17,7
Stratford Olympic Park Ward,13.270087,Very High,17,7
North Walworth Ward,13.234695,Very High,17,7
Deptford Ward,12.712694,Very High,17,7
London Bridge & West Bermondsey Ward,12.327859,Very High,17,7
Clapham Town Ward,12.2304325,Very High,17,7
Bayswater Ward,12.107986,Very High,17,7
Belmont Ward,11.814786,Very High,17,7
Rye Lane Ward,11.812984,Very High,17,7
Edmonton Green Ward,11.651317,Very High,17,7
South Bermondsey Ward,11.516548,Very High,17,7
Whitechapel Ward,11.480829,Very High,17,7
Queens Park Ward,11.459195,Very High,17,7
Rushey Green Ward,11.384401,Very High,17,7
Lancaster Gate Ward,11.071197,Very High,17,7
Dollis Hill Ward,11.00793,Very High,17,7
Lansbury Ward,10.969616,Very High,17,7
Stratford Ward,10.96591,Very High,17,7
Haggerston Ward,10.790375,Very High,17,7
Weavers Ward,10.728962,Very High,17,7
Hendon Ward,10.636053,Very High,17,7
Homerton Ward,10.420943,Very High,17,7
Harlesden & Kensal Green Ward,10.26805,Very High,17,7
Bethnal Green East Ward,10.248739,Very High,17,7
Bunhill Ward,10.214673,Very High,17,7
Broad Green Ward,10.211736,Very High,17,7
St. Giles Ward,10.210796,Very High,17,7
Brockley Ward,10.166679,Very High,17,7
Hackney Central Ward,10.081589,Very High,17,7
Balham Ward,10.035563,Very High,17,7
Mile End Ward,10.0317,Very High,17,7
Finsbury Park Ward,9.961072,Very High,17,7
Junction Ward,9.943716,Very High,17,7
Brixton Acre Lane Ward,9.862691,Very High,17,7
North Acton Ward,9.819239,Very High,17,7
Waterloo & South Bank Ward,9.807267,Very High,17,7
Upper Edmonton Ward,9.735342,Very High,17,7
Hackney Downs Ward,9.724248,Very High,17,7
Cricklewood Ward,9.683446,Very High,17,7
Brixton North Ward,9.680819,Very High,17,7
Brimsdown Ward,9.62253,Very High,17,7
Cricklewood & Mapesbury Ward,9.513247,Very High,17,7
Colville Ward,9.416102,Very High,17,7
Hayes Town Ward,9.372758,Very High,17,7
Hither Green Ward,9.329195,Very High,17,7
Bridge Ward,9.302241,Very High,17,7
Northumberland Park Ward,9.288388,Very High,17,7
Burnt Oak Ward,9.2140875,Very High,17,7
Abbey Road Ward,9.176034,Very High,17,7
Wandsworth Town Ward,9.172041,Very High,17,7
Chiswick Gunnersbury Ward,9.165065,Very High,17,7
Clerkenwell Ward,9.108573,Very High,17,7
Chaucer Ward,9.108443,Very High,17,7
Tollington Ward,9.093494,Very High,17,7
Canary Wharf Ward,9.08692,Very High,17,7
East Ham Ward,9.011673,Very High,17,7
Ladywell Ward,9.008139,Very High,17,7
Pinkwell Ward,8.978645,Very High,17,7
College Park & Old Oak Ward,8.962694,Very High,17,7
Brondesbury Park Ward,8.916365,Very High,17,7
Battersea Park Ward,8.8711815,Very High,17,7
Finchley Church End Ward,8.868523,Very High,17,7
Uxbridge Ward,8.839585,Very High,17,7
Heaton Ward,8.827091,Very High,17,7
Bruce Castle Ward,8.822926,Very High,17,7
Stonebridge Ward,8.80214,Very High,17,7
Greenwich Peninsula Ward,8.751844,Very High,17,7
Noel Park Ward,8.751378,Very High,17,7
Crouch End Ward,8.603879,Very High,17,7
Brompton & Hans Town Ward,8.584871,Very High,17,7
Gooshays Ward,8.515632,Very High,17,7
Stoke Newington Ward,8.503219,Very High,17,7
Hoxton West Ward,8.4975,Very High,17,7
Hackney Wick Ward,8.495096,Very High,17,7
Ilford Town Ward,8.45156,Very High,17,7
East Acton Ward,8.451113,Very High,17,7
Herne Hill & Loughborough Junction Ward,8.436882,Very High,17,7
Heathrow Villages Ward,8.349896,Very High,17,7
West Thornton Ward,8.234398,Very High,17,7
Tooting Broadway Ward,8.2324705,Very High,17,7
Forest Gate South Ward,8.211628,Very High,17,7
Hillrise Ward,8.123885,Very High,17,7
King's Cross Ward,8.055915,Very High,17,7
Dalston Ward,7.988867,Very High,17,7
Friern Barnet Ward,7.9810247,Very High,17,7
Southall Green Ward,7.9566884,Very High,17,7
St. Peter's & Canalside Ward,7.937539,Very High,17,7
Blackheath Ward,7.9360356,Very High,17,7
Norwood Green Ward,7.9141846,Very High,17,7
Town Ward,7.890201,Very High,17,7
Church Street Ward,7.8897686,Very High,17,7
Nunhead & Queen's Road Ward,7.8590837,Very High,17,7
Penge & Cator Ward,7.835467,Very High,17,7
Streatham St. Leonard's Ward,7.8065295,Very High,17,7
Willesden Green Ward,7.783458,Very High,17,7
Waddon Ward,7.7753973,Very High,17,7
Campden Ward,7.7648315,Very High,17,7
West Finchley Ward,7.7456517,Very High,17,7
South Richmond Ward,7.740518,Very High,17,7
South Hampstead Ward,7.732677,Very High,17,7
South Acton Ward,7.715982,Very High,17,7
Leyton Ward,7.6422114,Very High,17,7
Woolwich Arsenal Ward,7.6391563,Very High,17,7
Earl's Court Ward,7.633772,Very High,17,7
Roundwood Ward,7.62527,Very High,17,7
Old Kent Road Ward,7.6251163,Very High,17,7
Welsh Harp Ward,7.6224613,Very High,17,7
Holloway Ward,7.6210866,Very High,17,7
Maida Vale Ward,7.6049023,Very High,17,7
Enfield Lock Ward,7.5985646,Very High,17,7
Sydenham Ward,7.5729456,Very High,17,7
Tottenham Central Ward,7.5721784,Very High,17,7
St. Mary's & St. James' Ward,7.5651746,Very High,17,7
West Hendon Ward,7.5455847,Very High,17,7
Little Venice Ward,7.5385327,Very High,17,7
Haselbury Ward,7.526001,Very High,17,7
Ponders End Ward,7.519773,Very High,17,7
Wood End Ward,7.486746,High,9,7
Selhurst Ward,7.4608426,High,9,7
Addiscombe West Ward,7.45215,High,9,7
Courtfield Ward,7.4356894,High,9,7
Peckham Ward,7.4345956,High,9,7
St. Paul's Cray Ward,7.4169903,High,9,7
Greenwich Park Ward,7.4141803,High,9,7
North Bermondsey Ward,7.393605,High,9,7
Shaftesbury & Queenstown Ward,7.353151,High,9,7
Redcliffe Ward,7.281251,High,9,7
Goodmayes Ward,7.272971,High,9,7
Lower Edmonton Ward,7.258715,High,9,7
Golborne Ward,7.2528543,High,9,7
Perivale Ward,7.2508345,High,9,7
Hanger Hill Ward,7.2394934,High,9,7
Harringay Ward,7.2053657,High,9,7
Bow West Ward,7.1906204,High,9,7
Purley & Woodcote Ward,7.184357,High,9,7
Mildmay Ward,7.181921,High,9,7
South Woodford Ward,7.176019,High,9,7
Lavender Ward,7.105779,High,9,7
Palmers Green Ward,7.097288,High,9,7
St. Pancras & Somers Town Ward,7.0317383,High,9,7
South Tottenham Ward,7.0179467,High,9,7
Camden Town Ward,7.014383,High,9,7
Faraday Ward,6.9515734,High,9,7
Whitewebbs Ward,6.935569,High,9,7
Knightsbridge & Belgravia Ward,6.9259005,High,9,7
Stanley Ward,6.917391,High,9,7
Perry Vale Ward,6.7943287,High,9,7
Clapham East Ward,6.7655373,High,9,7
Catford South Ward,6.7499247,High,9,7
Custom House Ward,6.7453623,High,9,7
Victoria Ward,6.7073717,High,9,7
Gospel Oak Ward,6.6681976,High,9,7
Vauxhall Ward,6.655563,High,9,7
Stockwell West & Larkhall Ward,6.6294975,High,9,7
East Greenwich Ward,6.601519,High,9,7
Chiswick Homefields Ward,6.566318,High,9,7
West Hampstead Ward,6.5584407,High,9,7
Fortune Green Ward,6.5476875,High,9,7
Hanwell Broadway Ward,6.5298095,High,9,7
St. James Ward,6.516118,High,9,7
St. Mary's Ward,6.492792,High,9,7
Falconbrook Ward,6.482788,High,9,7
Hornsey Ward,6.446572,High,9,7
West Green Ward,6.4464564,High,9,7
Highbury Ward,6.4278107,High,9,7
Brunswick Park Ward,6.3627234,High,9,7
Belsize Ward,6.3497567,High,9,7
Springfield Ward,6.3361535,High,9,7
Tottenham Hale Ward,6.3228793,High,9,7
Harrow Road Ward,6.320066,High,9,7
Brixton Windrush Ward,6.2998433,High,9,7
De Beauvoir Ward,6.299293,High,9,7
Shepherd's Bush Green Ward,6.282492,High,9,7
Kentish Town South Ward,6.261658,High,9,7
Clissold Ward,6.2431965,High,9,7
Oval Ward,6.2252007,High,9,7
Westbourne Ward,6.2241483,High,9,7
Cann Hall Ward,6.2202363,High,9,7
Walpole Ward,6.2192254,High,9,7
Hammersmith Broadway Ward,6.169879,High,9,7
Camberwell Green Ward,6.1667833,High,9,7
Blackwall & Cubitt Town Ward,6.127344,High,9,7
Haverstock Ward,6.1225386,High,9,7
Jubilee Ward,6.1214824,High,9,7
Plumstead & Glyndon Ward,6.106053,High,9,7
Ealing Common Ward,6.104973,High,9,7
Ealing Broadway Ward,6.1041665,High,9,7
St. Edward's Ward,6.0877023,High,9,7
Woolwich Common Ward,6.081445,High,9,7
Shadwell Ward,6.0567713,High,9,7
Brixton Rush Common Ward,6.05278,High,9,7
Osterley & Spring Grove Ward,6.0509076,High,9,7
West Putney Ward,6.0160036,High,9,7
Plaistow West & Canning Town East Ward,6.0117044,High,9,7
Syon & Brentford Lock Ward,6.008216,High,9,7
Grove Green Ward,6.002567,High,9,7
Hounslow West Ward,5.9953065,High,9,7
Knight's Hill Ward,5.917627,High,9,7
Bromley Town Ward,5.907074,High,9,7
White Hart Lane Ward,5.8953085,High,9,7
Garden Suburb Ward,5.868662,High,9,7
Evelyn Ward,5.8588576,High,9,7
Eastbury Ward,5.8578806,High,9,7
St. Dunstan's Ward,5.8425145,High,9,7
Pimlico North Ward,5.842511,High,9,7
Heston West Ward,5.8353753,High,9,7
Roxeth Ward,5.8316126,High,9,7
Plaistow South Ward,5.8174286,High,9,7
Barnsbury Ward,5.8123503,High,9,7
Royal Victoria Ward,5.8105,High,9,7
Abbey Wood Ward,5.8080716,High,9,7
Lewisham Central Ward,5.8014536,High,9,7
Goresbrook Ward,5.7995944,High,9,7
Totteridge & Woodside Ward,5.796309,High,9,7
High Street Ward,5.790429,High,9,7
Lee Green Ward,5.7903414,High,9,7
East Putney Ward,5.782698,High,9,7
Northbury Ward,5.763107,High,9,7
Beckenham Town & Copers Cope Ward,5.7408495,High,9,7
Bromley North Ward,5.7254014,High,9,7
Colindale South Ward,5.7095904,High,9,7
Goose Green Ward,5.6779566,High,9,7
Arsenal Ward,5.674204,High,9,7
Streatham Common & Vale Ward,5.666226,High,9,7
St. Mary Cray Ward,5.6654735,High,9,7
Downham Ward,5.658812,High,9,7
Crystal Palace & Anerley Ward,5.6404986,High,9,7
Leytonstone Ward,5.6150846,High,9,7
Mortlake & Barnes Common Ward,5.608896,High,9,7
Tufnell Park Ward,5.603594,High,9,7
Thornton Heath Ward,5.603317,High,9,7
Dulwich Wood Ward,5.593246,High,9,7
Stroud Green Ward,5.582355,High,9,7
Queensbury Ward,5.5822706,High,9,7
Kennington Ward,5.578126,High,9,7
Woodberry Down Ward,5.5759835,High,9,7
Wanstead Village Ward,5.575194,High,9,7
Chapel End Ward,5.565815,High,9,7
Canonbury Ward,5.563097,High,9,7
Bromley South Ward,5.562798,High,9,7
New Cross Gate Ward,5.547002,High,9,7
St. Katharine's & Wapping Ward,5.5397267,High,9,7
Clapham Park Ward,5.5380936,High,9,7
Crofton Park Ward,5.5307784,High,9,7
Plumstead Common Ward,5.5229077,High,9,7
Coningham Ward,5.5209055,High,9,7
Woodhouse Ward,5.513921,High,9,7
Beckton Ward,5.504817,High,9,7
Hoe Street Ward,5.503954,High,9,7
East Finchley Ward,5.495498,High,9,7
Loxford Ward,5.471327,High,9,7
Heston Central Ward,5.469453,High,9,7
Shacklewell Ward,5.4673305,High,9,7
Bush Hill Park Ward,5.454347,High,9,7
Southfield Ward,5.4514427,High,9,7
Hanworth Village Ward,5.4401355,Medium,6,7
Frognal Ward,5.436003,Medium,6,7
Seven Sisters Ward,5.4286666,Medium,6,7
Hounslow Central Ward,5.414648,Medium,6,7
Golders Green Ward,5.4139347,Medium,6,7
Bellingham Ward,5.409519,Medium,6,7
Tooting Bec Ward,5.4091167,Medium,6,7
Laycock Ward,5.387887,Medium,6,7
Valley Ward,5.362491,Medium,6,7
Northolt Mandeville Ward,5.3368154,Medium,6,7
Little Ilford Ward,5.317329,Medium,6,7
Caledonian Ward,5.3066807,Medium,6,7
Wandsworth Common Ward,5.305288,Medium,6,7
Hounslow Heath Ward,5.2792645,Medium,6,7
Holland Ward,5.239018,Medium,6,7
Bensham Manor Ward,5.2341347,Medium,6,7
Hampton Wick & South Teddington Ward,5.2155023,Medium,6,7
Harrow Weald Ward,5.202697,Medium,6,7
Furzedown Ward,5.197805,Medium,6,7
Fortis Green Ward,5.1958394,Medium,6,7
Belvedere Ward,5.1954093,Medium,6,7
Brentford East Ward,5.1896853,Medium,6,7
Queen's Park Ward,5.1887794,Medium,6,7
Roehampton Ward,5.181446,Medium,6,7
Greenford Broadway Ward,5.1803207,Medium,6,7
Pitshanger Ward,5.160327,Medium,6,7
Feltham West Ward,5.1544247,Medium,6,7
Clapham Common & Abbeville Ward,5.1339517,Medium,6,7
Walham Green Ward,5.1298437,Medium,6,7
Forest Ward,5.1289783,Medium,6,7
Barnet Vale Ward,5.126487,Medium,6,7
Kingston Town Ward,5.118802,Medium,6,7
Forest Hill Ward,5.1169515,Medium,6,7
Churchfields Ward,5.1162596,Medium,6,7
Larkswood Ward,5.114136,Medium,6,7
Belmore Ward,5.1124816,Medium,6,7
Harold Wood Ward,5.104473,Medium,6,7
Feltham North Ward,5.104171,Medium,6,7
King's Park Ward,5.0958824,Medium,6,7
Canning Town South Ward,5.08717,Medium,6,7
Orpington Ward,5.0810194,Medium,6,7
Abingdon Ward,5.0803914,Medium,6,7
South Norwood Ward,5.078587,Medium,6,7
Chiswick Riverside Ward,5.077573,Medium,6,7
West Ham Ward,5.072102,Medium,6,7
Bedfont Ward,5.0508137,Medium,6,7
Thamesfield Ward,5.045605,Medium,6,7
Northfield Ward,5.0416994,Medium,6,7
Crystal Palace & Upper Norwood Ward,5.032026,Medium,6,7
Cranford Ward,5.022108,Medium,6,7
Norbury & Pollards Hill Ward,4.999628,Medium,6,7
Sands End Ward,4.999391,Medium,6,7
Maryland Ward,4.9976683,Medium,6,7
Pembridge Ward,4.9901576,Medium,6,7
Nine Elms Ward,4.9860244,Medium,6,7
Brook Green Ward,4.9786267,Medium,6,7
East Ham South Ward,4.963166,Medium,6,7
Boleyn Ward,4.9532356,Medium,6,7
Fulham Reach Ward,4.9368863,Medium,6,7
Palace & Hurlingham Ward,4.92575,Medium,6,7
Heston East Ward,4.917541,Medium,6,7
Addiscombe East Ward,4.9104147,Medium,6,7
Blackheath Westcombe Ward,4.910276,Medium,6,7
West Drayton Ward,4.8999124,Medium,6,7
Bexleyheath Ward,4.8991446,Medium,6,7
Green Street East Ward,4.8948665,Medium,6,7
Thamesmead East Ward,4.8937793,Medium,6,7
Myatt's Fields Ward,4.8929234,Medium,6,7
Mottingham Ward,4.871357,Medium,6,7
Green Street West Ward,4.869371,Medium,6,7
Grove Park Ward,4.8648562,Medium,6,7
Alperton Ward,4.859349,Medium,6,7
St. Margarets & North Twickenham Ward,4.8534236,Medium,6,7
Barnhill Ward,4.840257,Medium,6,7
Mill Hill Ward,4.838046,Medium,6,7
Hermitage & Gardens Ward,4.83039,Medium,6,7
Arnos Grove Ward,4.804616,Medium,6,7
St. George's Ward,4.7983885,Medium,6,7
East Sheen Ward,4.7693076,Medium,6,7
West Kensington Ward,4.7637277,Medium,6,7
Primrose Hill Ward,4.74575,Medium,6,7
Valentines Ward,4.732338,Medium,6,7
New Malden Village Ward,4.7242827,Medium,6,7
South Croydon Ward,4.715307,Medium,6,7
Clock House Ward,4.7104278,Medium,6,7
Greenhill Ward,4.6918416,Medium,6,7
Munster Ward,4.679593,Medium,6,7
Brownswood Ward,4.6751084,Medium,6,7
Rush Green & Crowlands Ward,4.6747093,Medium,6,7
Addison Ward,4.664926,Medium,6,7
Plaistow North Ward,4.661012,Medium,6,7
Southbury Ward,4.652478,Medium,6,7
Aldborough Ward,4.652165,Medium,6,7
Cricket Green Ward,4.651004,Medium,6,7
Wimbledon Park Ward,4.650799,Medium,6,7
Royal Hospital Ward,4.640532,Medium,6,7
Fulham Town Ward,4.632565,Medium,6,7
Kenton Ward,4.6292953,Medium,6,7
Streatham Hill West & Thornton Ward,4.6247334,Medium,6,7
Kentish Town North Ward,4.6167936,Medium,6,7
Bullsmoor Ward,4.613495,Medium,6,7
Wembley Park Ward,4.5940137,Medium,6,7
Telegraph Hill Ward,4.5879307,Medium,6,7
East Barnet Ward,4.586416,Medium,6,7
Whalebone Ward,4.57668,Medium,6,7
Colham & Cowley Ward,4.55934,Medium,6,7
Cazenove Ward,4.5564194,Medium,6,7
Central Greenford Ward,4.552406,Medium,6,7
Dulwich Village Ward,4.5426307,Medium,6,7
Stanmore Ward,4.5300484,Medium,6,7
Northolt West End Ward,4.52672,Medium,6,7
Chelsea Riverside Ward,4.5113797,Medium,6,7
Rotherhithe Ward,4.508656,Medium,6,7
Longthornton Ward,4.5035524,Medium,6,7
Bromley Common & Holwood Ward,4.482237,Medium,6,7
Valence Ward,4.474077,Medium,6,7
West Dulwich Ward,4.470577,Medium,6,7
Wembley Hill Ward,4.444228,Medium,6,7
Vincent Square Ward,4.443927,Medium,6,7
Stockwell East Ward,4.4365726,Medium,6,7
Chislehurst Ward,4.424631,Medium,6,7
North Richmond Ward,4.421864,Medium,6,7
Manor Park Ward,4.4192753,Medium,6,7
North Greenford Ward,4.4188504,Medium,6,7
Colliers Wood Ward,4.4182253,Medium,6,7
Notting Dale Ward,4.412669,Medium,6,7
Yiewsley Ward,4.396052,Medium,6,7
Stepney Green Ward,4.3942366,Medium,6,7
North Hanwell Ward,4.3807135,Medium,6,7
Newington Ward,4.378126,Medium,6,7
South Balham Ward,4.369718,Medium,6,7
Southall Broadway Ward,4.366235,Medium,6,7
Barkingside Ward,4.359699,Medium,6,7
Canning Town North Ward,4.352434,Medium,6,7
Selsdon & Addington Village Ward,4.352116,Medium,6,7
Hampstead Town Ward,4.3487024,Medium,6,7
Mawneys Ward,4.3280816,Medium,6,7
Fullwell Ward,4.3266425,Medium,6,7
St. Martin's Ward,4.3221226,Medium,6,7
Brentford West Ward,4.309194,Low,3,7
Lillie Ward,4.3048015,Low,3,7
Fulwell & Hampton Hill Ward,4.299736,Low,3,7
William Morris Ward,4.283054,Low,3,7
Havering-atte-Bower Ward,4.247949,Low,3,7
Southgate Ward,4.247239,Low,3,7
Barking Riverside Ward,4.241703,Low,3,7
Wall End Ward,4.221728,Low,3,7
Muswell Hill Ward,4.201322,Low,3,7
Gascoigne Ward,4.156289,Low,3,7
Edgwarebury Ward,4.147963,Low,3,7
Sutton Central Ward,4.146082,Low,3,7
Headstone Ward,4.138081,Low,3,7
Limehouse Ward,4.1296053,Low,3,7
Kingsbury Ward,4.128026,Low,3,7
Carterhatch Ward,4.1237774,Low,3,7
Rainham & Wennington Ward,4.12267,Low,3,7
Northcote Ward,4.114191,Low,3,7
Whetstone Ward,4.104813,Low,3,7
Erith Ward,4.0815897,Low,3,7
Sutton South Ward,4.0620213,Low,3,7
Surrey Docks Ward,4.0525274,Low,3,7
Ruislip Ward,4.042802,Low,3,7
Barnes Ward,4.0374327,Low,3,7
Hounslow East Ward,4.0269713,Low,3,7
Greenwich Creekside Ward,4.010474,Low,3,7
Trinity Ward,4.0062685,Low,3,7
Hampton North Ward,3.9965026,Low,3,7
Kidbrooke Village & Sutcliffe Ward,3.996134,Low,3,7
South Ruislip Ward,3.9957352,Low,3,7
Woolwich Dockyard Ward,3.9933248,Low,3,7
Ravenscourt Ward,3.992767,Low,3,7
Eltham Page Ward,3.9852185,Low,3,7
Upminster Ward,3.9845967,Low,3,7
Petts Wood & Knoll Ward,3.975641,Low,3,7
Marlborough Ward,3.9517372,Low,3,7
Cockfosters Ward,3.9451172,Low,3,7
Highfield Ward,3.9443493,Low,3,7
Pinner Ward,3.9414926,Low,3,7
Eltham Town & Avery Hill Ward,3.9357476,Low,3,7
"Ham, Petersham & Richmond Riverside Ward",3.8841527,Low,3,7
Higham Hill Ward,3.87266,Low,3,7
Alexandra Park Ward,3.8630712,Low,3,7
Ridgeway Ward,3.849823,Low,3,7
Grange Park Ward,3.8491857,Low,3,7
Slade Green & Northend Ward,3.8381636,Low,3,7
St. Andrew's Ward,3.8184779,Low,3,7
Dormers Wells Ward,3.81382,Low,3,7
Parsloes Ward,3.788121,Low,3,7
St. Ann's Ward,3.7787533,Low,3,7
Kew Ward,3.7775803,Low,3,7
Twickenham Riverside Ward,3.7646825,Low,3,7
Figge's Marsh Ward,3.7636867,Low,3,7
Crook Log Ward,3.7602775,Low,3,7
St. Alban's Ward,3.7586696,Low,3,7
Harrow on the Hill Ward,3.754235,Low,3,7
Parsons Green & Sandford Ward,3.7478743,Low,3,7
Clayhall Ward,3.7353146,Low,3,7
Isleworth Ward,3.7339253,Low,3,7
Avonmore Ward,3.7301874,Low,3,7
Grove Ward,3.7260563,Low,3,7
Lady Margaret Ward,3.7162557,Low,3,7
Teddington Ward,3.7095363,Low,3,7
Hounslow South Ward,3.6815534,Low,3,7
Hanworth Park Ward,3.6636386,Low,3,7
Pimlico South Ward,3.642626,Low,3,7
Wallington South Ward,3.6308393,Low,3,7
West Wickham Ward,3.6274366,Low,3,7
Beam Park Ward,3.626583,Low,3,7
Wealdstone South Ward,3.6260173,Low,3,7
Fairlop Ward,3.6244013,Low,3,7
Charlton Village & Riverside Ward,3.6169245,Low,3,7
Elm Park Ward,3.6090872,Low,3,7
Mayesbrook Ward,3.6037447,Low,3,7
Wembley Central Ward,3.598795,Low,3,7
Chadwell Heath Ward,3.5978463,Low,3,7
Kelsey & Eden Park Ward,3.592156,Low,3,7
Heathfield Ward,3.5874715,Low,3,7
Falconwood & Welling Ward,3.5815766,Low,3,7
High Barnet Ward,3.5606878,Low,3,7
Eastcote Ward,3.559081,Low,3,7
Centenary Ward,3.5519757,Low,3,7
Peckham Rye Ward,3.5326288,Low,3,7
Norland Ward,3.5316608,Low,3,7
Shirley North Ward,3.5216873,Low,3,7
Yeading Ward,3.5027983,Low,3,7
Norbury Park Ward,3.4791381,Low,3,7
St. Helen's Ward,3.476541,Low,3,7
Colindale North Ward,3.4655516,Low,3,7
Streatham Hill East Ward,3.4576852,Low,3,7
East Wickham Ward,3.455418,Low,3,7
Mayfield Ward,3.4387548,Low,3,7
West Twickenham Ward,3.4239078,Low,3,7
Camden Square Ward,3.4238873,Low,3,7
West Heath Ward,3.4201512,Low,3,7
Hylands & Harrow Lodge Ward,3.4162583,Low,3,7
Northwood Ward,3.4079697,Low,3,7
Sidcup Ward,3.405198,Low,3,7
Graveney Ward,3.4019573,Low,3,7
South Twickenham Ward,3.39597,Low,3,7
Cranbrook Ward,3.3853335,Low,3,7
Bickley & Sundridge Ward,3.3813677,Low,3,7
Stamford Hill West Ward,3.3694022,Low,3,7
Winchmore Hill Ward,3.3570173,Low,3,7
Bowes Ward,3.3559122,Low,3,7
Champion Hill Ward,3.337323,Low,3,7
Plaistow Ward,3.3299875,Low,3,7
Pinner South Ward,3.322488,Low,3,7
Wanstead Park Ward,3.317482,Low,3,7
Crayford Ward,3.312888,Low,3,7
Squirrels Heath Ward,3.303131,Low,3,7
Beddington Ward,3.286831,Low,3,7
Chadwell Ward,3.2796302,Low,3,7
Longbridge Ward,3.2777271,Low,3,7
Hampton Ward,3.2701552,Low,3,7
Northwood Hills Ward,3.2489884,Low,3,7
New Southgate Ward,3.2229326,Low,3,7
White City Ward,3.2206283,Low,3,7
Sutton West & East Cheam Ward,3.201102,Low,3,7
Dalgarno Ward,3.1952589,Low,3,7
Newbury Ward,3.186169,Low,3,7
Southfields Ward,3.1840677,Low,3,7
Bounds Green Ward,3.181125,Low,3,7
Canons Ward,3.1556735,Low,3,7
Wealdstone North Ward,3.1463666,Low,3,7
Raynes Park Ward,3.1302142,Low,3,7
Poplar Ward,3.1181688,Low,3,7
Park Hill & Whitgift Ward,3.1141915,Low,3,7
Shooters Hill Ward,3.089579,Low,3,7
West Thamesmead Ward,3.069225,Low,3,7
Gipsy Hill Ward,3.061251,Low,3,7
Wormholt Ward,3.058913,Low,3,7
West Hill Ward,3.0577183,Low,3,7
Sanderstead Ward,3.0488584,Low,3,7
Queen's Gate Ward,3.0479774,Low,3,7
Hainault Ward,3.0309923,Low,3,7
St. Helier West Ward,3.0217535,Low,3,7
Markhouse Ward,2.9864228,Low,3,7
Lavender Fields Ward,2.980902,Very Low,1,7
Forest Gate North Ward,2.9719355,Very Low,1,7
Seven Kings Ward,2.9438522,Very Low,1,7
Surbiton Hill Ward,2.9368615,Very Low,1,7
Kidbrooke Park Ward,2.9330926,Very Low,1,7
Norbiton Ward,2.93196,Very Low,1,7
Endlebury Ward,2.9273014,Very Low,1,7
Marshalls & Rise Park Ward,2.9272687,Very Low,1,7
South Hornchurch Ward,2.8813338,Very Low,1,7
Wood Street Ward,2.8738894,Very Low,1,7
Northwick Park Ward,2.8319037,Very Low,1,7
Hatch Lane & Highams Park North Ward,2.8186338,Very Low,1,7
Clementswood Ward,2.8080592,Very Low,1,7
Hatch End Ward,2.8038616,Very Low,1,7
Shortlands & Park Langley Ward,2.7924762,Very Low,1,7
Southall West Ward,2.7736583,Very Low,1,7
St. Mark's & Seething Wells Ward,2.7714005,Very Low,1,7
New Addington South Ward,2.743727,Very Low,1,7
Farnborough & Crofton Ward,2.7433753,Very Low,1,7
Monkhams Ward,2.6748648,Very Low,1,7
"Mottingham, Coldharbour & New Eltham Ward",2.6724014,Very Low,1,7
Wendell Park Ward,2.665728,Very Low,1,7
Royal Albert Ward,2.661051,Very Low,1,7
Wimbledon Town & Dundonald Ward,2.6396847,Very Low,1,7
Thamesmead Moorings Ward,2.6335368,Very Low,1,7
Upper Walthamstow Ward,2.6272886,Very Low,1,7
Whitton Ward,2.6252804,Very Low,1,7
Streatham Wells Ward,2.6158967,Very Low,1,7
Hillingdon East Ward,2.6121275,Very Low,1,7
St. Helier Ward,2.5935004,Very Low,1,7
Hale End & Highams Park South Ward,2.5832775,Very Low,1,7
Carshalton South & Clockhouse Ward,2.5706196,Very Low,1,7
Ickenham & South Harefield Ward,2.569953,Very Low,1,7
South Beddington & Roundshaw Ward,2.5585349,Very Low,1,7
The Wrythe Ward,2.5473857,Very Low,1,7
Beam Ward,2.5457242,Very Low,1,7
Wallington North Ward,2.5386112,Very Low,1,7
Middle Park & Horn Park Ward,2.5363913,Very Low,1,7
Dulwich Hill Ward,2.5252492,Very Low,1,7
Carshalton Central Ward,2.5185468,Very Low,1,7
Becontree Ward,2.511602,Very Low,1,7
St. Mary's & St. James Ward,2.4995725,Very Low,1,7
Charville Ward,2.46944,Very Low,1,7
Cathall Ward,2.4545624,Very Low,1,7
Charlton Hornfair Ward,2.4520247,Very Low,1,7
West Barnes Ward,2.4447281,Very Low,1,7
Plashet Ward,2.4113798,Very Low,1,7
Cheam Ward,2.3948188,Very Low,1,7
Hayes & Coney Hall Ward,2.3798833,Very Low,1,7
Preston Ward,2.3705778,Very Low,1,7
Hillside Ward,2.3664489,Very Low,1,7
Selsdon Vale & Forestdale Ward,2.35308,Very Low,1,7
Purley Oaks & Riddlesdown Ward,2.334962,Very Low,1,7
Chingford Green Ward,2.3240952,Very Low,1,7
Sudbury Ward,2.300878,Very Low,1,7
Pollards Hill Ward,2.279155,Very Low,1,7
Eltham Park & Progress Ward,2.244867,Very Low,1,7
Island Gardens Ward,2.2327907,Very Low,1,7
Barnehurst Ward,2.2150435,Very Low,1,7
Eastbrook & Rush Green Ward,2.209273,Very Low,1,7
Tokyngton Ward,2.2040164,Very Low,1,7
Sutton North Ward,2.1824327,Very Low,1,7
Northumberland Heath Ward,2.177377,Very Low,1,7
Biggin Hill Ward,2.137042,Very Low,1,7
Thames View Ward,2.1318288,Very Low,1,7
Heath Ward,2.1189194,Very Low,1,7
Darwin Ward,2.0842323,Very Low,1,7
Rayners Lane Ward,2.077531,Very Low,1,7
Farringdon Without Ward,2.0562735,Very Low,1,7
Underhill Ward,2.0518932,Very Low,1,7
Tolworth Ward,2.0423138,Very Low,1,7
Ravensbury Ward,2.0255547,Very Low,1,7
Kingston Gate Ward,2.0219731,Very Low,1,7
Coombe Hill Ward,2.0198789,Very Low,1,7
Hillingdon West Ward,1.9951744,Very Low,1,7
Oakwood Ward,1.988248,Very Low,1,7
Alibon Ward,1.9870262,Very Low,1,7
West Harrow Ward,1.9859169,Very Low,1,7
Coulsdon Town Ward,1.9699726,Very Low,1,7
Coombe Vale Ward,1.9585643,Very Low,1,7
Blendon & Penhill Ward,1.9537933,Very Low,1,7
Kenley Ward,1.9209796,Very Low,1,7
Canbury Gardens Ward,1.9134288,Very Low,1,7
New Addington North Ward,1.8509489,Very Low,1,7
Stonecot Ward,1.8274075,Very Low,1,7
Emerson Park Ward,1.818437,Very Low,1,7
Merton Park Ward,1.8004287,Very Low,1,7
Green Lane & St. James Ward,1.7940054,Very Low,1,7
Roxbourne Ward,1.7872635,Very Low,1,7
Cannon Hill Ward,1.7758467,Very Low,1,7
Lower Morden Ward,1.7346716,Very Low,1,7
Shirley South Ward,1.7182529,Very Low,1,7
North Cheam Ward,1.7011416,Very Low,1,7
Worcester Park North Ward,1.6920644,Very Low,1,7
Cranham Ward,1.6743474,Very Low,1,7
Chessington South & Malden Rushett Ward,1.6654246,Very Low,1,7
Hackbridge Ward,1.6618211,Very Low,1,7
Kenton West Ward,1.6617754,Very Low,1,7
Motspur Park & Old Malden East Ward,1.6540667,Very Low,1,7
St. Helier East Ward,1.6517819,Very Low,1,7
Chelsfield Ward,1.6483792,Very Low,1,7
Ruislip Manor Ward,1.6223407,Very Low,1,7
Old Coulsdon Ward,1.5610459,Very Low,1,7
Kenton East Ward,1.5583335,Very Low,1,7
Hook & Chessington North Ward,1.5582607,Very Low,1,7
Farringdon Within Ward,1.5348408,Very Low,1,7
King George's & Sunray Ward,1.5105797,Very Low,1,7
Blackfen & Lamorbey Ward,1.4725382,Very Low,1,7
Alexandra Ward,1.4541856,Very Low,1,7
Old Malden Ward,1.4398751,Very Low,1,7
Tudor Ward,1.4324743,Very Low,1,7
North Harrow Ward,1.4233019,Very Low,1,7
Longlands Ward,1.372811,Very Low,1,7
Harefield Village Ward,1.3077102,Very Low,1,7
Berrylands Ward,1.1562845,Very Low,1,7
Worcester Park South Ward,1.125116,Very Low,1,7
Castle Baynard Ward,1.0288249,Very Low,1,7
Bishopsgate Ward,0.9791924,Very Low,1,7
Hacton Ward,0.97572434,Very Low,1,7
Langbourn Ward,0.9443203,Very Low,1,7
Tower Ward,0.8247962,Very Low,1,7
Bread Street Ward,0.7923425,Very Low,1,7
Coleman Street Ward,0.60626954,Very Low,1,7
Cornhill Ward,0.5695824,Very Low,1,7
Aldersgate Ward,0.5412264,Very Low,1,7
Cordwainer Ward,0.5287321,Very Low,1,7
Cheap Ward,0.45746055,Very Low,1,7
Cripplegate Ward,0.44457862,Very Low,1,7
Dowgate Ward,0.4304983,Very Low,1,7
Broad Street Ward,0.4304983,Very Low,1,7
Candlewick Ward,0.4304983,Very Low,1,7
Walbrook Ward,0.4304983,Very Low,1,7
Vintry Ward,0.4304983,Very Low,1,7
Lime Street Ward,0.4304983,Very Low,1,7
Aldgate Ward,0.4304983,Very Low,1,7
Billingsgate Ward,0.4059983,Very Low,1,7
Bassishaw Ward,0.23422302,Very Low,1,7
Queenhithe Ward,0.23422302,Very Low,1,7
Portsoken Ward,0.056190472,Very Low,1,7
Kilburn Ward,61.724445,Very High,18,8
West End Ward,53.491524,Very High,18,8
Lea Bridge Ward,43.02713,Very High,18,8
Regent's Park Ward,35.880077,Very High,18,8
St. James's Ward,32.174004,Very High,18,8
Highgate Ward,31.444185,Very High,18,8
Edgware Ward,31.370361,Very High,18,8
Marylebone Ward,29.972445,Very High,17,8
Village Ward,24.003798,Very High,17,8
Bloomsbury Ward,22.960938,Very High,17,8
Holborn & Covent Garden Ward,20.85665,Very High,17,8
Woodside Ward,18.673462,Very High,17,8
Hoxton East & Shoreditch Ward,17.787174,Very High,17,8
Borough & Bankside Ward,16.624403,Very High,17,8
Childs Hill Ward,15.899146,Very High,17,8
Abbey Ward,15.756019,Very High,17,8
Wandle Ward,15.493986,Very High,17,8
Bethnal Green West Ward,15.250728,Very High,17,8
Fairfield Ward,15.080637,Very High,17,8
Hyde Park Ward,14.881795,Very High,17,8
London Fields Ward,14.104424,Very High,17,8
Bow East Ward,14.039514,Very High,17,8
North Walworth Ward,13.111566,Very High,17,8
Spitalfields & Banglatown Ward,13.090989,Very High,17,8
Stratford Olympic Park Ward,13.087795,Very High,17,8
Deptford Ward,12.837683,Very High,17,8
Lancaster Gate Ward,12.34409,Very High,17,8
Rye Lane Ward,12.124864,Very High,17,8
Rushey Green Ward,11.935428,Very High,17,8
Dollis Hill Ward,11.810925,Very High,17,8
London Bridge & West Bermondsey Ward,11.745273,Very High,17,8
Belmont Ward,11.515496,Very High,17,8
Whitechapel Ward,11.407099,Very High,17,8
Bayswater Ward,11.374108,Very High,17,8
Brockley Ward,11.069178,Very High,17,8
Finsbury Park Ward,10.95949,Very High,17,8
Clapham Town Ward,10.890836,Very High,17,8
Bunhill Ward,10.786537,Very High,17,8
Stratford Ward,10.782904,Very High,17,8
Hendon Ward,10.757867,Very High,17,8
South Bermondsey Ward,10.755865,Very High,17,8
Lansbury Ward,10.598139,Very High,17,8
Queens Park Ward,10.499367,Very High,17,8
North Acton Ward,10.489583,Very High,17,8
Edmonton Green Ward,10.459921,Very High,17,8
Broad Green Ward,10.417858,Very High,17,8
Junction Ward,10.408065,Very High,17,8
Balham Ward,10.3682165,Very High,17,8
Harlesden & Kensal Green Ward,10.232792,Very High,17,8
Hackney Central Ward,10.194432,Very High,17,8
Homerton Ward,10.072025,Very High,17,8
Brixton Acre Lane Ward,10.059447,Very High,17,8
Bethnal Green East Ward,10.036402,Very High,17,8
Mile End Ward,10.025853,Very High,17,8
Weavers Ward,10.004101,Very High,17,8
Bridge Ward,9.942009,Very High,17,8
Cricklewood & Mapesbury Ward,9.76329,Very High,17,8
Burnt Oak Ward,9.754567,Very High,17,8
Brixton North Ward,9.744825,Very High,17,8
Hayes Town Ward,9.584781,Very High,17,8
Colville Ward,9.525979,Very High,17,8
Tollington Ward,9.522918,Very High,17,8
Northumberland Park Ward,9.51717,Very High,17,8
Hackney Downs Ward,9.507706,Very High,17,8
Haggerston Ward,9.503117,Very High,17,8
Waterloo & South Bank Ward,9.430574,Very High,17,8
Wandsworth Town Ward,9.298707,Very High,17,8
Brimsdown Ward,9.287229,Very High,17,8
Upper Edmonton Ward,9.252966,Very High,17,8
Stonebridge Ward,9.244163,Very High,17,8
Cricklewood Ward,9.230256,Very High,17,8
Ladywell Ward,9.2255945,Very High,17,8
Chaucer Ward,9.178512,Very High,17,8
Chiswick Gunnersbury Ward,9.118652,Very High,17,8
East Ham Ward,9.04007,Very High,17,8
Hither Green Ward,8.96294,Very High,17,8
Canary Wharf Ward,8.955808,Very High,17,8
Crouch End Ward,8.903378,Very High,17,8
St. Giles Ward,8.889739,Very High,17,8
West Thornton Ward,8.754576,Very High,17,8
Holloway Ward,8.686602,Very High,17,8
Clerkenwell Ward,8.620148,Very High,17,8
Finchley Church End Ward,8.60764,Very High,17,8
Brompton & Hans Town Ward,8.6070385,Very High,17,8
Herne Hill & Loughborough Junction Ward,8.600513,Very High,17,8
Abbey Road Ward,8.587118,Very High,17,8
Battersea Park Ward,8.582727,Very High,17,8
Bruce Castle Ward,8.548227,Very High,17,8
Uxbridge Ward,8.520122,Very High,17,8
Ilford Town Ward,8.480485,Very High,17,8
Heathrow Villages Ward,8.422883,Very High,17,8
King's Cross Ward,8.355835,Very High,17,8
Hillrise Ward,8.31546,Very High,17,8
Roundwood Ward,8.305512,Very High,17,8
Greenwich Peninsula Ward,8.29064,Very High,17,8
St. Paul's Cray Ward,8.263495,Very High,17,8
Norwood Green Ward,8.251893,Very High,17,8
Noel Park Ward,8.194991,Very High,17,8
Hackney Wick Ward,8.138696,Very High,17,8
West Finchley Ward,8.109169,Very High,17,8
College Park & Old Oak Ward,8.062424,Very High,17,8
St. Peter's & Canalside Ward,8.034821,Very High,17,8
Stoke Newington Ward,8.016361,Very High,17,8
Welsh Harp Ward,7.9645143,Very High,17,8
Hoxton West Ward,7.9313116,Very High,17,8
Brondesbury Park Ward,7.9186754,Very High,17,8
South Woodford Ward,7.8475313,Very High,17,8
Willesden Green Ward,7.820388,Very High,17,8
Blackheath Ward,7.7984705,Very High,17,8
Forest Gate South Ward,7.7582655,Very High,17,8
Courtfield Ward,7.7203646,Very High,17,8
West Hendon Ward,7.6523113,Very High,17,8
Lower Edmonton Ward,7.633038,Very High,17,8
Bow West Ward,7.6262245,Very High,17,8
Selhurst Ward,7.6111026,Very High,17,8
Streatham St. Leonard's Ward,7.5672107,Very High,17,8
Pinkwell Ward,7.5555305,Very High,17,8
Peckham Ward,7.517087,Very High,17,8
East Acton Ward,7.5048213,Very High,17,8
Knightsbridge & Belgravia Ward,7.5028915,Very High,17,8
Ponders End Ward,7.4930816,Very High,17,8
Southall Green Ward,7.452489,Very High,17,8
Gooshays Ward,7.434774,Very High,17,8
Shaftesbury & Queenstown Ward,7.4277654,Very High,17,8
Leyton Ward,7.424165,Very High,17,8
South Acton Ward,7.418782,Very High,17,8
Campden Ward,7.380615,Very High,17,8
Haselbury Ward,7.365117,Very High,17,8
Maida Vale Ward,7.349892,Very High,17,8
Enfield Lock Ward,7.338839,Very High,17,8
Golborne Ward,7.338706,Very High,17,8
Dalston Ward,7.338411,Very High,17,8
Camden Town Ward,7.2953496,Very High,17,8
Heaton Ward,7.2804513,Very High,17,8
Mildmay Ward,7.2789636,Very High,17,8
South Richmond Ward,7.251549,Very High,17,8
Earl's Court Ward,7.2449985,Very High,17,8
Hanwell Broadway Ward,7.2430983,Very High,17,8
Lavender Ward,7.2362766,Very High,17,8
Greenwich Park Ward,7.170741,High,9,8
Tooting Broadway Ward,7.145275,High,9,8
Old Kent Road Ward,7.135014,High,9,8
South Hampstead Ward,7.11909,High,9,8
Friern Barnet Ward,7.0872335,High,9,8
Little Venice Ward,7.057566,High,9,8
Addiscombe West Ward,7.030422,High,9,8
Goodmayes Ward,7.0231156,High,9,8
St. Mary's & St. James' Ward,7.02056,High,9,8
Tottenham Central Ward,7.0079927,High,9,8
Faraday Ward,6.9980555,High,9,8
North Bermondsey Ward,6.911288,High,9,8
Penge & Cator Ward,6.9066496,High,9,8
Oval Ward,6.8521338,High,9,8
Ealing Common Ward,6.769933,High,9,8
Waddon Ward,6.758644,High,9,8
Sydenham Ward,6.7490573,High,9,8
Cann Hall Ward,6.748187,High,9,8
Springfield Ward,6.7464886,High,9,8
Catford South Ward,6.7329516,High,9,8
East Greenwich Ward,6.6926217,High,9,8
West Hampstead Ward,6.642777,High,9,8
Harringay Ward,6.630709,High,9,8
Woolwich Arsenal Ward,6.619051,High,9,8
Palmers Green Ward,6.611131,High,9,8
Town Ward,6.5855904,High,9,8
Church Street Ward,6.573053,High,9,8
Streatham Common & Vale Ward,6.5718,High,9,8
Redcliffe Ward,6.562792,High,9,8
Syon & Brentford Lock Ward,6.5479703,High,9,8
Belsize Ward,6.537047,High,9,8
Stanley Ward,6.505735,High,9,8
Perry Vale Ward,6.475441,High,9,8
Hanger Hill Ward,6.472528,High,9,8
Shepherd's Bush Green Ward,6.472176,High,9,8
Nunhead & Queen's Road Ward,6.4605947,High,9,8
Purley & Woodcote Ward,6.459388,High,9,8
Westbourne Ward,6.419032,High,9,8
Tottenham Hale Ward,6.414226,High,9,8
St. Pancras & Somers Town Ward,6.4108067,High,9,8
Shadwell Ward,6.3928885,High,9,8
Chiswick Homefields Ward,6.3758693,High,9,8
Hoe Street Ward,6.3473825,High,9,8
Totteridge & Woodside Ward,6.301162,High,9,8
Jubilee Ward,6.2799015,High,9,8
Leytonstone Ward,6.260252,High,9,8
Stockwell West & Larkhall Ward,6.257616,High,9,8
White Hart Lane Ward,6.2381315,High,9,8
Grove Green Ward,6.235809,High,9,8
Clapham Common & Abbeville Ward,6.226428,High,9,8
Walpole Ward,6.224519,High,9,8
St. Mary's Ward,6.2222276,High,9,8
Haverstock Ward,6.206121,High,9,8
Wood End Ward,6.1938424,High,9,8
Custom House Ward,6.183482,High,9,8
Osterley & Spring Grove Ward,6.1734133,High,9,8
South Tottenham Ward,6.162813,High,9,8
High Street Ward,6.151106,High,9,8
Brixton Windrush Ward,6.1418757,High,9,8
Camberwell Green Ward,6.114051,High,9,8
Garden Suburb Ward,6.1018457,High,9,8
Vauxhall Ward,6.091335,High,9,8
Valley Ward,6.0895715,High,9,8
Larkswood Ward,6.080195,High,9,8
Perivale Ward,6.0571756,High,9,8
St. James Ward,6.0557246,High,9,8
Bromley Town Ward,6.0513444,High,9,8
Pimlico North Ward,6.0413346,High,9,8
Plumstead & Glyndon Ward,6.0378222,High,9,8
Knight's Hill Ward,6.026758,High,9,8
Falconbrook Ward,6.012037,High,9,8
Barnsbury Ward,5.992076,High,9,8
Whitewebbs Ward,5.950526,High,9,8
Woolwich Common Ward,5.941937,High,9,8
West Green Ward,5.926858,High,9,8
Goose Green Ward,5.9012175,High,9,8
Beckton Ward,5.8889303,High,9,8
Victoria Ward,5.861673,High,9,8
Plaistow West & Canning Town East Ward,5.847013,High,9,8
Hornsey Ward,5.80634,High,9,8
Fortune Green Ward,5.80373,High,9,8
Harrow Road Ward,5.7963376,High,9,8
Heston West Ward,5.792475,High,9,8
Blackwall & Cubitt Town Ward,5.790462,High,9,8
St. Dunstan's Ward,5.771582,High,9,8
Clissold Ward,5.771339,High,9,8
St. Edward's Ward,5.765839,High,9,8
Arsenal Ward,5.765368,High,9,8
St. Mary Cray Ward,5.7430835,High,9,8
Furzedown Ward,5.742237,High,9,8
Bush Hill Park Ward,5.738707,High,9,8
Plaistow South Ward,5.734457,High,9,8
Loxford Ward,5.7270017,High,9,8
Stroud Green Ward,5.6881466,High,9,8
Bromley North Ward,5.656426,High,9,8
William Morris Ward,5.6454387,High,9,8
East Putney Ward,5.6367445,High,9,8
Clapham East Ward,5.6351843,High,9,8
Belvedere Ward,5.6278386,High,9,8
Crofton Park Ward,5.626548,High,9,8
Caledonian Ward,5.6248875,High,9,8
Brixton Rush Common Ward,5.5728645,High,9,8
East Finchley Ward,5.5709233,High,9,8
Tooting Bec Ward,5.55029,High,9,8
Harold Wood Ward,5.5497985,High,9,8
Ealing Broadway Ward,5.541963,High,9,8
Kentish Town South Ward,5.53382,High,9,8
Addison Ward,5.530645,High,9,8
Kennington Ward,5.5295897,High,9,8
West Drayton Ward,5.5275793,High,9,8
Bromley South Ward,5.502205,High,9,8
Gospel Oak Ward,5.498532,High,9,8
Arnos Grove Ward,5.497536,High,9,8
Colindale South Ward,5.496435,High,9,8
Plumstead Common Ward,5.493646,High,9,8
Hanworth Village Ward,5.4667544,High,9,8
Thamesfield Ward,5.444282,High,9,8
Evelyn Ward,5.4429474,High,9,8
Highbury Ward,5.436476,High,9,8
Tufnell Park Ward,5.424536,High,9,8
South Norwood Ward,5.41138,High,9,8
Mill Hill Ward,5.401064,High,9,8
New Cross Gate Ward,5.389613,High,9,8
Downham Ward,5.38225,High,9,8
Shacklewell Ward,5.379895,High,9,8
St. Katharine's & Wapping Ward,5.373991,High,9,8
De Beauvoir Ward,5.3698945,High,9,8
Northbury Ward,5.3449297,High,9,8
Goresbrook Ward,5.3287463,High,9,8
Hounslow West Ward,5.324494,High,9,8
Lewisham Central Ward,5.2978344,High,9,8
Royal Victoria Ward,5.2890306,High,9,8
Seven Sisters Ward,5.285562,High,9,8
Canning Town North Ward,5.270552,High,9,8
Bensham Manor Ward,5.269389,High,9,8
Feltham West Ward,5.265931,High,9,8
Thornton Heath Ward,5.2638383,High,9,8
Fulham Town Ward,5.246382,High,9,8
Canning Town South Ward,5.243774,Medium,6,8
Brook Green Ward,5.2408543,Medium,6,8
Wanstead Village Ward,5.24048,Medium,6,8
West Kensington Ward,5.22507,Medium,6,8
Belmore Ward,5.200371,Medium,6,8
Pitshanger Ward,5.199237,Medium,6,8
Valentines Ward,5.1933627,Medium,6,8
Hounslow Central Ward,5.183926,Medium,6,8
Queen's Park Ward,5.179898,Medium,6,8
Abingdon Ward,5.1375055,Medium,6,8
Laycock Ward,5.129138,Medium,6,8
Aldborough Ward,5.125419,Medium,6,8
Barkingside Ward,5.123932,Medium,6,8
Myatt's Fields Ward,5.1189537,Medium,6,8
Plaistow North Ward,5.117523,Medium,6,8
Vincent Square Ward,5.1172285,Medium,6,8
Southbury Ward,5.1134386,Medium,6,8
Hammersmith Broadway Ward,5.1111455,Medium,6,8
Lee Green Ward,5.110487,Medium,6,8
West Putney Ward,5.102999,Medium,6,8
Abbey Wood Ward,5.096428,Medium,6,8
Notting Dale Ward,5.084905,Medium,6,8
Woodberry Down Ward,5.0678215,Medium,6,8
Forest Hill Ward,5.061168,Medium,6,8
Nine Elms Ward,5.058255,Medium,6,8
Brunswick Park Ward,5.0544925,Medium,6,8
Little Ilford Ward,5.0519233,Medium,6,8
Clapham Park Ward,5.0454073,Medium,6,8
Whalebone Ward,5.0406466,Medium,6,8
Forest Ward,5.039944,Medium,6,8
Coningham Ward,5.035368,Medium,6,8
Kingston Town Ward,5.034494,Medium,6,8
Northolt Mandeville Ward,5.0309334,Medium,6,8
Walham Green Ward,5.0254436,Medium,6,8
Queensbury Ward,5.0159426,Medium,6,8
Crystal Palace & Anerley Ward,5.0095215,Medium,6,8
Golders Green Ward,4.9949794,Medium,6,8
Dulwich Wood Ward,4.9944835,Medium,6,8
Southfield Ward,4.9854007,Medium,6,8
West Dulwich Ward,4.981411,Medium,6,8
Maryland Ward,4.974953,Medium,6,8
Hounslow Heath Ward,4.970089,Medium,6,8
Churchfields Ward,4.969562,Medium,6,8
Canonbury Ward,4.96909,Medium,6,8
Ravenscourt Ward,4.949998,Medium,6,8
Manor Park Ward,4.9480247,Medium,6,8
Harrow Weald Ward,4.937959,Medium,6,8
Alperton Ward,4.933648,Medium,6,8
Brentford East Ward,4.928212,Medium,6,8
Mottingham Ward,4.927868,Medium,6,8
Eastbury Ward,4.9276514,Medium,6,8
Cranford Ward,4.922581,Medium,6,8
Woodhouse Ward,4.914823,Medium,6,8
Heston Central Ward,4.9070334,Medium,6,8
Chiswick Riverside Ward,4.90267,Medium,6,8
Frognal Ward,4.892221,Medium,6,8
Barnet Vale Ward,4.8810997,Medium,6,8
Norbury & Pollards Hill Ward,4.7954555,Medium,6,8
Rotherhithe Ward,4.7752028,Medium,6,8
Boleyn Ward,4.772797,Medium,6,8
Orpington Ward,4.7727876,Medium,6,8
Sands End Ward,4.770741,Medium,6,8
Fulham Reach Ward,4.750297,Medium,6,8
Chapel End Ward,4.7492914,Medium,6,8
Hampton Wick & South Teddington Ward,4.7490582,Medium,6,8
Stepney Green Ward,4.746948,Medium,6,8
King's Park Ward,4.741358,Medium,6,8
Bellingham Ward,4.7387767,Medium,6,8
Wandsworth Common Ward,4.7302523,Medium,6,8
Wembley Hill Ward,4.7238617,Medium,6,8
West Ham Ward,4.712752,Medium,6,8
Yiewsley Ward,4.7112966,Medium,6,8
Greenhill Ward,4.703242,Medium,6,8
Feltham North Ward,4.6742277,Medium,6,8
Southgate Ward,4.67378,Medium,6,8
Fortis Green Ward,4.660885,Medium,6,8
Stockwell East Ward,4.6598916,Medium,6,8
Heston East Ward,4.6543446,Medium,6,8
Dulwich Village Ward,4.646644,Medium,6,8
Greenford Broadway Ward,4.6346917,Medium,6,8
Holland Ward,4.625599,Medium,6,8
Roxeth Ward,4.620552,Medium,6,8
Royal Hospital Ward,4.613082,Medium,6,8
Roehampton Ward,4.6130714,Medium,6,8
Crystal Palace & Upper Norwood Ward,4.6116586,Medium,6,8
Bedfont Ward,4.6113863,Medium,6,8
East Sheen Ward,4.5850244,Medium,6,8
Mortlake & Barnes Common Ward,4.582802,Medium,6,8
Telegraph Hill Ward,4.572485,Medium,6,8
Green Street East Ward,4.5715995,Medium,6,8
Northfield Ward,4.5634212,Medium,6,8
White City Ward,4.555186,Medium,6,8
St. George's Ward,4.5523934,Medium,6,8
Brownswood Ward,4.5491247,Medium,6,8
Hermitage & Gardens Ward,4.534531,Medium,6,8
Beckenham Town & Copers Cope Ward,4.5188637,Medium,6,8
Northolt West End Ward,4.512497,Medium,6,8
Munster Ward,4.509283,Medium,6,8
Green Street West Ward,4.4996634,Medium,6,8
Rush Green & Crowlands Ward,4.497723,Medium,6,8
East Barnet Ward,4.491443,Medium,6,8
Wealdstone South Ward,4.4900227,Medium,6,8
St. Martin's Ward,4.4736557,Medium,6,8
Carterhatch Ward,4.4700427,Medium,6,8
Thamesmead East Ward,4.4634137,Medium,6,8
Pembridge Ward,4.443524,Medium,6,8
Cricket Green Ward,4.4240217,Medium,6,8
Palace & Hurlingham Ward,4.422867,Medium,6,8
Newington Ward,4.4093537,Medium,6,8
North Hanwell Ward,4.394265,Medium,6,8
St. Margarets & North Twickenham Ward,4.390711,Medium,6,8
Ruislip Ward,4.3902793,Medium,6,8
Figge's Marsh Ward,4.3808236,Medium,6,8
Surrey Docks Ward,4.3453403,Medium,6,8
East Ham South Ward,4.318422,Medium,6,8
Chislehurst Ward,4.3153234,Medium,6,8
Kingsbury Ward,4.3107243,Medium,6,8
Primrose Hill Ward,4.2987995,Medium,6,8
Hounslow East Ward,4.295578,Medium,6,8
New Malden Village Ward,4.2923183,Medium,6,8
Marlborough Ward,4.2882686,Medium,6,8
Cazenove Ward,4.286382,Medium,6,8
Barnhill Ward,4.282494,Medium,6,8
St. Ann's Ward,4.266521,Medium,6,8
Blackheath Westcombe Ward,4.2562523,Medium,6,8
Streatham Hill West & Thornton Ward,4.2468734,Medium,6,8
North Greenford Ward,4.246723,Medium,6,8
Grove Park Ward,4.2400007,Medium,6,8
Addiscombe East Ward,4.229495,Medium,6,8
Stanmore Ward,4.2281957,Medium,6,8
Central Greenford Ward,4.2085276,Medium,6,8
South Balham Ward,4.1965146,Medium,6,8
Hylands & Harrow Lodge Ward,4.1925178,Medium,6,8
North Richmond Ward,4.190381,Medium,6,8
Sutton Central Ward,4.1705265,Medium,6,8
Fulwell & Hampton Hill Ward,4.1636024,Medium,6,8
Colham & Cowley Ward,4.1488485,Medium,6,8
Queen's Gate Ward,4.1488137,Medium,6,8
Wimbledon Park Ward,4.139486,Medium,6,8
Whetstone Ward,4.136939,Low,3,8
Barnes Ward,4.1257834,Low,3,8
Valence Ward,4.108961,Low,3,8
Chelsea Riverside Ward,4.108893,Low,3,8
Grange Park Ward,4.1052847,Low,3,8
Hampstead Town Ward,4.099051,Low,3,8
Bexleyheath Ward,4.0969844,Low,3,8
Kidbrooke Village & Sutcliffe Ward,4.0913067,Low,3,8
Clock House Ward,4.0912123,Low,3,8
Selsdon & Addington Village Ward,4.0911775,Low,3,8
Wall End Ward,4.090294,Low,3,8
Headstone Ward,4.0845165,Low,3,8
Winchmore Hill Ward,4.0739875,Low,3,8
Lillie Ward,4.0531554,Low,3,8
Chadwell Heath Ward,4.045712,Low,3,8
Longthornton Ward,4.041731,Low,3,8
Colliers Wood Ward,4.0281124,Low,3,8
Rainham & Wennington Ward,3.9698036,Low,3,8
Havering-atte-Bower Ward,3.9564726,Low,3,8
Eltham Town & Avery Hill Ward,3.9523382,Low,3,8
Trinity Ward,3.9415073,Low,3,8
Bullsmoor Ward,3.9384856,Low,3,8
Eastcote Ward,3.932808,Low,3,8
South Ruislip Ward,3.9324224,Low,3,8
Brentford West Ward,3.9273279,Low,3,8
South Croydon Ward,3.9235013,Low,3,8
Kentish Town North Ward,3.91953,Low,3,8
Chadwell Ward,3.9185348,Low,3,8
Kenton Ward,3.913141,Low,3,8
Wembley Park Ward,3.900277,Low,3,8
Bromley Common & Holwood Ward,3.8968863,Low,3,8
Muswell Hill Ward,3.8866305,Low,3,8
Erith Ward,3.8673635,Low,3,8
Pinner Ward,3.8487492,Low,3,8
Mayesbrook Ward,3.839676,Low,3,8
Barking Riverside Ward,3.8334215,Low,3,8
Limehouse Ward,3.801712,Low,3,8
Woolwich Dockyard Ward,3.7737682,Low,3,8
Parsloes Ward,3.7654898,Low,3,8
Teddington Ward,3.7625022,Low,3,8
Twickenham Riverside Ward,3.7517073,Low,3,8
Lady Margaret Ward,3.747664,Low,3,8
Southall Broadway Ward,3.7398353,Low,3,8
Greenwich Creekside Ward,3.729451,Low,3,8
Fullwell Ward,3.7236764,Low,3,8
Streatham Hill East Ward,3.713123,Low,3,8
Avonmore Ward,3.6851397,Low,3,8
Poplar Ward,3.6750727,Low,3,8
Kew Ward,3.6641443,Low,3,8
Sutton South Ward,3.663737,Low,3,8
Upminster Ward,3.6403873,Low,3,8
West Wickham Ward,3.6269727,Low,3,8
Dormers Wells Ward,3.6260655,Low,3,8
Pinner South Ward,3.616701,Low,3,8
St. Andrew's Ward,3.6151624,Low,3,8
Harrow on the Hill Ward,3.6138535,Low,3,8
Kelsey & Eden Park Ward,3.6011136,Low,3,8
Edgwarebury Ward,3.5991068,Low,3,8
Wembley Central Ward,3.590572,Low,3,8
Alexandra Park Ward,3.5884492,Low,3,8
Northcote Ward,3.5872867,Low,3,8
Norland Ward,3.5827138,Low,3,8
Norbury Park Ward,3.575707,Low,3,8
Slade Green & Northend Ward,3.5619218,Low,3,8
Wallington South Ward,3.5518053,Low,3,8
Grove Ward,3.539662,Low,3,8
Gascoigne Ward,3.5367823,Low,3,8
Bickley & Sundridge Ward,3.5304027,Low,3,8
Mayfield Ward,3.5188608,Low,3,8
Parsons Green & Sandford Ward,3.5140715,Low,3,8
Fairlop Ward,3.5138838,Low,3,8
St. Alban's Ward,3.510894,Low,3,8
Cranbrook Ward,3.5045652,Low,3,8
West Hill Ward,3.5039144,Low,3,8
Clayhall Ward,3.5028055,Low,3,8
Highfield Ward,3.5014896,Low,3,8
Hampton North Ward,3.4973977,Low,3,8
East Wickham Ward,3.4920895,Low,3,8
Gipsy Hill Ward,3.4895463,Low,3,8
Plaistow Ward,3.484922,Low,3,8
Southfields Ward,3.4766967,Low,3,8
St. Helen's Ward,3.4721959,Low,3,8
Eltham Page Ward,3.470438,Low,3,8
Higham Hill Ward,3.4598074,Low,3,8
Mawneys Ward,3.438837,Low,3,8
Yeading Ward,3.4351351,Low,3,8
Champion Hill Ward,3.4259245,Low,3,8
South Twickenham Ward,3.4016845,Low,3,8
Cockfosters Ward,3.3968804,Low,3,8
Hanworth Park Ward,3.3924978,Low,3,8
Ridgeway Ward,3.3898685,Low,3,8
Newbury Ward,3.348043,Low,3,8
Heathfield Ward,3.3437407,Low,3,8
Crook Log Ward,3.3417706,Low,3,8
West Twickenham Ward,3.3382392,Low,3,8
Sidcup Ward,3.3319829,Low,3,8
Hampton Ward,3.3316565,Low,3,8
"Ham, Petersham & Richmond Riverside Ward",3.3194988,Low,3,8
Northwood Hills Ward,3.3096876,Low,3,8
Park Hill & Whitgift Ward,3.2880664,Low,3,8
Bowes Ward,3.2857983,Low,3,8
Hainault Ward,3.2806728,Low,3,8
Beddington Ward,3.269645,Low,3,8
Crayford Ward,3.2392313,Low,3,8
Squirrels Heath Ward,3.2324574,Low,3,8
Peckham Rye Ward,3.212636,Low,3,8
Plashet Ward,3.19295,Low,3,8
Elm Park Ward,3.1774638,Low,3,8
Wanstead Park Ward,3.1686718,Low,3,8
New Southgate Ward,3.1667347,Low,3,8
Sanderstead Ward,3.154624,Low,3,8
Colindale North Ward,3.1458106,Low,3,8
Camden Square Ward,3.1203814,Low,3,8
Centenary Ward,3.1135004,Low,3,8
High Barnet Ward,3.1118064,Low,3,8
Pimlico South Ward,3.110987,Low,3,8
Charlton Village & Riverside Ward,3.1082428,Low,3,8
Stamford Hill West Ward,3.0934896,Low,3,8
Isleworth Ward,3.0849326,Low,3,8
Bounds Green Ward,3.0798666,Low,3,8
Dalgarno Ward,3.0791225,Low,3,8
Beam Park Ward,3.071268,Low,3,8
Forest Gate North Ward,3.039894,Low,3,8
West Thamesmead Ward,3.0219133,Low,3,8
Petts Wood & Knoll Ward,2.9958153,Low,3,8
Falconwood & Welling Ward,2.9775589,Low,3,8
Wood Street Ward,2.9435136,Low,3,8
Wealdstone North Ward,2.9434955,Low,3,8
Markhouse Ward,2.9432204,Low,3,8
Hounslow South Ward,2.942732,Low,3,8
Hatch End Ward,2.940749,Low,3,8
Graveney Ward,2.9302716,Low,3,8
Seven Kings Ward,2.9217823,Low,3,8
Sutton West & East Cheam Ward,2.9105778,Low,3,8
Northwood Ward,2.9027627,Low,3,8
Shirley North Ward,2.8970988,Low,3,8
Lavender Fields Ward,2.8864071,Low,3,8
St. Helier West Ward,2.8688579,Low,3,8
Longbridge Ward,2.8268895,Very Low,1,8
West Heath Ward,2.8174272,Very Low,1,8
Wormholt Ward,2.8126202,Very Low,1,8
Pollards Hill Ward,2.8091772,Very Low,1,8
Canons Ward,2.799212,Very Low,1,8
Cathall Ward,2.7971208,Very Low,1,8
Endlebury Ward,2.7727885,Very Low,1,8
Farnborough & Crofton Ward,2.7614195,Very Low,1,8
New Addington South Ward,2.7542584,Very Low,1,8
Beam Ward,2.7523062,Very Low,1,8
Streatham Wells Ward,2.7516868,Very Low,1,8
Upper Walthamstow Ward,2.7274392,Very Low,1,8
South Beddington & Roundshaw Ward,2.6935518,Very Low,1,8
Carshalton South & Clockhouse Ward,2.6895385,Very Low,1,8
Whitton Ward,2.67964,Very Low,1,8
Preston Ward,2.6577866,Very Low,1,8
Shooters Hill Ward,2.647979,Very Low,1,8
Wendell Park Ward,2.6435938,Very Low,1,8
Norbiton Ward,2.6427069,Very Low,1,8
St. Mark's & Seething Wells Ward,2.6190422,Very Low,1,8
Hillingdon East Ward,2.6101644,Very Low,1,8
Surbiton Hill Ward,2.6079042,Very Low,1,8
Dulwich Hill Ward,2.5690548,Very Low,1,8
Northwick Park Ward,2.5443347,Very Low,1,8
Chingford Green Ward,2.543225,Very Low,1,8
Clementswood Ward,2.5426311,Very Low,1,8
Royal Albert Ward,2.5356271,Very Low,1,8
Wimbledon Town & Dundonald Ward,2.528108,Very Low,1,8
Kidbrooke Park Ward,2.512689,Very Low,1,8
Raynes Park Ward,2.5022032,Very Low,1,8
Shortlands & Park Langley Ward,2.4927747,Very Low,1,8
"Mottingham, Coldharbour & New Eltham Ward",2.4548664,Very Low,1,8
Marshalls & Rise Park Ward,2.4395294,Very Low,1,8
Ickenham & South Harefield Ward,2.4030309,Very Low,1,8
Barnehurst Ward,2.3984604,Very Low,1,8
St. Helier Ward,2.3910904,Very Low,1,8
Hayes & Coney Hall Ward,2.3892183,Very Low,1,8
The Wrythe Ward,2.3176672,Very Low,1,8
Becontree Ward,2.3057992,Very Low,1,8
Wallington North Ward,2.301521,Very Low,1,8
Selsdon Vale & Forestdale Ward,2.284769,Very Low,1,8
Thamesmead Moorings Ward,2.2693264,Very Low,1,8
Carshalton Central Ward,2.264236,Very Low,1,8
Coombe Vale Ward,2.2624724,Very Low,1,8
Coombe Hill Ward,2.262439,Very Low,1,8
Sudbury Ward,2.2469463,Very Low,1,8
Thames View Ward,2.2461834,Very Low,1,8
Biggin Hill Ward,2.2439768,Very Low,1,8
Hillside Ward,2.2076163,Very Low,1,8
Monkhams Ward,2.1820228,Very Low,1,8
Middle Park & Horn Park Ward,2.1737857,Very Low,1,8
Sutton North Ward,2.1679769,Very Low,1,8
St. Mary's & St. James Ward,2.1628325,Very Low,1,8
Hatch Lane & Highams Park North Ward,2.1478302,Very Low,1,8
Hale End & Highams Park South Ward,2.1408408,Very Low,1,8
Ruislip Manor Ward,2.1313748,Very Low,1,8
West Barnes Ward,2.1279683,Very Low,1,8
South Hornchurch Ward,2.1274111,Very Low,1,8
North Cheam Ward,2.1084292,Very Low,1,8
Southall West Ward,2.1021767,Very Low,1,8
Green Lane & St. James Ward,2.0976179,Very Low,1,8
Farringdon Without Ward,2.0794365,Very Low,1,8
Alibon Ward,2.0760899,Very Low,1,8
West Harrow Ward,2.0679395,Very Low,1,8
Northumberland Heath Ward,2.0660648,Very Low,1,8
Charlton Hornfair Ward,2.064407,Very Low,1,8
Island Gardens Ward,2.0618675,Very Low,1,8
Cheam Ward,2.0618067,Very Low,1,8
New Addington North Ward,2.0555701,Very Low,1,8
Eltham Park & Progress Ward,2.0370965,Very Low,1,8
Lower Morden Ward,2.028264,Very Low,1,8
Ravensbury Ward,1.9938407,Very Low,1,8
Kingston Gate Ward,1.9502798,Very Low,1,8
Heath Ward,1.9439029,Very Low,1,8
Darwin Ward,1.9233519,Very Low,1,8
Purley Oaks & Riddlesdown Ward,1.9207277,Very Low,1,8
Stonecot Ward,1.9121329,Very Low,1,8
Tokyngton Ward,1.9051584,Very Low,1,8
Merton Park Ward,1.8934684,Very Low,1,8
Tolworth Ward,1.8723198,Very Low,1,8
Underhill Ward,1.863354,Very Low,1,8
Charville Ward,1.8287407,Very Low,1,8
Farringdon Within Ward,1.8227172,Very Low,1,8
St. Helier East Ward,1.8085153,Very Low,1,8
Cranham Ward,1.7932945,Very Low,1,8
Coulsdon Town Ward,1.7853147,Very Low,1,8
Eastbrook & Rush Green Ward,1.7673223,Very Low,1,8
Shirley South Ward,1.7615696,Very Low,1,8
Emerson Park Ward,1.7291197,Very Low,1,8
Motspur Park & Old Malden East Ward,1.7129896,Very Low,1,8
Kenley Ward,1.7126845,Very Low,1,8
Hook & Chessington North Ward,1.7004979,Very Low,1,8
Canbury Gardens Ward,1.6729864,Very Low,1,8
Hillingdon West Ward,1.6585453,Very Low,1,8
Hackbridge Ward,1.6569948,Very Low,1,8
Roxbourne Ward,1.654535,Very Low,1,8
Chessington South & Malden Rushett Ward,1.6533278,Very Low,1,8
Oakwood Ward,1.6361258,Very Low,1,8
Cannon Hill Ward,1.6284775,Very Low,1,8
King George's & Sunray Ward,1.6064821,Very Low,1,8
North Harrow Ward,1.59196,Very Low,1,8
Worcester Park North Ward,1.5756407,Very Low,1,8
Kenton East Ward,1.5751786,Very Low,1,8
Old Coulsdon Ward,1.5510709,Very Low,1,8
Harefield Village Ward,1.5509226,Very Low,1,8
Chelsfield Ward,1.5095395,Very Low,1,8
Kenton West Ward,1.5022763,Very Low,1,8
Rayners Lane Ward,1.4695177,Very Low,1,8
Worcester Park South Ward,1.4452623,Very Low,1,8
Blackfen & Lamorbey Ward,1.426092,Very Low,1,8
Alexandra Ward,1.3514284,Very Low,1,8
Old Malden Ward,1.3454366,Very Low,1,8
Blendon & Penhill Ward,1.3233912,Very Low,1,8
Longlands Ward,1.2791272,Very Low,1,8
Tudor Ward,1.2753361,Very Low,1,8
Berrylands Ward,1.0236505,Very Low,1,8
Hacton Ward,0.9941621,Very Low,1,8
Tower Ward,0.9800936,Very Low,1,8
Castle Baynard Ward,0.7622555,Very Low,1,8
Cordwainer Ward,0.7451318,Very Low,1,8
Coleman Street Ward,0.7405676,Very Low,1,8
Bishopsgate Ward,0.7129809,Very Low,1,8
Vintry Ward,0.64085406,Very Low,1,8
Dowgate Ward,0.5695824,Very Low,1,8
Bread Street Ward,0.5518996,Very Low,1,8
Aldgate Ward,0.5017698,Very Low,1,8
Langbourn Ward,0.45746055,Very Low,1,8
Broad Street Ward,0.4304983,Very Low,1,8
Candlewick Ward,0.4304983,Very Low,1,8
Lime Street Ward,0.4304983,Very Low,1,8
Cornhill Ward,0.4304983,Very Low,1,8
Cheap Ward,0.4304983,Very Low,1,8
Walbrook Ward,0.4304983,Very Low,1,8
Aldersgate Ward,0.41056064,Very Low,1,8
Billingsgate Ward,0.2669142,Very Low,1,8
Cripplegate Ward,0.2611853,Very Low,1,8
Bassishaw Ward,0.23422302,Very Low,1,8
Queenhithe Ward,0.23422302,Very Low,1,8
Portsoken Ward,0.056190472,Very Low,1,8
West End Ward,53.525414,Very High,18,9
Kilburn Ward,49.980946,Very High,18,9
Lea Bridge Ward,46.738235,Very High,18,9
Regent's Park Ward,34.929874,Very High,18,9
St. James's Ward,34.239456,Very High,18,9
Marylebone Ward,32.015396,Very High,18,9
Highgate Ward,31.872883,Very High,18,9
Edgware Ward,29.124006,Very High,18,9
Village Ward,22.311935,Very High,17,9
Bloomsbury Ward,22.289259,Very High,17,9
Holborn & Covent Garden Ward,21.818813,Very High,17,9
Woodside Ward,18.65296,Very High,17,9
Wandle Ward,16.9869,Very High,17,9
Borough & Bankside Ward,16.323872,Very High,17,9
Abbey Ward,16.304731,Very High,17,9
Bethnal Green West Ward,15.077641,Very High,17,9
Fairfield Ward,14.895024,Very High,17,9
Hoxton East & Shoreditch Ward,14.541904,Very High,17,9
Childs Hill Ward,14.269634,Very High,17,9
Bow East Ward,14.049621,Very High,17,9
North Walworth Ward,13.910301,Very High,17,9
Hyde Park Ward,13.712045,Very High,17,9
Spitalfields & Banglatown Ward,13.442607,Very High,17,9
London Fields Ward,13.078688,Very High,17,9
Bayswater Ward,12.37402,Very High,17,9
Lancaster Gate Ward,12.236243,Very High,17,9
Deptford Ward,12.216437,Very High,17,9
Finsbury Park Ward,12.048511,Very High,17,9
London Bridge & West Bermondsey Ward,12.02629,Very High,17,9
Stratford Olympic Park Ward,11.835922,Very High,17,9
Stratford Ward,11.492389,Very High,17,9
Mile End Ward,11.434398,Very High,17,9
Belmont Ward,11.422981,Very High,17,9
Harlesden & Kensal Green Ward,11.181179,Very High,17,9
Queens Park Ward,11.170504,Very High,17,9
Rushey Green Ward,11.056015,Very High,17,9
Lansbury Ward,10.990585,Very High,17,9
Rye Lane Ward,10.966925,Very High,17,9
Balham Ward,10.935303,Very High,17,9
Whitechapel Ward,10.884515,Very High,17,9
Clapham Town Ward,10.844756,Very High,17,9
Bunhill Ward,10.758183,Very High,17,9
Homerton Ward,10.674217,Very High,17,9
Edmonton Green Ward,10.558976,Very High,17,9
Brixton North Ward,10.501111,Very High,17,9
Hendon Ward,10.4162245,Very High,17,9
Hackney Central Ward,10.378592,Very High,17,9
Junction Ward,10.326275,Very High,17,9
Brockley Ward,10.289385,Very High,17,9
Hackney Downs Ward,10.272653,Very High,17,9
Bethnal Green East Ward,10.23158,Very High,17,9
Northumberland Park Ward,10.228963,Very High,17,9
Dollis Hill Ward,10.216213,Very High,17,9
Tollington Ward,10.203242,Very High,17,9
Brixton Acre Lane Ward,10.187517,Very High,17,9
Waterloo & South Bank Ward,10.080343,Very High,17,9
North Acton Ward,9.995827,Very High,17,9
Colville Ward,9.973787,Very High,17,9
Broad Green Ward,9.944701,Very High,17,9
Haggerston Ward,9.893171,Very High,17,9
South Bermondsey Ward,9.874546,Very High,17,9
Upper Edmonton Ward,9.734192,Very High,17,9
Weavers Ward,9.693671,Very High,17,9
Wandsworth Town Ward,9.667088,Very High,17,9
Bridge Ward,9.508365,Very High,17,9
Stonebridge Ward,9.4992695,Very High,17,9
Burnt Oak Ward,9.263816,Very High,17,9
Herne Hill & Loughborough Junction Ward,9.256612,Very High,17,9
West Thornton Ward,9.232516,Very High,17,9
Chiswick Gunnersbury Ward,9.081053,Very High,17,9
Chaucer Ward,9.042144,Very High,17,9
Heathrow Villages Ward,9.0166235,Very High,17,9
Hither Green Ward,8.974826,Very High,17,9
Brimsdown Ward,8.890819,Very High,17,9
Blackheath Ward,8.869836,Very High,17,9
Battersea Park Ward,8.834085,Very High,17,9
West Finchley Ward,8.829449,Very High,17,9
Canary Wharf Ward,8.823128,Very High,17,9
St. Giles Ward,8.782193,Very High,17,9
Uxbridge Ward,8.704459,Very High,17,9
East Ham Ward,8.700224,Very High,17,9
Cricklewood Ward,8.592552,Very High,17,9
Hoxton West Ward,8.4647255,Very High,17,9
Clerkenwell Ward,8.450498,Very High,17,9
Ladywell Ward,8.381892,Very High,17,9
Hayes Town Ward,8.358852,Very High,17,9
Roundwood Ward,8.349936,Very High,17,9
Pinkwell Ward,8.343762,Very High,17,9
Crouch End Ward,8.316936,Very High,17,9
Holloway Ward,8.304738,Very High,17,9
King's Cross Ward,8.30367,Very High,17,9
St. Paul's Cray Ward,8.29717,Very High,17,9
Finchley Church End Ward,8.267386,Very High,17,9
Cricklewood & Mapesbury Ward,8.247216,Very High,17,9
Hillrise Ward,8.178714,Very High,17,9
Abbey Road Ward,8.154062,Very High,17,9
Friern Barnet Ward,8.115609,Very High,17,9
Bruce Castle Ward,8.058274,Very High,17,9
Noel Park Ward,8.057918,Very High,17,9
Hackney Wick Ward,8.048718,Very High,17,9
Forest Gate South Ward,7.989397,Very High,17,9
St. Peter's & Canalside Ward,7.984512,Very High,17,9
College Park & Old Oak Ward,7.979741,Very High,17,9
Ponders End Ward,7.9551196,Very High,17,9
Norwood Green Ward,7.947956,Very High,17,9
Enfield Lock Ward,7.913,Very High,17,9
Knightsbridge & Belgravia Ward,7.881325,Very High,17,9
Stoke Newington Ward,7.8731737,Very High,17,9
Heaton Ward,7.873146,Very High,17,9
Greenwich Peninsula Ward,7.870377,Very High,17,9
Brompton & Hans Town Ward,7.8189626,Very High,17,9
Maida Vale Ward,7.778901,Very High,17,9
St. Mary's & St. James' Ward,7.7611217,Very High,17,9
Selhurst Ward,7.7286906,Very High,17,9
South Acton Ward,7.6977844,Very High,17,9
Welsh Harp Ward,7.685371,Very High,17,9
Brondesbury Park Ward,7.6717534,Very High,17,9
Campden Ward,7.579407,Very High,17,9
Willesden Green Ward,7.5645823,Very High,17,9
Goodmayes Ward,7.5392675,Very High,17,9
Bow West Ward,7.5147963,Very High,17,9
South Hampstead Ward,7.4999275,Very High,17,9
Courtfield Ward,7.4821506,Very High,17,9
St. Mary's Ward,7.46826,Very High,17,9
Lavender Ward,7.466517,Very High,17,9
Springfield Ward,7.437314,Very High,17,9
Tottenham Central Ward,7.432667,Very High,17,9
South Woodford Ward,7.4124117,Very High,17,9
Haselbury Ward,7.3794384,Very High,17,9
Dalston Ward,7.3672924,Very High,17,9
Peckham Ward,7.3583717,Very High,17,9
Catford South Ward,7.322449,Very High,17,9
Leyton Ward,7.3177624,Very High,17,9
Little Venice Ward,7.2641335,Very High,17,9
Belsize Ward,7.2636266,Very High,17,9
Golborne Ward,7.2359734,Very High,17,9
Ilford Town Ward,7.2309017,Very High,17,9
Gooshays Ward,7.193218,Very High,17,9
West Hendon Ward,7.160878,Very High,17,9
Faraday Ward,7.146267,High,9,9
Old Kent Road Ward,7.125836,High,9,9
Greenwich Park Ward,7.102584,High,9,9
Tooting Broadway Ward,7.093097,High,9,9
Waddon Ward,7.007843,High,9,9
Harringay Ward,6.9675307,High,9,9
Mildmay Ward,6.941496,High,9,9
Leytonstone Ward,6.9180264,High,9,9
South Richmond Ward,6.91163,High,9,9
Streatham St. Leonard's Ward,6.8216124,High,9,9
Lower Edmonton Ward,6.818627,High,9,9
Southall Green Ward,6.776343,High,9,9
Perry Vale Ward,6.772993,High,9,9
Nunhead & Queen's Road Ward,6.7697897,High,9,9
St. Pancras & Somers Town Ward,6.7625976,High,9,9
North Bermondsey Ward,6.739072,High,9,9
High Street Ward,6.7248116,High,9,9
Shaftesbury & Queenstown Ward,6.7145658,High,9,9
Clapham Common & Abbeville Ward,6.71425,High,9,9
Stanley Ward,6.657628,High,9,9
Church Street Ward,6.6297407,High,9,9
White Hart Lane Ward,6.6270185,High,9,9
Penge & Cator Ward,6.60433,High,9,9
Bromley North Ward,6.601238,High,9,9
Westbourne Ward,6.5747256,High,9,9
West Hampstead Ward,6.5636716,High,9,9
Earl's Court Ward,6.5612416,High,9,9
Stockwell West & Larkhall Ward,6.520994,High,9,9
Sydenham Ward,6.5078506,High,9,9
Garden Suburb Ward,6.460107,High,9,9
Yiewsley Ward,6.4596395,High,9,9
Hoe Street Ward,6.449734,High,9,9
West Drayton Ward,6.439626,High,9,9
East Acton Ward,6.4313693,High,9,9
East Greenwich Ward,6.3794456,High,9,9
Hanwell Broadway Ward,6.360924,High,9,9
Town Ward,6.340391,High,9,9
Highbury Ward,6.2884316,High,9,9
Crofton Park Ward,6.274477,High,9,9
Bush Hill Park Ward,6.265218,High,9,9
Haverstock Ward,6.2578306,High,9,9
Vauxhall Ward,6.252987,High,9,9
Addiscombe West Ward,6.242143,High,9,9
Custom House Ward,6.2266393,High,9,9
New Cross Gate Ward,6.208748,High,9,9
Wanstead Village Ward,6.19837,High,9,9
Forest Ward,6.193577,High,9,9
Beckton Ward,6.180259,High,9,9
Camden Town Ward,6.179521,High,9,9
Abbey Wood Ward,6.1763535,High,9,9
East Putney Ward,6.143053,High,9,9
Brixton Windrush Ward,6.123223,High,9,9
Purley & Woodcote Ward,6.108619,High,9,9
Victoria Ward,6.1067533,High,9,9
Wood End Ward,6.1026864,High,9,9
Cann Hall Ward,6.0754223,High,9,9
Kennington Ward,6.069373,High,9,9
Streatham Common & Vale Ward,6.061738,High,9,9
Tufnell Park Ward,6.0556054,High,9,9
Oval Ward,6.033809,High,9,9
Redcliffe Ward,6.0327144,High,9,9
Bromley Town Ward,6.023957,High,9,9
Green Street East Ward,6.0206537,High,9,9
Barnsbury Ward,6.007859,High,9,9
Plaistow West & Canning Town East Ward,6.0073566,High,9,9
West Green Ward,6.003266,High,9,9
Coningham Ward,5.9957075,High,9,9
Harrow Road Ward,5.9866934,High,9,9
Camberwell Green Ward,5.9775457,High,9,9
Knight's Hill Ward,5.972951,High,9,9
Stroud Green Ward,5.9545383,High,9,9
Clapham East Ward,5.9478793,High,9,9
St. Katharine's & Wapping Ward,5.9160657,High,9,9
Larkswood Ward,5.8962846,High,9,9
Palmers Green Ward,5.8905606,High,9,9
Gospel Oak Ward,5.8707643,High,9,9
Perivale Ward,5.866781,High,9,9
Woolwich Arsenal Ward,5.866764,High,9,9
Barkingside Ward,5.8643703,High,9,9
Woolwich Common Ward,5.8634014,High,9,9
Caledonian Ward,5.860617,High,9,9
Clissold Ward,5.8487306,High,9,9
Plumstead & Glyndon Ward,5.817774,High,9,9
Falconbrook Ward,5.8002505,High,9,9
Tottenham Hale Ward,5.7975736,High,9,9
Shadwell Ward,5.7908673,High,9,9
Hanger Hill Ward,5.7594576,High,9,9
Kingston Town Ward,5.74842,High,9,9
Laycock Ward,5.7303514,High,9,9
Royal Victoria Ward,5.7277875,High,9,9
Jubilee Ward,5.7270207,High,9,9
Thamesfield Ward,5.725437,High,9,9
Blackwall & Cubitt Town Ward,5.7252746,High,9,9
Downham Ward,5.7164826,High,9,9
Shepherd's Bush Green Ward,5.7098494,High,9,9
Hermitage & Gardens Ward,5.6923575,High,9,9
South Tottenham Ward,5.6853924,High,9,9
Northbury Ward,5.684686,High,9,9
Seven Sisters Ward,5.681151,High,9,9
Goose Green Ward,5.6767855,High,9,9
St. Dunstan's Ward,5.676693,High,9,9
Brownswood Ward,5.675834,High,9,9
Bensham Manor Ward,5.6720996,High,9,9
Cricket Green Ward,5.6715236,High,9,9
St. James Ward,5.6705823,High,9,9
Evelyn Ward,5.6664762,High,9,9
Hornsey Ward,5.660995,High,9,9
Plaistow South Ward,5.6567774,High,9,9
Hounslow Heath Ward,5.648578,High,9,9
Walpole Ward,5.647409,High,9,9
Fortune Green Ward,5.645477,High,9,9
Aldborough Ward,5.635697,High,9,9
Lewisham Central Ward,5.6355634,High,9,9
St. Mary Cray Ward,5.6164365,High,9,9
Fulham Town Ward,5.604421,High,9,9
Arsenal Ward,5.587825,High,9,9
Osterley & Spring Grove Ward,5.587679,High,9,9
Colindale South Ward,5.585762,High,9,9
East Finchley Ward,5.585035,High,9,9
Pitshanger Ward,5.5712657,High,9,9
Ealing Common Ward,5.555293,High,9,9
Pimlico North Ward,5.54169,High,9,9
Thornton Heath Ward,5.5131054,High,9,9
Valley Ward,5.511175,High,9,9
Brook Green Ward,5.5068088,High,9,9
Rush Green & Crowlands Ward,5.5049944,High,9,9
Hounslow Central Ward,5.4979005,High,9,9
Grove Green Ward,5.4853973,High,9,9
Chiswick Homefields Ward,5.4833274,High,9,9
Southbury Ward,5.480358,High,9,9
Manor Park Ward,5.4782877,High,9,9
Maryland Ward,5.462632,High,9,9
Hammersmith Broadway Ward,5.45783,High,9,9
Tooting Bec Ward,5.414845,High,9,9
West Ham Ward,5.405342,High,9,9
Myatt's Fields Ward,5.399848,High,9,9
Royal Hospital Ward,5.3995724,High,9,9
Kentish Town South Ward,5.3927703,High,9,9
Brixton Rush Common Ward,5.387881,Medium,6,9
Whalebone Ward,5.3848863,Medium,6,9
Whitewebbs Ward,5.382331,Medium,6,9
Harold Wood Ward,5.3735433,Medium,6,9
Totteridge & Woodside Ward,5.3688455,Medium,6,9
Norbury & Pollards Hill Ward,5.3657794,Medium,6,9
Clapham Park Ward,5.35068,Medium,6,9
De Beauvoir Ward,5.346848,Medium,6,9
Brunswick Park Ward,5.3374863,Medium,6,9
Belvedere Ward,5.322777,Medium,6,9
South Norwood Ward,5.3068223,Medium,6,9
West Kensington Ward,5.2608757,Medium,6,9
Surrey Docks Ward,5.2571025,Medium,6,9
Nine Elms Ward,5.255084,Medium,6,9
Green Street West Ward,5.244847,Medium,6,9
West Putney Ward,5.236548,Medium,6,9
Munster Ward,5.2364964,Medium,6,9
Heston West Ward,5.2281733,Medium,6,9
East Sheen Ward,5.214057,Medium,6,9
Golders Green Ward,5.207007,Medium,6,9
Feltham West Ward,5.199814,Medium,6,9
Bromley South Ward,5.191884,Medium,6,9
Shacklewell Ward,5.18695,Medium,6,9
Brentford East Ward,5.1822824,Medium,6,9
Canning Town North Ward,5.1814775,Medium,6,9
Plumstead Common Ward,5.1814194,Medium,6,9
Furzedown Ward,5.181005,Medium,6,9
Holland Ward,5.167189,Medium,6,9
Ealing Broadway Ward,5.156398,Medium,6,9
Roehampton Ward,5.145508,Medium,6,9
Newington Ward,5.1420135,Medium,6,9
Canning Town South Ward,5.1415524,Medium,6,9
Forest Hill Ward,5.1184716,Medium,6,9
Southgate Ward,5.1154885,Medium,6,9
Walham Green Ward,5.1072283,Medium,6,9
Telegraph Hill Ward,5.099844,Medium,6,9
Loxford Ward,5.0972667,Medium,6,9
Bellingham Ward,5.08599,Medium,6,9
St. Edward's Ward,5.061451,Medium,6,9
Plaistow North Ward,5.051492,Medium,6,9
Beckenham Town & Copers Cope Ward,5.039524,Medium,6,9
Harrow Weald Ward,5.02583,Medium,6,9
East Ham South Ward,5.01624,Medium,6,9
Little Ilford Ward,4.981992,Medium,6,9
Dulwich Wood Ward,4.971243,Medium,6,9
Addison Ward,4.9602036,Medium,6,9
Syon & Brentford Lock Ward,4.960097,Medium,6,9
Queensbury Ward,4.9515266,Medium,6,9
Belmore Ward,4.9319863,Medium,6,9
Lee Green Ward,4.9297166,Medium,6,9
William Morris Ward,4.9213953,Medium,6,9
Mottingham Ward,4.9170713,Medium,6,9
Chapel End Ward,4.9158416,Medium,6,9
Thamesmead East Ward,4.9140553,Medium,6,9
Hanworth Village Ward,4.899719,Medium,6,9
Woodhouse Ward,4.8970265,Medium,6,9
Fortis Green Ward,4.8949413,Medium,6,9
Arnos Grove Ward,4.87528,Medium,6,9
Crystal Palace & Anerley Ward,4.87009,Medium,6,9
Woodberry Down Ward,4.8639154,Medium,6,9
Carterhatch Ward,4.858696,Medium,6,9
Eastbury Ward,4.8549848,Medium,6,9
Mill Hill Ward,4.8389688,Medium,6,9
Fulham Reach Ward,4.8289576,Medium,6,9
Mortlake & Barnes Common Ward,4.7993045,Medium,6,9
Hounslow West Ward,4.7811418,Medium,6,9
Pembridge Ward,4.7710023,Medium,6,9
Goresbrook Ward,4.7631216,Medium,6,9
Valence Ward,4.752169,Medium,6,9
Orpington Ward,4.7181683,Medium,6,9
Palace & Hurlingham Ward,4.713488,Medium,6,9
King's Park Ward,4.6952767,Medium,6,9
Rotherhithe Ward,4.6743975,Medium,6,9
Queen's Park Ward,4.6703386,Medium,6,9
Valentines Ward,4.625918,Medium,6,9
Ravenscourt Ward,4.617017,Medium,6,9
West Dulwich Ward,4.616272,Medium,6,9
Northolt Mandeville Ward,4.610458,Medium,6,9
Mayfield Ward,4.605817,Medium,6,9
Sands End Ward,4.605471,Medium,6,9
Abingdon Ward,4.6013308,Medium,6,9
Cazenove Ward,4.600882,Medium,6,9
Wall End Ward,4.588303,Medium,6,9
Roxeth Ward,4.579196,Medium,6,9
Notting Dale Ward,4.5653653,Medium,6,9
Kentish Town North Ward,4.565322,Medium,6,9
Wembley Hill Ward,4.562883,Medium,6,9
Southfield Ward,4.5572157,Medium,6,9
Vincent Square Ward,4.553917,Medium,6,9
St. Martin's Ward,4.5440855,Medium,6,9
Hylands & Harrow Lodge Ward,4.539668,Medium,6,9
Chiswick Riverside Ward,4.5288258,Medium,6,9
Colliers Wood Ward,4.4964476,Medium,6,9
Canonbury Ward,4.4946847,Medium,6,9
Stockwell East Ward,4.4826174,Medium,6,9
Kidbrooke Village & Sutcliffe Ward,4.465039,Medium,6,9
Southall Broadway Ward,4.445799,Medium,6,9
Wembley Park Ward,4.4417486,Medium,6,9
St. George's Ward,4.4362545,Medium,6,9
Grove Park Ward,4.4289193,Medium,6,9
Beam Park Ward,4.420859,Medium,6,9
Churchfields Ward,4.4173284,Medium,6,9
Alperton Ward,4.4147196,Medium,6,9
East Barnet Ward,4.399164,Medium,6,9
Heston East Ward,4.388855,Medium,6,9
Cathall Ward,4.3847094,Medium,6,9
Greenhill Ward,4.383805,Medium,6,9
Fullwell Ward,4.379945,Medium,6,9
Wandsworth Common Ward,4.3781314,Medium,6,9
Northfield Ward,4.3593626,Medium,6,9
Chislehurst Ward,4.353619,Medium,6,9
Cranford Ward,4.3534155,Medium,6,9
New Malden Village Ward,4.3533216,Medium,6,9
Slade Green & Northend Ward,4.351721,Medium,6,9
Stepney Green Ward,4.3198385,Medium,6,9
Cheam Ward,4.297288,Medium,6,9
Mawneys Ward,4.2872243,Medium,6,9
Barnet Vale Ward,4.2645726,Medium,6,9
Addiscombe East Ward,4.2482543,Medium,6,9
Havering-atte-Bower Ward,4.237951,Medium,6,9
Sanderstead Ward,4.2328415,Medium,6,9
Colham & Cowley Ward,4.2298145,Medium,6,9
Bedfont Ward,4.208348,Medium,6,9
Headstone Ward,4.198228,Medium,6,9
Streatham Hill West & Thornton Ward,4.19745,Medium,6,9
Heston Central Ward,4.197038,Medium,6,9
Central Greenford Ward,4.1875224,Medium,6,9
St. Margarets & North Twickenham Ward,4.1867394,Medium,6,9
Greenford Broadway Ward,4.181956,Medium,6,9
Crystal Palace & Upper Norwood Ward,4.1789417,Medium,6,9
Chelsea Riverside Ward,4.175344,Medium,6,9
Barnhill Ward,4.1562867,Medium,6,9
Primrose Hill Ward,4.1515408,Medium,6,9
Stanmore Ward,4.126546,Medium,6,9
Dulwich Village Ward,4.108099,Medium,6,9
Selsdon & Addington Village Ward,4.102054,Medium,6,9
Muswell Hill Ward,4.0816755,Medium,6,9
Ruislip Ward,4.0785832,Medium,6,9
Clock House Ward,4.0755663,Medium,6,9
Hampstead Town Ward,4.074554,Low,3,9
North Hanwell Ward,4.0729117,Low,3,9
Lillie Ward,4.055748,Low,3,9
Higham Hill Ward,4.0350957,Low,3,9
Frognal Ward,4.0278907,Low,3,9
Erith Ward,4.0192466,Low,3,9
Boleyn Ward,4.0150905,Low,3,9
Northolt West End Ward,4.0146055,Low,3,9
Feltham North Ward,4.0059276,Low,3,9
Barnes Ward,3.9970396,Low,3,9
Blackheath Westcombe Ward,3.9952939,Low,3,9
Parsloes Ward,3.9914122,Low,3,9
Kew Ward,3.981196,Low,3,9
Sutton Central Ward,3.973271,Low,3,9
South Balham Ward,3.9730418,Low,3,9
Kenton Ward,3.9661129,Low,3,9
St. Ann's Ward,3.944329,Low,3,9
Gascoigne Ward,3.934224,Low,3,9
West Barnes Ward,3.929004,Low,3,9
New Southgate Ward,3.927097,Low,3,9
Wimbledon Park Ward,3.920992,Low,3,9
Bexleyheath Ward,3.9177651,Low,3,9
White City Ward,3.9157877,Low,3,9
Whetstone Ward,3.9155178,Low,3,9
North Richmond Ward,3.8979306,Low,3,9
Kingsbury Ward,3.8978105,Low,3,9
Pinner Ward,3.8739195,Low,3,9
Figge's Marsh Ward,3.8616526,Low,3,9
Edgwarebury Ward,3.855465,Low,3,9
Barking Riverside Ward,3.853445,Low,3,9
Hainault Ward,3.8490603,Low,3,9
Longthornton Ward,3.837611,Low,3,9
North Greenford Ward,3.8237073,Low,3,9
Fulwell & Hampton Hill Ward,3.8190072,Low,3,9
Marlborough Ward,3.8104656,Low,3,9
South Croydon Ward,3.8054006,Low,3,9
Parsons Green & Sandford Ward,3.8034906,Low,3,9
Wallington South Ward,3.7617598,Low,3,9
Dormers Wells Ward,3.7587705,Low,3,9
Eastcote Ward,3.7561445,Low,3,9
Grange Park Ward,3.7548604,Low,3,9
Norland Ward,3.7500947,Low,3,9
Winchmore Hill Ward,3.748678,Low,3,9
Hounslow East Ward,3.7412171,Low,3,9
Avonmore Ward,3.7370028,Low,3,9
South Ruislip Ward,3.710733,Low,3,9
Wanstead Park Ward,3.7042346,Low,3,9
Dalgarno Ward,3.6911347,Low,3,9
Sutton South Ward,3.6820052,Low,3,9
St. Andrew's Ward,3.6726165,Low,3,9
Bromley Common & Holwood Ward,3.671562,Low,3,9
Champion Hill Ward,3.6711826,Low,3,9
Teddington Ward,3.6614025,Low,3,9
Lady Margaret Ward,3.6530995,Low,3,9
St. Helen's Ward,3.651432,Low,3,9
Kelsey & Eden Park Ward,3.6173718,Low,3,9
Hampton Wick & South Teddington Ward,3.6142457,Low,3,9
Fairlop Ward,3.6014845,Low,3,9
Clayhall Ward,3.5993454,Low,3,9
Brentford West Ward,3.5949574,Low,3,9
Chadwell Heath Ward,3.5870852,Low,3,9
Norbury Park Ward,3.5867393,Low,3,9
Wealdstone South Ward,3.5838306,Low,3,9
Upminster Ward,3.5785246,Low,3,9
Alexandra Park Ward,3.577162,Low,3,9
Harrow on the Hill Ward,3.5745656,Low,3,9
Lavender Fields Ward,3.5728283,Low,3,9
Poplar Ward,3.5412717,Low,3,9
Twickenham Riverside Ward,3.5367346,Low,3,9
Mayesbrook Ward,3.529136,Low,3,9
Peckham Rye Ward,3.5210078,Low,3,9
Raynes Park Ward,3.5209832,Low,3,9
Rainham & Wennington Ward,3.4966397,Low,3,9
Greenwich Creekside Ward,3.4861767,Low,3,9
Chadwell Ward,3.477279,Low,3,9
Wood Street Ward,3.4662032,Low,3,9
Eltham Page Ward,3.4650884,Low,3,9
Bullsmoor Ward,3.4609568,Low,3,9
Hampton Ward,3.453387,Low,3,9
Plashet Ward,3.4458697,Low,3,9
Elm Park Ward,3.3982809,Low,3,9
Streatham Hill East Ward,3.3977442,Low,3,9
Southfields Ward,3.396038,Low,3,9
Highfield Ward,3.3949037,Low,3,9
Grove Ward,3.391871,Low,3,9
Northcote Ward,3.3733728,Low,3,9
Gipsy Hill Ward,3.3723516,Low,3,9
West Hill Ward,3.3654046,Low,3,9
Wembley Central Ward,3.3648837,Low,3,9
West Wickham Ward,3.3489478,Low,3,9
Trinity Ward,3.3470168,Low,3,9
Beddington Ward,3.3423324,Low,3,9
Cranbrook Ward,3.339008,Low,3,9
"Ham, Petersham & Richmond Riverside Ward",3.3385813,Low,3,9
East Wickham Ward,3.3341103,Low,3,9
Bounds Green Ward,3.330435,Low,3,9
Bowes Ward,3.311249,Low,3,9
St. Alban's Ward,3.310268,Low,3,9
Colindale North Ward,3.2961445,Low,3,9
Hampton North Ward,3.287228,Low,3,9
Farnborough & Crofton Ward,3.2846773,Low,3,9
Squirrels Heath Ward,3.2807305,Low,3,9
Woolwich Dockyard Ward,3.2787673,Low,3,9
Hanworth Park Ward,3.2739167,Low,3,9
Pinner South Ward,3.2717273,Low,3,9
Plaistow Ward,3.2707107,Low,3,9
Isleworth Ward,3.261327,Low,3,9
Bickley & Sundridge Ward,3.2558308,Low,3,9
Kidbrooke Park Ward,3.2533715,Low,3,9
Sidcup Ward,3.2460282,Low,3,9
West Twickenham Ward,3.2384496,Low,3,9
Carshalton South & Clockhouse Ward,3.229032,Low,3,9
Cockfosters Ward,3.2128606,Low,3,9
Crayford Ward,3.2051504,Low,3,9
Northwood Hills Ward,3.1850264,Low,3,9
Newbury Ward,3.1824567,Low,3,9
Limehouse Ward,3.1815145,Low,3,9
Crook Log Ward,3.1623995,Low,3,9
South Twickenham Ward,3.157997,Low,3,9
Stamford Hill West Ward,3.146211,Low,3,9
Camden Square Ward,3.143173,Low,3,9
Centenary Ward,3.1240613,Low,3,9
Seven Kings Ward,3.1225746,Low,3,9
Eltham Town & Avery Hill Ward,3.1019862,Low,3,9
Charlton Village & Riverside Ward,3.0881546,Low,3,9
Park Hill & Whitgift Ward,3.0831099,Low,3,9
Queen's Gate Ward,3.081847,Low,3,9
High Barnet Ward,3.0567691,Low,3,9
Pimlico South Ward,3.0523133,Low,3,9
Yeading Ward,3.0303628,Low,3,9
West Thamesmead Ward,3.0103629,Low,3,9
Streatham Wells Ward,2.9650197,Low,3,9
Shirley North Ward,2.9501226,Low,3,9
Forest Gate North Ward,2.9202118,Low,3,9
Wealdstone North Ward,2.9199588,Low,3,9
Graveney Ward,2.8951228,Low,3,9
Heathfield Ward,2.8912623,Low,3,9
Ridgeway Ward,2.865786,Low,3,9
St. Helier West Ward,2.8464096,Very Low,1,9
South Beddington & Roundshaw Ward,2.8206403,Very Low,1,9
Hounslow South Ward,2.8008642,Very Low,1,9
Whitton Ward,2.7784066,Very Low,1,9
Beam Ward,2.7738316,Very Low,1,9
Hatch End Ward,2.748121,Very Low,1,9
Wimbledon Town & Dundonald Ward,2.7268806,Very Low,1,9
Thamesmead Moorings Ward,2.7265675,Very Low,1,9
Norbiton Ward,2.717497,Very Low,1,9
Sutton West & East Cheam Ward,2.7146664,Very Low,1,9
Longbridge Ward,2.6885278,Very Low,1,9
Markhouse Ward,2.6719873,Very Low,1,9
Upper Walthamstow Ward,2.6434803,Very Low,1,9
"Mottingham, Coldharbour & New Eltham Ward",2.6410813,Very Low,1,9
Becontree Ward,2.6215808,Very Low,1,9
Pollards Hill Ward,2.620459,Very Low,1,9
Northwick Park Ward,2.6105154,Very Low,1,9
Endlebury Ward,2.5849915,Very Low,1,9
Marshalls & Rise Park Ward,2.5533752,Very Low,1,9
Northwood Ward,2.5486662,Very Low,1,9
South Hornchurch Ward,2.533592,Very Low,1,9
Royal Albert Ward,2.52785,Very Low,1,9
West Heath Ward,2.5089843,Very Low,1,9
Hayes & Coney Hall Ward,2.506734,Very Low,1,9
Dulwich Hill Ward,2.5060616,Very Low,1,9
The Wrythe Ward,2.5020518,Very Low,1,9
Monkhams Ward,2.501156,Very Low,1,9
Petts Wood & Knoll Ward,2.4982717,Very Low,1,9
Falconwood & Welling Ward,2.4786646,Very Low,1,9
Shooters Hill Ward,2.4557285,Very Low,1,9
Selsdon Vale & Forestdale Ward,2.4556503,Very Low,1,9
Sutton North Ward,2.4381557,Very Low,1,9
Surbiton Hill Ward,2.4353294,Very Low,1,9
Wendell Park Ward,2.4343996,Very Low,1,9
Shortlands & Park Langley Ward,2.43164,Very Low,1,9
Chingford Green Ward,2.4312298,Very Low,1,9
Hatch Lane & Highams Park North Ward,2.3959358,Very Low,1,9
Eltham Park & Progress Ward,2.376642,Very Low,1,9
St. Mark's & Seething Wells Ward,2.3749442,Very Low,1,9
New Addington South Ward,2.3536074,Very Low,1,9
Preston Ward,2.348688,Very Low,1,9
Island Gardens Ward,2.340458,Very Low,1,9
North Cheam Ward,2.317871,Very Low,1,9
St. Helier Ward,2.3028367,Very Low,1,9
Clementswood Ward,2.2986436,Very Low,1,9
Stonecot Ward,2.2939053,Very Low,1,9
Carshalton Central Ward,2.2860184,Very Low,1,9
Coombe Hill Ward,2.2717984,Very Low,1,9
Wormholt Ward,2.2610786,Very Low,1,9
Sudbury Ward,2.2225602,Very Low,1,9
Wallington North Ward,2.2163582,Very Low,1,9
Merton Park Ward,2.210863,Very Low,1,9
Charlton Hornfair Ward,2.183069,Very Low,1,9
Thames View Ward,2.1629457,Very Low,1,9
Hillingdon East Ward,2.1623678,Very Low,1,9
Middle Park & Horn Park Ward,2.1513052,Very Low,1,9
Farringdon Without Ward,2.1418116,Very Low,1,9
West Harrow Ward,2.12869,Very Low,1,9
Canons Ward,2.128528,Very Low,1,9
Darwin Ward,2.1124766,Very Low,1,9
Northumberland Heath Ward,2.078412,Very Low,1,9
Ickenham & South Harefield Ward,2.0650356,Very Low,1,9
Southall West Ward,2.030458,Very Low,1,9
Alibon Ward,2.0289817,Very Low,1,9
Hale End & Highams Park South Ward,1.9946749,Very Low,1,9
Shirley South Ward,1.9883567,Very Low,1,9
Heath Ward,1.9740388,Very Low,1,9
Green Lane & St. James Ward,1.9608428,Very Low,1,9
Charville Ward,1.9516734,Very Low,1,9
Biggin Hill Ward,1.9514551,Very Low,1,9
Tokyngton Ward,1.9509526,Very Low,1,9
Kingston Gate Ward,1.9444252,Very Low,1,9
Ravensbury Ward,1.9402931,Very Low,1,9
Kenley Ward,1.9130858,Very Low,1,9
Barnehurst Ward,1.8967999,Very Low,1,9
Canbury Gardens Ward,1.8698988,Very Low,1,9
St. Helier East Ward,1.8682332,Very Low,1,9
Cranham Ward,1.8633344,Very Low,1,9
St. Mary's & St. James Ward,1.8554612,Very Low,1,9
Chelsfield Ward,1.8540201,Very Low,1,9
Coulsdon Town Ward,1.8444488,Very Low,1,9
New Addington North Ward,1.8430225,Very Low,1,9
Cannon Hill Ward,1.8391593,Very Low,1,9
Purley Oaks & Riddlesdown Ward,1.8228284,Very Low,1,9
Lower Morden Ward,1.8184074,Very Low,1,9
Roxbourne Ward,1.8176302,Very Low,1,9
Underhill Ward,1.8114675,Very Low,1,9
Chessington South & Malden Rushett Ward,1.7409495,Very Low,1,9
Ruislip Manor Ward,1.7327695,Very Low,1,9
Motspur Park & Old Malden East Ward,1.7298183,Very Low,1,9
King George's & Sunray Ward,1.7277799,Very Low,1,9
Alexandra Ward,1.722018,Very Low,1,9
Hillside Ward,1.71845,Very Low,1,9
Hook & Chessington North Ward,1.7032721,Very Low,1,9
Oakwood Ward,1.6916677,Very Low,1,9
Worcester Park North Ward,1.6897641,Very Low,1,9
Harefield Village Ward,1.6838242,Very Low,1,9
Eastbrook & Rush Green Ward,1.6740228,Very Low,1,9
Tolworth Ward,1.6708055,Very Low,1,9
Rayners Lane Ward,1.6590002,Very Low,1,9
Hackbridge Ward,1.6587343,Very Low,1,9
Tudor Ward,1.6259345,Very Low,1,9
Hillingdon West Ward,1.6177511,Very Low,1,9
Kenton West Ward,1.6154946,Very Low,1,9
Blendon & Penhill Ward,1.6087757,Very Low,1,9
Coombe Vale Ward,1.5757383,Very Low,1,9
Old Coulsdon Ward,1.5211377,Very Low,1,9
North Harrow Ward,1.5006624,Very Low,1,9
Blackfen & Lamorbey Ward,1.4943134,Very Low,1,9
Kenton East Ward,1.4537942,Very Low,1,9
Old Malden Ward,1.4431989,Very Low,1,9
Worcester Park South Ward,1.4359994,Very Low,1,9
Emerson Park Ward,1.4239545,Very Low,1,9
Hacton Ward,1.3148847,Very Low,1,9
Longlands Ward,1.2999517,Very Low,1,9
Berrylands Ward,1.2019967,Very Low,1,9
Farringdon Within Ward,1.1499035,Very Low,1,9
Tower Ward,1.005252,Very Low,1,9
Coleman Street Ward,0.94887763,Very Low,1,9
Cordwainer Ward,0.7810942,Very Low,1,9
Bishopsgate Ward,0.74852246,Very Low,1,9
Aldersgate Ward,0.6642348,Very Low,1,9
Langbourn Ward,0.5764795,Very Low,1,9
Dowgate Ward,0.55882984,Very Low,1,9
Castle Baynard Ward,0.50520784,Very Low,1,9
Aldgate Ward,0.446708,Very Low,1,9
Cheap Ward,0.446708,Very Low,1,9
Broad Street Ward,0.41974574,Very Low,1,9
Lime Street Ward,0.41974574,Very Low,1,9
Vintry Ward,0.41974574,Very Low,1,9
Walbrook Ward,0.41974574,Very Low,1,9
Candlewick Ward,0.41974574,Very Low,1,9
Cornhill Ward,0.41974574,Very Low,1,9
Bread Street Ward,0.41974574,Very Low,1,9
Billingsgate Ward,0.28312385,Very Low,1,9
Queenhithe Ward,0.25043273,Very Low,1,9
Bassishaw Ward,0.22347043,Very Low,1,9
Cripplegate Ward,0.22347043,Very Low,1,9
Portsoken Ward,0.04543786,Very Low,1,9
West End Ward,50.199776,Very High,18,10
Lea Bridge Ward,44.659462,Very High,18,10
Kilburn Ward,43.716236,Very High,18,10
Regent's Park Ward,35.05712,Very High,18,10
Highgate Ward,33.5599,Very High,18,10
St. James's Ward,31.47448,Very High,18,10
Edgware Ward,29.897247,Very High,18,10
Marylebone Ward,28.843048,Very High,18,10
Village Ward,23.052443,Very High,17,10
Holborn & Covent Garden Ward,21.292065,Very High,17,10
Bloomsbury Ward,20.989346,Very High,17,10
Woodside Ward,18.331486,Very High,17,10
Borough & Bankside Ward,17.172764,Very High,17,10
Wandle Ward,16.843473,Very High,17,10
Hoxton East & Shoreditch Ward,16.703876,Very High,17,10
Fairfield Ward,16.57201,Very High,17,10
Hyde Park Ward,14.966361,Very High,17,10
North Walworth Ward,14.880661,Very High,17,10
Abbey Ward,14.835233,Very High,17,10
Bethnal Green West Ward,14.7626295,Very High,17,10
Childs Hill Ward,14.5442915,Very High,17,10
Spitalfields & Banglatown Ward,14.415058,Very High,17,10
London Fields Ward,13.291248,Very High,17,10
Bow East Ward,13.081794,Very High,17,10
Stratford Ward,12.824509,Very High,17,10
Belmont Ward,12.754822,Very High,17,10
Bayswater Ward,12.733831,Very High,17,10
London Bridge & West Bermondsey Ward,12.151699,Very High,17,10
Lancaster Gate Ward,11.828296,Very High,17,10
Bunhill Ward,11.81941,Very High,17,10
Stratford Olympic Park Ward,11.810981,Very High,17,10
Deptford Ward,11.800676,Very High,17,10
Clapham Town Ward,11.785629,Very High,17,10
Edmonton Green Ward,11.63527,Very High,17,10
Rushey Green Ward,11.623452,Very High,17,10
Whitechapel Ward,11.619016,Very High,17,10
Rye Lane Ward,11.373739,Very High,17,10
Bethnal Green East Ward,11.168567,Very High,17,10
Queens Park Ward,11.134182,Very High,17,10
Finsbury Park Ward,11.110437,Very High,17,10
Mile End Ward,10.93572,Very High,17,10
Hendon Ward,10.86953,Very High,17,10
Brockley Ward,10.796417,Very High,17,10
Dollis Hill Ward,10.777437,Very High,17,10
Harlesden & Kensal Green Ward,10.691154,Very High,17,10
Waterloo & South Bank Ward,10.688705,Very High,17,10
Junction Ward,10.667705,Very High,17,10
Balham Ward,10.416703,Very High,17,10
Broad Green Ward,10.36103,Very High,17,10
Uxbridge Ward,10.319611,Very High,17,10
South Bermondsey Ward,10.245366,Very High,17,10
Hackney Downs Ward,10.187957,Very High,17,10
Weavers Ward,10.128507,Very High,17,10
Brixton North Ward,10.101886,Very High,17,10
Lansbury Ward,10.094426,Very High,17,10
Haggerston Ward,10.075687,Very High,17,10
Colville Ward,10.007455,Very High,17,10
Burnt Oak Ward,10.00555,Very High,17,10
Hackney Central Ward,9.964885,Very High,17,10
Bridge Ward,9.931547,Very High,17,10
Clerkenwell Ward,9.914202,Very High,17,10
Homerton Ward,9.900077,Very High,17,10
Brixton Acre Lane Ward,9.8716545,Very High,17,10
Upper Edmonton Ward,9.861568,Very High,17,10
Northumberland Park Ward,9.822528,Very High,17,10
Wandsworth Town Ward,9.784589,Very High,17,10
Canary Wharf Ward,9.72687,Very High,17,10
Tollington Ward,9.675614,Very High,17,10
Cricklewood & Mapesbury Ward,9.625871,Very High,17,10
Hoxton West Ward,9.537683,Very High,17,10
North Acton Ward,9.526831,Very High,17,10
East Ham Ward,9.497083,Very High,17,10
Hayes Town Ward,9.348907,Very High,17,10
Blackheath Ward,9.332113,Very High,17,10
Stonebridge Ward,9.30279,Very High,17,10
Holloway Ward,9.269645,Very High,17,10
West Thornton Ward,9.236372,Very High,17,10
Bruce Castle Ward,9.172666,Very High,17,10
Hither Green Ward,9.097436,Very High,17,10
St. Giles Ward,9.096311,Very High,17,10
Chaucer Ward,9.095619,Very High,17,10
Finchley Church End Ward,9.094065,Very High,17,10
Brimsdown Ward,9.005797,Very High,17,10
Noel Park Ward,8.995848,Very High,17,10
West Finchley Ward,8.990867,Very High,17,10
Hillrise Ward,8.952249,Very High,17,10
Pinkwell Ward,8.933621,Very High,17,10
Hackney Wick Ward,8.898349,Very High,17,10
King's Cross Ward,8.84409,Very High,17,10
Herne Hill & Loughborough Junction Ward,8.825099,Very High,17,10
St. Peter's & Canalside Ward,8.775941,Very High,17,10
St. Mary's & St. James' Ward,8.720385,Very High,17,10
Gooshays Ward,8.684311,Very High,17,10
Ponders End Ward,8.677184,Very High,17,10
Heathrow Villages Ward,8.647282,Very High,17,10
Abbey Road Ward,8.631688,Very High,17,10
Battersea Park Ward,8.619757,Very High,17,10
Crouch End Ward,8.585309,Very High,17,10
Forest Gate South Ward,8.55564,Very High,17,10
Chiswick Gunnersbury Ward,8.5335,Very High,17,10
Brompton & Hans Town Ward,8.531235,Very High,17,10
Faraday Ward,8.519578,Very High,17,10
College Park & Old Oak Ward,8.477273,Very High,17,10
Greenwich Peninsula Ward,8.435666,Very High,17,10
South Hampstead Ward,8.428543,Very High,17,10
Heaton Ward,8.421159,Very High,17,10
West Hendon Ward,8.372374,Very High,17,10
Ilford Town Ward,8.331917,Very High,17,10
Ladywell Ward,8.310122,Very High,17,10
Maida Vale Ward,8.280324,Very High,17,10
Cricklewood Ward,8.268335,Very High,17,10
Springfield Ward,8.226476,Very High,17,10
Courtfield Ward,8.175834,Very High,17,10
Leyton Ward,8.08782,Very High,17,10
Selhurst Ward,8.080322,Very High,17,10
St. Paul's Cray Ward,8.0764,Very High,17,10
Friern Barnet Ward,8.068167,Very High,17,10
North Bermondsey Ward,8.05302,Very High,17,10
Lavender Ward,7.962813,Very High,17,10
Nunhead & Queen's Road Ward,7.8438134,Very High,17,10
Roundwood Ward,7.800973,Very High,17,10
Peckham Ward,7.784788,Very High,17,10
Penge & Cator Ward,7.775768,Very High,17,10
Abbey Wood Ward,7.7532086,Very High,17,10
Enfield Lock Ward,7.7243223,Very High,17,10
Wood End Ward,7.7227564,Very High,17,10
Bow West Ward,7.7101245,Very High,17,10
Stoke Newington Ward,7.64891,Very High,17,10
Dalston Ward,7.6310163,Very High,17,10
Goodmayes Ward,7.584696,Very High,17,10
West Hampstead Ward,7.5685477,Very High,17,10
Catford South Ward,7.563511,Very High,17,10
Lower Edmonton Ward,7.5447645,Very High,17,10
Greenwich Park Ward,7.531187,Very High,17,10
Shaftesbury & Queenstown Ward,7.5189185,Very High,17,10
Brondesbury Park Ward,7.508751,Very High,17,10
Little Venice Ward,7.462833,Very High,17,10
Garden Suburb Ward,7.4574423,Very High,17,10
Oval Ward,7.3970885,Very High,17,10
Gospel Oak Ward,7.3917255,High,9,10
Perry Vale Ward,7.37481,High,9,10
Tottenham Central Ward,7.3707337,High,9,10
Haselbury Ward,7.36726,High,9,10
Stockwell West & Larkhall Ward,7.347343,High,9,10
Old Kent Road Ward,7.3401484,High,9,10
Knightsbridge & Belgravia Ward,7.3334208,High,9,10
Welsh Harp Ward,7.3166265,High,9,10
Addiscombe West Ward,7.3077116,High,9,10
High Street Ward,7.2463803,High,9,10
South Acton Ward,7.242878,High,9,10
Belsize Ward,7.2320266,High,9,10
Campden Ward,7.193513,High,9,10
Streatham St. Leonard's Ward,7.188631,High,9,10
Brixton Windrush Ward,7.157015,High,9,10
St. Pancras & Somers Town Ward,7.147248,High,9,10
Barkingside Ward,7.1355376,High,9,10
Cann Hall Ward,7.1270285,High,9,10
Norwood Green Ward,7.1233826,High,9,10
Tooting Broadway Ward,7.1093497,High,9,10
East Acton Ward,7.0896297,High,9,10
Plumstead & Glyndon Ward,7.088712,High,9,10
Leytonstone Ward,7.070416,High,9,10
Streatham Common & Vale Ward,7.0635524,High,9,10
Waddon Ward,7.039667,High,9,10
Willesden Green Ward,7.0380235,High,9,10
Hanwell Broadway Ward,7.025279,High,9,10
Wanstead Village Ward,7.0064635,High,9,10
Purley & Woodcote Ward,6.9956074,High,9,10
St. Mary's Ward,6.9942327,High,9,10
Earl's Court Ward,6.9457703,High,9,10
West Green Ward,6.9408464,High,9,10
Bush Hill Park Ward,6.9324026,High,9,10
St. James Ward,6.9200273,High,9,10
White Hart Lane Ward,6.916719,High,9,10
Vauxhall Ward,6.9153037,High,9,10
Golborne Ward,6.8858433,High,9,10
Stanley Ward,6.8842864,High,9,10
Clapham Common & Abbeville Ward,6.8791733,High,9,10
Shepherd's Bush Green Ward,6.875331,High,9,10
South Woodford Ward,6.8697224,High,9,10
New Cross Gate Ward,6.822848,High,9,10
Town Ward,6.8092494,High,9,10
South Tottenham Ward,6.802851,High,9,10
Arsenal Ward,6.7246466,High,9,10
St. Dunstan's Ward,6.6800823,High,9,10
Redcliffe Ward,6.6548915,High,9,10
Harold Wood Ward,6.648567,High,9,10
Loxford Ward,6.6258836,High,9,10
Camberwell Green Ward,6.6147366,High,9,10
Westbourne Ward,6.6019115,High,9,10
St. Edward's Ward,6.588808,High,9,10
Bromley Town Ward,6.571746,High,9,10
Laycock Ward,6.5640097,High,9,10
Fortune Green Ward,6.5496817,High,9,10
Church Street Ward,6.5405807,High,9,10
Harringay Ward,6.521759,High,9,10
Tottenham Hale Ward,6.5196996,High,9,10
Palmers Green Ward,6.515243,High,9,10
Maryland Ward,6.5076537,High,9,10
Sydenham Ward,6.495849,High,9,10
Walpole Ward,6.492835,High,9,10
Mildmay Ward,6.4400024,High,9,10
South Richmond Ward,6.439355,High,9,10
Coningham Ward,6.4273515,High,9,10
Kennington Ward,6.400428,High,9,10
South Norwood Ward,6.3704767,High,9,10
Valley Ward,6.341494,High,9,10
Camden Town Ward,6.325771,High,9,10
East Greenwich Ward,6.318163,High,9,10
Pimlico North Ward,6.317146,High,9,10
Shadwell Ward,6.3091407,High,9,10
Hanger Hill Ward,6.301434,High,9,10
Victoria Ward,6.3008175,High,9,10
Hoe Street Ward,6.2890453,High,9,10
Woolwich Arsenal Ward,6.28581,High,9,10
Blackwall & Cubitt Town Ward,6.2820735,High,9,10
Harrow Road Ward,6.281192,High,9,10
Tufnell Park Ward,6.276139,High,9,10
Highbury Ward,6.2722864,High,9,10
St. Mary Cray Ward,6.2698727,High,9,10
Falconbrook Ward,6.269499,High,9,10
West Dulwich Ward,6.265888,High,9,10
East Sheen Ward,6.2605658,High,9,10
Perivale Ward,6.2342267,High,9,10
Colindale South Ward,6.2301984,High,9,10
Brixton Rush Common Ward,6.225085,High,9,10
Ealing Common Ward,6.2233057,High,9,10
Beckton Ward,6.2159586,High,9,10
Chiswick Homefields Ward,6.2056766,High,9,10
Clissold Ward,6.186716,High,9,10
Rotherhithe Ward,6.1822095,High,9,10
Lewisham Central Ward,6.160183,High,9,10
Syon & Brentford Lock Ward,6.1502686,High,9,10
Royal Victoria Ward,6.1322885,High,9,10
Osterley & Spring Grove Ward,6.122173,High,9,10
St. Katharine's & Wapping Ward,6.117229,High,9,10
Southall Green Ward,6.11494,High,9,10
Mill Hill Ward,6.096626,High,9,10
Clapham East Ward,6.0826344,High,9,10
Southgate Ward,6.0800743,High,9,10
Manor Park Ward,6.0559835,High,9,10
Crofton Park Ward,6.0547028,High,9,10
Knight's Hill Ward,6.027102,High,9,10
Evelyn Ward,6.0226874,High,9,10
Greenhill Ward,6.0071287,High,9,10
Seven Sisters Ward,5.9750304,High,9,10
Brownswood Ward,5.960783,High,9,10
Grove Green Ward,5.927809,High,9,10
Cathall Ward,5.927336,High,9,10
Canning Town North Ward,5.926775,High,9,10
Haverstock Ward,5.914085,High,9,10
Hornsey Ward,5.9134545,High,9,10
King's Park Ward,5.912621,High,9,10
Custom House Ward,5.882327,High,9,10
Hammersmith Broadway Ward,5.8798323,High,9,10
Aldborough Ward,5.8744774,High,9,10
Barnet Vale Ward,5.852222,High,9,10
Myatt's Fields Ward,5.8349032,High,9,10
East Putney Ward,5.825965,High,9,10
Stroud Green Ward,5.823354,High,9,10
Cricket Green Ward,5.8216524,High,9,10
De Beauvoir Ward,5.8172097,High,9,10
Whitewebbs Ward,5.813531,High,9,10
West Putney Ward,5.8074746,High,9,10
Jubilee Ward,5.804293,High,9,10
Holland Ward,5.7917237,High,9,10
Ealing Broadway Ward,5.775516,High,9,10
Green Street East Ward,5.7608776,High,9,10
Brook Green Ward,5.74886,High,9,10
Bromley North Ward,5.744458,High,9,10
Barnsbury Ward,5.736869,High,9,10
Carterhatch Ward,5.715575,High,9,10
Furzedown Ward,5.696586,High,9,10
West Kensington Ward,5.6819997,High,9,10
Goose Green Ward,5.671307,High,9,10
Thornton Heath Ward,5.667989,High,9,10
Headstone Ward,5.6663084,High,9,10
Fortis Green Ward,5.6602864,Medium,6,10
Plaistow West & Canning Town East Ward,5.656815,Medium,6,10
Woodhouse Ward,5.644042,Medium,6,10
Feltham West Ward,5.635535,Medium,6,10
Surrey Docks Ward,5.6344986,Medium,6,10
East Finchley Ward,5.6330695,Medium,6,10
Woolwich Common Ward,5.62284,Medium,6,10
Bromley South Ward,5.607891,Medium,6,10
Yiewsley Ward,5.599234,Medium,6,10
Totteridge & Woodside Ward,5.597182,Medium,6,10
Downham Ward,5.5961237,Medium,6,10
Golders Green Ward,5.587461,Medium,6,10
Caledonian Ward,5.5757203,Medium,6,10
Harrow Weald Ward,5.5742874,Medium,6,10
Queen's Park Ward,5.536024,Medium,6,10
Thamesmead East Ward,5.5304117,Medium,6,10
Bensham Manor Ward,5.5290074,Medium,6,10
Forest Hill Ward,5.521526,Medium,6,10
St. George's Ward,5.5100503,Medium,6,10
Roehampton Ward,5.486563,Medium,6,10
Shacklewell Ward,5.4720893,Medium,6,10
Greenford Broadway Ward,5.469682,Medium,6,10
Little Ilford Ward,5.462683,Medium,6,10
Clapham Park Ward,5.4535155,Medium,6,10
Dulwich Wood Ward,5.4502397,Medium,6,10
Belvedere Ward,5.4348392,Medium,6,10
Newington Ward,5.4249654,Medium,6,10
Beckenham Town & Copers Cope Ward,5.4163685,Medium,6,10
Pitshanger Ward,5.414648,Medium,6,10
Rush Green & Crowlands Ward,5.402867,Medium,6,10
Mawneys Ward,5.3848615,Medium,6,10
Hermitage & Gardens Ward,5.383992,Medium,6,10
Canning Town South Ward,5.3807654,Medium,6,10
Northbury Ward,5.3798556,Medium,6,10
Streatham Hill West & Thornton Ward,5.3783507,Medium,6,10
Southall Broadway Ward,5.3717294,Medium,6,10
Brunswick Park Ward,5.371691,Medium,6,10
Norbury & Pollards Hill Ward,5.3571444,Medium,6,10
Plaistow South Ward,5.3565974,Medium,6,10
West Drayton Ward,5.3550634,Medium,6,10
Wandsworth Common Ward,5.3545365,Medium,6,10
Tooting Bec Ward,5.3440814,Medium,6,10
Kingston Town Ward,5.3409424,Medium,6,10
Larkswood Ward,5.336574,Medium,6,10
Roxeth Ward,5.3275943,Medium,6,10
Fulham Reach Ward,5.3046365,Medium,6,10
Kentish Town South Ward,5.298097,Medium,6,10
Fulham Town Ward,5.2919807,Medium,6,10
Plumstead Common Ward,5.2887235,Medium,6,10
Southbury Ward,5.2855334,Medium,6,10
Hounslow Central Ward,5.275222,Medium,6,10
Walham Green Ward,5.267454,Medium,6,10
Arnos Grove Ward,5.2637973,Medium,6,10
Primrose Hill Ward,5.2595024,Medium,6,10
West Ham Ward,5.255238,Medium,6,10
Churchfields Ward,5.25242,Medium,6,10
Queen's Gate Ward,5.250578,Medium,6,10
Crystal Palace & Anerley Ward,5.2361126,Medium,6,10
Northolt Mandeville Ward,5.2263284,Medium,6,10
Forest Ward,5.222529,Medium,6,10
William Morris Ward,5.218638,Medium,6,10
Brentford East Ward,5.2171006,Medium,6,10
Munster Ward,5.2144895,Medium,6,10
Valence Ward,5.2069287,Medium,6,10
Queensbury Ward,5.205262,Medium,6,10
Cazenove Ward,5.201933,Medium,6,10
Goresbrook Ward,5.1932797,Medium,6,10
Plaistow North Ward,5.187067,Medium,6,10
Hounslow Heath Ward,5.1801834,Medium,6,10
Winchmore Hill Ward,5.142056,Medium,6,10
East Barnet Ward,5.1373496,Medium,6,10
Mayfield Ward,5.127982,Medium,6,10
South Balham Ward,5.118529,Medium,6,10
Thamesfield Ward,5.1126804,Medium,6,10
Belmore Ward,5.1100945,Medium,6,10
Royal Hospital Ward,5.102877,Medium,6,10
Mortlake & Barnes Common Ward,5.090465,Medium,6,10
Nine Elms Ward,5.0872993,Medium,6,10
Whalebone Ward,5.086528,Medium,6,10
Northolt West End Ward,5.0850387,Medium,6,10
Wealdstone South Ward,5.084198,Medium,6,10
Ravenscourt Ward,5.076421,Medium,6,10
Telegraph Hill Ward,5.067207,Medium,6,10
Hampstead Town Ward,5.057423,Medium,6,10
Kidbrooke Village & Sutcliffe Ward,5.030374,Medium,6,10
Crystal Palace & Upper Norwood Ward,5.0090666,Medium,6,10
East Ham South Ward,5.008943,Medium,6,10
Palace & Hurlingham Ward,5.0007153,Medium,6,10
Boleyn Ward,4.993092,Medium,6,10
Lee Green Ward,4.992196,Medium,6,10
Addison Ward,4.9851713,Medium,6,10
Mottingham Ward,4.9786043,Medium,6,10
Stockwell East Ward,4.9738164,Medium,6,10
Bullsmoor Ward,4.972073,Medium,6,10
Alperton Ward,4.9374714,Medium,6,10
Green Street West Ward,4.9277735,Medium,6,10
Pinner Ward,4.914654,Medium,6,10
Edgwarebury Ward,4.9024363,Medium,6,10
Chislehurst Ward,4.899826,Medium,6,10
Eastbury Ward,4.893668,Medium,6,10
Abingdon Ward,4.889648,Medium,6,10
Canonbury Ward,4.886111,Medium,6,10
Chapel End Ward,4.8805523,Medium,6,10
Bellingham Ward,4.8798323,Medium,6,10
West Wickham Ward,4.8777723,Medium,6,10
Vincent Square Ward,4.8671064,Medium,6,10
Pembridge Ward,4.8645587,Medium,6,10
Barking Riverside Ward,4.86009,Medium,6,10
Frognal Ward,4.8370132,Medium,6,10
Chelsea Riverside Ward,4.836004,Medium,6,10
Colliers Wood Ward,4.831989,Medium,6,10
South Croydon Ward,4.8262405,Medium,6,10
Kingsbury Ward,4.8210673,Medium,6,10
Wembley Park Ward,4.807365,Medium,6,10
Orpington Ward,4.798373,Medium,6,10
Colham & Cowley Ward,4.7889414,Medium,6,10
Heston West Ward,4.783719,Medium,6,10
Hanworth Village Ward,4.7558274,Medium,6,10
Higham Hill Ward,4.7411003,Medium,6,10
St. Martin's Ward,4.705086,Medium,6,10
Lillie Ward,4.6798954,Medium,6,10
Woodberry Down Ward,4.6708536,Medium,6,10
Ruislip Ward,4.660726,Medium,6,10
Stepney Green Ward,4.645662,Medium,6,10
Southfield Ward,4.629115,Medium,6,10
Muswell Hill Ward,4.622334,Medium,6,10
Central Greenford Ward,4.611162,Medium,6,10
Cranford Ward,4.6100273,Medium,6,10
Hounslow West Ward,4.597422,Medium,6,10
Wall End Ward,4.575577,Medium,6,10
Dulwich Village Ward,4.5572147,Medium,6,10
Notting Dale Ward,4.5528398,Medium,6,10
Kew Ward,4.5478587,Medium,6,10
Bexleyheath Ward,4.547545,Medium,6,10
Grove Park Ward,4.545712,Medium,6,10
Highfield Ward,4.5395803,Medium,6,10
Blackheath Westcombe Ward,4.53189,Medium,6,10
New Malden Village Ward,4.524159,Medium,6,10
Chiswick Riverside Ward,4.5104585,Medium,6,10
Sands End Ward,4.4953923,Low,3,10
Barnes Ward,4.484171,Low,3,10
Beam Park Ward,4.473461,Low,3,10
Feltham North Ward,4.472514,Low,3,10
Whetstone Ward,4.469457,Low,3,10
Wembley Hill Ward,4.4332714,Low,3,10
North Greenford Ward,4.4258156,Low,3,10
Rainham & Wennington Ward,4.422596,Low,3,10
Clock House Ward,4.4064126,Low,3,10
Hylands & Harrow Lodge Ward,4.3928156,Low,3,10
Fullwell Ward,4.3835897,Low,3,10
Valentines Ward,4.3782763,Low,3,10
Barnhill Ward,4.3738413,Low,3,10
Marlborough Ward,4.373623,Low,3,10
Colindale North Ward,4.3638244,Low,3,10
St. Margarets & North Twickenham Ward,4.362778,Low,3,10
Addiscombe East Ward,4.3626103,Low,3,10
Sanderstead Ward,4.3387694,Low,3,10
Clayhall Ward,4.314799,Low,3,10
Stanmore Ward,4.3089814,Low,3,10
Erith Ward,4.3025393,Low,3,10
Kentish Town North Ward,4.293516,Low,3,10
St. Helen's Ward,4.2596936,Low,3,10
Havering-atte-Bower Ward,4.2575326,Low,3,10
Northfield Ward,4.2406917,Low,3,10
Bromley Common & Holwood Ward,4.235606,Low,3,10
Kelsey & Eden Park Ward,4.2339153,Low,3,10
Heston Central Ward,4.2178698,Low,3,10
Heston East Ward,4.204198,Low,3,10
Sutton South Ward,4.1943426,Low,3,10
Bedfont Ward,4.1929746,Low,3,10
South Ruislip Ward,4.175758,Low,3,10
St. Alban's Ward,4.158316,Low,3,10
Chadwell Ward,4.1505404,Low,3,10
Kidbrooke Park Ward,4.1425595,Low,3,10
Figge's Marsh Ward,4.138247,Low,3,10
North Hanwell Ward,4.1190934,Low,3,10
Pimlico South Ward,4.099967,Low,3,10
Upminster Ward,4.096952,Low,3,10
Wimbledon Park Ward,4.078859,Low,3,10
Sutton Central Ward,4.0687337,Low,3,10
Selsdon & Addington Village Ward,4.0681577,Low,3,10
Wallington South Ward,4.0631266,Low,3,10
"Ham, Petersham & Richmond Riverside Ward",4.060317,Low,3,10
North Richmond Ward,4.0461097,Low,3,10
Alexandra Park Ward,4.043661,Low,3,10
Gascoigne Ward,4.0235114,Low,3,10
Kenton Ward,4.0015078,Low,3,10
Hampton North Ward,4.000961,Low,3,10
Hampton Wick & South Teddington Ward,3.9644837,Low,3,10
Dormers Wells Ward,3.9635572,Low,3,10
St. Ann's Ward,3.960781,Low,3,10
Seven Kings Ward,3.9528887,Low,3,10
New Southgate Ward,3.9443495,Low,3,10
Cockfosters Ward,3.9380078,Low,3,10
Brentford West Ward,3.9358032,Low,3,10
Longthornton Ward,3.9177969,Low,3,10
Cheam Ward,3.9105272,Low,3,10
Parsons Green & Sandford Ward,3.9077659,Low,3,10
Lavender Fields Ward,3.9063196,Low,3,10
Avonmore Ward,3.8841298,Low,3,10
Lady Margaret Ward,3.8669565,Low,3,10
White City Ward,3.853744,Low,3,10
Grove Ward,3.8526483,Low,3,10
Norland Ward,3.839812,Low,3,10
Slade Green & Northend Ward,3.8241682,Low,3,10
Dalgarno Ward,3.8228977,Low,3,10
St. Andrew's Ward,3.80508,Low,3,10
Northcote Ward,3.7977912,Low,3,10
Norbury Park Ward,3.7753267,Low,3,10
Beddington Ward,3.7601876,Low,3,10
Pinner South Ward,3.7195826,Low,3,10
Wood Street Ward,3.7070243,Low,3,10
West Barnes Ward,3.7036662,Low,3,10
Bounds Green Ward,3.6914356,Low,3,10
Hounslow East Ward,3.6898367,Low,3,10
Plaistow Ward,3.68236,Low,3,10
Champion Hill Ward,3.6705992,Low,3,10
Eltham Page Ward,3.6701834,Low,3,10
Fairlop Ward,3.6632967,Low,3,10
Bowes Ward,3.642949,Low,3,10
Eastcote Ward,3.6418157,Low,3,10
Elm Park Ward,3.640882,Low,3,10
Chadwell Heath Ward,3.640504,Low,3,10
Crayford Ward,3.6365423,Low,3,10
Greenwich Creekside Ward,3.6231356,Low,3,10
Parsloes Ward,3.6223156,Low,3,10
Teddington Ward,3.6194303,Low,3,10
Monkhams Ward,3.6122131,Low,3,10
Eltham Town & Avery Hill Ward,3.5816183,Low,3,10
High Barnet Ward,3.570918,Low,3,10
Wallington North Ward,3.5668652,Low,3,10
Sidcup Ward,3.5657783,Low,3,10
Newbury Ward,3.5545032,Low,3,10
Fulwell & Hampton Hill Ward,3.5530856,Low,3,10
Wembley Central Ward,3.5364406,Low,3,10
Grange Park Ward,3.5141115,Low,3,10
Charlton Village & Riverside Ward,3.4956207,Low,3,10
Mayesbrook Ward,3.4700737,Low,3,10
Gipsy Hill Ward,3.4623935,Low,3,10
Hainault Ward,3.4499648,Low,3,10
Poplar Ward,3.4458365,Low,3,10
Yeading Ward,3.4221127,Low,3,10
Hampton Ward,3.4215026,Low,3,10
Streatham Hill East Ward,3.405509,Low,3,10
Wanstead Park Ward,3.403649,Low,3,10
Cranbrook Ward,3.3981383,Low,3,10
Raynes Park Ward,3.3840249,Low,3,10
Hanworth Park Ward,3.3834288,Low,3,10
St. Helier Ward,3.3757064,Low,3,10
Bickley & Sundridge Ward,3.3619304,Low,3,10
West Hill Ward,3.3479512,Low,3,10
Carshalton Central Ward,3.3469217,Low,3,10
Carshalton South & Clockhouse Ward,3.3458827,Low,3,10
Limehouse Ward,3.3458776,Low,3,10
Peckham Rye Ward,3.3264608,Low,3,10
Woolwich Dockyard Ward,3.3241994,Low,3,10
Farnborough & Crofton Ward,3.3006356,Low,3,10
Isleworth Ward,3.2948525,Low,3,10
Camden Square Ward,3.2778556,Low,3,10
Graveney Ward,3.267262,Low,3,10
Hounslow South Ward,3.2586126,Low,3,10
Northwood Hills Ward,3.2544882,Low,3,10
Crook Log Ward,3.2532263,Low,3,10
Stamford Hill West Ward,3.23988,Low,3,10
Alibon Ward,3.2381706,Low,3,10
Sutton West & East Cheam Ward,3.2370892,Low,3,10
The Wrythe Ward,3.2339687,Low,3,10
Squirrels Heath Ward,3.2321694,Low,3,10
"Mottingham, Coldharbour & New Eltham Ward",3.2289422,Low,3,10
Ridgeway Ward,3.22022,Low,3,10
Harrow on the Hill Ward,3.2138307,Low,3,10
Centenary Ward,3.1977046,Low,3,10
West Twickenham Ward,3.188768,Low,3,10
East Wickham Ward,3.1798294,Low,3,10
Falconwood & Welling Ward,3.1537404,Low,3,10
Shirley North Ward,3.1508396,Low,3,10
Shirley South Ward,3.1508284,Low,3,10
Twickenham Riverside Ward,3.142133,Very Low,1,10
Southfields Ward,3.1336815,Very Low,1,10
Sutton North Ward,3.1146479,Very Low,1,10
Markhouse Ward,3.1107092,Very Low,1,10
Forest Gate North Ward,3.109451,Very Low,1,10
Chingford Green Ward,3.097841,Very Low,1,10
Charville Ward,3.09383,Very Low,1,10
West Heath Ward,3.0905483,Very Low,1,10
Plashet Ward,3.086125,Very Low,1,10
South Twickenham Ward,3.072535,Very Low,1,10
Coombe Hill Ward,3.0670955,Very Low,1,10
Hatch End Ward,3.051601,Very Low,1,10
West Thamesmead Ward,3.0467255,Very Low,1,10
Petts Wood & Knoll Ward,3.0286603,Very Low,1,10
Shooters Hill Ward,3.0207365,Very Low,1,10
Dulwich Hill Ward,2.9748733,Very Low,1,10
Hayes & Coney Hall Ward,2.9691274,Very Low,1,10
Thamesmead Moorings Ward,2.9644063,Very Low,1,10
Trinity Ward,2.961915,Very Low,1,10
Heathfield Ward,2.938621,Very Low,1,10
Whitton Ward,2.9277997,Very Low,1,10
Surbiton Hill Ward,2.9058888,Very Low,1,10
Darwin Ward,2.8945816,Very Low,1,10
Park Hill & Whitgift Ward,2.8884945,Very Low,1,10
Upper Walthamstow Ward,2.8696468,Very Low,1,10
South Beddington & Roundshaw Ward,2.8422906,Very Low,1,10
Becontree Ward,2.827212,Very Low,1,10
Wealdstone North Ward,2.8217452,Very Low,1,10
Marshalls & Rise Park Ward,2.8215919,Very Low,1,10
Longbridge Ward,2.8102841,Very Low,1,10
Wimbledon Town & Dundonald Ward,2.7758224,Very Low,1,10
St. Helier West Ward,2.740413,Very Low,1,10
Selsdon Vale & Forestdale Ward,2.7291322,Very Low,1,10
Eastbrook & Rush Green Ward,2.7286787,Very Low,1,10
Charlton Hornfair Ward,2.68097,Very Low,1,10
Underhill Ward,2.673166,Very Low,1,10
Streatham Wells Ward,2.6634474,Very Low,1,10
Ravensbury Ward,2.6612325,Very Low,1,10
Beam Ward,2.65209,Very Low,1,10
Norbiton Ward,2.6404138,Very Low,1,10
Endlebury Ward,2.6365755,Very Low,1,10
Farringdon Without Ward,2.6345375,Very Low,1,10
Pollards Hill Ward,2.6336422,Very Low,1,10
Tokyngton Ward,2.618514,Very Low,1,10
Island Gardens Ward,2.5894756,Very Low,1,10
Wendell Park Ward,2.567645,Very Low,1,10
Canons Ward,2.559602,Very Low,1,10
Preston Ward,2.5548077,Very Low,1,10
Clementswood Ward,2.5449927,Very Low,1,10
Northwood Ward,2.535231,Very Low,1,10
Shortlands & Park Langley Ward,2.5303812,Very Low,1,10
South Hornchurch Ward,2.5185196,Very Low,1,10
Hatch Lane & Highams Park North Ward,2.495113,Very Low,1,10
Thames View Ward,2.4592164,Very Low,1,10
Sudbury Ward,2.449861,Very Low,1,10
St. Mark's & Seething Wells Ward,2.4351053,Very Low,1,10
Northwick Park Ward,2.4327846,Very Low,1,10
Stonecot Ward,2.4173813,Very Low,1,10
Royal Albert Ward,2.3965144,Very Low,1,10
Ickenham & South Harefield Ward,2.3631952,Very Low,1,10
Barnehurst Ward,2.3615196,Very Low,1,10
Heath Ward,2.3558078,Very Low,1,10
Wormholt Ward,2.334622,Very Low,1,10
North Cheam Ward,2.3306842,Very Low,1,10
Coulsdon Town Ward,2.3168285,Very Low,1,10
Eltham Park & Progress Ward,2.3118348,Very Low,1,10
Kenley Ward,2.2948089,Very Low,1,10
New Addington South Ward,2.2931192,Very Low,1,10
Southall West Ward,2.289008,Very Low,1,10
West Harrow Ward,2.282733,Very Low,1,10
Roxbourne Ward,2.2787282,Very Low,1,10
Kenton West Ward,2.2757077,Very Low,1,10
Northumberland Heath Ward,2.2604973,Very Low,1,10
Biggin Hill Ward,2.2580874,Very Low,1,10
Hillingdon East Ward,2.24991,Very Low,1,10
Cranham Ward,2.2374105,Very Low,1,10
Kingston Gate Ward,2.2050433,Very Low,1,10
Castle Baynard Ward,2.192803,Very Low,1,10
Chessington South & Malden Rushett Ward,2.1889403,Very Low,1,10
Hackbridge Ward,2.1833024,Very Low,1,10
Chelsfield Ward,2.1712203,Very Low,1,10
Rayners Lane Ward,2.1593204,Very Low,1,10
Canbury Gardens Ward,2.1355226,Very Low,1,10
New Addington North Ward,2.1340868,Very Low,1,10
Alexandra Ward,2.1320446,Very Low,1,10
Purley Oaks & Riddlesdown Ward,2.125373,Very Low,1,10
Middle Park & Horn Park Ward,2.1199722,Very Low,1,10
Tolworth Ward,2.11025,Very Low,1,10
Harefield Village Ward,2.106585,Very Low,1,10
Hillside Ward,2.0972683,Very Low,1,10
Blackfen & Lamorbey Ward,2.0971227,Very Low,1,10
St. Mary's & St. James Ward,2.0909927,Very Low,1,10
Hale End & Highams Park South Ward,2.0838225,Very Low,1,10
St. Helier East Ward,2.0602906,Very Low,1,10
Lower Morden Ward,2.0458663,Very Low,1,10
Emerson Park Ward,2.043126,Very Low,1,10
Worcester Park North Ward,2.0296643,Very Low,1,10
North Harrow Ward,2.0165906,Very Low,1,10
Cannon Hill Ward,2.006299,Very Low,1,10
Merton Park Ward,2.0028536,Very Low,1,10
Blendon & Penhill Ward,1.9764326,Very Low,1,10
Oakwood Ward,1.9595947,Very Low,1,10
Green Lane & St. James Ward,1.9472594,Very Low,1,10
Farringdon Within Ward,1.9135541,Very Low,1,10
Ruislip Manor Ward,1.8950369,Very Low,1,10
King George's & Sunray Ward,1.8816041,Very Low,1,10
Kenton East Ward,1.8432086,Very Low,1,10
Hillingdon West Ward,1.8390403,Very Low,1,10
Coombe Vale Ward,1.8212407,Very Low,1,10
Tudor Ward,1.7801613,Very Low,1,10
Old Coulsdon Ward,1.7686921,Very Low,1,10
Motspur Park & Old Malden East Ward,1.7569417,Very Low,1,10
Bishopsgate Ward,1.7110239,Very Low,1,10
Old Malden Ward,1.7107759,Very Low,1,10
Hook & Chessington North Ward,1.6320047,Very Low,1,10
Hacton Ward,1.6205468,Very Low,1,10
Longlands Ward,1.5722328,Very Low,1,10
Worcester Park South Ward,1.4404347,Very Low,1,10
Berrylands Ward,1.3278334,Very Low,1,10
Tower Ward,0.9873945,Very Low,1,10
Aldersgate Ward,0.8591861,Very Low,1,10
Coleman Street Ward,0.8062485,Very Low,1,10
Langbourn Ward,0.7999285,Very Low,1,10
Cordwainer Ward,0.7038844,Very Low,1,10
Bread Street Ward,0.67682105,Very Low,1,10
Dowgate Ward,0.57272524,Very Low,1,10
Aldgate Ward,0.57272524,Very Low,1,10
Cornhill Ward,0.57272524,Very Low,1,10
Lime Street Ward,0.54576296,Very Low,1,10
Walbrook Ward,0.54576296,Very Low,1,10
Cheap Ward,0.54576296,Very Low,1,10
Broad Street Ward,0.54576296,Very Low,1,10
Candlewick Ward,0.54576296,Very Low,1,10
Vintry Ward,0.54576296,Very Low,1,10
Bassishaw Ward,0.45108432,Very Low,1,10
Queenhithe Ward,0.4296498,Very Low,1,10
Billingsgate Ward,0.4296498,Very Low,1,10
Cripplegate Ward,0.42412195,Very Low,1,10
Portsoken Ward,0.3710306,Very Low,1,10
Kilburn Ward,49.74986,Very High,18,11
West End Ward,49.33481,Very High,18,11
Lea Bridge Ward,47.891346,Very High,18,11
Regent's Park Ward,36.433186,Very High,18,11
Highgate Ward,34.476,Very High,18,11
Edgware Ward,33.20081,Very High,18,11
St. James's Ward,30.09178,Very High,18,11
Marylebone Ward,28.247934,Very High,18,11
Village Ward,23.666655,Very High,17,11
Bloomsbury Ward,22.781124,Very High,17,11
Holborn & Covent Garden Ward,21.199978,Very High,17,11
Woodside Ward,19.384426,Very High,17,11
Hoxton East & Shoreditch Ward,18.13226,Very High,17,11
Borough & Bankside Ward,17.357084,Very High,17,11
Hyde Park Ward,16.838312,Very High,17,11
North Walworth Ward,16.618855,Very High,17,11
Fairfield Ward,16.232418,Very High,17,11
Childs Hill Ward,15.828013,Very High,17,11
Bethnal Green West Ward,15.277331,Very High,17,11
Spitalfields & Banglatown Ward,15.242298,Very High,17,11
Abbey Ward,14.90768,Very High,17,11
Wandle Ward,14.831207,Very High,17,11
Belmont Ward,14.129414,Very High,17,11
Bow East Ward,13.946712,Very High,17,11
Bayswater Ward,13.307502,Very High,17,11
London Bridge & West Bermondsey Ward,12.964081,Very High,17,11
London Fields Ward,12.924067,Very High,17,11
Edmonton Green Ward,12.679841,Very High,17,11
Stratford Ward,12.496646,Very High,17,11
Whitechapel Ward,12.334277,Very High,17,11
Stratford Olympic Park Ward,12.153315,Very High,17,11
Lancaster Gate Ward,12.148571,Very High,17,11
Clapham Town Ward,11.917431,Very High,17,11
Hendon Ward,11.357615,Very High,17,11
Rye Lane Ward,11.356331,Very High,17,11
Waterloo & South Bank Ward,11.34367,Very High,17,11
Hackney Downs Ward,11.220908,Very High,17,11
Mile End Ward,11.132233,Very High,17,11
Finsbury Park Ward,11.121579,Very High,17,11
Deptford Ward,10.974545,Very High,17,11
Bunhill Ward,10.97351,Very High,17,11
Harlesden & Kensal Green Ward,10.959317,Very High,17,11
Bethnal Green East Ward,10.889273,Very High,17,11
Queens Park Ward,10.756378,Very High,17,11
Rushey Green Ward,10.746736,Very High,17,11
Dollis Hill Ward,10.619435,Very High,17,11
Weavers Ward,10.532195,Very High,17,11
Balham Ward,10.510977,Very High,17,11
Bridge Ward,10.489075,Very High,17,11
Broad Green Ward,10.465859,Very High,17,11
Burnt Oak Ward,10.439468,Very High,17,11
Junction Ward,10.428069,Very High,17,11
Canary Wharf Ward,10.14472,Very High,17,11
Lansbury Ward,10.119894,Very High,17,11
Hackney Central Ward,10.091841,Very High,17,11
Brockley Ward,10.045705,Very High,17,11
Colville Ward,10.044827,Very High,17,11
Cricklewood & Mapesbury Ward,10.025093,Very High,17,11
Brixton Acre Lane Ward,10.017644,Very High,17,11
North Acton Ward,9.991796,Very High,17,11
Hayes Town Ward,9.961504,Very High,17,11
Haggerston Ward,9.924665,Very High,17,11
Upper Edmonton Ward,9.870111,Very High,17,11
Tollington Ward,9.869074,Very High,17,11
East Ham Ward,9.847953,Very High,17,11
South Bermondsey Ward,9.740983,Very High,17,11
Uxbridge Ward,9.7283,Very High,17,11
Hoxton West Ward,9.727812,Very High,17,11
Northumberland Park Ward,9.703481,Very High,17,11
Brixton North Ward,9.65182,Very High,17,11
Wandsworth Town Ward,9.6334915,Very High,17,11
Chaucer Ward,9.580439,Very High,17,11
St. Giles Ward,9.543529,Very High,17,11
Cricklewood Ward,9.452586,Very High,17,11
Clerkenwell Ward,9.441751,Very High,17,11
Homerton Ward,9.440397,Very High,17,11
Greenwich Peninsula Ward,9.348909,Very High,17,11
Brimsdown Ward,9.297696,Very High,17,11
Hackney Wick Ward,9.280743,Very High,17,11
Pinkwell Ward,9.1573,Very High,17,11
Heathrow Villages Ward,9.127522,Very High,17,11
Brompton & Hans Town Ward,9.088139,Very High,17,11
Stonebridge Ward,8.966311,Very High,17,11
West Hendon Ward,8.956926,Very High,17,11
Hither Green Ward,8.956028,Very High,17,11
Faraday Ward,8.859468,Very High,17,11
Gooshays Ward,8.853358,Very High,17,11
West Finchley Ward,8.849897,Very High,17,11
Finchley Church End Ward,8.827472,Very High,17,11
Blackheath Ward,8.817929,Very High,17,11
Noel Park Ward,8.814657,Very High,17,11
Chiswick Gunnersbury Ward,8.80216,Very High,17,11
Courtfield Ward,8.788721,Very High,17,11
Battersea Park Ward,8.783686,Very High,17,11
Leyton Ward,8.748639,Very High,17,11
Crouch End Ward,8.724985,Very High,17,11
North Bermondsey Ward,8.723571,Very High,17,11
King's Cross Ward,8.717728,Very High,17,11
Friern Barnet Ward,8.676923,Very High,17,11
Forest Gate South Ward,8.628101,Very High,17,11
Ilford Town Ward,8.5975895,Very High,17,11
Bruce Castle Ward,8.592936,Very High,17,11
West Thornton Ward,8.554257,Very High,17,11
Abbey Road Ward,8.528223,Very High,17,11
Holloway Ward,8.484879,Very High,17,11
Welsh Harp Ward,8.468517,Very High,17,11
Ponders End Ward,8.413179,Very High,17,11
Peckham Ward,8.402349,Very High,17,11
Brondesbury Park Ward,8.3969145,Very High,17,11
Hanwell Broadway Ward,8.3902235,Very High,17,11
Goodmayes Ward,8.33612,Very High,17,11
St. Mary's & St. James' Ward,8.31483,Very High,17,11
Hillrise Ward,8.281727,Very High,17,11
Heaton Ward,8.26476,Very High,17,11
Herne Hill & Loughborough Junction Ward,8.258882,Very High,17,11
St. Peter's & Canalside Ward,8.244705,Very High,17,11
Brixton Windrush Ward,8.215971,Very High,17,11
Maida Vale Ward,8.183294,Very High,17,11
Gospel Oak Ward,8.150867,Very High,17,11
Penge & Cator Ward,8.111249,Very High,17,11
Stockwell West & Larkhall Ward,8.073502,Very High,17,11
College Park & Old Oak Ward,8.014633,Very High,17,11
Belsize Ward,8.006489,Very High,17,11
St. Paul's Cray Ward,7.9407063,Very High,17,11
Old Kent Road Ward,7.8651915,Very High,17,11
Roundwood Ward,7.8547926,Very High,17,11
South Hampstead Ward,7.8248878,Very High,17,11
Earl's Court Ward,7.8122935,Very High,17,11
Shaftesbury & Queenstown Ward,7.807764,Very High,17,11
Little Venice Ward,7.801868,Very High,17,11
Norwood Green Ward,7.778384,Very High,17,11
Oval Ward,7.7649,Very High,17,11
Stoke Newington Ward,7.7508802,Very High,17,11
Tooting Broadway Ward,7.741866,Very High,17,11
St. Mary's Ward,7.739763,Very High,17,11
Bow West Ward,7.7173924,Very High,17,11
Lower Edmonton Ward,7.6808167,Very High,17,11
Springfield Ward,7.630926,Very High,17,11
Nunhead & Queen's Road Ward,7.6100163,Very High,17,11
East Acton Ward,7.5819464,High,9,11
Abbey Wood Ward,7.5494795,High,9,11
Willesden Green Ward,7.5056686,High,9,11
Selhurst Ward,7.504426,High,9,11
Waddon Ward,7.4964595,High,9,11
Wood End Ward,7.483933,High,9,11
St. Edward's Ward,7.4785786,High,9,11
Barkingside Ward,7.4708085,High,9,11
Harold Wood Ward,7.4437213,High,9,11
Blackwall & Cubitt Town Ward,7.4229712,High,9,11
South Acton Ward,7.414337,High,9,11
Colindale South Ward,7.411516,High,9,11
Totteridge & Woodside Ward,7.4002104,High,9,11
Haselbury Ward,7.3866687,High,9,11
Garden Suburb Ward,7.3700023,High,9,11
Golborne Ward,7.3667765,High,9,11
Streatham St. Leonard's Ward,7.3546505,High,9,11
Bromley Town Ward,7.3425894,High,9,11
Addiscombe West Ward,7.3409204,High,9,11
Sydenham Ward,7.31715,High,9,11
Catford South Ward,7.2853236,High,9,11
Maryland Ward,7.2810817,High,9,11
Palmers Green Ward,7.2758327,High,9,11
Enfield Lock Ward,7.229939,High,9,11
Knightsbridge & Belgravia Ward,7.2247834,High,9,11
Woolwich Arsenal Ward,7.2057147,High,9,11
Ladywell Ward,7.1836286,High,9,11
St. James Ward,7.168371,High,9,11
Camberwell Green Ward,7.1621685,High,9,11
Greenwich Park Ward,7.154953,High,9,11
Golders Green Ward,7.1520834,High,9,11
Town Ward,7.1498013,High,9,11
South Woodford Ward,7.139876,High,9,11
High Street Ward,7.133512,High,9,11
Perivale Ward,7.1203747,High,9,11
Westbourne Ward,7.096919,High,9,11
Hoe Street Ward,7.096058,High,9,11
Stroud Green Ward,7.0620346,High,9,11
Southall Green Ward,7.0330696,High,9,11
Clapham East Ward,7.0182686,High,9,11
Campden Ward,7.017322,High,9,11
Laycock Ward,7.008647,High,9,11
West Hampstead Ward,7.0033274,High,9,11
Vauxhall Ward,7.0017686,High,9,11
Tottenham Central Ward,6.966187,High,9,11
West Green Ward,6.9635396,High,9,11
Loxford Ward,6.948158,High,9,11
Lavender Ward,6.92512,High,9,11
White Hart Lane Ward,6.918141,High,9,11
Lewisham Central Ward,6.9154673,High,9,11
Walpole Ward,6.91533,High,9,11
Harringay Ward,6.8956375,High,9,11
Haverstock Ward,6.873186,High,9,11
De Beauvoir Ward,6.8657565,High,9,11
Barnet Vale Ward,6.828849,High,9,11
Syon & Brentford Lock Ward,6.827474,High,9,11
Dalston Ward,6.779566,High,9,11
Cann Hall Ward,6.7689986,High,9,11
Pimlico North Ward,6.760425,High,9,11
West Dulwich Ward,6.7571287,High,9,11
Highbury Ward,6.735664,High,9,11
Barnsbury Ward,6.7265835,High,9,11
Falconbrook Ward,6.722278,High,9,11
Clapham Common & Abbeville Ward,6.7166767,High,9,11
Shadwell Ward,6.7156925,High,9,11
Plumstead & Glyndon Ward,6.703989,High,9,11
Perry Vale Ward,6.6987324,High,9,11
Hanger Hill Ward,6.6973743,High,9,11
Wanstead Village Ward,6.6894774,High,9,11
Jubilee Ward,6.675932,High,9,11
Church Street Ward,6.645077,High,9,11
Ealing Broadway Ward,6.618543,High,9,11
Fortune Green Ward,6.6141925,High,9,11
Victoria Ward,6.5989466,High,9,11
Tufnell Park Ward,6.5842485,High,9,11
Shepherd's Bush Green Ward,6.5709877,High,9,11
St. Dunstan's Ward,6.5576506,High,9,11
Woodhouse Ward,6.5439825,High,9,11
Stanley Ward,6.540533,High,9,11
Hermitage & Gardens Ward,6.522414,High,9,11
Osterley & Spring Grove Ward,6.508462,High,9,11
Streatham Common & Vale Ward,6.499267,High,9,11
Woolwich Common Ward,6.4931197,High,9,11
St. Katharine's & Wapping Ward,6.484376,High,9,11
Bush Hill Park Ward,6.475528,High,9,11
Rotherhithe Ward,6.471265,High,9,11
Clissold Ward,6.4707084,High,9,11
Camden Town Ward,6.465566,High,9,11
Tottenham Hale Ward,6.459393,High,9,11
Fulham Reach Ward,6.443562,High,9,11
Redcliffe Ward,6.428173,High,9,11
Tooting Bec Ward,6.424729,High,9,11
Arnos Grove Ward,6.422016,High,9,11
Knight's Hill Ward,6.4162617,High,9,11
South Richmond Ward,6.4072723,High,9,11
Purley & Woodcote Ward,6.394228,High,9,11
Custom House Ward,6.387917,High,9,11
Coningham Ward,6.379865,High,9,11
Kennington Ward,6.3601956,High,9,11
Beckton Ward,6.3404164,High,9,11
Leytonstone Ward,6.3375335,High,9,11
East Sheen Ward,6.3371506,High,9,11
Chiswick Homefields Ward,6.3367405,High,9,11
Hanworth Village Ward,6.2695966,High,9,11
Evelyn Ward,6.2685037,High,9,11
Ruislip Ward,6.262641,High,9,11
Hornsey Ward,6.2539577,High,9,11
St. Mary Cray Ward,6.246437,High,9,11
Shacklewell Ward,6.2419286,High,9,11
Harrow Road Ward,6.2359366,High,9,11
Ealing Common Ward,6.2359157,High,9,11
West Drayton Ward,6.233328,High,9,11
East Barnet Ward,6.226905,High,9,11
North Greenford Ward,6.2209992,High,9,11
Forest Ward,6.214125,High,9,11
Fortis Green Ward,6.2139635,High,9,11
Mildmay Ward,6.201665,High,9,11
Downham Ward,6.1980786,High,9,11
Brixton Rush Common Ward,6.1953087,High,9,11
Valley Ward,6.1916056,High,9,11
South Tottenham Ward,6.186089,High,9,11
St. Pancras & Somers Town Ward,6.1852946,High,9,11
Crystal Palace & Anerley Ward,6.184888,High,9,11
Carterhatch Ward,6.1735353,High,9,11
Roehampton Ward,6.1602397,High,9,11
Surrey Docks Ward,6.1545105,High,9,11
St. George's Ward,6.1425567,High,9,11
Feltham West Ward,6.137981,High,9,11
Thamesfield Ward,6.1216564,High,9,11
Mill Hill Ward,6.1132345,High,9,11
Primrose Hill Ward,6.1128826,High,9,11
West Putney Ward,6.1001973,High,9,11
Eastbury Ward,6.098922,High,9,11
Manor Park Ward,6.0957437,High,9,11
Bensham Manor Ward,6.0923758,High,9,11
Green Street East Ward,6.0857673,High,9,11
Yiewsley Ward,6.0736465,High,9,11
Aldborough Ward,6.0492826,High,9,11
Hounslow Central Ward,6.048491,Medium,6,11
Northbury Ward,6.0413632,Medium,6,11
New Cross Gate Ward,6.033177,Medium,6,11
Arsenal Ward,6.032808,Medium,6,11
Larkswood Ward,6.0305996,Medium,6,11
South Norwood Ward,6.018984,Medium,6,11
Norbury & Pollards Hill Ward,6.0175266,Medium,6,11
Southgate Ward,6.012704,Medium,6,11
Whalebone Ward,6.002728,Medium,6,11
Dulwich Wood Ward,6.0004973,Medium,6,11
Hammersmith Broadway Ward,5.992249,Medium,6,11
South Croydon Ward,5.9806914,Medium,6,11
Plaistow West & Canning Town East Ward,5.9745545,Medium,6,11
Grove Green Ward,5.9676485,Medium,6,11
Thornton Heath Ward,5.950036,Medium,6,11
Seven Sisters Ward,5.9449587,Medium,6,11
Whitewebbs Ward,5.9392786,Medium,6,11
Churchfields Ward,5.9326525,Medium,6,11
Crofton Park Ward,5.8960686,Medium,6,11
Mottingham Ward,5.886603,Medium,6,11
Goose Green Ward,5.8765907,Medium,6,11
Forest Hill Ward,5.8705935,Medium,6,11
Greenhill Ward,5.8678694,Medium,6,11
Holland Ward,5.8635607,Medium,6,11
Telegraph Hill Ward,5.8589654,Medium,6,11
Northolt Mandeville Ward,5.83432,Medium,6,11
Hounslow Heath Ward,5.8321905,Medium,6,11
Royal Victoria Ward,5.8300505,Medium,6,11
William Morris Ward,5.829517,Medium,6,11
Rush Green & Crowlands Ward,5.8247538,Medium,6,11
Crystal Palace & Upper Norwood Ward,5.806609,Medium,6,11
Cricket Green Ward,5.7985,Medium,6,11
Wealdstone South Ward,5.7942514,Medium,6,11
Furzedown Ward,5.792174,Medium,6,11
North Hanwell Ward,5.7825356,Medium,6,11
Barnes Ward,5.7771835,Medium,6,11
Bromley South Ward,5.7726436,Medium,6,11
West Kensington Ward,5.7581415,Medium,6,11
Hampstead Town Ward,5.751098,Medium,6,11
Queensbury Ward,5.7504015,Medium,6,11
Brunswick Park Ward,5.7243276,Medium,6,11
Whetstone Ward,5.7178016,Medium,6,11
Plumstead Common Ward,5.712498,Medium,6,11
Newington Ward,5.6919866,Medium,6,11
Bexleyheath Ward,5.6890025,Medium,6,11
King's Park Ward,5.6885405,Medium,6,11
Brook Green Ward,5.6821055,Medium,6,11
Kelsey & Eden Park Ward,5.6621027,Medium,6,11
East Putney Ward,5.653373,Medium,6,11
Roxeth Ward,5.63532,Medium,6,11
East Finchley Ward,5.634722,Medium,6,11
Little Ilford Ward,5.632756,Medium,6,11
Thamesmead East Ward,5.6262975,Medium,6,11
Canonbury Ward,5.6141057,Medium,6,11
Pembridge Ward,5.6096716,Medium,6,11
East Ham South Ward,5.6074376,Medium,6,11
Munster Ward,5.587426,Medium,6,11
Sutton South Ward,5.5859623,Medium,6,11
Harrow Weald Ward,5.5839295,Medium,6,11
Belmore Ward,5.583503,Medium,6,11
South Balham Ward,5.5665154,Medium,6,11
Bromley North Ward,5.5585165,Medium,6,11
South Ruislip Ward,5.558486,Medium,6,11
Brownswood Ward,5.545045,Medium,6,11
Belvedere Ward,5.5436635,Medium,6,11
Kentish Town South Ward,5.5415854,Medium,6,11
Mawneys Ward,5.5403633,Medium,6,11
Cathall Ward,5.520694,Medium,6,11
Rainham & Wennington Ward,5.5194616,Medium,6,11
Stockwell East Ward,5.5060353,Medium,6,11
Grove Park Ward,5.5053043,Medium,6,11
Heston West Ward,5.49904,Medium,6,11
Kingston Town Ward,5.498981,Medium,6,11
Southall Broadway Ward,5.496811,Medium,6,11
Fulham Town Ward,5.4940042,Medium,6,11
Greenford Broadway Ward,5.4907703,Medium,6,11
Wembley Park Ward,5.4682803,Medium,6,11
Myatt's Fields Ward,5.4638233,Medium,6,11
Southbury Ward,5.458555,Medium,6,11
East Greenwich Ward,5.4567494,Medium,6,11
Beckenham Town & Copers Cope Ward,5.454238,Medium,6,11
Bellingham Ward,5.4384475,Medium,6,11
Abingdon Ward,5.435153,Medium,6,11
Pitshanger Ward,5.425593,Medium,6,11
Plaistow North Ward,5.4232497,Medium,6,11
Queen's Park Ward,5.4154725,Medium,6,11
Caledonian Ward,5.412291,Medium,6,11
Nine Elms Ward,5.405854,Medium,6,11
Bullsmoor Ward,5.404234,Medium,6,11
West Ham Ward,5.389683,Medium,6,11
Frognal Ward,5.388596,Medium,6,11
Mortlake & Barnes Common Ward,5.3801756,Medium,6,11
Alexandra Park Ward,5.371221,Medium,6,11
Northolt West End Ward,5.36305,Medium,6,11
Bromley Common & Holwood Ward,5.3513255,Medium,6,11
Highfield Ward,5.3353696,Medium,6,11
Blackheath Westcombe Ward,5.326552,Medium,6,11
Canning Town North Ward,5.3221583,Medium,6,11
Valentines Ward,5.3102427,Medium,6,11
Green Street West Ward,5.3075356,Medium,6,11
Plaistow South Ward,5.2952914,Medium,6,11
Palace & Hurlingham Ward,5.293889,Medium,6,11
Barking Riverside Ward,5.2833266,Medium,6,11
Alperton Ward,5.2579994,Medium,6,11
Headstone Ward,5.2460017,Medium,6,11
Chislehurst Ward,5.244697,Medium,6,11
Clapham Park Ward,5.2281165,Medium,6,11
Kidbrooke Village & Sutcliffe Ward,5.2197914,Medium,6,11
Goresbrook Ward,5.209451,Medium,6,11
Colham & Cowley Ward,5.20381,Medium,6,11
Wandsworth Common Ward,5.201706,Medium,6,11
Addison Ward,5.1830726,Medium,6,11
St. Martin's Ward,5.156608,Medium,6,11
Cranford Ward,5.1564937,Medium,6,11
Royal Hospital Ward,5.150534,Medium,6,11
Vincent Square Ward,5.1480384,Medium,6,11
Winchmore Hill Ward,5.140542,Medium,6,11
Cazenove Ward,5.127671,Medium,6,11
Lillie Ward,5.122537,Medium,6,11
Barnhill Ward,5.0603547,Medium,6,11
Valence Ward,5.056874,Medium,6,11
Kidbrooke Park Ward,5.045012,Medium,6,11
Lee Green Ward,5.035563,Medium,6,11
Edgwarebury Ward,5.0146203,Medium,6,11
Wembley Hill Ward,4.992952,Medium,6,11
Wallington South Ward,4.960578,Medium,6,11
Southfield Ward,4.954203,Medium,6,11
Notting Dale Ward,4.9500785,Medium,6,11
Wembley Central Ward,4.9482946,Medium,6,11
Colliers Wood Ward,4.9409704,Medium,6,11
Dormers Wells Ward,4.9367,Medium,6,11
Chelsea Riverside Ward,4.9355645,Medium,6,11
Brentford East Ward,4.9183803,Medium,6,11
Erith Ward,4.9172683,Medium,6,11
Clock House Ward,4.907635,Medium,6,11
Marlborough Ward,4.9022236,Medium,6,11
Kingsbury Ward,4.9001217,Medium,6,11
Ravenscourt Ward,4.893823,Medium,6,11
Hounslow West Ward,4.8872514,Medium,6,11
Chiswick Riverside Ward,4.8848825,Low,3,11
Canning Town South Ward,4.8831606,Low,3,11
Dulwich Village Ward,4.873516,Low,3,11
Pinner Ward,4.869364,Low,3,11
Central Greenford Ward,4.8642774,Low,3,11
Mayfield Ward,4.859415,Low,3,11
West Wickham Ward,4.851416,Low,3,11
Beam Park Ward,4.841031,Low,3,11
Chapel End Ward,4.8235154,Low,3,11
Feltham North Ward,4.8229656,Low,3,11
Hylands & Harrow Lodge Ward,4.8165483,Low,3,11
Stanmore Ward,4.8022747,Low,3,11
Boleyn Ward,4.7948027,Low,3,11
Heston Central Ward,4.791801,Low,3,11
Fullwell Ward,4.749085,Low,3,11
Kenton Ward,4.743046,Low,3,11
Kentish Town North Ward,4.7378745,Low,3,11
Chadwell Ward,4.7346563,Low,3,11
Sands End Ward,4.7300034,Low,3,11
Clayhall Ward,4.7124205,Low,3,11
Eltham Town & Avery Hill Ward,4.7103443,Low,3,11
Kew Ward,4.7092466,Low,3,11
Queen's Gate Ward,4.702628,Low,3,11
Bedfont Ward,4.6978674,Low,3,11
Mayesbrook Ward,4.645118,Low,3,11
Heston East Ward,4.639738,Low,3,11
Havering-atte-Bower Ward,4.6309776,Low,3,11
New Malden Village Ward,4.623485,Low,3,11
Avonmore Ward,4.605472,Low,3,11
Walham Green Ward,4.5989194,Low,3,11
Wood Street Ward,4.5898666,Low,3,11
Lady Margaret Ward,4.5891457,Low,3,11
Sutton Central Ward,4.5711155,Low,3,11
Plaistow Ward,4.545995,Low,3,11
Figge's Marsh Ward,4.5392966,Low,3,11
Stepney Green Ward,4.5377083,Low,3,11
Hampton Ward,4.526802,Low,3,11
Streatham Hill West & Thornton Ward,4.4836583,Low,3,11
Hainault Ward,4.4675703,Low,3,11
Woodberry Down Ward,4.4673815,Low,3,11
Brentford West Ward,4.4648914,Low,3,11
Colindale North Ward,4.462047,Low,3,11
Chadwell Heath Ward,4.454117,Low,3,11
Slade Green & Northend Ward,4.44722,Low,3,11
Addiscombe East Ward,4.44645,Low,3,11
Muswell Hill Ward,4.4462137,Low,3,11
Wall End Ward,4.443723,Low,3,11
Orpington Ward,4.4243712,Low,3,11
Longthornton Ward,4.4201403,Low,3,11
Grove Ward,4.415049,Low,3,11
Newbury Ward,4.410981,Low,3,11
Teddington Ward,4.403074,Low,3,11
Higham Hill Ward,4.397916,Low,3,11
Pinner South Ward,4.3766165,Low,3,11
High Barnet Ward,4.3726006,Low,3,11
St. Margarets & North Twickenham Ward,4.366804,Low,3,11
Selsdon & Addington Village Ward,4.362621,Low,3,11
Cockfosters Ward,4.3569083,Low,3,11
Upminster Ward,4.356637,Low,3,11
Norland Ward,4.343921,Low,3,11
St. Andrew's Ward,4.322881,Low,3,11
Hampton North Ward,4.3165407,Low,3,11
St. Helen's Ward,4.264554,Low,3,11
Pimlico South Ward,4.24497,Low,3,11
Eastcote Ward,4.238602,Low,3,11
St. Alban's Ward,4.2316365,Low,3,11
Alibon Ward,4.1842623,Low,3,11
Seven Kings Ward,4.166329,Low,3,11
Sidcup Ward,4.1637483,Low,3,11
West Hill Ward,4.1614003,Low,3,11
Monkhams Ward,4.1521535,Low,3,11
St. Ann's Ward,4.1516395,Low,3,11
Elm Park Ward,4.1412416,Low,3,11
Sutton North Ward,4.1299305,Low,3,11
"Ham, Petersham & Richmond Riverside Ward",4.126393,Low,3,11
New Southgate Ward,4.0980124,Low,3,11
Eltham Page Ward,4.0900884,Low,3,11
Yeading Ward,4.0671554,Low,3,11
Northfield Ward,4.0627847,Low,3,11
Sanderstead Ward,4.049155,Low,3,11
North Richmond Ward,4.0349417,Low,3,11
Isleworth Ward,4.034025,Low,3,11
Fulwell & Hampton Hill Ward,4.020584,Low,3,11
Gipsy Hill Ward,4.0040426,Low,3,11
Ridgeway Ward,3.9909008,Low,3,11
Bickley & Sundridge Ward,3.9907298,Low,3,11
Hampton Wick & South Teddington Ward,3.989202,Low,3,11
Crayford Ward,3.9710858,Low,3,11
Centenary Ward,3.9701593,Low,3,11
Gascoigne Ward,3.9643638,Low,3,11
Wanstead Park Ward,3.9417999,Low,3,11
Crook Log Ward,3.9166386,Low,3,11
Norbury Park Ward,3.9160583,Low,3,11
White City Ward,3.9019308,Low,3,11
Chingford Green Ward,3.870663,Low,3,11
Charville Ward,3.8542612,Low,3,11
Cranbrook Ward,3.853571,Low,3,11
Greenwich Creekside Ward,3.846656,Low,3,11
Fairlop Ward,3.8457744,Low,3,11
Wallington North Ward,3.842393,Low,3,11
Charlton Village & Riverside Ward,3.825651,Low,3,11
Grange Park Ward,3.8238688,Low,3,11
Squirrels Heath Ward,3.8194275,Low,3,11
West Twickenham Ward,3.8194158,Low,3,11
Bounds Green Ward,3.8167064,Low,3,11
Hounslow East Ward,3.7712865,Low,3,11
St. Helier Ward,3.7673948,Low,3,11
Northwood Hills Ward,3.754302,Low,3,11
Markhouse Ward,3.7489657,Low,3,11
Beddington Ward,3.7472665,Low,3,11
West Heath Ward,3.737698,Low,3,11
Petts Wood & Knoll Ward,3.7255526,Low,3,11
Bowes Ward,3.7082071,Low,3,11
Norbiton Ward,3.7051213,Low,3,11
Carshalton Central Ward,3.7040453,Low,3,11
"Mottingham, Coldharbour & New Eltham Ward",3.6962662,Low,3,11
Parsons Green & Sandford Ward,3.6932678,Low,3,11
Northcote Ward,3.6928694,Low,3,11
Camden Square Ward,3.690805,Low,3,11
Hanworth Park Ward,3.689157,Low,3,11
Graveney Ward,3.6782374,Low,3,11
Forest Gate North Ward,3.6722896,Low,3,11
Limehouse Ward,3.6645927,Low,3,11
Hounslow South Ward,3.6118903,Low,3,11
Sutton West & East Cheam Ward,3.5812838,Low,3,11
Poplar Ward,3.5759783,Low,3,11
Wimbledon Park Ward,3.5411024,Low,3,11
West Barnes Ward,3.5242364,Low,3,11
Shirley North Ward,3.513533,Low,3,11
Peckham Rye Ward,3.4977543,Low,3,11
Falconwood & Welling Ward,3.481999,Low,3,11
Ickenham & South Harefield Ward,3.4576745,Low,3,11
The Wrythe Ward,3.40735,Low,3,11
Hackbridge Ward,3.4042733,Low,3,11
Royal Albert Ward,3.4026115,Low,3,11
Northwick Park Ward,3.400717,Low,3,11
East Wickham Ward,3.3753085,Low,3,11
Shooters Hill Ward,3.3689287,Low,3,11
Raynes Park Ward,3.356976,Very Low,1,11
Harrow on the Hill Ward,3.3537903,Very Low,1,11
Lavender Fields Ward,3.350568,Very Low,1,11
Harefield Village Ward,3.3318567,Very Low,1,11
South Hornchurch Ward,3.3259857,Very Low,1,11
Champion Hill Ward,3.3254392,Very Low,1,11
Becontree Ward,3.3087018,Very Low,1,11
Streatham Hill East Ward,3.304622,Very Low,1,11
Heathfield Ward,3.3044271,Very Low,1,11
South Beddington & Roundshaw Ward,3.2871094,Very Low,1,11
Parsloes Ward,3.2696252,Very Low,1,11
Dalgarno Ward,3.2645164,Very Low,1,11
Coombe Hill Ward,3.2627885,Very Low,1,11
Shirley South Ward,3.2507577,Very Low,1,11
Plashet Ward,3.2438607,Very Low,1,11
Canons Ward,3.2304199,Very Low,1,11
Marshalls & Rise Park Ward,3.2259686,Very Low,1,11
West Thamesmead Ward,3.224402,Very Low,1,11
Twickenham Riverside Ward,3.223169,Very Low,1,11
Dulwich Hill Ward,3.221756,Very Low,1,11
Hayes & Coney Hall Ward,3.2213705,Very Low,1,11
Carshalton South & Clockhouse Ward,3.2210548,Very Low,1,11
South Twickenham Ward,3.2181394,Very Low,1,11
Longbridge Ward,3.2110527,Very Low,1,11
Endlebury Ward,3.2087123,Very Low,1,11
Hatch Lane & Highams Park North Ward,3.1590962,Very Low,1,11
Stamford Hill West Ward,3.156194,Very Low,1,11
Pollards Hill Ward,3.1342201,Very Low,1,11
Cheam Ward,3.1213098,Very Low,1,11
Surbiton Hill Ward,3.1149056,Very Low,1,11
Roxbourne Ward,3.0871615,Very Low,1,11
Farnborough & Crofton Ward,3.0835161,Very Low,1,11
Beam Ward,3.0765731,Very Low,1,11
Hatch End Ward,3.0641122,Very Low,1,11
Whitton Ward,3.047951,Very Low,1,11
Shortlands & Park Langley Ward,3.0364983,Very Low,1,11
Woolwich Dockyard Ward,3.0320513,Very Low,1,11
Southfields Ward,3.0234926,Very Low,1,11
Trinity Ward,2.9589949,Very Low,1,11
Selsdon Vale & Forestdale Ward,2.9501836,Very Low,1,11
Clementswood Ward,2.9207397,Very Low,1,11
Ravensbury Ward,2.9131122,Very Low,1,11
Upper Walthamstow Ward,2.9068966,Very Low,1,11
Thamesmead Moorings Ward,2.9068832,Very Low,1,11
Island Gardens Ward,2.9066243,Very Low,1,11
Wimbledon Town & Dundonald Ward,2.883558,Very Low,1,11
Charlton Hornfair Ward,2.8679628,Very Low,1,11
St. Helier West Ward,2.8583128,Very Low,1,11
Hillside Ward,2.847612,Very Low,1,11
Wealdstone North Ward,2.8431485,Very Low,1,11
Northwood Ward,2.8410113,Very Low,1,11
Hillingdon East Ward,2.83298,Very Low,1,11
New Addington South Ward,2.811353,Very Low,1,11
Green Lane & St. James Ward,2.8075879,Very Low,1,11
Preston Ward,2.8075821,Very Low,1,11
Northumberland Heath Ward,2.7925975,Very Low,1,11
Sudbury Ward,2.7902117,Very Low,1,11
Park Hill & Whitgift Ward,2.7856684,Very Low,1,11
Stonecot Ward,2.7793698,Very Low,1,11
Streatham Wells Ward,2.7437053,Very Low,1,11
Tokyngton Ward,2.741963,Very Low,1,11
Wormholt Ward,2.720697,Very Low,1,11
West Harrow Ward,2.6894708,Very Low,1,11
Purley Oaks & Riddlesdown Ward,2.681108,Very Low,1,11
Underhill Ward,2.6673245,Very Low,1,11
Thames View Ward,2.6400697,Very Low,1,11
Biggin Hill Ward,2.638546,Very Low,1,11
Lower Morden Ward,2.6320174,Very Low,1,11
Wendell Park Ward,2.5691588,Very Low,1,11
Rayners Lane Ward,2.5566366,Very Low,1,11
Chelsfield Ward,2.5533621,Very Low,1,11
Barnehurst Ward,2.5497503,Very Low,1,11
Coulsdon Town Ward,2.5400827,Very Low,1,11
St. Mary's & St. James Ward,2.5325594,Very Low,1,11
Eltham Park & Progress Ward,2.5279682,Very Low,1,11
Middle Park & Horn Park Ward,2.5009851,Very Low,1,11
Blackfen & Lamorbey Ward,2.4992461,Very Low,1,11
North Cheam Ward,2.482587,Very Low,1,11
Eastbrook & Rush Green Ward,2.4775505,Very Low,1,11
Hale End & Highams Park South Ward,2.4536867,Very Low,1,11
Ruislip Manor Ward,2.4527185,Very Low,1,11
Kenton East Ward,2.451146,Very Low,1,11
Kenley Ward,2.4425995,Very Low,1,11
Darwin Ward,2.440896,Very Low,1,11
Southall West Ward,2.4165788,Very Low,1,11
Hillingdon West Ward,2.4127975,Very Low,1,11
Worcester Park North Ward,2.412507,Very Low,1,11
Emerson Park Ward,2.4073868,Very Low,1,11
North Harrow Ward,2.4008644,Very Low,1,11
Kingston Gate Ward,2.3969078,Very Low,1,11
Kenton West Ward,2.3934114,Very Low,1,11
Oakwood Ward,2.3739555,Very Low,1,11
Alexandra Ward,2.3733377,Very Low,1,11
Heath Ward,2.3541913,Very Low,1,11
Merton Park Ward,2.3420496,Very Low,1,11
Tolworth Ward,2.3238616,Very Low,1,11
Canbury Gardens Ward,2.286784,Very Low,1,11
Coombe Vale Ward,2.2852383,Very Low,1,11
New Addington North Ward,2.2750518,Very Low,1,11
Farringdon Without Ward,2.260257,Very Low,1,11
St. Mark's & Seething Wells Ward,2.238599,Very Low,1,11
King George's & Sunray Ward,2.2217202,Very Low,1,11
Worcester Park South Ward,2.219274,Very Low,1,11
Blendon & Penhill Ward,2.213807,Very Low,1,11
St. Helier East Ward,2.1914601,Very Low,1,11
Chessington South & Malden Rushett Ward,2.1427238,Very Low,1,11
Cranham Ward,2.1211388,Very Low,1,11
Cannon Hill Ward,2.1099267,Very Low,1,11
Old Coulsdon Ward,2.0602136,Very Low,1,11
Motspur Park & Old Malden East Ward,2.044493,Very Low,1,11
Hook & Chessington North Ward,2.0346382,Very Low,1,11
Longlands Ward,2.0161672,Very Low,1,11
Old Malden Ward,1.9438361,Very Low,1,11
Tudor Ward,1.7806516,Very Low,1,11
Farringdon Within Ward,1.7187653,Very Low,1,11
Berrylands Ward,1.6490127,Very Low,1,11
Hacton Ward,1.6004533,Very Low,1,11
Bishopsgate Ward,1.3257284,Very Low,1,11
Castle Baynard Ward,1.2393827,Very Low,1,11
Tower Ward,1.0462706,Very Low,1,11
Bread Street Ward,0.88297623,Very Low,1,11
Aldersgate Ward,0.8673004,Very Low,1,11
Langbourn Ward,0.7554906,Very Low,1,11
Cripplegate Ward,0.7381056,Very Low,1,11
Cordwainer Ward,0.7196766,Very Low,1,11
Portsoken Ward,0.6161921,Very Low,1,11
Queenhithe Ward,0.60454935,Very Low,1,11
Bassishaw Ward,0.54142624,Very Low,1,11
Aldgate Ward,0.5330173,Very Low,1,11
Cornhill Ward,0.5330173,Very Low,1,11
Coleman Street Ward,0.5330173,Very Low,1,11
Billingsgate Ward,0.5073699,Very Low,1,11
Candlewick Ward,0.506055,Very Low,1,11
Broad Street Ward,0.506055,Very Low,1,11
Dowgate Ward,0.506055,Very Low,1,11
Vintry Ward,0.506055,Very Low,1,11
Walbrook Ward,0.506055,Very Low,1,11
Lime Street Ward,0.506055,Very Low,1,11
Cheap Ward,0.506055,Very Low,1,11
West End Ward,48.27355,Very High,18,12
Lea Bridge Ward,42.583515,Very High,18,12
Regent's Park Ward,37.632664,Very High,18,12
Kilburn Ward,37.437073,Very High,18,12
Highgate Ward,33.171436,Very High,18,12
Edgware Ward,30.743422,Very High,18,12
St. James's Ward,30.502756,Very High,18,12
Marylebone Ward,29.138752,Very High,18,12
Village Ward,23.648754,Very High,17,12
Bloomsbury Ward,23.568502,Very High,17,12
Woodside Ward,21.800634,Very High,17,12
Holborn & Covent Garden Ward,20.82837,Very High,17,12
Wandle Ward,18.19852,Very High,17,12
Borough & Bankside Ward,17.795765,Very High,17,12
Hoxton East & Shoreditch Ward,16.587505,Very High,17,12
Abbey Ward,16.484118,Very High,17,12
Fairfield Ward,16.349403,Very High,17,12
Bethnal Green West Ward,15.884563,Very High,17,12
Spitalfields & Banglatown Ward,15.840273,Very High,17,12
Childs Hill Ward,15.427086,Very High,17,12
North Walworth Ward,14.867311,Very High,17,12
Bow East Ward,14.614814,Very High,17,12
Belmont Ward,14.527646,Very High,17,12
Hyde Park Ward,14.37228,Very High,17,12
Bayswater Ward,14.122059,Very High,17,12
Stratford Ward,12.568347,Very High,17,12
Whitechapel Ward,12.415877,Very High,17,12
Mile End Ward,12.223105,Very High,17,12
Lancaster Gate Ward,12.040133,Very High,17,12
London Bridge & West Bermondsey Ward,12.031043,Very High,17,12
London Fields Ward,11.949608,Very High,17,12
Clapham Town Ward,11.501041,Very High,17,12
Stratford Olympic Park Ward,11.454877,Very High,17,12
Bethnal Green East Ward,11.419633,Very High,17,12
Lansbury Ward,11.32391,Very High,17,12
Junction Ward,11.236287,Very High,17,12
Waterloo & South Bank Ward,11.235085,Very High,17,12
Edmonton Green Ward,11.201837,Very High,17,12
Balham Ward,11.161623,Very High,17,12
Hendon Ward,11.140012,Very High,17,12
Rushey Green Ward,10.893221,Very High,17,12
Chaucer Ward,10.842562,Very High,17,12
Deptford Ward,10.817109,Very High,17,12
Burnt Oak Ward,10.797847,Very High,17,12
Canary Wharf Ward,10.760434,Very High,17,12
Harlesden & Kensal Green Ward,10.759973,Very High,17,12
Finsbury Park Ward,10.580444,Very High,17,12
Weavers Ward,10.503789,Very High,17,12
Hackney Downs Ward,10.4943285,Very High,17,12
Broad Green Ward,10.428206,Very High,17,12
Bunhill Ward,10.42291,Very High,17,12
Brixton Acre Lane Ward,10.349109,Very High,17,12
Queens Park Ward,10.340634,Very High,17,12
Dollis Hill Ward,10.201151,Very High,17,12
North Acton Ward,10.186176,Very High,17,12
Rye Lane Ward,10.184295,Very High,17,12
Brockley Ward,10.160137,Very High,17,12
East Ham Ward,10.04147,Very High,17,12
Northumberland Park Ward,9.964647,Very High,17,12
Homerton Ward,9.929628,Very High,17,12
Tollington Ward,9.909066,Very High,17,12
Hoxton West Ward,9.828624,Very High,17,12
Upper Edmonton Ward,9.797773,Very High,17,12
Cricklewood & Mapesbury Ward,9.696492,Very High,17,12
Brixton North Ward,9.657487,Very High,17,12
Brimsdown Ward,9.557042,Very High,17,12
Bridge Ward,9.549383,Very High,17,12
Clerkenwell Ward,9.502979,Very High,17,12
Wandsworth Town Ward,9.471692,Very High,17,12
Colville Ward,9.446772,Very High,17,12
Hackney Central Ward,9.3835,Very High,17,12
Haggerston Ward,9.372017,Very High,17,12
Finchley Church End Ward,9.354317,Very High,17,12
South Bermondsey Ward,9.306792,Very High,17,12
Heathrow Villages Ward,9.267733,Very High,17,12
Crouch End Ward,9.254856,Very High,17,12
Hayes Town Ward,9.199116,Very High,17,12
Hackney Wick Ward,9.134188,Very High,17,12
Greenwich Peninsula Ward,9.099422,Very High,17,12
Ilford Town Ward,9.023315,Very High,17,12
Holloway Ward,8.998754,Very High,17,12
Stonebridge Ward,8.941133,Very High,17,12
West Thornton Ward,8.927429,Very High,17,12
Cricklewood Ward,8.899408,Very High,17,12
Battersea Park Ward,8.790677,Very High,17,12
Faraday Ward,8.782104,Very High,17,12
Courtfield Ward,8.757506,Very High,17,12
Hither Green Ward,8.748419,Very High,17,12
Friern Barnet Ward,8.740242,Very High,17,12
West Hendon Ward,8.681664,Very High,17,12
North Bermondsey Ward,8.622587,Very High,17,12
Welsh Harp Ward,8.612855,Very High,17,12
St. Giles Ward,8.599266,Very High,17,12
Abbey Road Ward,8.58204,Very High,17,12
Blackheath Ward,8.567389,Very High,17,12
King's Cross Ward,8.530156,Very High,17,12
Bruce Castle Ward,8.5252905,Very High,17,12
Hanwell Broadway Ward,8.519516,Very High,17,12
Leyton Ward,8.508876,Very High,17,12
Herne Hill & Loughborough Junction Ward,8.476957,Very High,17,12
Brixton Windrush Ward,8.370728,Very High,17,12
Uxbridge Ward,8.360987,Very High,17,12
Penge & Cator Ward,8.286127,Very High,17,12
Chiswick Gunnersbury Ward,8.262053,Very High,17,12
Maida Vale Ward,8.225466,Very High,17,12
Pinkwell Ward,8.216797,Very High,17,12
St. Mary's & St. James' Ward,8.154254,Very High,17,12
Goodmayes Ward,8.150846,Very High,17,12
South Hampstead Ward,8.144045,Very High,17,12
St. Paul's Cray Ward,8.104114,Very High,17,12
Brompton & Hans Town Ward,8.097077,Very High,17,12
Willesden Green Ward,8.068569,Very High,17,12
Ponders End Ward,8.0622835,Very High,17,12
Gooshays Ward,8.0302305,Very High,17,12
Totteridge & Woodside Ward,8.024225,Very High,17,12
West Finchley Ward,7.885787,Very High,17,12
Earl's Court Ward,7.75666,Very High,17,12
Ladywell Ward,7.755649,Very High,17,12
St. Peter's & Canalside Ward,7.7507553,Very High,17,12
Hillrise Ward,7.7465825,Very High,17,12
Belsize Ward,7.7162523,Very High,17,12
Selhurst Ward,7.7125907,Very High,17,12
Roundwood Ward,7.6980805,Very High,17,12
Noel Park Ward,7.6753626,Very High,17,12
Forest Gate South Ward,7.6690183,Very High,17,12
St. Mary's Ward,7.663044,Very High,17,12
South Woodford Ward,7.655932,Very High,17,12
Laycock Ward,7.5978527,Very High,17,12
College Park & Old Oak Ward,7.585915,Very High,17,12
Gospel Oak Ward,7.5317726,Very High,17,12
Heaton Ward,7.505368,Very High,17,12
Hoe Street Ward,7.447761,Very High,17,12
Lower Edmonton Ward,7.4449944,Very High,17,12
Garden Suburb Ward,7.443059,Very High,17,12
Oval Ward,7.421016,Very High,17,12
Old Kent Road Ward,7.409996,Very High,17,12
Westbourne Ward,7.3996625,Very High,17,12
Peckham Ward,7.3883243,Very High,17,12
West Hampstead Ward,7.356467,Very High,17,12
Waddon Ward,7.344915,High,9,12
Hanger Hill Ward,7.3433332,High,9,12
St. Edward's Ward,7.3121357,High,9,12
Clapham Common & Abbeville Ward,7.302521,High,9,12
West Green Ward,7.3022842,High,9,12
Brondesbury Park Ward,7.2971463,High,9,12
Haselbury Ward,7.2932124,High,9,12
Springfield Ward,7.2908573,High,9,12
Nunhead & Queen's Road Ward,7.2892675,High,9,12
Knightsbridge & Belgravia Ward,7.2713447,High,9,12
Addiscombe West Ward,7.2705607,High,9,12
Golborne Ward,7.266925,High,9,12
Shaftesbury & Queenstown Ward,7.2584333,High,9,12
Woolwich Arsenal Ward,7.2564096,High,9,12
Barkingside Ward,7.2539697,High,9,12
Bromley Town Ward,7.233623,High,9,12
Bow West Ward,7.175085,High,9,12
Campden Ward,7.1749706,High,9,12
Stockwell West & Larkhall Ward,7.114003,High,9,12
Perry Vale Ward,7.09787,High,9,12
Ealing Broadway Ward,7.0887766,High,9,12
Little Venice Ward,7.040621,High,9,12
Leytonstone Ward,7.006254,High,9,12
Enfield Lock Ward,6.9920206,High,9,12
Camden Town Ward,6.988833,High,9,12
Streatham St. Leonard's Ward,6.9838085,High,9,12
Palmers Green Ward,6.9713016,High,9,12
Colindale South Ward,6.9646735,High,9,12
Sydenham Ward,6.9603615,High,9,12
South Acton Ward,6.9592147,High,9,12
Purley & Woodcote Ward,6.947835,High,9,12
South Richmond Ward,6.89696,High,9,12
Wood End Ward,6.892269,High,9,12
Church Street Ward,6.891893,High,9,12
Evelyn Ward,6.890859,High,9,12
East Acton Ward,6.8794665,High,9,12
Tooting Broadway Ward,6.86734,High,9,12
Golders Green Ward,6.8654985,High,9,12
Norwood Green Ward,6.857803,High,9,12
South Tottenham Ward,6.84241,High,9,12
Stanley Ward,6.8321743,High,9,12
St. Katharine's & Wapping Ward,6.814326,High,9,12
Coningham Ward,6.811882,High,9,12
Catford South Ward,6.810438,High,9,12
White Hart Lane Ward,6.7613463,High,9,12
Streatham Common & Vale Ward,6.7325244,High,9,12
Town Ward,6.7194967,High,9,12
Pimlico North Ward,6.683832,High,9,12
Lavender Ward,6.674809,High,9,12
Dalston Ward,6.6718407,High,9,12
Southall Green Ward,6.671255,High,9,12
High Street Ward,6.663009,High,9,12
Vauxhall Ward,6.656922,High,9,12
Arnos Grove Ward,6.639626,High,9,12
Victoria Ward,6.617323,High,9,12
Mildmay Ward,6.6054296,High,9,12
St. Dunstan's Ward,6.5965266,High,9,12
Redcliffe Ward,6.5776243,High,9,12
Custom House Ward,6.5682006,High,9,12
Stoke Newington Ward,6.5673466,High,9,12
Chiswick Homefields Ward,6.5503945,High,9,12
Haverstock Ward,6.544953,High,9,12
Green Street East Ward,6.5312796,High,9,12
Blackwall & Cubitt Town Ward,6.5207133,High,9,12
South Norwood Ward,6.516083,High,9,12
Dulwich Wood Ward,6.5085416,High,9,12
Shepherd's Bush Green Ward,6.5025287,High,9,12
Beckton Ward,6.4796743,High,9,12
Tottenham Central Ward,6.4771976,High,9,12
Harringay Ward,6.4610114,High,9,12
St. George's Ward,6.443543,High,9,12
St. Pancras & Somers Town Ward,6.440801,High,9,12
St. James Ward,6.4394417,High,9,12
Abbey Wood Ward,6.4378858,High,9,12
Walpole Ward,6.427649,High,9,12
Bush Hill Park Ward,6.4253054,High,9,12
Greenwich Park Ward,6.41197,High,9,12
Southgate Ward,6.406121,High,9,12
Downham Ward,6.4045854,High,9,12
Harold Wood Ward,6.4003253,High,9,12
Cricket Green Ward,6.395357,High,9,12
Tufnell Park Ward,6.383138,High,9,12
Plumstead & Glyndon Ward,6.3785114,High,9,12
Rush Green & Crowlands Ward,6.361451,High,9,12
Jubilee Ward,6.347554,High,9,12
Abingdon Ward,6.333453,High,9,12
Bensham Manor Ward,6.333174,High,9,12
Frognal Ward,6.3101783,High,9,12
Cann Hall Ward,6.3001556,High,9,12
Feltham West Ward,6.279546,High,9,12
Fortis Green Ward,6.2754426,High,9,12
Stroud Green Ward,6.2742143,High,9,12
Carterhatch Ward,6.2709017,High,9,12
Harrow Road Ward,6.248309,High,9,12
Ealing Common Ward,6.246061,High,9,12
Valley Ward,6.2449393,High,9,12
West Drayton Ward,6.2286935,High,9,12
Woodhouse Ward,6.223774,High,9,12
Perivale Ward,6.219286,High,9,12
Primrose Hill Ward,6.2158976,High,9,12
Plaistow West & Canning Town East Ward,6.212049,High,9,12
Thamesfield Ward,6.204151,High,9,12
Mill Hill Ward,6.2025056,High,9,12
Shacklewell Ward,6.200791,High,9,12
Maryland Ward,6.195641,High,9,12
South Croydon Ward,6.1859546,High,9,12
Highbury Ward,6.1815915,High,9,12
Telegraph Hill Ward,6.1700497,High,9,12
Norbury & Pollards Hill Ward,6.1422377,High,9,12
Clapham East Ward,6.139004,High,9,12
West Putney Ward,6.124777,High,9,12
Yiewsley Ward,6.122959,High,9,12
South Ruislip Ward,6.110134,High,9,12
Hampstead Town Ward,6.086238,High,9,12
Royal Victoria Ward,6.0761485,High,9,12
Wanstead Village Ward,6.071589,High,9,12
Bromley South Ward,6.05453,High,9,12
Fulham Reach Ward,6.049941,High,9,12
Ruislip Ward,6.0453405,High,9,12
Larkswood Ward,6.043485,High,9,12
Chislehurst Ward,6.0378203,High,9,12
Kidbrooke Village & Sutcliffe Ward,6.030367,High,9,12
Loxford Ward,6.0224223,High,9,12
Forest Hill Ward,6.014443,High,9,12
Harrow Weald Ward,6.012631,High,9,12
Blackheath Westcombe Ward,6.010339,High,9,12
Brixton Rush Common Ward,6.0078564,High,9,12
Southbury Ward,6.0005517,High,9,12
Caledonian Ward,5.978186,High,9,12
Shadwell Ward,5.9776707,High,9,12
Camberwell Green Ward,5.9769425,High,9,12
Knight's Hill Ward,5.974611,High,9,12
Wandsworth Common Ward,5.96595,High,9,12
Crystal Palace & Upper Norwood Ward,5.9594398,High,9,12
Aldborough Ward,5.9501214,High,9,12
Syon & Brentford Lock Ward,5.939927,High,9,12
Osterley & Spring Grove Ward,5.9395733,High,9,12
Hermitage & Gardens Ward,5.935281,High,9,12
Barnsbury Ward,5.92935,Medium,6,12
North Greenford Ward,5.9258695,Medium,6,12
Falconbrook Ward,5.905113,Medium,6,12
New Cross Gate Ward,5.903357,Medium,6,12
Clissold Ward,5.891718,Medium,6,12
Hanworth Village Ward,5.8902774,Medium,6,12
Fortune Green Ward,5.8775077,Medium,6,12
Surrey Docks Ward,5.865058,Medium,6,12
Queensbury Ward,5.8611245,Medium,6,12
Eastbury Ward,5.8507714,Medium,6,12
East Putney Ward,5.8470845,Medium,6,12
Whalebone Ward,5.8189793,Medium,6,12
Woolwich Common Ward,5.816736,Medium,6,12
Kentish Town South Ward,5.8028803,Medium,6,12
Mawneys Ward,5.7991257,Medium,6,12
Holland Ward,5.789317,Medium,6,12
Beckenham Town & Copers Cope Ward,5.7875333,Medium,6,12
Headstone Ward,5.7759013,Medium,6,12
West Dulwich Ward,5.775685,Medium,6,12
Arsenal Ward,5.755538,Medium,6,12
Little Ilford Ward,5.713969,Medium,6,12
Furzedown Ward,5.70375,Medium,6,12
Myatt's Fields Ward,5.692905,Medium,6,12
Alperton Ward,5.675481,Medium,6,12
Hornsey Ward,5.669912,Medium,6,12
East Greenwich Ward,5.669673,Medium,6,12
Bromley North Ward,5.655027,Medium,6,12
Barnet Vale Ward,5.6477027,Medium,6,12
St. Mary Cray Ward,5.6453724,Medium,6,12
Vincent Square Ward,5.6355224,Medium,6,12
Manor Park Ward,5.6354437,Medium,6,12
Rotherhithe Ward,5.632586,Medium,6,12
Hounslow Central Ward,5.629185,Medium,6,12
Tottenham Hale Ward,5.6187015,Medium,6,12
De Beauvoir Ward,5.6183968,Medium,6,12
Brunswick Park Ward,5.617333,Medium,6,12
Cockfosters Ward,5.6164575,Medium,6,12
Bromley Common & Holwood Ward,5.6164184,Medium,6,12
West Kensington Ward,5.6124907,Medium,6,12
Addison Ward,5.6114755,Medium,6,12
Roehampton Ward,5.6046004,Medium,6,12
Tooting Bec Ward,5.596501,Medium,6,12
Canning Town North Ward,5.5960712,Medium,6,12
Kennington Ward,5.590987,Medium,6,12
Seven Sisters Ward,5.5794497,Medium,6,12
Whetstone Ward,5.577203,Medium,6,12
Churchfields Ward,5.5604386,Medium,6,12
Pitshanger Ward,5.5518436,Medium,6,12
Canonbury Ward,5.5515285,Medium,6,12
Belmore Ward,5.551199,Medium,6,12
Queen's Park Ward,5.54604,Medium,6,12
Brook Green Ward,5.53638,Medium,6,12
Thornton Heath Ward,5.530666,Medium,6,12
Plumstead Common Ward,5.5223637,Medium,6,12
Green Street West Ward,5.521609,Medium,6,12
Fulham Town Ward,5.501985,Medium,6,12
Hammersmith Broadway Ward,5.4998174,Medium,6,12
Wealdstone South Ward,5.499332,Medium,6,12
Whitewebbs Ward,5.4452553,Medium,6,12
Greenford Broadway Ward,5.4361935,Medium,6,12
Colham & Cowley Ward,5.4341526,Medium,6,12
Grove Green Ward,5.4329486,Medium,6,12
Mottingham Ward,5.424697,Medium,6,12
South Balham Ward,5.419631,Medium,6,12
Eltham Town & Avery Hill Ward,5.4174647,Medium,6,12
East Finchley Ward,5.413874,Medium,6,12
East Ham South Ward,5.411207,Medium,6,12
Royal Hospital Ward,5.4081235,Medium,6,12
Lewisham Central Ward,5.4078856,Medium,6,12
Northbury Ward,5.400633,Medium,6,12
Forest Ward,5.3974357,Medium,6,12
Nine Elms Ward,5.3686223,Medium,6,12
Kentish Town North Ward,5.360493,Medium,6,12
East Barnet Ward,5.3568106,Medium,6,12
Bellingham Ward,5.3413672,Medium,6,12
Palace & Hurlingham Ward,5.339144,Medium,6,12
Rainham & Wennington Ward,5.3362737,Medium,6,12
Sutton South Ward,5.3220897,Medium,6,12
Brownswood Ward,5.316963,Medium,6,12
Kenton Ward,5.3142123,Medium,6,12
Pinner Ward,5.31034,Medium,6,12
Belvedere Ward,5.305827,Medium,6,12
Munster Ward,5.291186,Medium,6,12
Wembley Park Ward,5.287523,Medium,6,12
Chiswick Riverside Ward,5.2683225,Medium,6,12
East Sheen Ward,5.2622814,Medium,6,12
Hounslow Heath Ward,5.247912,Medium,6,12
Kidbrooke Park Ward,5.24638,Medium,6,12
Grove Park Ward,5.24326,Medium,6,12
Feltham North Ward,5.2391553,Medium,6,12
Roxeth Ward,5.235278,Medium,6,12
King's Park Ward,5.21036,Medium,6,12
Goose Green Ward,5.201229,Medium,6,12
Barnes Ward,5.19792,Medium,6,12
Crofton Park Ward,5.1978292,Medium,6,12
West Ham Ward,5.1917596,Medium,6,12
Goresbrook Ward,5.169598,Medium,6,12
Greenhill Ward,5.1691465,Medium,6,12
Plaistow North Ward,5.1633134,Medium,6,12
Chelsea Riverside Ward,5.1608944,Medium,6,12
Crystal Palace & Anerley Ward,5.1563535,Medium,6,12
Newington Ward,5.1431766,Medium,6,12
Walham Green Ward,5.143005,Medium,6,12
Seven Kings Ward,5.1217456,Medium,6,12
Woodberry Down Ward,5.0856524,Medium,6,12
Kingston Town Ward,5.085474,Medium,6,12
Pembridge Ward,5.0747676,Medium,6,12
Valentines Ward,5.0725827,Medium,6,12
William Morris Ward,5.064439,Medium,6,12
Highfield Ward,5.0526586,Medium,6,12
Kelsey & Eden Park Ward,5.047303,Medium,6,12
Thamesmead East Ward,5.043879,Medium,6,12
West Wickham Ward,5.0431933,Medium,6,12
Bexleyheath Ward,5.0253515,Medium,6,12
Southall Broadway Ward,5.0240116,Medium,6,12
Cathall Ward,4.9962792,Medium,6,12
Wembley Central Ward,4.994947,Medium,6,12
Edgwarebury Ward,4.99412,Medium,6,12
Valence Ward,4.98721,Medium,6,12
Wembley Hill Ward,4.9811687,Medium,6,12
Pimlico South Ward,4.977476,Medium,6,12
Bullsmoor Ward,4.969486,Medium,6,12
Northolt Mandeville Ward,4.9663396,Medium,6,12
Colindale North Ward,4.9514728,Medium,6,12
Kingsbury Ward,4.940599,Medium,6,12
Mortlake & Barnes Common Ward,4.939992,Medium,6,12
Sands End Ward,4.9388638,Medium,6,12
Chapel End Ward,4.937963,Medium,6,12
Stockwell East Ward,4.926524,Medium,6,12
Cranford Ward,4.9009194,Medium,6,12
Eltham Page Ward,4.8827477,Medium,6,12
Gipsy Hill Ward,4.847357,Medium,6,12
Clapham Park Ward,4.8441834,Medium,6,12
Northolt West End Ward,4.8399577,Medium,6,12
North Hanwell Ward,4.8344707,Medium,6,12
Plaistow South Ward,4.821955,Medium,6,12
Orpington Ward,4.7866836,Medium,6,12
Royal Albert Ward,4.785166,Medium,6,12
Heston Central Ward,4.7795143,Medium,6,12
Petts Wood & Knoll Ward,4.7430983,Low,3,12
Barnhill Ward,4.7398868,Low,3,12
Colliers Wood Ward,4.737286,Low,3,12
Heston West Ward,4.729738,Low,3,12
Lee Green Ward,4.7097034,Low,3,12
Cazenove Ward,4.709308,Low,3,12
Streatham Hill West & Thornton Ward,4.706511,Low,3,12
Notting Dale Ward,4.698367,Low,3,12
Marshalls & Rise Park Ward,4.6914167,Low,3,12
Barking Riverside Ward,4.6617184,Low,3,12
Lavender Fields Ward,4.659674,Low,3,12
Lillie Ward,4.6362143,Low,3,12
Clayhall Ward,4.629251,Low,3,12
Brentford East Ward,4.5985537,Low,3,12
Avonmore Ward,4.5928817,Low,3,12
Dulwich Village Ward,4.5928597,Low,3,12
Winchmore Hill Ward,4.575012,Low,3,12
Alexandra Park Ward,4.5706716,Low,3,12
Canning Town South Ward,4.548118,Low,3,12
Sanderstead Ward,4.544954,Low,3,12
New Malden Village Ward,4.5351815,Low,3,12
Hylands & Harrow Lodge Ward,4.528622,Low,3,12
Mayfield Ward,4.5246835,Low,3,12
Farnborough & Crofton Ward,4.516353,Low,3,12
Stanmore Ward,4.509015,Low,3,12
Figge's Marsh Ward,4.5026464,Low,3,12
Hounslow West Ward,4.4587336,Low,3,12
Clock House Ward,4.4580793,Low,3,12
Twickenham Riverside Ward,4.4483566,Low,3,12
Limehouse Ward,4.444914,Low,3,12
Selsdon & Addington Village Ward,4.44233,Low,3,12
Dormers Wells Ward,4.4412174,Low,3,12
Longthornton Ward,4.4326186,Low,3,12
Central Greenford Ward,4.426486,Low,3,12
Sidcup Ward,4.40996,Low,3,12
Southfield Ward,4.3946934,Low,3,12
Boleyn Ward,4.3938413,Low,3,12
Sutton Central Ward,4.3930535,Low,3,12
St. Martin's Ward,4.3921742,Low,3,12
Stepney Green Ward,4.3777514,Low,3,12
Fullwell Ward,4.3690157,Low,3,12
Muswell Hill Ward,4.351927,Low,3,12
Wall End Ward,4.344609,Low,3,12
Beam Park Ward,4.334204,Low,3,12
Erith Ward,4.3162665,Low,3,12
Mayesbrook Ward,4.310905,Low,3,12
Newbury Ward,4.288753,Low,3,12
Bedfont Ward,4.2822766,Low,3,12
Grove Ward,4.2806644,Low,3,12
West Twickenham Ward,4.2772694,Low,3,12
Kew Ward,4.267875,Low,3,12
Dalgarno Ward,4.2662997,Low,3,12
Norland Ward,4.2595615,Low,3,12
Eastcote Ward,4.231787,Low,3,12
New Southgate Ward,4.2218294,Low,3,12
Elm Park Ward,4.2212625,Low,3,12
Marlborough Ward,4.220259,Low,3,12
Ravenscourt Ward,4.203891,Low,3,12
Hampton Ward,4.18508,Low,3,12
Northfield Ward,4.1839957,Low,3,12
Chadwell Ward,4.164073,Low,3,12
Pinner South Ward,4.1624866,Low,3,12
Havering-atte-Bower Ward,4.160376,Low,3,12
Upminster Ward,4.157947,Low,3,12
St. Ann's Ward,4.1392636,Low,3,12
Higham Hill Ward,4.134598,Low,3,12
Crook Log Ward,4.1094356,Low,3,12
Addiscombe East Ward,4.096231,Low,3,12
Bickley & Sundridge Ward,4.0905347,Low,3,12
Wanstead Park Ward,4.0880117,Low,3,12
Slade Green & Northend Ward,4.087828,Low,3,12
Norbury Park Ward,4.08624,Low,3,12
Wallington South Ward,4.0795937,Low,3,12
West Hill Ward,4.0718193,Low,3,12
Beddington Ward,4.0693393,Low,3,12
Hainault Ward,4.063637,Low,3,12
St. Andrew's Ward,4.051485,Low,3,12
Shooters Hill Ward,4.045578,Low,3,12
Harrow on the Hill Ward,4.0153174,Low,3,12
Ridgeway Ward,4.013375,Low,3,12
Lady Margaret Ward,3.9973404,Low,3,12
Hampton North Ward,3.9770117,Low,3,12
Brentford West Ward,3.9638133,Low,3,12
Fulwell & Hampton Hill Ward,3.9627156,Low,3,12
Queen's Gate Ward,3.9572976,Low,3,12
Champion Hill Ward,3.953461,Low,3,12
Heston East Ward,3.942511,Low,3,12
Wood Street Ward,3.9395854,Low,3,12
Monkhams Ward,3.9314358,Low,3,12
Teddington Ward,3.9311097,Low,3,12
Charlton Village & Riverside Ward,3.9235768,Low,3,12
Squirrels Heath Ward,3.9183786,Low,3,12
Plaistow Ward,3.9077415,Low,3,12
Falconwood & Welling Ward,3.9071887,Low,3,12
Isleworth Ward,3.9020875,Low,3,12
St. Margarets & North Twickenham Ward,3.8985298,Low,3,12
Raynes Park Ward,3.8885984,Low,3,12
White City Ward,3.871615,Low,3,12
Northwood Hills Ward,3.868677,Low,3,12
North Richmond Ward,3.857656,Low,3,12
West Barnes Ward,3.8337302,Low,3,12
Streatham Wells Ward,3.8030155,Low,3,12
Hampton Wick & South Teddington Ward,3.7960641,Low,3,12
Cranbrook Ward,3.7631006,Low,3,12
Plashet Ward,3.7412531,Low,3,12
Becontree Ward,3.7378042,Low,3,12
Yeading Ward,3.737705,Low,3,12
High Barnet Ward,3.7058618,Low,3,12
Centenary Ward,3.7054129,Low,3,12
Gascoigne Ward,3.705354,Low,3,12
Chadwell Heath Ward,3.6979456,Low,3,12
"Ham, Petersham & Richmond Riverside Ward",3.6864421,Low,3,12
"Mottingham, Coldharbour & New Eltham Ward",3.6841018,Low,3,12
West Heath Ward,3.6674724,Low,3,12
Parsons Green & Sandford Ward,3.6531653,Low,3,12
South Hornchurch Ward,3.6522715,Low,3,12
Alibon Ward,3.637351,Low,3,12
Grange Park Ward,3.628951,Low,3,12
Shortlands & Park Langley Ward,3.6273837,Low,3,12
Hayes & Coney Hall Ward,3.624805,Low,3,12
Wimbledon Park Ward,3.623423,Low,3,12
Longbridge Ward,3.6113389,Low,3,12
St. Helen's Ward,3.59836,Low,3,12
Hounslow East Ward,3.5948474,Low,3,12
Bowes Ward,3.5855634,Low,3,12
Crayford Ward,3.5575051,Low,3,12
St. Alban's Ward,3.548764,Low,3,12
East Wickham Ward,3.544132,Low,3,12
South Beddington & Roundshaw Ward,3.5292158,Low,3,12
Stamford Hill West Ward,3.529099,Low,3,12
Island Gardens Ward,3.523914,Low,3,12
Sutton North Ward,3.502553,Low,3,12
Forest Gate North Ward,3.4795854,Low,3,12
Parsloes Ward,3.4425035,Low,3,12
Chingford Green Ward,3.4308357,Low,3,12
Shirley North Ward,3.42938,Low,3,12
Poplar Ward,3.419711,Low,3,12
Bounds Green Ward,3.4058614,Low,3,12
Fairlop Ward,3.403748,Very Low,1,12
Peckham Rye Ward,3.3979561,Very Low,1,12
Camden Square Ward,3.3811998,Very Low,1,12
Hanworth Park Ward,3.3668585,Very Low,1,12
Upper Walthamstow Ward,3.3580678,Very Low,1,12
Whitton Ward,3.3560786,Very Low,1,12
Ickenham & South Harefield Ward,3.3183722,Very Low,1,12
Hatch Lane & Highams Park North Ward,3.2977927,Very Low,1,12
Heathfield Ward,3.2958305,Very Low,1,12
Sutton West & East Cheam Ward,3.2704008,Very Low,1,12
Underhill Ward,3.2441332,Very Low,1,12
Trinity Ward,3.2350965,Very Low,1,12
Canons Ward,3.2298172,Very Low,1,12
Coombe Hill Ward,3.2247412,Very Low,1,12
Greenwich Creekside Ward,3.2181048,Very Low,1,12
The Wrythe Ward,3.2033367,Very Low,1,12
Streatham Hill East Ward,3.1933033,Very Low,1,12
Charville Ward,3.191906,Very Low,1,12
Wallington North Ward,3.1852684,Very Low,1,12
Hounslow South Ward,3.1724787,Very Low,1,12
Norbiton Ward,3.1620317,Very Low,1,12
Northwick Park Ward,3.1608,Very Low,1,12
Carshalton Central Ward,3.1511235,Very Low,1,12
Northwood Ward,3.1450706,Very Low,1,12
Cheam Ward,3.137033,Very Low,1,12
Graveney Ward,3.1312451,Very Low,1,12
South Twickenham Ward,3.120526,Very Low,1,12
Eltham Park & Progress Ward,3.1067638,Very Low,1,12
Carshalton South & Clockhouse Ward,3.0863004,Very Low,1,12
Pollards Hill Ward,3.0625637,Very Low,1,12
West Thamesmead Ward,3.0615003,Very Low,1,12
Shirley South Ward,3.0540004,Very Low,1,12
Wealdstone North Ward,3.003594,Very Low,1,12
Beam Ward,2.9946895,Very Low,1,12
Harefield Village Ward,2.9876113,Very Low,1,12
Hale End & Highams Park South Ward,2.9639173,Very Low,1,12
Markhouse Ward,2.9608514,Very Low,1,12
Northcote Ward,2.9555447,Very Low,1,12
Endlebury Ward,2.933297,Very Low,1,12
Surbiton Hill Ward,2.9190338,Very Low,1,12
Dulwich Hill Ward,2.9096062,Very Low,1,12
Southfields Ward,2.8984966,Very Low,1,12
Thamesmead Moorings Ward,2.8539217,Very Low,1,12
Woolwich Dockyard Ward,2.850063,Very Low,1,12
St. Helier Ward,2.8492365,Very Low,1,12
Hackbridge Ward,2.8186092,Very Low,1,12
Hatch End Ward,2.8029897,Very Low,1,12
Clementswood Ward,2.7622917,Very Low,1,12
Stonecot Ward,2.7403877,Very Low,1,12
St. Helier West Ward,2.7261038,Very Low,1,12
Coulsdon Town Ward,2.6903944,Very Low,1,12
Sudbury Ward,2.6733782,Very Low,1,12
Charlton Hornfair Ward,2.6573043,Very Low,1,12
Wendell Park Ward,2.6229098,Very Low,1,12
Roxbourne Ward,2.6159837,Very Low,1,12
Park Hill & Whitgift Ward,2.6142797,Very Low,1,12
Blendon & Penhill Ward,2.5979967,Very Low,1,12
Purley Oaks & Riddlesdown Ward,2.5501318,Very Low,1,12
Hillingdon East Ward,2.5284839,Very Low,1,12
Chelsfield Ward,2.5178618,Very Low,1,12
Rayners Lane Ward,2.5101113,Very Low,1,12
Merton Park Ward,2.4764168,Very Low,1,12
Ravensbury Ward,2.4732304,Very Low,1,12
Wormholt Ward,2.4573445,Very Low,1,12
Wimbledon Town & Dundonald Ward,2.41618,Very Low,1,12
St. Mark's & Seething Wells Ward,2.414348,Very Low,1,12
Selsdon Vale & Forestdale Ward,2.4132805,Very Low,1,12
North Cheam Ward,2.4098532,Very Low,1,12
Coombe Vale Ward,2.4097471,Very Low,1,12
St. Mary's & St. James Ward,2.4060166,Very Low,1,12
Hillingdon West Ward,2.4017806,Very Low,1,12
West Harrow Ward,2.399732,Very Low,1,12
Hillside Ward,2.3991117,Very Low,1,12
Green Lane & St. James Ward,2.3859828,Very Low,1,12
Preston Ward,2.3721235,Very Low,1,12
Southall West Ward,2.3463783,Very Low,1,12
Northumberland Heath Ward,2.3366132,Very Low,1,12
Tokyngton Ward,2.316746,Very Low,1,12
New Addington South Ward,2.3079908,Very Low,1,12
Blackfen & Lamorbey Ward,2.3054068,Very Low,1,12
Eastbrook & Rush Green Ward,2.289324,Very Low,1,12
Lower Morden Ward,2.2729306,Very Low,1,12
Worcester Park South Ward,2.271648,Very Low,1,12
Tower Ward,2.2536395,Very Low,1,12
Kenley Ward,2.2530303,Very Low,1,12
Oakwood Ward,2.242184,Very Low,1,12
Tolworth Ward,2.2363405,Very Low,1,12
King George's & Sunray Ward,2.2346594,Very Low,1,12
Biggin Hill Ward,2.1966875,Very Low,1,12
Darwin Ward,2.1951578,Very Low,1,12
North Harrow Ward,2.1949022,Very Low,1,12
Cranham Ward,2.1751316,Very Low,1,12
Middle Park & Horn Park Ward,2.145378,Very Low,1,12
Cannon Hill Ward,2.1388416,Very Low,1,12
Farringdon Without Ward,2.125795,Very Low,1,12
Canbury Gardens Ward,2.1238463,Very Low,1,12
Kenton East Ward,2.1096408,Very Low,1,12
Kingston Gate Ward,2.1005332,Very Low,1,12
Thames View Ward,2.0909126,Very Low,1,12
Old Coulsdon Ward,2.0581088,Very Low,1,12
Ruislip Manor Ward,2.0345771,Very Low,1,12
Barnehurst Ward,2.014254,Very Low,1,12
Worcester Park North Ward,2.0082526,Very Low,1,12
Alexandra Ward,2.0078797,Very Low,1,12
New Addington North Ward,1.9417884,Very Low,1,12
Emerson Park Ward,1.8966681,Very Low,1,12
St. Helier East Ward,1.8759717,Very Low,1,12
Kenton West Ward,1.8734943,Very Low,1,12
Motspur Park & Old Malden East Ward,1.8434265,Very Low,1,12
Heath Ward,1.8360767,Very Low,1,12
Longlands Ward,1.7801178,Very Low,1,12
Hook & Chessington North Ward,1.7801011,Very Low,1,12
Berrylands Ward,1.769801,Very Low,1,12
Tudor Ward,1.7405406,Very Low,1,12
Chessington South & Malden Rushett Ward,1.7017294,Very Low,1,12
Old Malden Ward,1.6287099,Very Low,1,12
Hacton Ward,1.6189947,Very Low,1,12
Farringdon Within Ward,1.4309021,Very Low,1,12
Bishopsgate Ward,0.94134694,Very Low,1,12
Castle Baynard Ward,0.9388188,Very Low,1,12
Cordwainer Ward,0.8152064,Very Low,1,12
Coleman Street Ward,0.7281614,Very Low,1,12
Bread Street Ward,0.7146394,Very Low,1,12
Cripplegate Ward,0.56206274,Very Low,1,12
Cornhill Ward,0.48111624,Very Low,1,12
Cheap Ward,0.48111624,Very Low,1,12
Billingsgate Ward,0.4554688,Very Low,1,12
Vintry Ward,0.45415393,Very Low,1,12
Langbourn Ward,0.45415393,Very Low,1,12
Candlewick Ward,0.45415393,Very Low,1,12
Dowgate Ward,0.45415393,Very Low,1,12
Aldgate Ward,0.45415393,Very Low,1,12
Walbrook Ward,0.45415393,Very Low,1,12
Lime Street Ward,0.45415393,Very Low,1,12
Broad Street Ward,0.45415393,Very Low,1,12
Queenhithe Ward,0.4285065,Very Low,1,12
Bassishaw Ward,0.42297864,Very Low,1,12
Aldersgate Ward,0.42297864,Very Low,1,12
Portsoken Ward,0.38739297,Very Low,1,12
