ward_name,month_num,predicted_burglaries,actual_burglaries
Abbey Road Ward,1,8.449408,16.0
Abbey Road Ward,2,7.755556,9.0
Abbey Road Ward,3,8.29622,12.0
Abbey Road Ward,4,7.4406686,8.0
Abbey Road Ward,5,7.619033,5.0
Abbey Road Ward,6,7.6132827,7.0
Abbey Road Ward,7,7.765588,9.0
Abbey Road Ward,8,7.874052,9.0
Abbey Road Ward,9,7.901872,8.0
Abbey Road Ward,10,8.416686,8.0
Abbey Road Ward,11,8.400025,6.0
Abbey Road Ward,12,8.358138,10.0
Abbey Ward,1,17.58023,24.0
Abbey Ward,2,16.90533,10.0
Abbey Ward,3,18.935555,32.0
Abbey Ward,4,15.2112875,28.0
Abbey Ward,5,13.903326,16.0
Abbey Ward,6,14.487093,10.0
Abbey Ward,7,14.805059,14.0
Abbey Ward,8,16.432999,16.0
Abbey Ward,9,16.302591,6.0
Abbey Ward,10,17.510906,14.0
Abbey Ward,11,17.830372,14.0
Abbey Ward,12,16.526754,20.0
Abbey Wood Ward,1,7.1135178,7.0
Abbey Wood Ward,2,6.334147,4.0
Abbey Wood Ward,3,6.5819535,2.0
Abbey Wood Ward,4,5.9834733,12.0
Abbey Wood Ward,5,6.1154184,13.0
Abbey Wood Ward,6,6.1343055,7.0
Abbey Wood Ward,7,6.2416835,6.0
Abbey Wood Ward,8,6.47669,13.0
Abbey Wood Ward,9,6.5010076,12.0
Abbey Wood Ward,10,6.9374886,7.0
Abbey Wood Ward,11,6.920018,3.0
Abbey Wood Ward,12,6.735808,5.0
Abingdon Ward,1,6.4378314,2.0
Abingdon Ward,2,5.6147985,5.0
Abingdon Ward,3,6.2944374,5.0
Abingdon Ward,4,5.710231,4.0
Abingdon Ward,5,5.7967253,1.0
Abingdon Ward,6,5.7644773,7.0
Abingdon Ward,7,5.940864,6.0
Abingdon Ward,8,6.2954664,4.0
Abingdon Ward,9,6.345361,6.0
Abingdon Ward,10,6.7968144,9.0
Abingdon Ward,11,6.5875244,10.0
Abingdon Ward,12,6.6000576,4.0
Addiscombe East Ward,1,4.766068,3.0
Addiscombe East Ward,2,4.602952,11.0
Addiscombe East Ward,3,4.9733815,16.0
Addiscombe East Ward,4,4.1456356,5.0
Addiscombe East Ward,5,4.2481303,1.0
Addiscombe East Ward,6,4.215616,6.0
Addiscombe East Ward,7,4.2643332,0.0
Addiscombe East Ward,8,4.391233,2.0
Addiscombe East Ward,9,4.47294,4.0
Addiscombe East Ward,10,5.0185084,1.0
Addiscombe East Ward,11,5.099089,1.0
Addiscombe East Ward,12,4.981585,5.0
Addiscombe West Ward,1,7.0034466,9.0
Addiscombe West Ward,2,6.6107044,10.0
Addiscombe West Ward,3,7.057196,8.0
Addiscombe West Ward,4,6.7131314,9.0
Addiscombe West Ward,5,6.825818,6.0
Addiscombe West Ward,6,6.847865,10.0
Addiscombe West Ward,7,6.9395137,5.0
Addiscombe West Ward,8,6.955797,3.0
Addiscombe West Ward,9,6.9581013,13.0
Addiscombe West Ward,10,7.313441,8.0
Addiscombe West Ward,11,7.220679,7.0
Addiscombe West Ward,12,7.046783,10.0
Addison Ward,1,5.274839,4.0
Addison Ward,2,4.588031,8.0
Addison Ward,3,5.182347,10.0
Addison Ward,4,4.7786417,4.0
Addison Ward,5,4.958896,3.0
Addison Ward,6,4.9442763,5.0
Addison Ward,7,5.053354,9.0
Addison Ward,8,5.0624633,4.0
Addison Ward,9,5.095386,5.0
Addison Ward,10,5.3911676,5.0
Addison Ward,11,5.342546,8.0
Addison Ward,12,5.181969,18.0
Aldborough Ward,1,7.363247,4.0
Aldborough Ward,2,6.9247074,10.0
Aldborough Ward,3,7.2512255,8.0
Aldborough Ward,4,6.300162,7.0
Aldborough Ward,5,6.3975,7.0
Aldborough Ward,6,6.3902593,5.0
Aldborough Ward,7,6.4269314,5.0
Aldborough Ward,8,6.624761,9.0
Aldborough Ward,9,6.7303467,5.0
Aldborough Ward,10,7.355395,4.0
Aldborough Ward,11,7.452591,6.0
Aldborough Ward,12,7.2466884,5.0
Aldersgate Ward,1,0.39999628,0.0
Aldersgate Ward,2,0.1676779,0.0
Aldersgate Ward,3,0.6032516,2.0
Aldersgate Ward,4,0.25122464,1.0
Aldersgate Ward,5,0.34737116,5.0
Aldersgate Ward,6,0.33284524,0.0
Aldersgate Ward,7,0.4060045,1.0
Aldersgate Ward,8,0.5431352,0.0
Aldersgate Ward,9,0.5856671,0.0
Aldersgate Ward,10,0.59193844,1.0
Aldersgate Ward,11,0.6254425,1.0
Aldersgate Ward,12,0.56103355,0.0
Aldgate Ward,1,1.3675814,0.0
Aldgate Ward,2,1.1462007,0.0
Aldgate Ward,3,1.5814484,1.0
Aldgate Ward,4,1.4025978,1.0
Aldgate Ward,5,1.5207604,1.0
Aldgate Ward,6,1.5488176,0.0
Aldgate Ward,7,1.6537428,2.0
Aldgate Ward,8,1.7392366,1.0
Aldgate Ward,9,1.7448446,1.0
Aldgate Ward,10,1.64363,0.0
Aldgate Ward,11,1.5538871,0.0
Aldgate Ward,12,1.4537969,5.0
Alexandra Park Ward,1,5.158299,6.0
Alexandra Park Ward,2,4.908112,2.0
Alexandra Park Ward,3,5.317973,3.0
Alexandra Park Ward,4,4.4087734,5.0
Alexandra Park Ward,5,4.5228705,5.0
Alexandra Park Ward,6,4.542762,4.0
Alexandra Park Ward,7,4.625899,3.0
Alexandra Park Ward,8,4.8032804,2.0
Alexandra Park Ward,9,4.912934,2.0
Alexandra Park Ward,10,5.7095437,13.0
Alexandra Park Ward,11,5.766056,3.0
Alexandra Park Ward,12,5.692919,7.0
Alexandra Ward,1,2.416706,2.0
Alexandra Ward,2,2.2519624,1.0
Alexandra Ward,3,2.6021013,2.0
Alexandra Ward,4,1.6723396,3.0
Alexandra Ward,5,1.7535528,2.0
Alexandra Ward,6,1.7351089,2.0
Alexandra Ward,7,1.7533469,2.0
Alexandra Ward,8,1.8723444,3.0
Alexandra Ward,9,2.000936,5.0
Alexandra Ward,10,2.6680155,4.0
Alexandra Ward,11,2.6830397,1.0
Alexandra Ward,12,2.6126096,6.0
Alibon Ward,1,4.6376963,4.0
Alibon Ward,2,4.297662,0.0
Alibon Ward,3,4.5644445,3.0
Alibon Ward,4,3.8246653,2.0
Alibon Ward,5,3.959206,3.0
Alibon Ward,6,3.9198594,2.0
Alibon Ward,7,3.9288409,4.0
Alibon Ward,8,4.0261197,2.0
Alibon Ward,9,4.0693526,9.0
Alibon Ward,10,4.4318404,7.0
Alibon Ward,11,4.5622554,3.0
Alibon Ward,12,4.449328,8.0
Alperton Ward,1,5.9803753,1.0
Alperton Ward,2,5.8179755,7.0
Alperton Ward,3,6.27457,7.0
Alperton Ward,4,5.129094,4.0
Alperton Ward,5,5.1772637,10.0
Alperton Ward,6,5.1457434,9.0
Alperton Ward,7,5.1672745,6.0
Alperton Ward,8,5.3000374,5.0
Alperton Ward,9,5.343579,1.0
Alperton Ward,10,6.334001,3.0
Alperton Ward,11,6.5722365,7.0
Alperton Ward,12,6.4671903,8.0
Arnos Grove Ward,1,6.289395,5.0
Arnos Grove Ward,2,5.9241877,3.0
Arnos Grove Ward,3,6.2116075,10.0
Arnos Grove Ward,4,5.0835524,4.0
Arnos Grove Ward,5,5.164765,7.0
Arnos Grove Ward,6,5.1463213,5.0
Arnos Grove Ward,7,5.1920404,12.0
Arnos Grove Ward,8,5.3458023,4.0
Arnos Grove Ward,9,5.465318,6.0
Arnos Grove Ward,10,6.308095,12.0
Arnos Grove Ward,11,6.4060135,8.0
Arnos Grove Ward,12,6.3519573,5.0
Arsenal Ward,1,8.167912,5.0
Arsenal Ward,2,7.1135693,3.0
Arsenal Ward,3,7.619474,7.0
Arsenal Ward,4,7.2325597,7.0
Arsenal Ward,5,7.454926,5.0
Arsenal Ward,6,7.5191073,3.0
Arsenal Ward,7,7.6984015,7.0
Arsenal Ward,8,7.8954544,5.0
Arsenal Ward,9,7.8655515,15.0
Arsenal Ward,10,7.989075,5.0
Arsenal Ward,11,7.800071,3.0
Arsenal Ward,12,7.616298,4.0
Avonmore Ward,1,4.980867,4.0
Avonmore Ward,2,4.7654605,1.0
Avonmore Ward,3,5.249557,1.0
Avonmore Ward,4,4.638848,3.0
Avonmore Ward,5,4.7676277,7.0
Avonmore Ward,6,4.7880325,3.0
Avonmore Ward,7,4.9056783,6.0
Avonmore Ward,8,5.0059943,4.0
Avonmore Ward,9,5.024529,2.0
Avonmore Ward,10,5.088742,7.0
Avonmore Ward,11,5.0762987,6.0
Avonmore Ward,12,4.994844,5.0
Balham Ward,1,11.609346,15.0
Balham Ward,2,11.225981,12.0
Balham Ward,3,11.616735,14.0
Balham Ward,4,11.045441,15.0
Balham Ward,5,11.136703,11.0
Balham Ward,6,11.143017,13.0
Balham Ward,7,11.079926,15.0
Balham Ward,8,11.116973,18.0
Balham Ward,9,11.1790285,13.0
Balham Ward,10,12.330065,13.0
Balham Ward,11,12.373557,15.0
Balham Ward,12,12.259274,10.0
Barking Riverside Ward,1,4.925761,11.0
Barking Riverside Ward,2,4.583549,6.0
Barking Riverside Ward,3,4.91758,7.0
Barking Riverside Ward,4,4.1613317,5.0
Barking Riverside Ward,5,4.2694345,3.0
Barking Riverside Ward,6,4.33227,6.0
Barking Riverside Ward,7,4.338802,2.0
Barking Riverside Ward,8,4.443763,4.0
Barking Riverside Ward,9,4.5520353,12.0
Barking Riverside Ward,10,4.9752336,8.0
Barking Riverside Ward,11,4.9521046,6.0
Barking Riverside Ward,12,4.879933,6.0
Barkingside Ward,1,6.8553386,8.0
Barkingside Ward,2,6.544841,7.0
Barkingside Ward,3,6.8163543,7.0
Barkingside Ward,4,5.5295057,8.0
Barkingside Ward,5,5.594237,3.0
Barkingside Ward,6,5.5722117,4.0
Barkingside Ward,7,5.6173024,11.0
Barkingside Ward,8,5.842492,15.0
Barkingside Ward,9,5.951257,13.0
Barkingside Ward,10,7.2038183,10.0
Barkingside Ward,11,7.3857994,10.0
Barkingside Ward,12,7.2984343,2.0
Barnehurst Ward,1,2.3112388,1.0
Barnehurst Ward,2,2.000975,7.0
Barnehurst Ward,3,2.495871,0.0
Barnehurst Ward,4,1.135946,5.0
Barnehurst Ward,5,1.18644,2.0
Barnehurst Ward,6,1.0627882,0.0
Barnehurst Ward,7,1.0005459,1.0
Barnehurst Ward,8,1.1389875,1.0
Barnehurst Ward,9,1.2852421,1.0
Barnehurst Ward,10,2.2064867,2.0
Barnehurst Ward,11,2.4821231,1.0
Barnehurst Ward,12,2.3518703,0.0
Barnes Ward,1,5.4539623,16.0
Barnes Ward,2,5.2872324,2.0
Barnes Ward,3,5.900568,6.0
Barnes Ward,4,4.983625,4.0
Barnes Ward,5,4.950375,7.0
Barnes Ward,6,4.8984156,3.0
Barnes Ward,7,4.9181485,5.0
Barnes Ward,8,5.049758,2.0
Barnes Ward,9,5.148654,7.0
Barnes Ward,10,5.648604,11.0
Barnes Ward,11,5.7000136,6.0
Barnes Ward,12,5.5935383,6.0
Barnet Vale Ward,1,8.634022,6.0
Barnet Vale Ward,2,8.097776,7.0
Barnet Vale Ward,3,8.501572,4.0
Barnet Vale Ward,4,7.2035885,8.0
Barnet Vale Ward,5,7.3246236,8.0
Barnet Vale Ward,6,7.3186607,3.0
Barnet Vale Ward,7,7.2914114,6.0
Barnet Vale Ward,8,7.5132537,2.0
Barnet Vale Ward,9,7.669787,9.0
Barnet Vale Ward,10,9.032994,12.0
Barnet Vale Ward,11,9.493711,4.0
Barnet Vale Ward,12,9.376999,18.0
Barnhill Ward,1,5.3854914,8.0
Barnhill Ward,2,5.2057037,8.0
Barnhill Ward,3,5.5955358,9.0
Barnhill Ward,4,4.413759,3.0
Barnhill Ward,5,4.526331,4.0
Barnhill Ward,6,4.5203624,5.0
Barnhill Ward,7,4.5491543,3.0
Barnhill Ward,8,4.741815,4.0
Barnhill Ward,9,4.876094,0.0
Barnhill Ward,10,5.8219976,5.0
Barnhill Ward,11,5.914194,5.0
Barnhill Ward,12,5.76589,5.0
Barnsbury Ward,1,6.4307375,5.0
Barnsbury Ward,2,6.1618752,13.0
Barnsbury Ward,3,6.640137,7.0
Barnsbury Ward,4,6.139621,5.0
Barnsbury Ward,5,6.354816,1.0
Barnsbury Ward,6,6.3557796,6.0
Barnsbury Ward,7,6.4437585,8.0
Barnsbury Ward,8,6.514427,9.0
Barnsbury Ward,9,6.5258226,4.0
Barnsbury Ward,10,6.7407885,10.0
Barnsbury Ward,11,6.704929,4.0
Barnsbury Ward,12,6.4564977,7.0
Bassishaw Ward,1,0.22739463,0.0
Bassishaw Ward,2,0.11449123,0.0
Bassishaw Ward,3,0.39873818,0.0
Bassishaw Ward,4,-0.05754489,1.0
Bassishaw Ward,5,0.02211966,0.0
Bassishaw Ward,6,0.007593769,0.0
Bassishaw Ward,7,0.05666991,0.0
Bassishaw Ward,8,0.19572727,0.0
Bassishaw Ward,9,0.23897293,0.0
Bassishaw Ward,10,0.22339453,1.0
Bassishaw Ward,11,0.29591715,0.0
Bassishaw Ward,12,0.20887244,0.0
Battersea Park Ward,1,8.57141,13.0
Battersea Park Ward,2,8.000437,11.0
Battersea Park Ward,3,8.625186,11.0
Battersea Park Ward,4,8.13842,5.0
Battersea Park Ward,5,8.264691,9.0
Battersea Park Ward,6,8.293289,8.0
Battersea Park Ward,7,8.455937,12.0
Battersea Park Ward,8,8.632896,19.0
Battersea Park Ward,9,8.638504,9.0
Battersea Park Ward,10,8.838103,9.0
Battersea Park Ward,11,8.654827,6.0
Battersea Park Ward,12,8.542597,10.0
Bayswater Ward,1,14.5874,11.0
Bayswater Ward,2,14.081612,11.0
Bayswater Ward,3,14.662534,13.0
Bayswater Ward,4,14.010253,12.0
Bayswater Ward,5,14.094753,12.0
Bayswater Ward,6,14.364417,18.0
Bayswater Ward,7,14.850099,14.0
Bayswater Ward,8,15.214527,18.0
Bayswater Ward,9,15.245209,19.0
Bayswater Ward,10,15.853333,16.0
Bayswater Ward,11,15.76012,16.0
Bayswater Ward,12,15.616608,25.0
Beam Park Ward,1,3.3586998,3.0
Beam Park Ward,2,3.1258655,4.0
Beam Park Ward,3,3.4900439,4.0
Beam Park Ward,4,2.5519276,2.0
Beam Park Ward,5,2.6634746,8.0
Beam Park Ward,6,2.6150868,6.0
Beam Park Ward,7,2.6425996,3.0
Beam Park Ward,8,2.7721016,10.0
Beam Park Ward,9,2.8179498,6.0
Beam Park Ward,10,3.0453677,5.0
Beam Park Ward,11,3.07433,4.0
Beam Park Ward,12,3.0120232,2.0
Beam Ward,1,4.8872967,1.0
Beam Ward,2,4.639672,2.0
Beam Ward,3,5.074829,6.0
Beam Ward,4,4.1419997,5.0
Beam Ward,5,4.257083,1.0
Beam Ward,6,4.247413,3.0
Beam Ward,7,4.2921867,1.0
Beam Ward,8,4.4619956,1.0
Beam Ward,9,4.5435157,2.0
Beam Ward,10,5.0929904,6.0
Beam Ward,11,5.236617,4.0
Beam Ward,12,5.0740666,6.0
Beckenham Town & Copers Cope Ward,1,7.6706133,8.0
Beckenham Town & Copers Cope Ward,2,7.2574596,4.0
Beckenham Town & Copers Cope Ward,3,7.647466,14.0
Beckenham Town & Copers Cope Ward,4,6.3173676,6.0
Beckenham Town & Copers Cope Ward,5,6.3864565,4.0
Beckenham Town & Copers Cope Ward,6,6.368013,8.0
Beckenham Town & Copers Cope Ward,7,6.409401,4.0
Beckenham Town & Copers Cope Ward,8,6.5685706,6.0
Beckenham Town & Copers Cope Ward,9,6.7133107,5.0
Beckenham Town & Copers Cope Ward,10,7.930557,3.0
Beckenham Town & Copers Cope Ward,11,8.32211,6.0
Beckenham Town & Copers Cope Ward,12,8.204672,16.0
Beckton Ward,1,6.884408,6.0
Beckton Ward,2,6.3788743,6.0
Beckton Ward,3,6.78915,8.0
Beckton Ward,4,6.1094246,2.0
Beckton Ward,5,6.2730465,9.0
Beckton Ward,6,6.357339,5.0
Beckton Ward,7,6.4526854,10.0
Beckton Ward,8,6.5324564,9.0
Beckton Ward,9,6.562633,7.0
Beckton Ward,10,6.8983426,4.0
Beckton Ward,11,6.9064717,11.0
Beckton Ward,12,6.9055347,6.0
Becontree Ward,1,5.691636,4.0
Becontree Ward,2,4.9927125,1.0
Becontree Ward,3,5.3090634,2.0
Becontree Ward,4,4.5616083,2.0
Becontree Ward,5,4.69581,1.0
Becontree Ward,6,4.670464,0.0
Becontree Ward,7,4.6735477,1.0
Becontree Ward,8,4.7742653,5.0
Becontree Ward,9,4.787964,3.0
Becontree Ward,10,5.162002,7.0
Becontree Ward,11,5.2957454,6.0
Becontree Ward,12,5.1610613,4.0
Beddington Ward,1,5.4921613,5.0
Beddington Ward,2,5.181837,3.0
Beddington Ward,3,5.338345,5.0
Beddington Ward,4,4.1014786,5.0
Beddington Ward,5,4.1502028,2.0
Beddington Ward,6,4.1354785,3.0
Beddington Ward,7,4.167115,3.0
Beddington Ward,8,4.292102,4.0
Beddington Ward,9,4.3999424,6.0
Beddington Ward,10,5.7610984,2.0
Beddington Ward,11,5.977745,7.0
Beddington Ward,12,5.8276706,4.0
Bedfont Ward,1,6.1623516,13.0
Bedfont Ward,2,6.027857,2.0
Bedfont Ward,3,6.569095,4.0
Bedfont Ward,4,5.401652,10.0
Bedfont Ward,5,5.4593863,1.0
Bedfont Ward,6,5.3963394,4.0
Bedfont Ward,7,5.419327,3.0
Bedfont Ward,8,5.521733,4.0
Bedfont Ward,9,5.603253,4.0
Bedfont Ward,10,6.5605288,5.0
Bedfont Ward,11,6.744178,5.0
Bedfont Ward,12,6.6808753,11.0
Bellingham Ward,1,5.725031,5.0
Bellingham Ward,2,5.549256,7.0
Bellingham Ward,3,5.7811375,4.0
Bellingham Ward,4,4.946606,1.0
Bellingham Ward,5,5.197375,3.0
Bellingham Ward,6,5.0925636,6.0
Bellingham Ward,7,5.2364697,4.0
Bellingham Ward,8,5.580861,8.0
Bellingham Ward,9,5.59684,2.0
Bellingham Ward,10,5.7381425,5.0
Bellingham Ward,11,5.55592,2.0
Bellingham Ward,12,5.49857,7.0
Belmont Ward,1,16.174335,14.0
Belmont Ward,2,12.880651,14.0
Belmont Ward,3,12.686854,22.0
Belmont Ward,4,9.378205,12.0
Belmont Ward,5,9.484422,4.0
Belmont Ward,6,10.602335,16.0
Belmont Ward,7,10.707265,12.0
Belmont Ward,8,11.27974,8.0
Belmont Ward,9,10.988093,20.0
Belmont Ward,10,12.98055,28.0
Belmont Ward,11,12.898688,16.0
Belmont Ward,12,11.743756,10.0
Belmore Ward,1,7.4674516,9.0
Belmore Ward,2,7.0161905,3.0
Belmore Ward,3,7.4950967,9.0
Belmore Ward,4,6.0105834,11.0
Belmore Ward,5,6.1191897,0.0
Belmore Ward,6,6.0988784,4.0
Belmore Ward,7,6.151715,3.0
Belmore Ward,8,6.3434377,4.0
Belmore Ward,9,6.420938,6.0
Belmore Ward,10,7.37521,6.0
Belmore Ward,11,7.559751,7.0
Belmore Ward,12,7.509569,15.0
Belsize Ward,1,8.014161,8.0
Belsize Ward,2,7.596604,11.0
Belsize Ward,3,8.110829,13.0
Belsize Ward,4,7.0354934,6.0
Belsize Ward,5,7.1167064,8.0
Belsize Ward,6,7.1082525,7.0
Belsize Ward,7,7.1652036,16.0
Belsize Ward,8,7.319523,17.0
Belsize Ward,9,7.381976,8.0
Belsize Ward,10,8.324643,12.0
Belsize Ward,11,8.417698,4.0
Belsize Ward,12,8.294807,13.0
Belvedere Ward,1,7.309612,10.0
Belvedere Ward,2,6.952759,11.0
Belvedere Ward,3,7.3964195,6.0
Belvedere Ward,4,5.9658103,6.0
Belvedere Ward,5,6.0744166,5.0
Belvedere Ward,6,6.0475,3.0
Belvedere Ward,7,6.099225,7.0
Belvedere Ward,8,6.227932,1.0
Belvedere Ward,9,6.3357735,5.0
Belvedere Ward,10,7.4823976,3.0
Belvedere Ward,11,7.6444287,6.0
Belvedere Ward,12,7.5532193,3.0
Bensham Manor Ward,1,6.7548566,4.0
Bensham Manor Ward,2,6.387128,5.0
Bensham Manor Ward,3,6.846275,6.0
Bensham Manor Ward,4,5.6773615,3.0
Bensham Manor Ward,5,5.8369017,5.0
Bensham Manor Ward,6,5.8333144,11.0
Bensham Manor Ward,7,5.9484205,7.0
Bensham Manor Ward,8,6.1920104,7.0
Bensham Manor Ward,9,6.2641764,5.0
Bensham Manor Ward,10,6.787612,6.0
Bensham Manor Ward,11,7.0641437,6.0
Bensham Manor Ward,12,6.93818,10.0
Berrylands Ward,1,1.7580085,0.0
Berrylands Ward,2,1.7748302,0.0
Berrylands Ward,3,2.0129788,2.0
Berrylands Ward,4,1.2367516,1.0
Berrylands Ward,5,1.3164164,2.0
Berrylands Ward,6,1.2919011,2.0
Berrylands Ward,7,1.3345697,0.0
Berrylands Ward,8,1.4707091,1.0
Berrylands Ward,9,1.5804803,1.0
Berrylands Ward,10,1.9948051,1.0
Berrylands Ward,11,2.0897686,4.0
Berrylands Ward,12,2.076962,1.0
Bethnal Green East Ward,1,14.025465,10.0
Bethnal Green East Ward,2,12.198757,10.0
Bethnal Green East Ward,3,13.309743,8.0
Bethnal Green East Ward,4,13.169478,12.0
Bethnal Green East Ward,5,13.362168,13.0
Bethnal Green East Ward,6,13.361113,8.0
Bethnal Green East Ward,7,13.538302,9.0
Bethnal Green East Ward,8,13.513187,12.0
Bethnal Green East Ward,9,13.177931,14.0
Bethnal Green East Ward,10,13.287979,11.0
Bethnal Green East Ward,11,13.124352,16.0
Bethnal Green East Ward,12,12.95103,21.0
Bethnal Green West Ward,1,18.303324,34.0
Bethnal Green West Ward,2,15.715156,19.0
Bethnal Green West Ward,3,16.837008,9.0
Bethnal Green West Ward,4,17.443645,12.0
Bethnal Green West Ward,5,17.669626,12.0
Bethnal Green West Ward,6,17.79092,19.0
Bethnal Green West Ward,7,18.205685,27.0
Bethnal Green West Ward,8,18.10048,23.0
Bethnal Green West Ward,9,17.752472,21.0
Bethnal Green West Ward,10,17.582533,14.0
Bethnal Green West Ward,11,17.479677,19.0
Bethnal Green West Ward,12,17.35432,13.0
Bexleyheath Ward,1,4.516477,13.0
Bexleyheath Ward,2,4.339257,5.0
Bexleyheath Ward,3,4.6390142,8.0
Bexleyheath Ward,4,3.3290806,3.0
Bexleyheath Ward,5,3.4255865,3.0
Bexleyheath Ward,6,3.407142,9.0
Bexleyheath Ward,7,3.4051027,3.0
Bexleyheath Ward,8,3.5906026,3.0
Bexleyheath Ward,9,3.7223217,5.0
Bexleyheath Ward,10,5.036487,8.0
Bexleyheath Ward,11,5.2174225,2.0
Bexleyheath Ward,12,5.119208,6.0
Bickley & Sundridge Ward,1,6.5871468,4.0
Bickley & Sundridge Ward,2,6.069147,9.0
Bickley & Sundridge Ward,3,6.3458323,6.0
Bickley & Sundridge Ward,4,4.9674487,4.0
Bickley & Sundridge Ward,5,5.062587,3.0
Bickley & Sundridge Ward,6,5.0566235,2.0
Bickley & Sundridge Ward,7,5.0409265,5.0
Bickley & Sundridge Ward,8,5.136981,3.0
Bickley & Sundridge Ward,9,5.296479,3.0
Bickley & Sundridge Ward,10,6.696874,4.0
Bickley & Sundridge Ward,11,6.943069,6.0
Bickley & Sundridge Ward,12,6.941984,18.0
Biggin Hill Ward,1,2.2029486,1.0
Biggin Hill Ward,2,2.0537574,4.0
Biggin Hill Ward,3,2.3652875,5.0
Biggin Hill Ward,4,1.3316202,2.0
Biggin Hill Ward,5,1.4223043,4.0
Biggin Hill Ward,6,1.4038608,3.0
Biggin Hill Ward,7,1.3950187,5.0
Biggin Hill Ward,8,1.4766673,1.0
Biggin Hill Ward,9,1.6447928,0.0
Biggin Hill Ward,10,2.331506,2.0
Biggin Hill Ward,11,2.394808,2.0
Biggin Hill Ward,12,2.3071115,4.0
Billingsgate Ward,1,0.34735215,2.0
Billingsgate Ward,2,0.21081306,0.0
Billingsgate Ward,3,0.5476564,1.0
Billingsgate Ward,4,0.33532685,0.0
Billingsgate Ward,5,0.41193047,1.0
Billingsgate Ward,6,0.4121728,1.0
Billingsgate Ward,7,0.46571562,1.0
Billingsgate Ward,8,0.49511215,0.0
Billingsgate Ward,9,0.5028453,0.0
Billingsgate Ward,10,0.36809573,1.0
Billingsgate Ward,11,0.450895,1.0
Billingsgate Ward,12,0.3750309,0.0
Bishopsgate Ward,1,1.532145,3.0
Bishopsgate Ward,2,1.3233068,1.0
Bishopsgate Ward,3,1.7880417,3.0
Bishopsgate Ward,4,1.7068759,2.0
Bishopsgate Ward,5,1.749246,4.0
Bishopsgate Ward,6,1.7394067,3.0
Bishopsgate Ward,7,1.7867765,1.0
Bishopsgate Ward,8,1.9140102,2.0
Bishopsgate Ward,9,1.9482751,5.0
Bishopsgate Ward,10,1.814933,4.0
Bishopsgate Ward,11,1.7641466,2.0
Bishopsgate Ward,12,1.7280242,1.0
Blackfen & Lamorbey Ward,1,4.0493913,4.0
Blackfen & Lamorbey Ward,2,3.7227397,3.0
Blackfen & Lamorbey Ward,3,3.9159777,1.0
Blackfen & Lamorbey Ward,4,2.596721,3.0
Blackfen & Lamorbey Ward,5,2.6515667,0.0
Blackfen & Lamorbey Ward,6,2.6376326,1.0
Blackfen & Lamorbey Ward,7,2.6539836,1.0
Blackfen & Lamorbey Ward,8,2.7588472,2.0
Blackfen & Lamorbey Ward,9,2.899575,3.0
Blackfen & Lamorbey Ward,10,4.1482153,4.0
Blackfen & Lamorbey Ward,11,4.3007317,4.0
Blackfen & Lamorbey Ward,12,4.2193823,9.0
Blackheath Ward,1,7.825951,13.0
Blackheath Ward,2,7.7140656,10.0
Blackheath Ward,3,8.202448,14.0
Blackheath Ward,4,7.5123334,14.0
Blackheath Ward,5,7.66443,12.0
Blackheath Ward,6,7.705761,9.0
Blackheath Ward,7,7.838474,11.0
Blackheath Ward,8,7.9466314,15.0
Blackheath Ward,9,7.965166,10.0
Blackheath Ward,10,8.329628,9.0
Blackheath Ward,11,8.31596,7.0
Blackheath Ward,12,8.235051,13.0
Blackheath Westcombe Ward,1,7.9563627,8.0
Blackheath Westcombe Ward,2,7.6481996,8.0
Blackheath Westcombe Ward,3,8.024923,6.0
Blackheath Westcombe Ward,4,7.230518,2.0
Blackheath Westcombe Ward,5,7.348219,4.0
Blackheath Westcombe Ward,6,7.3719435,6.0
Blackheath Westcombe Ward,7,7.426161,2.0
Blackheath Westcombe Ward,8,7.5549183,3.0
Blackheath Westcombe Ward,9,7.693873,5.0
Blackheath Westcombe Ward,10,8.292464,8.0
Blackheath Westcombe Ward,11,8.308443,11.0
Blackheath Westcombe Ward,12,8.217222,5.0
Blackwall & Cubitt Town Ward,1,7.122979,9.0
Blackwall & Cubitt Town Ward,2,6.8763757,3.0
Blackwall & Cubitt Town Ward,3,7.2881436,13.0
Blackwall & Cubitt Town Ward,4,6.748022,7.0
Blackwall & Cubitt Town Ward,5,6.822263,8.0
Blackwall & Cubitt Town Ward,6,6.810585,7.0
Blackwall & Cubitt Town Ward,7,6.8306546,6.0
Blackwall & Cubitt Town Ward,8,6.7879806,6.0
Blackwall & Cubitt Town Ward,9,6.854443,14.0
Blackwall & Cubitt Town Ward,10,7.2872267,11.0
Blackwall & Cubitt Town Ward,11,7.344481,7.0
Blackwall & Cubitt Town Ward,12,7.2386956,16.0
Blendon & Penhill Ward,1,3.5475307,6.0
Blendon & Penhill Ward,2,3.1953752,4.0
Blendon & Penhill Ward,3,3.5192633,2.0
Blendon & Penhill Ward,4,2.2983263,2.0
Blendon & Penhill Ward,5,2.3652961,1.0
Blendon & Penhill Ward,6,2.3468513,1.0
Blendon & Penhill Ward,7,2.3632028,0.0
Blendon & Penhill Ward,8,2.4696085,3.0
Blendon & Penhill Ward,9,2.5909328,1.0
Blendon & Penhill Ward,10,3.754652,3.0
Blendon & Penhill Ward,11,3.8885639,6.0
Blendon & Penhill Ward,12,3.8452241,4.0
Bloomsbury Ward,1,22.438276,21.0
Bloomsbury Ward,2,20.961113,16.0
Bloomsbury Ward,3,22.161295,30.0
Bloomsbury Ward,4,21.242012,18.0
Bloomsbury Ward,5,21.788883,35.0
Bloomsbury Ward,6,22.053648,26.0
Bloomsbury Ward,7,22.215122,22.0
Bloomsbury Ward,8,22.671759,21.0
Bloomsbury Ward,9,22.78346,11.0
Bloomsbury Ward,10,23.543818,28.0
Bloomsbury Ward,11,22.336197,30.0
Bloomsbury Ward,12,21.71107,18.0
Boleyn Ward,1,4.0559783,9.0
Boleyn Ward,2,3.94404,8.0
Boleyn Ward,3,4.4143643,4.0
Boleyn Ward,4,3.5348072,9.0
Boleyn Ward,5,3.62384,6.0
Boleyn Ward,6,3.6220875,4.0
Boleyn Ward,7,3.687983,5.0
Boleyn Ward,8,3.8116758,2.0
Boleyn Ward,9,3.8888302,5.0
Boleyn Ward,10,4.457551,4.0
Boleyn Ward,11,4.57737,3.0
Boleyn Ward,12,4.500932,8.0
Borough & Bankside Ward,1,14.885794,20.0
Borough & Bankside Ward,2,14.93303,20.0
Borough & Bankside Ward,3,15.599668,18.0
Borough & Bankside Ward,4,16.09733,17.0
Borough & Bankside Ward,5,16.390774,21.0
Borough & Bankside Ward,6,16.393555,16.0
Borough & Bankside Ward,7,16.664263,31.0
Borough & Bankside Ward,8,16.379831,19.0
Borough & Bankside Ward,9,16.282686,21.0
Borough & Bankside Ward,10,15.890638,29.0
Borough & Bankside Ward,11,15.77852,20.0
Borough & Bankside Ward,12,15.671126,22.0
Bounds Green Ward,1,5.0975895,4.0
Bounds Green Ward,2,4.9421964,1.0
Bounds Green Ward,3,5.5085864,1.0
Bounds Green Ward,4,4.937278,9.0
Bounds Green Ward,5,5.0734024,4.0
Bounds Green Ward,6,5.059552,1.0
Bounds Green Ward,7,5.1552296,2.0
Bounds Green Ward,8,5.2052646,4.0
Bounds Green Ward,9,5.2381873,4.0
Bounds Green Ward,10,5.473923,7.0
Bounds Green Ward,11,5.452737,2.0
Bounds Green Ward,12,5.2915797,3.0
Bow East Ward,1,15.420166,16.0
Bow East Ward,2,13.868805,7.0
Bow East Ward,3,14.437726,10.0
Bow East Ward,4,14.192316,19.0
Bow East Ward,5,14.121604,21.0
Bow East Ward,6,14.121564,16.0
Bow East Ward,7,14.6258545,18.0
Bow East Ward,8,14.743862,16.0
Bow East Ward,9,14.681704,7.0
Bow East Ward,10,14.842637,27.0
Bow East Ward,11,14.829662,15.0
Bow East Ward,12,14.761735,10.0
Bow West Ward,1,8.822577,11.0
Bow West Ward,2,8.489635,8.0
Bow West Ward,3,9.2262335,11.0
Bow West Ward,4,8.726785,8.0
Bow West Ward,5,8.648319,6.0
Bow West Ward,6,8.597258,4.0
Bow West Ward,7,8.9363985,8.0
Bow West Ward,8,8.997949,7.0
Bow West Ward,9,8.936626,7.0
Bow West Ward,10,9.037845,13.0
Bow West Ward,11,9.362351,7.0
Bow West Ward,12,9.1100235,5.0
Bowes Ward,1,5.7890377,9.0
Bowes Ward,2,5.40939,2.0
Bowes Ward,3,5.7776604,5.0
Bowes Ward,4,4.7306027,3.0
Bowes Ward,5,4.8456864,4.0
Bowes Ward,6,4.8480964,4.0
Bowes Ward,7,4.8776517,3.0
Bowes Ward,8,5.0564694,4.0
Bowes Ward,9,5.131604,4.0
Bowes Ward,10,5.9541373,2.0
Bowes Ward,11,6.0971365,5.0
Bowes Ward,12,6.0090504,4.0
Bread Street Ward,1,0.2654127,2.0
Bread Street Ward,2,0.09784605,0.0
Bread Street Ward,3,0.5109029,0.0
Bread Street Ward,4,0.29945287,0.0
Bread Street Ward,5,0.450377,0.0
Bread Street Ward,6,0.46241948,3.0
Bread Street Ward,7,0.57215536,1.0
Bread Street Ward,8,0.6714079,0.0
Bread Street Ward,9,0.6926011,1.0
Bread Street Ward,10,0.5117076,3.0
Bread Street Ward,11,0.42694828,0.0
Bread Street Ward,12,0.37778568,1.0
Brentford East Ward,1,5.4767756,5.0
Brentford East Ward,2,5.0263586,6.0
Brentford East Ward,3,5.440991,2.0
Brentford East Ward,4,5.3196583,10.0
Brentford East Ward,5,5.479361,3.0
Brentford East Ward,6,5.4332943,13.0
Brentford East Ward,7,5.582085,5.0
Brentford East Ward,8,5.5327244,9.0
Brentford East Ward,9,5.505528,4.0
Brentford East Ward,10,5.400801,1.0
Brentford East Ward,11,5.2274413,3.0
Brentford East Ward,12,5.086002,6.0
Brentford West Ward,1,4.778307,8.0
Brentford West Ward,2,4.4306397,9.0
Brentford West Ward,3,5.040402,2.0
Brentford West Ward,4,4.58777,3.0
Brentford West Ward,5,4.7679214,3.0
Brentford West Ward,6,4.8040032,1.0
Brentford West Ward,7,4.9719768,1.0
Brentford West Ward,8,5.2195373,2.0
Brentford West Ward,9,5.2251453,5.0
Brentford West Ward,10,5.278846,8.0
Brentford West Ward,11,5.071607,5.0
Brentford West Ward,12,5.0008197,1.0
Bridge Ward,1,13.736442,4.0
Bridge Ward,2,11.902972,28.0
Bridge Ward,3,10.184892,18.0
Bridge Ward,4,9.738216,4.0
Bridge Ward,5,10.188717,12.0
Bridge Ward,6,9.9193535,8.0
Bridge Ward,7,10.243156,6.0
Bridge Ward,8,10.137887,12.0
Bridge Ward,9,9.455222,6.0
Bridge Ward,10,11.5746155,4.0
Bridge Ward,11,13.487203,12.0
Bridge Ward,12,11.444536,6.0
Brimsdown Ward,1,11.8135605,14.0
Brimsdown Ward,2,11.154117,11.0
Brimsdown Ward,3,11.53972,10.0
Brimsdown Ward,4,10.015091,8.0
Brimsdown Ward,5,10.060572,7.0
Brimsdown Ward,6,9.801098,9.0
Brimsdown Ward,7,9.805255,9.0
Brimsdown Ward,8,10.267472,8.0
Brimsdown Ward,9,10.282466,7.0
Brimsdown Ward,10,11.224237,12.0
Brimsdown Ward,11,11.373378,11.0
Brimsdown Ward,12,11.234462,9.0
Brixton Acre Lane Ward,1,12.831827,12.0
Brixton Acre Lane Ward,2,12.307339,8.0
Brixton Acre Lane Ward,3,12.878378,11.0
Brixton Acre Lane Ward,4,12.867489,8.0
Brixton Acre Lane Ward,5,12.898842,10.0
Brixton Acre Lane Ward,6,12.907052,11.0
Brixton Acre Lane Ward,7,13.099254,13.0
Brixton Acre Lane Ward,8,13.166116,12.0
Brixton Acre Lane Ward,9,13.085221,9.0
Brixton Acre Lane Ward,10,12.603139,12.0
Brixton Acre Lane Ward,11,12.487916,9.0
Brixton Acre Lane Ward,12,12.281856,6.0
Brixton North Ward,1,8.740256,7.0
Brixton North Ward,2,7.604559,7.0
Brixton North Ward,3,8.138136,13.0
Brixton North Ward,4,7.902018,10.0
Brixton North Ward,5,8.069633,6.0
Brixton North Ward,6,8.103396,15.0
Brixton North Ward,7,8.55996,8.0
Brixton North Ward,8,8.687079,16.0
Brixton North Ward,9,8.529692,9.0
Brixton North Ward,10,8.33441,10.0
Brixton North Ward,11,8.206905,9.0
Brixton North Ward,12,8.025423,6.0
Brixton Rush Common Ward,1,8.777138,4.0
Brixton Rush Common Ward,2,8.144013,7.0
Brixton Rush Common Ward,3,8.693321,3.0
Brixton Rush Common Ward,4,8.425402,5.0
Brixton Rush Common Ward,5,8.622348,8.0
Brixton Rush Common Ward,6,8.686529,10.0
Brixton Rush Common Ward,7,8.855314,3.0
Brixton Rush Common Ward,8,9.068433,5.0
Brixton Rush Common Ward,9,9.041469,9.0
Brixton Rush Common Ward,10,9.227388,2.0
Brixton Rush Common Ward,11,9.034564,5.0
Brixton Rush Common Ward,12,8.844354,3.0
Brixton Windrush Ward,1,9.212641,3.0
Brixton Windrush Ward,2,8.589197,3.0
Brixton Windrush Ward,3,9.165346,5.0
Brixton Windrush Ward,4,9.1321745,6.0
Brixton Windrush Ward,5,9.318747,6.0
Brixton Windrush Ward,6,9.335815,11.0
Brixton Windrush Ward,7,9.653411,6.0
Brixton Windrush Ward,8,9.72371,11.0
Brixton Windrush Ward,9,9.570598,10.0
Brixton Windrush Ward,10,9.116254,20.0
Brixton Windrush Ward,11,9.096645,11.0
Brixton Windrush Ward,12,8.923061,10.0
Broad Green Ward,1,11.530462,9.0
Broad Green Ward,2,10.741963,22.0
Broad Green Ward,3,10.992862,12.0
Broad Green Ward,4,10.214014,11.0
Broad Green Ward,5,10.337973,9.0
Broad Green Ward,6,10.228139,10.0
Broad Green Ward,7,10.410796,12.0
Broad Green Ward,8,10.594358,12.0
Broad Green Ward,9,10.645254,11.0
Broad Green Ward,10,10.921009,11.0
Broad Green Ward,11,11.1410885,9.0
Broad Green Ward,12,11.034531,9.0
Broad Street Ward,1,0.2654127,0.0
Broad Street Ward,2,0.09784605,0.0
Broad Street Ward,3,0.5109029,0.0
Broad Street Ward,4,0.29945287,0.0
Broad Street Ward,5,0.450377,0.0
Broad Street Ward,6,0.46241948,0.0
Broad Street Ward,7,0.57215536,0.0
Broad Street Ward,8,0.6714079,1.0
Broad Street Ward,9,0.6926011,0.0
Broad Street Ward,10,0.5117076,0.0
Broad Street Ward,11,0.42694828,0.0
Broad Street Ward,12,0.37778568,0.0
Brockley Ward,1,12.201528,20.0
Brockley Ward,2,11.444016,8.0
Brockley Ward,3,12.017101,10.0
Brockley Ward,4,11.639104,12.0
Brockley Ward,5,11.785909,6.0
Brockley Ward,6,11.918298,12.0
Brockley Ward,7,12.067834,19.0
Brockley Ward,8,12.530318,12.0
Brockley Ward,9,12.542667,8.0
Brockley Ward,10,12.895313,7.0
Brockley Ward,11,12.807425,7.0
Brockley Ward,12,12.672205,11.0
Bromley Common & Holwood Ward,1,5.847702,5.0
Bromley Common & Holwood Ward,2,5.4447184,3.0
Bromley Common & Holwood Ward,3,5.783262,3.0
Bromley Common & Holwood Ward,4,4.4218655,3.0
Bromley Common & Holwood Ward,5,4.4617777,3.0
Bromley Common & Holwood Ward,6,4.443334,8.0
Bromley Common & Holwood Ward,7,4.4486446,5.0
Bromley Common & Holwood Ward,8,4.5912147,3.0
Bromley Common & Holwood Ward,9,4.721064,2.0
Bromley Common & Holwood Ward,10,6.02505,7.0
Bromley Common & Holwood Ward,11,6.1687303,7.0
Bromley Common & Holwood Ward,12,6.134673,7.0
Bromley North Ward,1,6.017725,12.0
Bromley North Ward,2,5.419491,8.0
Bromley North Ward,3,5.7602825,10.0
Bromley North Ward,4,5.611339,2.0
Bromley North Ward,5,5.739261,6.0
Bromley North Ward,6,5.7331233,4.0
Bromley North Ward,7,6.079997,4.0
Bromley North Ward,8,6.1104918,10.0
Bromley North Ward,9,5.933267,6.0
Bromley North Ward,10,5.941746,5.0
Bromley North Ward,11,5.941633,6.0
Bromley North Ward,12,5.7602863,12.0
Bromley South Ward,1,7.2723374,12.0
Bromley South Ward,2,6.6435103,11.0
Bromley South Ward,3,6.9284263,3.0
Bromley South Ward,4,6.260844,13.0
Bromley South Ward,5,6.3599286,4.0
Bromley South Ward,6,6.373605,2.0
Bromley South Ward,7,6.431023,6.0
Bromley South Ward,8,6.5294976,6.0
Bromley South Ward,9,6.5727305,7.0
Bromley South Ward,10,6.8167763,8.0
Bromley South Ward,11,6.897279,10.0
Bromley South Ward,12,6.773555,6.0
Bromley Town Ward,1,7.385452,5.0
Bromley Town Ward,2,6.8571925,10.0
Bromley Town Ward,3,7.204535,9.0
Bromley Town Ward,4,5.887847,7.0
Bromley Town Ward,5,5.982214,10.0
Bromley Town Ward,6,5.963771,5.0
Bromley Town Ward,7,6.007989,9.0
Bromley Town Ward,8,6.181516,7.0
Bromley Town Ward,9,6.3539944,8.0
Bromley Town Ward,10,7.602313,11.0
Bromley Town Ward,11,7.8373775,9.0
Bromley Town Ward,12,7.7833204,16.0
Brompton & Hans Town Ward,1,10.29426,7.0
Brompton & Hans Town Ward,2,9.309581,13.0
Brompton & Hans Town Ward,3,9.906311,8.0
Brompton & Hans Town Ward,4,9.629217,14.0
Brompton & Hans Town Ward,5,9.763887,17.0
Brompton & Hans Town Ward,6,9.803433,5.0
Brompton & Hans Town Ward,7,9.8960705,10.0
Brompton & Hans Town Ward,8,10.181458,5.0
Brompton & Hans Town Ward,9,10.221864,10.0
Brompton & Hans Town Ward,10,10.447211,16.0
Brompton & Hans Town Ward,11,10.289783,7.0
Brompton & Hans Town Ward,12,10.2932,11.0
Brondesbury Park Ward,1,8.475822,19.0
Brondesbury Park Ward,2,8.120218,14.0
Brondesbury Park Ward,3,8.491783,19.0
Brondesbury Park Ward,4,7.670634,5.0
Brondesbury Park Ward,5,7.798412,11.0
Brondesbury Park Ward,6,7.7999268,5.0
Brondesbury Park Ward,7,7.8318686,5.0
Brondesbury Park Ward,8,7.996077,8.0
Brondesbury Park Ward,9,8.080341,10.0
Brondesbury Park Ward,10,8.664004,9.0
Brondesbury Park Ward,11,8.767814,8.0
Brondesbury Park Ward,12,8.58592,14.0
Brook Green Ward,1,5.2125535,6.0
Brook Green Ward,2,4.980958,2.0
Brook Green Ward,3,5.5330334,8.0
Brook Green Ward,4,5.0719676,8.0
Brook Green Ward,5,5.189357,8.0
Brook Green Ward,6,5.178512,1.0
Brook Green Ward,7,5.301569,9.0
Brook Green Ward,8,5.3655024,6.0
Brook Green Ward,9,5.384037,5.0
Brook Green Ward,10,5.381668,5.0
Brook Green Ward,11,5.307928,6.0
Brook Green Ward,12,5.205002,8.0
Brownswood Ward,1,4.586558,5.0
Brownswood Ward,2,4.1718163,4.0
Brownswood Ward,3,4.600114,8.0
Brownswood Ward,4,4.5427465,7.0
Brownswood Ward,5,4.6949553,6.0
Brownswood Ward,6,4.750636,4.0
Brownswood Ward,7,4.8900247,4.0
Brownswood Ward,8,4.969604,10.0
Brownswood Ward,9,4.948679,9.0
Brownswood Ward,10,4.994974,5.0
Brownswood Ward,11,4.873517,3.0
Brownswood Ward,12,4.697528,2.0
Bruce Castle Ward,1,10.400226,22.0
Bruce Castle Ward,2,9.66059,7.0
Bruce Castle Ward,3,10.26999,9.0
Bruce Castle Ward,4,9.444398,8.0
Bruce Castle Ward,5,9.731364,6.0
Bruce Castle Ward,6,9.864362,6.0
Bruce Castle Ward,7,10.779742,6.0
Bruce Castle Ward,8,11.302783,4.0
Bruce Castle Ward,9,10.72753,13.0
Bruce Castle Ward,10,10.728466,7.0
Bruce Castle Ward,11,10.701921,14.0
Bruce Castle Ward,12,10.915895,8.0
Brunswick Park Ward,1,7.810716,10.0
Brunswick Park Ward,2,7.2370143,6.0
Brunswick Park Ward,3,7.387865,11.0
Brunswick Park Ward,4,5.8590307,4.0
Brunswick Park Ward,5,5.954169,6.0
Brunswick Park Ward,6,5.9343834,10.0
Brunswick Park Ward,7,5.9611144,2.0
Brunswick Park Ward,8,6.0816355,7.0
Brunswick Park Ward,9,6.214044,1.0
Brunswick Park Ward,10,7.7329707,4.0
Brunswick Park Ward,11,7.891887,6.0
Brunswick Park Ward,12,7.819121,7.0
Bullsmoor Ward,1,8.131551,6.0
Bullsmoor Ward,2,7.314411,3.0
Bullsmoor Ward,3,7.718457,3.0
Bullsmoor Ward,4,6.137062,0.0
Bullsmoor Ward,5,6.1158967,4.0
Bullsmoor Ward,6,6.025312,7.0
Bullsmoor Ward,7,6.0370746,5.0
Bullsmoor Ward,8,6.238633,0.0
Bullsmoor Ward,9,6.2920856,8.0
Bullsmoor Ward,10,7.290904,6.0
Bullsmoor Ward,11,7.5081205,4.0
Bullsmoor Ward,12,7.633354,2.0
Bunhill Ward,1,11.693724,13.0
Bunhill Ward,2,11.594435,13.0
Bunhill Ward,3,12.168051,18.0
Bunhill Ward,4,11.559634,14.0
Bunhill Ward,5,11.629501,21.0
Bunhill Ward,6,11.618155,9.0
Bunhill Ward,7,11.702473,15.0
Bunhill Ward,8,11.541304,11.0
Bunhill Ward,9,11.420915,19.0
Bunhill Ward,10,12.0332365,8.0
Bunhill Ward,11,11.844078,11.0
Bunhill Ward,12,11.68292,13.0
Burnt Oak Ward,1,11.287171,6.0
Burnt Oak Ward,2,10.248642,16.0
Burnt Oak Ward,3,10.919324,16.0
Burnt Oak Ward,4,9.67758,20.0
Burnt Oak Ward,5,9.715098,7.0
Burnt Oak Ward,6,9.578592,4.0
Burnt Oak Ward,7,9.701435,9.0
Burnt Oak Ward,8,9.983974,9.0
Burnt Oak Ward,9,10.039448,14.0
Burnt Oak Ward,10,11.092759,11.0
Burnt Oak Ward,11,11.463896,19.0
Burnt Oak Ward,12,11.275318,10.0
Bush Hill Park Ward,1,6.558106,10.0
Bush Hill Park Ward,2,6.285994,8.0
Bush Hill Park Ward,3,6.5766335,13.0
Bush Hill Park Ward,4,5.2963653,9.0
Bush Hill Park Ward,5,5.399018,5.0
Bush Hill Park Ward,6,5.3842936,2.0
Bush Hill Park Ward,7,5.433893,7.0
Bush Hill Park Ward,8,5.5915546,11.0
Bush Hill Park Ward,9,5.7258334,10.0
Bush Hill Park Ward,10,6.888582,8.0
Bush Hill Park Ward,11,7.100359,8.0
Bush Hill Park Ward,12,7.0081453,9.0
Caledonian Ward,1,7.3523874,8.0
Caledonian Ward,2,6.646797,6.0
Caledonian Ward,3,7.0698133,5.0
Caledonian Ward,4,6.5670185,6.0
Caledonian Ward,5,6.7096896,4.0
Caledonian Ward,6,6.707661,7.0
Caledonian Ward,7,6.865537,12.0
Caledonian Ward,8,6.961215,8.0
Caledonian Ward,9,6.94029,5.0
Caledonian Ward,10,7.23374,4.0
Caledonian Ward,11,7.1753654,9.0
Caledonian Ward,12,7.0081453,8.0
Camberwell Green Ward,1,10.172551,6.0
Camberwell Green Ward,2,9.304004,4.0
Camberwell Green Ward,3,9.777015,7.0
Camberwell Green Ward,4,9.625403,3.0
Camberwell Green Ward,5,9.837636,8.0
Camberwell Green Ward,6,9.9518,4.0
Camberwell Green Ward,7,10.18121,5.0
Camberwell Green Ward,8,10.307982,4.0
Camberwell Green Ward,9,10.245863,11.0
Camberwell Green Ward,10,10.313051,8.0
Camberwell Green Ward,11,10.237742,4.0
Camberwell Green Ward,12,10.117783,12.0
Camden Square Ward,1,4.4835367,6.0
Camden Square Ward,2,4.3716807,2.0
Camden Square Ward,3,4.9416227,9.0
Camden Square Ward,4,4.4338036,3.0
Camden Square Ward,5,4.5675654,1.0
Camden Square Ward,6,4.5604496,2.0
Camden Square Ward,7,4.6830597,0.0
Camden Square Ward,8,4.712865,0.0
Camden Square Ward,9,4.731072,6.0
Camden Square Ward,10,4.980259,7.0
Camden Square Ward,11,4.9492044,3.0
Camden Square Ward,12,4.7814994,4.0
Camden Town Ward,1,8.791045,14.0
Camden Town Ward,2,8.570724,11.0
Camden Town Ward,3,8.913589,7.0
Camden Town Ward,4,8.860062,5.0
Camden Town Ward,5,9.083518,5.0
Camden Town Ward,6,9.097792,5.0
Camden Town Ward,7,9.391337,7.0
Camden Town Ward,8,9.255139,2.0
Camden Town Ward,9,9.346655,8.0
Camden Town Ward,10,9.095227,11.0
Camden Town Ward,11,9.083704,14.0
Camden Town Ward,12,8.895686,10.0
Campden Ward,1,6.8855414,8.0
Campden Ward,2,6.3299456,6.0
Campden Ward,3,7.03822,10.0
Campden Ward,4,6.6393204,6.0
Campden Ward,5,6.71624,6.0
Campden Ward,6,6.771206,8.0
Campden Ward,7,6.7901015,8.0
Campden Ward,8,7.0642304,7.0
Campden Ward,9,7.090842,8.0
Campden Ward,10,7.1392636,7.0
Campden Ward,11,6.9898453,7.0
Campden Ward,12,7.0698924,6.0
Canary Wharf Ward,1,7.6719036,16.0
Canary Wharf Ward,2,7.3800035,5.0
Canary Wharf Ward,3,7.731337,24.0
Canary Wharf Ward,4,7.1859913,15.0
Canary Wharf Ward,5,7.2937164,8.0
Canary Wharf Ward,6,7.304203,12.0
Canary Wharf Ward,7,7.386609,7.0
Canary Wharf Ward,8,7.4479465,13.0
Canary Wharf Ward,9,7.5713415,15.0
Canary Wharf Ward,10,8.017753,17.0
Canary Wharf Ward,11,8.198993,21.0
Canary Wharf Ward,12,8.1742325,13.0
Canbury Gardens Ward,1,2.911475,4.0
Canbury Gardens Ward,2,2.656169,0.0
Canbury Gardens Ward,3,3.0865707,2.0
Canbury Gardens Ward,4,2.4715762,2.0
Canbury Gardens Ward,5,2.5677228,1.0
Canbury Gardens Ward,6,2.5592682,3.0
Canbury Gardens Ward,7,2.5912979,1.0
Canbury Gardens Ward,8,2.7456176,3.0
Canbury Gardens Ward,9,2.808071,3.0
Canbury Gardens Ward,10,2.87655,4.0
Canbury Gardens Ward,11,2.9426057,4.0
Canbury Gardens Ward,12,2.808892,3.0
Candlewick Ward,1,0.2654127,0.0
Candlewick Ward,2,0.09784605,0.0
Candlewick Ward,3,0.5109029,0.0
Candlewick Ward,4,0.29945287,0.0
Candlewick Ward,5,0.450377,0.0
Candlewick Ward,6,0.46241948,0.0
Candlewick Ward,7,0.57215536,0.0
Candlewick Ward,8,0.6714079,0.0
Candlewick Ward,9,0.6926011,0.0
Candlewick Ward,10,0.5117076,0.0
Candlewick Ward,11,0.42694828,0.0
Candlewick Ward,12,0.37778568,0.0
Cann Hall Ward,1,6.6187844,7.0
Cann Hall Ward,2,6.001585,8.0
Cann Hall Ward,3,6.4718804,5.0
Cann Hall Ward,4,5.794593,8.0
Cann Hall Ward,5,5.962145,9.0
Cann Hall Ward,6,5.949468,12.0
Cann Hall Ward,7,6.0407863,8.0
Cann Hall Ward,8,6.092511,8.0
Cann Hall Ward,9,6.122688,8.0
Cann Hall Ward,10,6.4978995,4.0
Cann Hall Ward,11,6.688572,0.0
Cann Hall Ward,12,6.5041933,3.0
Canning Town North Ward,1,6.1340985,11.0
Canning Town North Ward,2,5.4289203,2.0
Canning Town North Ward,3,5.7023387,6.0
Canning Town North Ward,4,5.1097665,8.0
Canning Town North Ward,5,5.2211995,3.0
Canning Town North Ward,6,5.2309003,3.0
Canning Town North Ward,7,5.2790346,10.0
Canning Town North Ward,8,5.3761344,7.0
Canning Town North Ward,9,5.419368,7.0
Canning Town North Ward,10,5.741617,5.0
Canning Town North Ward,11,5.8349657,6.0
Canning Town North Ward,12,5.6887016,4.0
Canning Town South Ward,1,4.2651186,13.0
Canning Town South Ward,2,3.8387046,7.0
Canning Town South Ward,3,4.2556777,9.0
Canning Town South Ward,4,4.3097353,7.0
Canning Town South Ward,5,4.559254,6.0
Canning Town South Ward,6,4.62068,3.0
Canning Town South Ward,7,4.8885527,5.0
Canning Town South Ward,8,4.903799,5.0
Canning Town South Ward,9,4.8625574,6.0
Canning Town South Ward,10,4.6957607,0.0
Canning Town South Ward,11,4.693105,2.0
Canning Town South Ward,12,4.6146173,5.0
Cannon Hill Ward,1,4.0663366,1.0
Cannon Hill Ward,2,3.862687,1.0
Cannon Hill Ward,3,4.233112,2.0
Cannon Hill Ward,4,3.3423002,2.0
Cannon Hill Ward,5,3.425451,2.0
Cannon Hill Ward,6,3.4070065,2.0
Cannon Hill Ward,7,3.431922,1.0
Cannon Hill Ward,8,3.5521827,2.0
Cannon Hill Ward,9,3.601951,2.0
Cannon Hill Ward,10,4.169241,1.0
Cannon Hill Ward,11,4.261948,3.0
Cannon Hill Ward,12,4.1213818,1.0
Canonbury Ward,1,7.9701915,15.0
Canonbury Ward,2,7.6498733,10.0
Canonbury Ward,3,8.05394,1.0
Canonbury Ward,4,7.6369705,3.0
Canonbury Ward,5,7.800038,7.0
Canonbury Ward,6,7.812729,6.0
Canonbury Ward,7,7.934028,5.0
Canonbury Ward,8,8.034628,6.0
Canonbury Ward,9,8.022952,6.0
Canonbury Ward,10,8.0896635,8.0
Canonbury Ward,11,8.142782,6.0
Canonbury Ward,12,7.964395,9.0
Canons Ward,1,4.590371,6.0
Canons Ward,2,4.185744,7.0
Canons Ward,3,4.528448,3.0
Canons Ward,4,3.3030906,3.0
Canons Ward,5,3.3871121,1.0
Canons Ward,6,3.3774235,1.0
Canons Ward,7,3.4008636,4.0
Canons Ward,8,3.521148,2.0
Canons Ward,9,3.6541762,4.0
Canons Ward,10,4.706405,5.0
Canons Ward,11,4.855829,4.0
Canons Ward,12,4.810155,6.0
Carshalton Central Ward,1,4.341837,2.0
Carshalton Central Ward,2,4.452767,0.0
Carshalton Central Ward,3,4.832582,4.0
Carshalton Central Ward,4,3.5338469,3.0
Carshalton Central Ward,5,3.6581683,4.0
Carshalton Central Ward,6,3.648463,0.0
Carshalton Central Ward,7,3.6687672,2.0
Carshalton Central Ward,8,3.7527862,1.0
Carshalton Central Ward,9,3.761505,7.0
Carshalton Central Ward,10,4.5850506,5.0
Carshalton Central Ward,11,4.655318,3.0
Carshalton Central Ward,12,4.5739293,5.0
Carshalton South & Clockhouse Ward,1,3.348302,4.0
Carshalton South & Clockhouse Ward,2,3.1178787,0.0
Carshalton South & Clockhouse Ward,3,3.4953303,9.0
Carshalton South & Clockhouse Ward,4,2.4721596,6.0
Carshalton South & Clockhouse Ward,5,2.536639,1.0
Carshalton South & Clockhouse Ward,6,2.5181944,4.0
Carshalton South & Clockhouse Ward,7,2.5187404,3.0
Carshalton South & Clockhouse Ward,8,2.6253114,5.0
Carshalton South & Clockhouse Ward,9,2.7347488,4.0
Carshalton South & Clockhouse Ward,10,3.5212088,2.0
Carshalton South & Clockhouse Ward,11,3.6255834,3.0
Carshalton South & Clockhouse Ward,12,3.5847342,6.0
Carterhatch Ward,1,8.054871,3.0
Carterhatch Ward,2,7.431513,7.0
Carterhatch Ward,3,7.886573,7.0
Carterhatch Ward,4,6.3658085,1.0
Carterhatch Ward,5,6.4642105,6.0
Carterhatch Ward,6,6.217383,2.0
Carterhatch Ward,7,6.26302,5.0
Carterhatch Ward,8,6.494368,8.0
Carterhatch Ward,9,6.5478206,12.0
Carterhatch Ward,10,7.169266,6.0
Carterhatch Ward,11,7.366078,10.0
Carterhatch Ward,12,7.65244,7.0
Castle Baynard Ward,1,1.822977,4.0
Castle Baynard Ward,2,1.605621,3.0
Castle Baynard Ward,3,2.107061,0.0
Castle Baynard Ward,4,1.8503085,2.0
Castle Baynard Ward,5,2.104227,3.0
Castle Baynard Ward,6,1.982089,3.0
Castle Baynard Ward,7,2.1430118,2.0
Castle Baynard Ward,8,2.146686,1.0
Castle Baynard Ward,9,2.1326935,6.0
Castle Baynard Ward,10,1.9863002,3.0
Castle Baynard Ward,11,1.901273,0.0
Castle Baynard Ward,12,1.921902,0.0
Catford South Ward,1,7.45805,8.0
Catford South Ward,2,7.170609,9.0
Catford South Ward,3,7.648069,11.0
Catford South Ward,4,7.0675144,9.0
Catford South Ward,5,7.2178164,9.0
Catford South Ward,6,7.255846,4.0
Catford South Ward,7,7.5294275,5.0
Catford South Ward,8,7.7357235,7.0
Catford South Ward,9,7.7208514,9.0
Catford South Ward,10,8.038344,6.0
Catford South Ward,11,7.9508877,13.0
Catford South Ward,12,7.7556047,2.0
Cathall Ward,1,4.2540917,1.0
Cathall Ward,2,3.8913457,2.0
Cathall Ward,3,4.30291,2.0
Cathall Ward,4,3.6212778,4.0
Cathall Ward,5,3.7808437,4.0
Cathall Ward,6,3.7914186,3.0
Cathall Ward,7,3.8622234,5.0
Cathall Ward,8,3.9538841,17.0
Cathall Ward,9,3.98282,12.0
Cathall Ward,10,4.4591208,6.0
Cathall Ward,11,4.4620066,3.0
Cathall Ward,12,4.3758707,4.0
Cazenove Ward,1,5.554013,7.0
Cazenove Ward,2,5.2504053,7.0
Cazenove Ward,3,5.555264,7.0
Cazenove Ward,4,4.835493,2.0
Cazenove Ward,5,4.882573,8.0
Cazenove Ward,6,4.882859,4.0
Cazenove Ward,7,4.923282,1.0
Cazenove Ward,8,5.0279818,8.0
Cazenove Ward,9,5.0772643,8.0
Cazenove Ward,10,5.515169,3.0
Cazenove Ward,11,5.4933076,2.0
Cazenove Ward,12,5.3585205,5.0
Centenary Ward,1,5.396846,9.0
Centenary Ward,2,4.992069,8.0
Centenary Ward,3,5.3566647,4.0
Centenary Ward,4,4.0614614,7.0
Centenary Ward,5,4.161863,1.0
Centenary Ward,6,4.1398377,0.0
Centenary Ward,7,4.158239,4.0
Centenary Ward,8,4.2908535,3.0
Centenary Ward,9,4.4169617,1.0
Centenary Ward,10,5.771041,9.0
Centenary Ward,11,5.9591465,5.0
Centenary Ward,12,5.890528,7.0
Central Greenford Ward,1,8.106976,6.0
Central Greenford Ward,2,7.6469088,8.0
Central Greenford Ward,3,7.945625,2.0
Central Greenford Ward,4,6.9371796,7.0
Central Greenford Ward,5,7.0137944,0.0
Central Greenford Ward,6,7.0361223,4.0
Central Greenford Ward,7,7.0626793,2.0
Central Greenford Ward,8,7.202005,4.0
Central Greenford Ward,9,7.331353,3.0
Central Greenford Ward,10,8.155303,6.0
Central Greenford Ward,11,8.2387905,4.0
Central Greenford Ward,12,8.110372,10.0
Chadwell Heath Ward,1,6.4981947,2.0
Chadwell Heath Ward,2,5.8663607,5.0
Chadwell Heath Ward,3,6.1139274,3.0
Chadwell Heath Ward,4,5.181089,1.0
Chadwell Heath Ward,5,5.308856,6.0
Chadwell Heath Ward,6,5.2863398,3.0
Chadwell Heath Ward,7,5.2918773,9.0
Chadwell Heath Ward,8,5.378338,2.0
Chadwell Heath Ward,9,5.4477043,2.0
Chadwell Heath Ward,10,6.0652385,5.0
Chadwell Heath Ward,11,6.330202,2.0
Chadwell Heath Ward,12,6.227912,7.0
Chadwell Ward,1,6.6612253,3.0
Chadwell Ward,2,6.372854,2.0
Chadwell Ward,3,6.690383,8.0
Chadwell Ward,4,5.4818254,4.0
Chadwell Ward,5,5.544014,6.0
Chadwell Ward,6,5.5403385,4.0
Chadwell Ward,7,5.571317,7.0
Chadwell Ward,8,5.677954,2.0
Chadwell Ward,9,5.7857947,6.0
Chadwell Ward,10,7.045051,6.0
Chadwell Ward,11,7.188297,5.0
Chadwell Ward,12,7.1067834,8.0
Champion Hill Ward,1,4.8046026,4.0
Champion Hill Ward,2,4.6051006,4.0
Champion Hill Ward,3,5.059435,3.0
Champion Hill Ward,4,4.5020723,5.0
Champion Hill Ward,5,4.6048036,5.0
Champion Hill Ward,6,4.617007,3.0
Champion Hill Ward,7,4.7253585,4.0
Champion Hill Ward,8,4.7604613,4.0
Champion Hill Ward,9,4.7617497,1.0
Champion Hill Ward,10,4.9305634,1.0
Champion Hill Ward,11,4.9287977,7.0
Champion Hill Ward,12,4.8095174,5.0
Chapel End Ward,1,5.703368,8.0
Chapel End Ward,2,5.367392,11.0
Chapel End Ward,3,5.804143,8.0
Chapel End Ward,4,5.0821867,7.0
Chapel End Ward,5,5.2316656,5.0
Chapel End Ward,6,5.264695,6.0
Chapel End Ward,7,5.317616,4.0
Chapel End Ward,8,5.417851,5.0
Chapel End Ward,9,5.4482145,4.0
Chapel End Ward,10,6.127665,4.0
Chapel End Ward,11,6.2322307,6.0
Chapel End Ward,12,6.1029816,4.0
Charlton Hornfair Ward,1,4.6065655,2.0
Charlton Hornfair Ward,2,4.2163095,1.0
Charlton Hornfair Ward,3,4.602849,2.0
Charlton Hornfair Ward,4,3.9390843,1.0
Charlton Hornfair Ward,5,4.108863,2.0
Charlton Hornfair Ward,6,4.1253867,3.0
Charlton Hornfair Ward,7,4.159634,0.0
Charlton Hornfair Ward,8,4.2789354,4.0
Charlton Hornfair Ward,9,4.3604555,4.0
Charlton Hornfair Ward,10,4.736835,3.0
Charlton Hornfair Ward,11,4.808994,3.0
Charlton Hornfair Ward,12,4.6773105,6.0
Charlton Village & Riverside Ward,1,5.421413,13.0
Charlton Village & Riverside Ward,2,4.6313777,4.0
Charlton Village & Riverside Ward,3,4.9554358,2.0
Charlton Village & Riverside Ward,4,4.474679,2.0
Charlton Village & Riverside Ward,5,4.632641,0.0
Charlton Village & Riverside Ward,6,4.635342,5.0
Charlton Village & Riverside Ward,7,4.709846,4.0
Charlton Village & Riverside Ward,8,4.8082004,4.0
Charlton Village & Riverside Ward,9,4.8775673,3.0
Charlton Village & Riverside Ward,10,5.402536,4.0
Charlton Village & Riverside Ward,11,5.567107,6.0
Charlton Village & Riverside Ward,12,5.3952694,6.0
Charville Ward,1,4.479584,2.0
Charville Ward,2,4.29199,3.0
Charville Ward,3,4.6108823,1.0
Charville Ward,4,3.4217434,2.0
Charville Ward,5,3.5115433,4.0
Charville Ward,6,3.4877238,6.0
Charville Ward,7,3.5193598,0.0
Charville Ward,8,3.6474192,1.0
Charville Ward,9,3.7552612,4.0
Charville Ward,10,4.806768,6.0
Charville Ward,11,5.017374,4.0
Charville Ward,12,4.9192123,6.0
Chaucer Ward,1,10.030491,9.0
Chaucer Ward,2,9.274744,3.0
Chaucer Ward,3,9.7582035,10.0
Chaucer Ward,4,9.489386,7.0
Chaucer Ward,5,9.677443,11.0
Chaucer Ward,6,9.75038,12.0
Chaucer Ward,7,9.926948,13.0
Chaucer Ward,8,10.25228,11.0
Chaucer Ward,9,10.221053,6.0
Chaucer Ward,10,10.375171,16.0
Chaucer Ward,11,10.206437,25.0
Chaucer Ward,12,10.036128,13.0
Cheam Ward,1,3.9485357,2.0
Cheam Ward,2,4.0062985,4.0
Cheam Ward,3,4.4136167,3.0
Cheam Ward,4,3.4373534,4.0
Cheam Ward,5,3.4153047,2.0
Cheam Ward,6,3.3968604,4.0
Cheam Ward,7,3.3696778,1.0
Cheam Ward,8,3.4769201,20.0
Cheam Ward,9,3.664166,4.0
Cheam Ward,10,4.282177,0.0
Cheam Ward,11,4.44501,4.0
Cheam Ward,12,4.5531516,7.0
Cheap Ward,1,0.6171467,1.0
Cheap Ward,2,0.352665,0.0
Cheap Ward,3,0.72307795,1.0
Cheap Ward,4,0.41538852,0.0
Cheap Ward,5,0.5294484,0.0
Cheap Ward,6,0.5065191,1.0
Cheap Ward,7,0.5844551,1.0
Cheap Ward,8,0.6474527,0.0
Cheap Ward,9,0.6801071,0.0
Cheap Ward,10,0.6203072,0.0
Cheap Ward,11,0.59174764,1.0
Cheap Ward,12,0.5192458,0.0
Chelsea Riverside Ward,1,4.981578,4.0
Chelsea Riverside Ward,2,4.9386544,6.0
Chelsea Riverside Ward,3,5.378845,0.0
Chelsea Riverside Ward,4,4.657752,8.0
Chelsea Riverside Ward,5,4.759481,6.0
Chelsea Riverside Ward,6,4.7627897,6.0
Chelsea Riverside Ward,7,4.806378,3.0
Chelsea Riverside Ward,8,4.913904,3.0
Chelsea Riverside Ward,9,5.0223603,4.0
Chelsea Riverside Ward,10,5.0564594,4.0
Chelsea Riverside Ward,11,5.117808,9.0
Chelsea Riverside Ward,12,5.0148687,4.0
Chelsfield Ward,1,4.1057816,3.0
Chelsfield Ward,2,3.7728467,3.0
Chelsfield Ward,3,4.107635,2.0
Chelsfield Ward,4,2.8903916,2.0
Chelsfield Ward,5,2.9744143,1.0
Chelsfield Ward,6,2.9559696,2.0
Chelsfield Ward,7,2.9706683,0.0
Chelsfield Ward,8,3.0560517,4.0
Chelsfield Ward,9,3.216949,3.0
Chelsfield Ward,10,4.197228,5.0
Chelsfield Ward,11,4.3461337,4.0
Chelsfield Ward,12,4.356221,5.0
Chessington South & Malden Rushett Ward,1,2.1683984,0.0
Chessington South & Malden Rushett Ward,2,2.0264876,2.0
Chessington South & Malden Rushett Ward,3,2.3256178,3.0
Chessington South & Malden Rushett Ward,4,1.3466941,2.0
Chessington South & Malden Rushett Ward,5,1.4095678,5.0
Chessington South & Malden Rushett Ward,6,1.4104024,1.0
Chessington South & Malden Rushett Ward,7,1.4078945,0.0
Chessington South & Malden Rushett Ward,8,1.5011201,0.0
Chessington South & Malden Rushett Ward,9,1.5983815,0.0
Chessington South & Malden Rushett Ward,10,2.3001795,0.0
Chessington South & Malden Rushett Ward,11,2.3235953,1.0
Chessington South & Malden Rushett Ward,12,2.2367268,0.0
Childs Hill Ward,1,17.050793,22.0
Childs Hill Ward,2,16.544237,26.0
Childs Hill Ward,3,17.14726,24.0
Childs Hill Ward,4,15.962873,19.0
Childs Hill Ward,5,16.078508,11.0
Childs Hill Ward,6,16.103462,20.0
Childs Hill Ward,7,16.186598,16.0
Childs Hill Ward,8,16.39047,9.0
Childs Hill Ward,9,16.519346,10.0
Childs Hill Ward,10,17.248325,15.0
Childs Hill Ward,11,17.567516,21.0
Childs Hill Ward,12,17.12493,20.0
Chingford Green Ward,1,5.500242,4.0
Chingford Green Ward,2,5.1906595,0.0
Chingford Green Ward,3,5.538749,3.0
Chingford Green Ward,4,4.5615106,3.0
Chingford Green Ward,5,4.666517,4.0
Chingford Green Ward,6,4.6902413,4.0
Chingford Green Ward,7,4.723379,5.0
Chingford Green Ward,8,4.8855667,2.0
Chingford Green Ward,9,4.9934072,3.0
Chingford Green Ward,10,5.6803894,3.0
Chingford Green Ward,11,5.76829,3.0
Chingford Green Ward,12,5.670414,9.0
Chislehurst Ward,1,7.212951,5.0
Chislehurst Ward,2,6.717133,3.0
Chislehurst Ward,3,7.1732483,3.0
Chislehurst Ward,4,5.664492,11.0
Chislehurst Ward,5,5.725231,3.0
Chislehurst Ward,6,5.7401943,6.0
Chislehurst Ward,7,5.7244973,5.0
Chislehurst Ward,8,5.8568997,4.0
Chislehurst Ward,9,5.9356337,3.0
Chislehurst Ward,10,7.2340775,3.0
Chislehurst Ward,11,7.4224386,15.0
Chislehurst Ward,12,7.3489304,13.0
Chiswick Gunnersbury Ward,1,8.104331,15.0
Chiswick Gunnersbury Ward,2,7.8404293,13.0
Chiswick Gunnersbury Ward,3,8.285744,8.0
Chiswick Gunnersbury Ward,4,7.598167,10.0
Chiswick Gunnersbury Ward,5,7.7451344,7.0
Chiswick Gunnersbury Ward,6,7.7729206,8.0
Chiswick Gunnersbury Ward,7,7.8819304,10.0
Chiswick Gunnersbury Ward,8,7.983274,10.0
Chiswick Gunnersbury Ward,9,8.016196,4.0
Chiswick Gunnersbury Ward,10,8.520246,7.0
Chiswick Gunnersbury Ward,11,8.508468,6.0
Chiswick Gunnersbury Ward,12,8.314939,9.0
Chiswick Homefields Ward,1,7.9347944,11.0
Chiswick Homefields Ward,2,8.161678,13.0
Chiswick Homefields Ward,3,8.542535,7.0
Chiswick Homefields Ward,4,7.6112113,9.0
Chiswick Homefields Ward,5,7.6960254,4.0
Chiswick Homefields Ward,6,7.69235,7.0
Chiswick Homefields Ward,7,7.7952123,5.0
Chiswick Homefields Ward,8,7.8890376,4.0
Chiswick Homefields Ward,9,7.9994373,8.0
Chiswick Homefields Ward,10,7.988504,7.0
Chiswick Homefields Ward,11,8.0063715,12.0
Chiswick Homefields Ward,12,7.900418,5.0
Chiswick Riverside Ward,1,5.7217417,10.0
Chiswick Riverside Ward,2,5.6522007,6.0
Chiswick Riverside Ward,3,6.0085087,8.0
Chiswick Riverside Ward,4,5.51888,11.0
Chiswick Riverside Ward,5,5.6170797,9.0
Chiswick Riverside Ward,6,5.6092305,3.0
Chiswick Riverside Ward,7,5.665728,4.0
Chiswick Riverside Ward,8,5.7973843,2.0
Chiswick Riverside Ward,9,5.8785167,1.0
Chiswick Riverside Ward,10,6.158735,6.0
Chiswick Riverside Ward,11,6.201083,10.0
Chiswick Riverside Ward,12,6.106986,8.0
Church Street Ward,1,6.8132987,11.0
Church Street Ward,2,6.202937,4.0
Church Street Ward,3,6.704355,8.0
Church Street Ward,4,6.149041,6.0
Church Street Ward,5,6.2021956,8.0
Church Street Ward,6,6.268316,12.0
Church Street Ward,7,6.400498,6.0
Church Street Ward,8,6.529858,8.0
Church Street Ward,9,6.4173527,5.0
Church Street Ward,10,6.5600805,5.0
Church Street Ward,11,6.564281,11.0
Church Street Ward,12,6.278957,3.0
Churchfields Ward,1,6.6384745,8.0
Churchfields Ward,2,6.1891265,6.0
Churchfields Ward,3,6.520349,5.0
Churchfields Ward,4,5.5869412,2.0
Churchfields Ward,5,5.6516724,7.0
Churchfields Ward,6,5.633229,8.0
Churchfields Ward,7,5.6993203,6.0
Churchfields Ward,8,5.8450913,6.0
Churchfields Ward,9,5.9354324,6.0
Churchfields Ward,10,6.6535482,8.0
Churchfields Ward,11,6.7081175,4.0
Churchfields Ward,12,6.5978603,2.0
Clapham Common & Abbeville Ward,1,6.5649366,5.0
Clapham Common & Abbeville Ward,2,6.3265667,3.0
Clapham Common & Abbeville Ward,3,6.950273,11.0
Clapham Common & Abbeville Ward,4,6.720292,10.0
Clapham Common & Abbeville Ward,5,7.1093183,6.0
Clapham Common & Abbeville Ward,6,7.102358,5.0
Clapham Common & Abbeville Ward,7,7.234253,10.0
Clapham Common & Abbeville Ward,8,7.3643923,11.0
Clapham Common & Abbeville Ward,9,7.37,7.0
Clapham Common & Abbeville Ward,10,7.206032,13.0
Clapham Common & Abbeville Ward,11,7.0276427,8.0
Clapham Common & Abbeville Ward,12,6.9262857,8.0
Clapham East Ward,1,6.1272407,7.0
Clapham East Ward,2,5.699809,2.0
Clapham East Ward,3,6.2243733,10.0
Clapham East Ward,4,6.2994857,9.0
Clapham East Ward,5,6.6077332,10.0
Clapham East Ward,6,6.818689,14.0
Clapham East Ward,7,7.116178,1.0
Clapham East Ward,8,7.1497526,5.0
Clapham East Ward,9,7.083078,4.0
Clapham East Ward,10,7.0058002,12.0
Clapham East Ward,11,6.9525676,1.0
Clapham East Ward,12,6.795226,6.0
Clapham Park Ward,1,6.4625673,8.0
Clapham Park Ward,2,6.048997,4.0
Clapham Park Ward,3,6.6156516,6.0
Clapham Park Ward,4,6.3964934,8.0
Clapham Park Ward,5,6.5620565,6.0
Clapham Park Ward,6,6.630461,5.0
Clapham Park Ward,7,6.7517843,3.0
Clapham Park Ward,8,6.802084,6.0
Clapham Park Ward,9,6.7865615,2.0
Clapham Park Ward,10,6.9758706,3.0
Clapham Park Ward,11,7.009297,4.0
Clapham Park Ward,12,6.8940835,6.0
Clapham Town Ward,1,12.52456,17.0
Clapham Town Ward,2,11.830432,12.0
Clapham Town Ward,3,12.360446,9.0
Clapham Town Ward,4,12.577681,14.0
Clapham Town Ward,5,12.782963,11.0
Clapham Town Ward,6,12.84452,19.0
Clapham Town Ward,7,13.001915,12.0
Clapham Town Ward,8,13.167253,8.0
Clapham Town Ward,9,13.151731,15.0
Clapham Town Ward,10,12.739995,15.0
Clapham Town Ward,11,12.625105,14.0
Clapham Town Ward,12,12.385658,11.0
Clayhall Ward,1,5.6181607,5.0
Clayhall Ward,2,5.3374653,3.0
Clayhall Ward,3,5.643126,6.0
Clayhall Ward,4,4.344521,3.0
Clayhall Ward,5,4.425734,5.0
Clayhall Ward,6,4.4072905,5.0
Clayhall Ward,7,4.4605064,5.0
Clayhall Ward,8,4.617853,2.0
Clayhall Ward,9,4.7603974,8.0
Clayhall Ward,10,5.9725285,3.0
Clayhall Ward,11,6.2379994,7.0
Clayhall Ward,12,6.150466,7.0
Clementswood Ward,1,3.8012328,5.0
Clementswood Ward,2,3.5309434,6.0
Clementswood Ward,3,3.91071,4.0
Clementswood Ward,4,2.9283185,0.0
Clementswood Ward,5,3.0173519,3.0
Clementswood Ward,6,3.0110056,2.0
Clementswood Ward,7,3.079524,1.0
Clementswood Ward,8,3.2257867,3.0
Clementswood Ward,9,3.2853365,0.0
Clementswood Ward,10,3.915492,5.0
Clementswood Ward,11,4.0302434,3.0
Clementswood Ward,12,3.9414666,2.0
Clerkenwell Ward,1,12.019349,12.0
Clerkenwell Ward,2,11.501379,11.0
Clerkenwell Ward,3,12.025094,7.0
Clerkenwell Ward,4,11.717108,14.0
Clerkenwell Ward,5,11.900065,9.0
Clerkenwell Ward,6,12.006043,11.0
Clerkenwell Ward,7,12.165115,7.0
Clerkenwell Ward,8,12.289549,11.0
Clerkenwell Ward,9,12.289391,16.0
Clerkenwell Ward,10,12.297568,11.0
Clerkenwell Ward,11,12.074127,11.0
Clerkenwell Ward,12,11.875766,11.0
Clissold Ward,1,8.526463,7.0
Clissold Ward,2,7.956098,5.0
Clissold Ward,3,8.382001,5.0
Clissold Ward,4,7.9944525,12.0
Clissold Ward,5,8.154498,6.0
Clissold Ward,6,8.172308,5.0
Clissold Ward,7,8.280903,5.0
Clissold Ward,8,8.492004,7.0
Clissold Ward,9,8.518058,2.0
Clissold Ward,10,8.748347,8.0
Clissold Ward,11,8.804663,5.0
Clissold Ward,12,8.64665,4.0
Clock House Ward,1,7.5275507,12.0
Clock House Ward,2,6.9184303,4.0
Clock House Ward,3,7.2871213,5.0
Clock House Ward,4,6.199665,4.0
Clock House Ward,5,6.249212,2.0
Clock House Ward,6,6.2344875,6.0
Clock House Ward,7,6.2855883,2.0
Clock House Ward,8,6.394558,2.0
Clock House Ward,9,6.502703,4.0
Clock House Ward,10,7.2588115,3.0
Clock House Ward,11,7.3591394,5.0
Clock House Ward,12,7.219576,4.0
Cockfosters Ward,1,6.60152,5.0
Cockfosters Ward,2,5.884309,5.0
Cockfosters Ward,3,6.267147,4.0
Cockfosters Ward,4,4.6841707,3.0
Cockfosters Ward,5,4.7813473,2.0
Cockfosters Ward,6,4.78414,6.0
Cockfosters Ward,7,4.799908,5.0
Cockfosters Ward,8,4.925865,5.0
Cockfosters Ward,9,5.104576,6.0
Cockfosters Ward,10,6.479251,4.0
Cockfosters Ward,11,6.658112,13.0
Cockfosters Ward,12,6.5935984,11.0
Coleman Street Ward,1,0.81641036,0.0
Coleman Street Ward,2,0.46362087,1.0
Coleman Street Ward,3,0.82481796,3.0
Coleman Street Ward,4,0.5496099,4.0
Coleman Street Ward,5,0.6636703,1.0
Coleman Street Ward,6,0.65079904,2.0
Coleman Street Ward,7,0.7321735,0.0
Coleman Street Ward,8,0.7951709,3.0
Coleman Street Ward,9,0.81052256,1.0
Coleman Street Ward,10,0.7347692,1.0
Coleman Street Ward,11,0.70620954,2.0
Coleman Street Ward,12,0.63370794,5.0
Colham & Cowley Ward,1,8.016643,6.0
Colham & Cowley Ward,2,7.6627445,8.0
Colham & Cowley Ward,3,8.0512085,4.0
Colham & Cowley Ward,4,6.8670893,5.0
Colham & Cowley Ward,5,6.988648,5.0
Colham & Cowley Ward,6,6.9652286,7.0
Colham & Cowley Ward,7,6.931228,2.0
Colham & Cowley Ward,8,7.08145,5.0
Colham & Cowley Ward,9,7.1892905,4.0
Colham & Cowley Ward,10,8.263362,7.0
Colham & Cowley Ward,11,8.441334,7.0
Colham & Cowley Ward,12,8.236621,2.0
Colindale North Ward,1,5.285641,3.0
Colindale North Ward,2,5.1116295,3.0
Colindale North Ward,3,5.5641875,2.0
Colindale North Ward,4,4.2236557,7.0
Colindale North Ward,5,4.338739,5.0
Colindale North Ward,6,4.321678,8.0
Colindale North Ward,7,4.369413,4.0
Colindale North Ward,8,4.4657197,2.0
Colindale North Ward,9,4.469906,7.0
Colindale North Ward,10,5.23223,4.0
Colindale North Ward,11,5.340505,9.0
Colindale North Ward,12,5.1382046,1.0
Colindale South Ward,1,6.176991,9.0
Colindale South Ward,2,5.5465035,6.0
Colindale South Ward,3,6.037237,8.0
Colindale South Ward,4,5.2884293,6.0
Colindale South Ward,5,5.376126,8.0
Colindale South Ward,6,5.3823166,2.0
Colindale South Ward,7,5.4426756,7.0
Colindale South Ward,8,5.539492,7.0
Colindale South Ward,9,5.585441,16.0
Colindale South Ward,10,6.2519746,16.0
Colindale South Ward,11,6.2515445,12.0
Colindale South Ward,12,6.1440887,11.0
College Park & Old Oak Ward,1,7.7116632,12.0
College Park & Old Oak Ward,2,6.966089,7.0
College Park & Old Oak Ward,3,7.3445754,7.0
College Park & Old Oak Ward,4,6.992167,6.0
College Park & Old Oak Ward,5,7.286547,10.0
College Park & Old Oak Ward,6,7.356405,8.0
College Park & Old Oak Ward,7,7.6883326,9.0
College Park & Old Oak Ward,8,7.9690704,6.0
College Park & Old Oak Ward,9,7.848548,7.0
College Park & Old Oak Ward,10,7.8541946,5.0
College Park & Old Oak Ward,11,7.706284,1.0
College Park & Old Oak Ward,12,7.6696234,4.0
Colliers Wood Ward,1,6.1737475,1.0
Colliers Wood Ward,2,5.769143,2.0
Colliers Wood Ward,3,6.3911886,4.0
Colliers Wood Ward,4,5.861667,2.0
Colliers Wood Ward,5,5.9944873,8.0
Colliers Wood Ward,6,6.015225,9.0
Colliers Wood Ward,7,6.2578797,5.0
Colliers Wood Ward,8,6.501752,7.0
Colliers Wood Ward,9,6.50736,5.0
Colliers Wood Ward,10,6.766852,3.0
Colliers Wood Ward,11,6.583574,1.0
Colliers Wood Ward,12,6.490732,3.0
Colville Ward,1,9.328193,13.0
Colville Ward,2,8.437987,12.0
Colville Ward,3,9.046193,9.0
Colville Ward,4,8.63619,13.0
Colville Ward,5,8.726222,10.0
Colville Ward,6,8.790447,6.0
Colville Ward,7,9.194288,15.0
Colville Ward,8,9.431152,11.0
Colville Ward,9,9.394283,8.0
Colville Ward,10,9.602517,10.0
Colville Ward,11,9.498895,6.0
Colville Ward,12,9.35994,15.0
Coningham Ward,1,6.3635354,6.0
Coningham Ward,2,5.816013,3.0
Coningham Ward,3,6.247996,4.0
Coningham Ward,4,6.2809787,8.0
Coningham Ward,5,6.4707136,6.0
Coningham Ward,6,6.5088773,6.0
Coningham Ward,7,6.6892557,4.0
Coningham Ward,8,6.7400317,10.0
Coningham Ward,9,6.7191067,9.0
Coningham Ward,10,6.600618,8.0
Coningham Ward,11,6.516036,10.0
Coningham Ward,12,6.3094025,13.0
Coombe Hill Ward,1,3.8762143,3.0
Coombe Hill Ward,2,3.5857568,2.0
Coombe Hill Ward,3,3.9209058,4.0
Coombe Hill Ward,4,2.9016988,3.0
Coombe Hill Ward,5,2.9978454,3.0
Coombe Hill Ward,6,2.9794006,2.0
Coombe Hill Ward,7,2.997639,5.0
Coombe Hill Ward,8,3.129086,3.0
Coombe Hill Ward,9,3.2576783,7.0
Coombe Hill Ward,10,3.9101484,3.0
Coombe Hill Ward,11,3.9893665,4.0
Coombe Hill Ward,12,3.9230843,4.0
Coombe Vale Ward,1,3.537889,3.0
Coombe Vale Ward,2,3.362017,3.0
Coombe Vale Ward,3,3.7798007,4.0
Coombe Vale Ward,4,2.809352,2.0
Coombe Vale Ward,5,2.8852265,1.0
Coombe Vale Ward,6,2.8607104,1.0
Coombe Vale Ward,7,2.8907762,6.0
Coombe Vale Ward,8,2.9968512,1.0
Coombe Vale Ward,9,3.1517935,0.0
Coombe Vale Ward,10,3.9515815,2.0
Coombe Vale Ward,11,4.1671243,6.0
Coombe Vale Ward,12,4.1013947,3.0
Cordwainer Ward,1,0.62387335,1.0
Cordwainer Ward,2,0.4279165,0.0
Cordwainer Ward,3,0.8635101,2.0
Cordwainer Ward,4,0.6520598,2.0
Cordwainer Ward,5,0.802984,0.0
Cordwainer Ward,6,0.7840574,2.0
Cordwainer Ward,7,0.8937935,4.0
Cordwainer Ward,8,0.99304557,2.0
Cordwainer Ward,9,1.014239,1.0
Cordwainer Ward,10,0.833346,0.0
Cordwainer Ward,11,0.7485864,1.0
Cordwainer Ward,12,0.6941393,2.0
Cornhill Ward,1,0.2654127,2.0
Cornhill Ward,2,0.09784605,0.0
Cornhill Ward,3,0.5109029,0.0
Cornhill Ward,4,0.29945287,1.0
Cornhill Ward,5,0.450377,1.0
Cornhill Ward,6,0.46241948,1.0
Cornhill Ward,7,0.57215536,0.0
Cornhill Ward,8,0.6714079,1.0
Cornhill Ward,9,0.6926011,1.0
Cornhill Ward,10,0.5117076,1.0
Cornhill Ward,11,0.42694828,0.0
Cornhill Ward,12,0.37778568,0.0
Coulsdon Town Ward,1,4.432866,2.0
Coulsdon Town Ward,2,4.20648,0.0
Coulsdon Town Ward,3,4.554539,3.0
Coulsdon Town Ward,4,3.4730935,1.0
Coulsdon Town Ward,5,3.5375724,3.0
Coulsdon Town Ward,6,3.5191278,2.0
Coulsdon Town Ward,7,3.5338264,4.0
Coulsdon Town Ward,8,3.6324635,1.0
Coulsdon Town Ward,9,3.717853,5.0
Coulsdon Town Ward,10,4.523338,2.0
Coulsdon Town Ward,11,4.639999,5.0
Coulsdon Town Ward,12,4.599149,4.0
Courtfield Ward,1,8.689574,10.0
Courtfield Ward,2,8.270433,8.0
Courtfield Ward,3,8.885749,7.0
Courtfield Ward,4,8.418698,12.0
Courtfield Ward,5,8.759333,14.0
Courtfield Ward,6,8.851543,11.0
Courtfield Ward,7,8.9441805,11.0
Courtfield Ward,8,9.204856,9.0
Courtfield Ward,9,9.201556,10.0
Courtfield Ward,10,9.385547,11.0
Courtfield Ward,11,9.1851845,11.0
Courtfield Ward,12,9.259037,13.0
Cranbrook Ward,1,5.749308,8.0
Cranbrook Ward,2,5.3625717,1.0
Cranbrook Ward,3,5.7543797,3.0
Cranbrook Ward,4,4.868184,2.0
Cranbrook Ward,5,4.9479637,1.0
Cranbrook Ward,6,4.9592075,1.0
Cranbrook Ward,7,5.00965,7.0
Cranbrook Ward,8,5.172816,5.0
Cranbrook Ward,9,5.263157,4.0
Cranbrook Ward,10,6.022726,3.0
Cranbrook Ward,11,6.18818,1.0
Cranbrook Ward,12,6.11127,6.0
Cranford Ward,1,5.8503504,8.0
Cranford Ward,2,5.3486114,7.0
Cranford Ward,3,5.761487,5.0
Cranford Ward,4,4.7917223,10.0
Cranford Ward,5,4.849457,4.0
Cranford Ward,6,4.8292074,0.0
Cranford Ward,7,4.8560596,2.0
Cranford Ward,8,4.9761324,3.0
Cranford Ward,9,5.0576525,5.0
Cranford Ward,10,5.931798,9.0
Cranford Ward,11,6.0582356,6.0
Cranford Ward,12,5.929274,2.0
Cranham Ward,1,3.3754122,4.0
Cranham Ward,2,3.086166,2.0
Cranham Ward,3,3.397696,7.0
Cranham Ward,4,2.3087893,1.0
Cranham Ward,5,2.380117,0.0
Cranham Ward,6,2.3616724,1.0
Cranham Ward,7,2.3528304,2.0
Cranham Ward,8,2.499259,0.0
Cranham Ward,9,2.6673841,6.0
Cranham Ward,10,3.3929822,1.0
Cranham Ward,11,3.6011343,4.0
Cranham Ward,12,3.5591407,1.0
Crayford Ward,1,4.916704,11.0
Crayford Ward,2,4.6748633,1.0
Crayford Ward,3,5.0968065,4.0
Crayford Ward,4,4.0721216,7.0
Crayford Ward,5,4.2234306,2.0
Crayford Ward,6,4.103791,4.0
Crayford Ward,7,4.090206,4.0
Crayford Ward,8,4.1835513,3.0
Crayford Ward,9,4.2610517,5.0
Crayford Ward,10,5.0879774,3.0
Crayford Ward,11,5.2041225,5.0
Crayford Ward,12,5.062306,2.0
Cricket Green Ward,1,5.367441,5.0
Cricket Green Ward,2,5.0802345,5.0
Cricket Green Ward,3,5.4408674,6.0
Cricket Green Ward,4,4.447462,5.0
Cricket Green Ward,5,4.6055717,3.0
Cricket Green Ward,6,4.5823274,3.0
Cricket Green Ward,7,4.65944,1.0
Cricket Green Ward,8,4.7861576,15.0
Cricket Green Ward,9,4.833691,7.0
Cricket Green Ward,10,5.389676,7.0
Cricket Green Ward,11,5.466864,15.0
Cricket Green Ward,12,5.241666,6.0
Cricklewood & Mapesbury Ward,1,8.878619,7.0
Cricklewood & Mapesbury Ward,2,8.503669,12.0
Cricklewood & Mapesbury Ward,3,8.912591,9.0
Cricklewood & Mapesbury Ward,4,8.047143,7.0
Cricklewood & Mapesbury Ward,5,8.1684475,11.0
Cricklewood & Mapesbury Ward,6,8.16722,12.0
Cricklewood & Mapesbury Ward,7,8.210001,13.0
Cricklewood & Mapesbury Ward,8,8.466471,5.0
Cricklewood & Mapesbury Ward,9,8.547993,10.0
Cricklewood & Mapesbury Ward,10,9.187499,11.0
Cricklewood & Mapesbury Ward,11,9.213523,7.0
Cricklewood & Mapesbury Ward,12,8.957552,12.0
Cricklewood Ward,1,8.579336,16.0
Cricklewood Ward,2,8.041544,7.0
Cricklewood Ward,3,8.3361435,18.0
Cricklewood Ward,4,7.812196,8.0
Cricklewood Ward,5,7.9742217,10.0
Cricklewood Ward,6,8.004508,12.0
Cricklewood Ward,7,8.215621,8.0
Cricklewood Ward,8,8.30928,8.0
Cricklewood Ward,9,8.337031,3.0
Cricklewood Ward,10,8.810606,14.0
Cricklewood Ward,11,8.934271,8.0
Cricklewood Ward,12,8.783446,10.0
Cripplegate Ward,1,0.67893004,3.0
Cripplegate Ward,2,0.44138685,1.0
Cripplegate Ward,3,0.75165075,0.0
Cripplegate Ward,4,0.36621895,0.0
Cripplegate Ward,5,0.44282278,2.0
Cripplegate Ward,6,0.42829686,2.0
Cripplegate Ward,7,0.47737312,0.0
Cripplegate Ward,8,0.6164301,1.0
Cripplegate Ward,9,0.659671,0.0
Cripplegate Ward,10,0.63687193,1.0
Cripplegate Ward,11,0.7277046,1.0
Cripplegate Ward,12,0.63785726,1.0
Crofton Park Ward,1,7.264066,2.0
Crofton Park Ward,2,7.0544634,7.0
Crofton Park Ward,3,7.46187,3.0
Crofton Park Ward,4,6.7643557,10.0
Crofton Park Ward,5,6.909227,6.0
Crofton Park Ward,6,6.9620543,5.0
Crofton Park Ward,7,7.071064,2.0
Crofton Park Ward,8,7.1500816,10.0
Crofton Park Ward,9,7.1830044,4.0
Crofton Park Ward,10,7.509742,5.0
Crofton Park Ward,11,7.500859,1.0
Crofton Park Ward,12,7.287115,2.0
Crook Log Ward,1,3.8375106,8.0
Crook Log Ward,2,3.4539392,7.0
Crook Log Ward,3,3.731199,6.0
Crook Log Ward,4,2.5410678,4.0
Crook Log Ward,5,2.6080377,5.0
Crook Log Ward,6,2.5895932,2.0
Crook Log Ward,7,2.6059444,2.0
Crook Log Ward,8,2.7297757,2.0
Crook Log Ward,9,2.8870046,2.0
Crook Log Ward,10,4.264413,7.0
Crook Log Ward,11,4.4226694,9.0
Crook Log Ward,12,4.3114963,8.0
Crouch End Ward,1,9.785446,7.0
Crouch End Ward,2,9.254112,8.0
Crouch End Ward,3,9.7500305,9.0
Crouch End Ward,4,9.106294,9.0
Crouch End Ward,5,9.359464,11.0
Crouch End Ward,6,9.409555,8.0
Crouch End Ward,7,9.533271,14.0
Crouch End Ward,8,9.563825,8.0
Crouch End Ward,9,9.582359,9.0
Crouch End Ward,10,10.099168,12.0
Crouch End Ward,11,10.079773,11.0
Crouch End Ward,12,9.960177,14.0
Crystal Palace & Anerley Ward,1,8.009948,5.0
Crystal Palace & Anerley Ward,2,7.3636274,9.0
Crystal Palace & Anerley Ward,3,7.7491503,3.0
Crystal Palace & Anerley Ward,4,6.796964,2.0
Crystal Palace & Anerley Ward,5,6.906141,12.0
Crystal Palace & Anerley Ward,6,6.9016585,5.0
Crystal Palace & Anerley Ward,7,6.9331517,5.0
Crystal Palace & Anerley Ward,8,7.172159,2.0
Crystal Palace & Anerley Ward,9,7.279813,4.0
Crystal Palace & Anerley Ward,10,7.869531,6.0
Crystal Palace & Anerley Ward,11,8.023351,4.0
Crystal Palace & Anerley Ward,12,7.87067,9.0
Crystal Palace & Upper Norwood Ward,1,9.221696,8.0
Crystal Palace & Upper Norwood Ward,2,8.225971,5.0
Crystal Palace & Upper Norwood Ward,3,8.614157,5.0
Crystal Palace & Upper Norwood Ward,4,7.670163,3.0
Crystal Palace & Upper Norwood Ward,5,7.77877,5.0
Crystal Palace & Upper Norwood Ward,6,7.79297,5.0
Crystal Palace & Upper Norwood Ward,7,7.774614,0.0
Crystal Palace & Upper Norwood Ward,8,7.9936857,0.0
Crystal Palace & Upper Norwood Ward,9,8.109677,4.0
Crystal Palace & Upper Norwood Ward,10,8.603518,8.0
Crystal Palace & Upper Norwood Ward,11,8.661786,9.0
Crystal Palace & Upper Norwood Ward,12,8.515365,11.0
Custom House Ward,1,9.242455,14.0
Custom House Ward,2,8.137425,4.0
Custom House Ward,3,8.231451,6.0
Custom House Ward,4,7.2832847,6.0
Custom House Ward,5,7.4689145,2.0
Custom House Ward,6,7.4673667,7.0
Custom House Ward,7,7.5812545,10.0
Custom House Ward,8,7.799917,6.0
Custom House Ward,9,7.841215,5.0
Custom House Ward,10,8.042682,4.0
Custom House Ward,11,8.016683,6.0
Custom House Ward,12,8.004673,3.0
Dalgarno Ward,1,3.645474,3.0
Dalgarno Ward,2,3.0947857,2.0
Dalgarno Ward,3,3.6690516,3.0
Dalgarno Ward,4,3.2981942,6.0
Dalgarno Ward,5,3.4775789,4.0
Dalgarno Ward,6,3.4481936,0.0
Dalgarno Ward,7,3.7311642,1.0
Dalgarno Ward,8,3.8322413,6.0
Dalgarno Ward,9,3.799642,6.0
Dalgarno Ward,10,3.9000368,4.0
Dalgarno Ward,11,3.8796833,8.0
Dalgarno Ward,12,3.6841972,4.0
Dalston Ward,1,10.846889,7.0
Dalston Ward,2,10.3923025,9.0
Dalston Ward,3,10.934568,8.0
Dalston Ward,4,10.819759,11.0
Dalston Ward,5,10.999227,4.0
Dalston Ward,6,10.988719,3.0
Dalston Ward,7,11.523152,3.0
Dalston Ward,8,11.349149,6.0
Dalston Ward,9,11.140767,7.0
Dalston Ward,10,11.268551,14.0
Dalston Ward,11,11.300482,9.0
Dalston Ward,12,10.867726,11.0
Darwin Ward,1,2.590057,1.0
Darwin Ward,2,2.382139,3.0
Darwin Ward,3,2.8504715,1.0
Darwin Ward,4,1.5385833,7.0
Darwin Ward,5,1.5334285,3.0
Darwin Ward,6,1.4795891,4.0
Darwin Ward,7,1.4132398,0.0
Darwin Ward,8,1.5411712,3.0
Darwin Ward,9,1.6716385,0.0
Darwin Ward,10,2.9697258,1.0
Darwin Ward,11,2.994604,1.0
Darwin Ward,12,2.916984,3.0
De Beauvoir Ward,1,7.8375454,5.0
De Beauvoir Ward,2,7.327475,9.0
De Beauvoir Ward,3,7.874209,3.0
De Beauvoir Ward,4,7.6582084,4.0
De Beauvoir Ward,5,7.8616695,11.0
De Beauvoir Ward,6,7.9952607,7.0
De Beauvoir Ward,7,8.157587,2.0
De Beauvoir Ward,8,8.2278185,5.0
De Beauvoir Ward,9,8.206621,5.0
De Beauvoir Ward,10,8.2340555,11.0
De Beauvoir Ward,11,8.195441,4.0
De Beauvoir Ward,12,8.06358,4.0
Deptford Ward,1,14.711884,23.0
Deptford Ward,2,13.892214,17.0
Deptford Ward,3,14.265172,6.0
Deptford Ward,4,14.09604,9.0
Deptford Ward,5,14.290034,9.0
Deptford Ward,6,14.312354,27.0
Deptford Ward,7,14.551164,21.0
Deptford Ward,8,14.59448,19.0
Deptford Ward,9,14.553237,10.0
Deptford Ward,10,14.744658,6.0
Deptford Ward,11,14.772306,7.0
Deptford Ward,12,15.086686,9.0
Dollis Hill Ward,1,13.064022,14.0
Dollis Hill Ward,2,12.483686,19.0
Dollis Hill Ward,3,12.872597,8.0
Dollis Hill Ward,4,11.659632,15.0
Dollis Hill Ward,5,11.779716,14.0
Dollis Hill Ward,6,11.705556,14.0
Dollis Hill Ward,7,11.8337145,17.0
Dollis Hill Ward,8,12.043614,9.0
Dollis Hill Ward,9,12.125134,9.0
Dollis Hill Ward,10,13.075304,3.0
Dollis Hill Ward,11,13.156544,12.0
Dollis Hill Ward,12,12.9673195,15.0
Dormers Wells Ward,1,5.715835,7.0
Dormers Wells Ward,2,5.2451873,3.0
Dormers Wells Ward,3,5.543521,4.0
Dormers Wells Ward,4,4.369155,6.0
Dormers Wells Ward,5,4.4866533,4.0
Dormers Wells Ward,6,4.4315996,4.0
Dormers Wells Ward,7,4.4700117,5.0
Dormers Wells Ward,8,4.699844,6.0
Dormers Wells Ward,9,4.786871,5.0
Dormers Wells Ward,10,5.3429465,8.0
Dormers Wells Ward,11,5.480876,5.0
Dormers Wells Ward,12,5.3463426,4.0
Dowgate Ward,1,0.7207482,0.0
Dowgate Ward,2,0.4267044,2.0
Dowgate Ward,3,0.7813164,2.0
Dowgate Ward,4,0.5682925,1.0
Dowgate Ward,5,0.6792917,0.0
Dowgate Ward,6,0.70466757,0.0
Dowgate Ward,7,0.79432285,0.0
Dowgate Ward,8,0.77793384,0.0
Dowgate Ward,9,0.7950028,1.0
Dowgate Ward,10,0.7709985,0.0
Dowgate Ward,11,0.7374556,1.0
Dowgate Ward,12,0.6509572,0.0
Downham Ward,1,8.939729,8.0
Downham Ward,2,8.128575,3.0
Downham Ward,3,8.509302,7.0
Downham Ward,4,7.8426094,4.0
Downham Ward,5,7.9212213,5.0
Downham Ward,6,7.8939757,9.0
Downham Ward,7,8.026225,7.0
Downham Ward,8,8.153405,6.0
Downham Ward,9,8.079099,5.0
Downham Ward,10,8.301229,8.0
Downham Ward,11,8.234276,8.0
Downham Ward,12,8.133496,9.0
Dulwich Hill Ward,1,5.1039014,2.0
Dulwich Hill Ward,2,5.0116405,1.0
Dulwich Hill Ward,3,5.5403624,2.0
Dulwich Hill Ward,4,5.216901,3.0
Dulwich Hill Ward,5,5.31727,1.0
Dulwich Hill Ward,6,5.3466964,5.0
Dulwich Hill Ward,7,5.473521,3.0
Dulwich Hill Ward,8,5.553646,1.0
Dulwich Hill Ward,9,5.5721807,4.0
Dulwich Hill Ward,10,5.640519,4.0
Dulwich Hill Ward,11,5.6227994,1.0
Dulwich Hill Ward,12,5.5445814,0.0
Dulwich Village Ward,1,7.091964,8.0
Dulwich Village Ward,2,6.5269136,5.0
Dulwich Village Ward,3,6.891473,8.0
Dulwich Village Ward,4,6.1768847,1.0
Dulwich Village Ward,5,6.2673745,2.0
Dulwich Village Ward,6,6.0989704,4.0
Dulwich Village Ward,7,6.073999,6.0
Dulwich Village Ward,8,6.127068,4.0
Dulwich Village Ward,9,6.122806,6.0
Dulwich Village Ward,10,7.047713,6.0
Dulwich Village Ward,11,7.0265346,3.0
Dulwich Village Ward,12,6.9719596,2.0
Dulwich Wood Ward,1,7.4116516,8.0
Dulwich Wood Ward,2,7.1332965,7.0
Dulwich Wood Ward,3,7.4400887,10.0
Dulwich Wood Ward,4,6.66954,2.0
Dulwich Wood Ward,5,6.7542753,5.0
Dulwich Wood Ward,6,6.7570243,9.0
Dulwich Wood Ward,7,6.8112416,4.0
Dulwich Wood Ward,8,6.9691653,5.0
Dulwich Wood Ward,9,7.0819864,7.0
Dulwich Wood Ward,10,7.5686693,6.0
Dulwich Wood Ward,11,7.6280885,11.0
Dulwich Wood Ward,12,7.481571,10.0
Ealing Broadway Ward,1,7.3971977,20.0
Ealing Broadway Ward,2,7.0232873,7.0
Ealing Broadway Ward,3,7.4419837,8.0
Ealing Broadway Ward,4,6.6118445,6.0
Ealing Broadway Ward,5,6.68018,6.0
Ealing Broadway Ward,6,6.6864944,6.0
Ealing Broadway Ward,7,6.757145,9.0
Ealing Broadway Ward,8,6.856829,4.0
Ealing Broadway Ward,9,6.950897,5.0
Ealing Broadway Ward,10,7.708699,17.0
Ealing Broadway Ward,11,7.7881885,16.0
Ealing Broadway Ward,12,7.696969,12.0
Ealing Common Ward,1,8.408844,9.0
Ealing Common Ward,2,8.26256,10.0
Ealing Common Ward,3,8.697702,5.0
Ealing Common Ward,4,8.039395,9.0
Ealing Common Ward,5,8.201571,2.0
Ealing Common Ward,6,8.229452,4.0
Ealing Common Ward,7,8.347776,7.0
Ealing Common Ward,8,8.476164,2.0
Ealing Common Ward,9,8.509088,6.0
Ealing Common Ward,10,9.219258,8.0
Ealing Common Ward,11,9.227738,10.0
Ealing Common Ward,12,9.061165,5.0
Earl's Court Ward,1,6.947899,7.0
Earl's Court Ward,2,6.407634,9.0
Earl's Court Ward,3,7.0070176,7.0
Earl's Court Ward,4,6.5377703,2.0
Earl's Court Ward,5,6.689326,8.0
Earl's Court Ward,6,6.700546,20.0
Earl's Court Ward,7,6.831715,7.0
Earl's Court Ward,8,7.0551457,6.0
Earl's Court Ward,9,7.060754,12.0
Earl's Court Ward,10,7.167008,11.0
Earl's Court Ward,11,7.0245323,7.0
Earl's Court Ward,12,7.043709,15.0
East Acton Ward,1,9.4752865,17.0
East Acton Ward,2,8.842132,13.0
East Acton Ward,3,9.342203,3.0
East Acton Ward,4,8.595447,3.0
East Acton Ward,5,8.75849,11.0
East Acton Ward,6,8.7897835,3.0
East Acton Ward,7,8.913125,2.0
East Acton Ward,8,9.085032,4.0
East Acton Ward,9,9.115208,8.0
East Acton Ward,10,9.712501,5.0
East Acton Ward,11,9.685454,10.0
East Acton Ward,12,9.519852,7.0
East Barnet Ward,1,7.725614,5.0
East Barnet Ward,2,7.454506,9.0
East Barnet Ward,3,7.7101717,7.0
East Barnet Ward,4,6.2869296,6.0
East Barnet Ward,5,6.3438215,7.0
East Barnet Ward,6,6.3290973,2.0
East Barnet Ward,7,6.345369,2.0
East Barnet Ward,8,6.525937,2.0
East Barnet Ward,9,6.813708,6.0
East Barnet Ward,10,8.527323,12.0
East Barnet Ward,11,8.442199,3.0
East Barnet Ward,12,8.293803,5.0
East Finchley Ward,1,6.8980913,7.0
East Finchley Ward,2,6.4798098,6.0
East Finchley Ward,3,6.876556,15.0
East Finchley Ward,4,5.9223065,10.0
East Finchley Ward,5,5.97877,4.0
East Finchley Ward,6,5.972807,5.0
East Finchley Ward,7,6.033286,6.0
East Finchley Ward,8,6.184796,6.0
East Finchley Ward,9,6.292941,5.0
East Finchley Ward,10,7.2748804,5.0
East Finchley Ward,11,7.373428,5.0
East Finchley Ward,12,7.2566895,11.0
East Greenwich Ward,1,8.239403,15.0
East Greenwich Ward,2,8.168124,17.0
East Greenwich Ward,3,8.59799,14.0
East Greenwich Ward,4,8.778449,10.0
East Greenwich Ward,5,8.9895315,3.0
East Greenwich Ward,6,8.996858,3.0
East Greenwich Ward,7,9.111728,5.0
East Greenwich Ward,8,9.079606,5.0
East Greenwich Ward,9,9.059049,5.0
East Greenwich Ward,10,8.690994,3.0
East Greenwich Ward,11,8.605317,8.0
East Greenwich Ward,12,8.468711,7.0
East Ham South Ward,1,6.803664,6.0
East Ham South Ward,2,6.189659,5.0
East Ham South Ward,3,6.4841676,3.0
East Ham South Ward,4,5.8554068,8.0
East Ham South Ward,5,5.9785438,3.0
East Ham South Ward,6,6.0089774,6.0
East Ham South Ward,7,6.130804,3.0
East Ham South Ward,8,6.2207036,8.0
East Ham South Ward,9,6.2113338,3.0
East Ham South Ward,10,6.7526646,8.0
East Ham South Ward,11,6.9293237,6.0
East Ham South Ward,12,6.9320917,7.0
East Ham Ward,1,6.845757,12.0
East Ham Ward,2,6.619945,12.0
East Ham Ward,3,7.163133,6.0
East Ham Ward,4,6.7411785,8.0
East Ham Ward,5,6.7968864,18.0
East Ham Ward,6,6.7766175,17.0
East Ham Ward,7,7.0910983,13.0
East Ham Ward,8,7.4248385,17.0
East Ham Ward,9,7.4371886,9.0
East Ham Ward,10,7.5848284,8.0
East Ham Ward,11,7.6380463,12.0
East Ham Ward,12,7.5560517,8.0
East Putney Ward,1,7.407098,7.0
East Putney Ward,2,7.0025144,4.0
East Putney Ward,3,7.4799137,7.0
East Putney Ward,4,6.7358246,2.0
East Putney Ward,5,6.846823,9.0
East Putney Ward,6,6.851166,2.0
East Putney Ward,7,6.9897532,7.0
East Putney Ward,8,7.0522695,8.0
East Putney Ward,9,7.086389,5.0
East Putney Ward,10,7.788687,2.0
East Putney Ward,11,7.8128896,8.0
East Putney Ward,12,7.750515,9.0
East Sheen Ward,1,6.3921638,4.0
East Sheen Ward,2,6.5760903,7.0
East Sheen Ward,3,6.948587,3.0
East Sheen Ward,4,6.1594067,3.0
East Sheen Ward,5,6.308834,12.0
East Sheen Ward,6,6.259281,0.0
East Sheen Ward,7,6.2886696,1.0
East Sheen Ward,8,6.7915874,9.0
East Sheen Ward,9,6.792859,11.0
East Sheen Ward,10,7.181601,2.0
East Sheen Ward,11,7.2754736,2.0
East Sheen Ward,12,7.4445524,11.0
East Wickham Ward,1,4.2736616,7.0
East Wickham Ward,2,3.9252944,1.0
East Wickham Ward,3,4.2804575,10.0
East Wickham Ward,4,2.8793762,5.0
East Wickham Ward,5,2.9299293,3.0
East Wickham Ward,6,2.8797982,2.0
East Wickham Ward,7,2.9049325,4.0
East Wickham Ward,8,3.0760927,1.0
East Wickham Ward,9,3.2208836,0.0
East Wickham Ward,10,4.505419,3.0
East Wickham Ward,11,4.790326,6.0
East Wickham Ward,12,4.6856165,4.0
Eastbrook & Rush Green Ward,1,3.1258311,6.0
Eastbrook & Rush Green Ward,2,2.8334417,0.0
Eastbrook & Rush Green Ward,3,3.1444514,1.0
Eastbrook & Rush Green Ward,4,2.3732567,1.0
Eastbrook & Rush Green Ward,5,2.5013802,0.0
Eastbrook & Rush Green Ward,6,2.4594603,0.0
Eastbrook & Rush Green Ward,7,2.491361,0.0
Eastbrook & Rush Green Ward,8,2.5604463,1.0
Eastbrook & Rush Green Ward,9,2.629813,7.0
Eastbrook & Rush Green Ward,10,3.329255,1.0
Eastbrook & Rush Green Ward,11,3.4007037,3.0
Eastbrook & Rush Green Ward,12,3.277496,5.0
Eastbury Ward,1,7.3996787,6.0
Eastbury Ward,2,6.7753468,3.0
Eastbury Ward,3,7.065416,7.0
Eastbury Ward,4,5.8183393,2.0
Eastbury Ward,5,5.9581685,4.0
Eastbury Ward,6,5.920091,14.0
Eastbury Ward,7,5.9774737,2.0
Eastbury Ward,8,6.157776,3.0
Eastbury Ward,9,6.2133465,2.0
Eastbury Ward,10,6.74152,13.0
Eastbury Ward,11,7.0550685,4.0
Eastbury Ward,12,6.99127,17.0
Eastcote Ward,1,6.4069185,4.0
Eastcote Ward,2,5.8962326,5.0
Eastcote Ward,3,6.2654223,5.0
Eastcote Ward,4,4.93586,3.0
Eastcote Ward,5,4.988467,3.0
Eastcote Ward,6,4.9700236,2.0
Eastcote Ward,7,5.000371,8.0
Eastcote Ward,8,5.11233,5.0
Eastcote Ward,9,5.3251343,3.0
Eastcote Ward,10,6.7703576,6.0
Eastcote Ward,11,6.88864,4.0
Eastcote Ward,12,6.8624783,4.0
Edgware Ward,1,37.468906,42.0
Edgware Ward,2,36.812828,46.0
Edgware Ward,3,37.548447,46.0
Edgware Ward,4,31.531206,34.0
Edgware Ward,5,28.933392,16.0
Edgware Ward,6,30.463327,20.0
Edgware Ward,7,31.428751,26.0
Edgware Ward,8,33.85253,10.0
Edgware Ward,9,34.14743,32.0
Edgware Ward,10,38.719414,22.0
Edgware Ward,11,42.159645,36.0
Edgware Ward,12,38.941288,44.0
Edgwarebury Ward,1,4.9619718,5.0
Edgwarebury Ward,2,4.707731,3.0
Edgwarebury Ward,3,5.0779014,1.0
Edgwarebury Ward,4,3.8952827,8.0
Edgwarebury Ward,5,3.9666564,2.0
Edgwarebury Ward,6,3.9921424,5.0
Edgwarebury Ward,7,4.03353,2.0
Edgwarebury Ward,8,4.2496853,4.0
Edgwarebury Ward,9,4.3776636,6.0
Edgwarebury Ward,10,5.381206,6.0
Edgwarebury Ward,11,5.6763835,6.0
Edgwarebury Ward,12,5.5929537,8.0
Edmonton Green Ward,1,11.843797,15.0
Edmonton Green Ward,2,11.224143,11.0
Edmonton Green Ward,3,11.489015,10.0
Edmonton Green Ward,4,9.991718,15.0
Edmonton Green Ward,5,10.21687,15.0
Edmonton Green Ward,6,10.286933,4.0
Edmonton Green Ward,7,10.574779,11.0
Edmonton Green Ward,8,11.103123,9.0
Edmonton Green Ward,9,11.334324,15.0
Edmonton Green Ward,10,12.08387,19.0
Edmonton Green Ward,11,12.225497,11.0
Edmonton Green Ward,12,12.296012,6.0
Elm Park Ward,1,5.3741302,4.0
Elm Park Ward,2,5.1523237,4.0
Elm Park Ward,3,5.6449027,5.0
Elm Park Ward,4,4.1336718,2.0
Elm Park Ward,5,4.2249475,3.0
Elm Park Ward,6,4.18731,6.0
Elm Park Ward,7,4.1860843,4.0
Elm Park Ward,8,4.359622,6.0
Elm Park Ward,9,4.4730587,3.0
Elm Park Ward,10,5.793661,3.0
Elm Park Ward,11,6.0311475,5.0
Elm Park Ward,12,5.8735156,3.0
Eltham Page Ward,1,4.439523,4.0
Eltham Page Ward,2,3.7293365,5.0
Eltham Page Ward,3,3.9553778,3.0
Eltham Page Ward,4,3.2520556,4.0
Eltham Page Ward,5,3.38069,5.0
Eltham Page Ward,6,3.3681636,4.0
Eltham Page Ward,7,3.4370117,1.0
Eltham Page Ward,8,3.538671,3.0
Eltham Page Ward,9,3.6215286,2.0
Eltham Page Ward,10,4.1169777,7.0
Eltham Page Ward,11,4.2129374,11.0
Eltham Page Ward,12,4.080712,4.0
Eltham Park & Progress Ward,1,3.654643,5.0
Eltham Park & Progress Ward,2,3.3237321,0.0
Eltham Park & Progress Ward,3,3.6314309,7.0
Eltham Park & Progress Ward,4,2.4895625,3.0
Eltham Park & Progress Ward,5,2.55218,3.0
Eltham Park & Progress Ward,6,2.5301542,2.0
Eltham Park & Progress Ward,7,2.5554557,2.0
Eltham Park & Progress Ward,8,2.7009416,2.0
Eltham Park & Progress Ward,9,2.8087826,1.0
Eltham Park & Progress Ward,10,3.811655,1.0
Eltham Park & Progress Ward,11,3.9219775,7.0
Eltham Park & Progress Ward,12,3.8242419,4.0
Eltham Town & Avery Hill Ward,1,6.6453424,12.0
Eltham Town & Avery Hill Ward,2,6.561282,5.0
Eltham Town & Avery Hill Ward,3,6.686105,4.0
Eltham Town & Avery Hill Ward,4,5.7339153,4.0
Eltham Town & Avery Hill Ward,5,5.813301,2.0
Eltham Town & Avery Hill Ward,6,5.7363663,5.0
Eltham Town & Avery Hill Ward,7,5.723475,7.0
Eltham Town & Avery Hill Ward,8,5.882356,2.0
Eltham Town & Avery Hill Ward,9,5.9901967,3.0
Eltham Town & Avery Hill Ward,10,6.7070932,8.0
Eltham Town & Avery Hill Ward,11,6.819447,16.0
Eltham Town & Avery Hill Ward,12,6.557024,10.0
Emerson Park Ward,1,2.4909732,2.0
Emerson Park Ward,2,2.3152187,5.0
Emerson Park Ward,3,2.6027632,4.0
Emerson Park Ward,4,1.4985075,2.0
Emerson Park Ward,5,1.5891914,1.0
Emerson Park Ward,6,1.570748,1.0
Emerson Park Ward,7,1.561906,1.0
Emerson Park Ward,8,1.6437619,0.0
Emerson Park Ward,9,1.784352,4.0
Emerson Park Ward,10,2.3905642,4.0
Emerson Park Ward,11,2.5007138,1.0
Emerson Park Ward,12,2.5024743,8.0
Endlebury Ward,1,3.894672,8.0
Endlebury Ward,2,3.8733127,3.0
Endlebury Ward,3,4.191134,6.0
Endlebury Ward,4,3.1667688,4.0
Endlebury Ward,5,3.2405965,0.0
Endlebury Ward,6,3.2396972,3.0
Endlebury Ward,7,3.2580016,4.0
Endlebury Ward,8,3.3574777,0.0
Endlebury Ward,9,3.465319,3.0
Endlebury Ward,10,4.2454762,4.0
Endlebury Ward,11,4.4432764,0.0
Endlebury Ward,12,4.314315,5.0
Enfield Lock Ward,1,9.727549,6.0
Enfield Lock Ward,2,9.213792,4.0
Enfield Lock Ward,3,9.62709,11.0
Enfield Lock Ward,4,8.151915,11.0
Enfield Lock Ward,5,8.225355,5.0
Enfield Lock Ward,6,8.187262,5.0
Enfield Lock Ward,7,8.206467,6.0
Enfield Lock Ward,8,8.33341,9.0
Enfield Lock Ward,9,8.410564,3.0
Enfield Lock Ward,10,9.446107,6.0
Enfield Lock Ward,11,9.560786,6.0
Enfield Lock Ward,12,9.380725,8.0
Erith Ward,1,5.590065,8.0
Erith Ward,2,5.3552957,4.0
Erith Ward,3,5.768726,7.0
Erith Ward,4,4.8135824,5.0
Erith Ward,5,4.9865503,5.0
Erith Ward,6,4.976949,2.0
Erith Ward,7,5.0493426,3.0
Erith Ward,8,5.1590667,4.0
Erith Ward,9,5.281442,4.0
Erith Ward,10,6.1568685,7.0
Erith Ward,11,6.3909345,5.0
Erith Ward,12,6.215269,2.0
Evelyn Ward,1,7.620675,5.0
Evelyn Ward,2,7.410472,3.0
Evelyn Ward,3,7.797724,5.0
Evelyn Ward,4,7.1231637,3.0
Evelyn Ward,5,7.2434916,8.0
Evelyn Ward,6,7.16977,7.0
Evelyn Ward,7,7.233895,9.0
Evelyn Ward,8,7.3718987,8.0
Evelyn Ward,9,7.421181,9.0
Evelyn Ward,10,7.8176475,3.0
Evelyn Ward,11,7.7428055,14.0
Evelyn Ward,12,7.6170535,7.0
Fairfield Ward,1,16.319191,8.0
Fairfield Ward,2,15.448279,13.0
Fairfield Ward,3,15.9411,11.0
Fairfield Ward,4,15.882316,17.0
Fairfield Ward,5,16.407791,18.0
Fairfield Ward,6,16.443176,19.0
Fairfield Ward,7,16.709076,15.0
Fairfield Ward,8,16.767365,26.0
Fairfield Ward,9,16.758564,21.0
Fairfield Ward,10,16.992582,17.0
Fairfield Ward,11,16.92236,14.0
Fairfield Ward,12,16.82291,22.0
Fairlop Ward,1,5.2731514,8.0
Fairlop Ward,2,4.979282,3.0
Fairlop Ward,3,5.18788,6.0
Fairlop Ward,4,3.7967556,5.0
Fairlop Ward,5,3.8931043,1.0
Fairlop Ward,6,3.8692846,4.0
Fairlop Ward,7,3.898121,4.0
Fairlop Ward,8,4.073959,4.0
Fairlop Ward,9,4.205679,4.0
Fairlop Ward,10,5.528736,2.0
Fairlop Ward,11,5.775553,4.0
Fairlop Ward,12,5.6708436,4.0
Falconbrook Ward,1,5.7964664,14.0
Falconbrook Ward,2,5.1481347,12.0
Falconbrook Ward,3,5.629599,6.0
Falconbrook Ward,4,5.223676,7.0
Falconbrook Ward,5,5.3912354,9.0
Falconbrook Ward,6,5.4101534,7.0
Falconbrook Ward,7,5.5140476,5.0
Falconbrook Ward,8,5.5929685,7.0
Falconbrook Ward,9,5.6231446,8.0
Falconbrook Ward,10,5.804098,10.0
Falconbrook Ward,11,5.7753553,5.0
Falconbrook Ward,12,5.602721,1.0
Falconwood & Welling Ward,1,4.1858006,6.0
Falconwood & Welling Ward,2,3.9349952,15.0
Falconwood & Welling Ward,3,4.225368,0.0
Falconwood & Welling Ward,4,2.967056,4.0
Falconwood & Welling Ward,5,3.0190926,4.0
Falconwood & Welling Ward,6,3.005158,5.0
Falconwood & Welling Ward,7,3.0333374,2.0
Falconwood & Welling Ward,8,3.1596978,1.0
Falconwood & Welling Ward,9,3.273614,1.0
Falconwood & Welling Ward,10,4.756079,3.0
Falconwood & Welling Ward,11,4.9937553,9.0
Falconwood & Welling Ward,12,4.9136753,5.0
Faraday Ward,1,9.323368,4.0
Faraday Ward,2,8.420996,5.0
Faraday Ward,3,8.905142,3.0
Faraday Ward,4,8.661805,10.0
Faraday Ward,5,8.846881,12.0
Faraday Ward,6,8.926964,8.0
Faraday Ward,7,9.461013,12.0
Faraday Ward,8,9.621696,6.0
Faraday Ward,9,9.473463,16.0
Faraday Ward,10,9.59855,14.0
Faraday Ward,11,9.476378,7.0
Faraday Ward,12,9.319821,19.0
Farnborough & Crofton Ward,1,3.8030372,5.0
Farnborough & Crofton Ward,2,3.6633692,6.0
Farnborough & Crofton Ward,3,3.9816177,6.0
Farnborough & Crofton Ward,4,2.8561554,3.0
Farnborough & Crofton Ward,5,2.8999195,0.0
Farnborough & Crofton Ward,6,2.8814747,4.0
Farnborough & Crofton Ward,7,2.9118228,2.0
Farnborough & Crofton Ward,8,3.0066156,9.0
Farnborough & Crofton Ward,9,3.1805081,3.0
Farnborough & Crofton Ward,10,4.1052117,2.0
Farnborough & Crofton Ward,11,4.25636,11.0
Farnborough & Crofton Ward,12,4.338354,5.0
Farringdon Within Ward,1,2.2846146,5.0
Farringdon Within Ward,2,1.7649038,7.0
Farringdon Within Ward,3,2.338214,2.0
Farringdon Within Ward,4,1.8955237,1.0
Farringdon Within Ward,5,2.3233728,4.0
Farringdon Within Ward,6,2.0972354,3.0
Farringdon Within Ward,7,2.1749365,5.0
Farringdon Within Ward,8,2.238277,3.0
Farringdon Within Ward,9,2.2070897,5.0
Farringdon Within Ward,10,2.1900659,4.0
Farringdon Within Ward,11,2.0774016,2.0
Farringdon Within Ward,12,1.9257119,2.0
Farringdon Without Ward,1,2.1250699,0.0
Farringdon Without Ward,2,1.8157583,2.0
Farringdon Without Ward,3,2.7149851,3.0
Farringdon Without Ward,4,2.193143,7.0
Farringdon Without Ward,5,2.5662,2.0
Farringdon Without Ward,6,2.2155702,3.0
Farringdon Without Ward,7,2.3305023,2.0
Farringdon Without Ward,8,2.5775254,3.0
Farringdon Without Ward,9,2.5626292,2.0
Farringdon Without Ward,10,2.543494,5.0
Farringdon Without Ward,11,2.3664374,3.0
Farringdon Without Ward,12,2.2016816,3.0
Feltham North Ward,1,4.7843614,6.0
Feltham North Ward,2,4.7070246,14.0
Feltham North Ward,3,5.0964456,5.0
Feltham North Ward,4,4.2041054,3.0
Feltham North Ward,5,4.2707324,6.0
Feltham North Ward,6,4.159148,7.0
Feltham North Ward,7,4.157584,2.0
Feltham North Ward,8,4.274337,3.0
Feltham North Ward,9,4.355857,3.0
Feltham North Ward,10,4.9979563,5.0
Feltham North Ward,11,5.155785,11.0
Feltham North Ward,12,5.066167,7.0
Feltham West Ward,1,5.608937,6.0
Feltham West Ward,2,5.348637,5.0
Feltham West Ward,3,5.7288446,8.0
Feltham West Ward,4,4.483607,9.0
Feltham West Ward,5,4.5516596,5.0
Feltham West Ward,6,4.563788,7.0
Feltham West Ward,7,4.5533643,9.0
Feltham West Ward,8,4.677638,5.0
Feltham West Ward,9,4.7854786,5.0
Feltham West Ward,10,5.898895,9.0
Feltham West Ward,11,6.14873,8.0
Feltham West Ward,12,5.9669905,7.0
Figge's Marsh Ward,1,4.282457,5.0
Figge's Marsh Ward,2,3.9753869,1.0
Figge's Marsh Ward,3,4.3712063,4.0
Figge's Marsh Ward,4,3.5706027,5.0
Figge's Marsh Ward,5,3.686256,1.0
Figge's Marsh Ward,6,3.6866448,6.0
Figge's Marsh Ward,7,3.7254844,8.0
Figge's Marsh Ward,8,3.8922434,3.0
Figge's Marsh Ward,9,3.974478,4.0
Figge's Marsh Ward,10,4.3762956,2.0
Figge's Marsh Ward,11,4.5002546,5.0
Figge's Marsh Ward,12,4.3487678,3.0
Finchley Church End Ward,1,13.231688,8.0
Finchley Church End Ward,2,12.641343,14.0
Finchley Church End Ward,3,12.90748,9.0
Finchley Church End Ward,4,11.517963,13.0
Finchley Church End Ward,5,11.625226,6.0
Finchley Church End Ward,6,11.610501,11.0
Finchley Church End Ward,7,11.746377,8.0
Finchley Church End Ward,8,11.947513,11.0
Finchley Church End Ward,9,11.995704,7.0
Finchley Church End Ward,10,13.168087,7.0
Finchley Church End Ward,11,13.266621,21.0
Finchley Church End Ward,12,13.195535,19.0
Finsbury Park Ward,1,12.529946,9.0
Finsbury Park Ward,2,11.168428,7.0
Finsbury Park Ward,3,11.597857,14.0
Finsbury Park Ward,4,11.417328,18.0
Finsbury Park Ward,5,11.637656,7.0
Finsbury Park Ward,6,11.685194,13.0
Finsbury Park Ward,7,11.998907,18.0
Finsbury Park Ward,8,12.034241,22.0
Finsbury Park Ward,9,11.922691,5.0
Finsbury Park Ward,10,11.91604,14.0
Finsbury Park Ward,11,11.790996,10.0
Finsbury Park Ward,12,11.759071,17.0
Forest Gate North Ward,1,4.0182767,3.0
Forest Gate North Ward,2,4.0471516,7.0
Forest Gate North Ward,3,4.452773,3.0
Forest Gate North Ward,4,3.600638,2.0
Forest Gate North Ward,5,3.6896718,3.0
Forest Gate North Ward,6,3.70847,4.0
Forest Gate North Ward,7,3.7538471,6.0
Forest Gate North Ward,8,3.8332481,4.0
Forest Gate North Ward,9,3.9154828,4.0
Forest Gate North Ward,10,4.3483915,5.0
Forest Gate North Ward,11,4.4082203,5.0
Forest Gate North Ward,12,4.2795444,4.0
Forest Gate South Ward,1,8.907372,9.0
Forest Gate South Ward,2,8.1614485,7.0
Forest Gate South Ward,3,8.503377,5.0
Forest Gate South Ward,4,8.289595,6.0
Forest Gate South Ward,5,8.486644,11.0
Forest Gate South Ward,6,8.552455,4.0
Forest Gate South Ward,7,9.008103,7.0
Forest Gate South Ward,8,9.182763,14.0
Forest Gate South Ward,9,9.185067,10.0
Forest Gate South Ward,10,9.242206,9.0
Forest Gate South Ward,11,9.173841,5.0
Forest Gate South Ward,12,9.073427,3.0
Forest Hill Ward,1,9.343923,5.0
Forest Hill Ward,2,8.894511,6.0
Forest Hill Ward,3,9.286682,10.0
Forest Hill Ward,4,8.563999,5.0
Forest Hill Ward,5,8.724786,4.0
Forest Hill Ward,6,8.770879,2.0
Forest Hill Ward,7,8.873768,4.0
Forest Hill Ward,8,9.015699,4.0
Forest Hill Ward,9,9.048622,9.0
Forest Hill Ward,10,9.567967,8.0
Forest Hill Ward,11,9.595919,8.0
Forest Hill Ward,12,9.460801,4.0
Forest Ward,1,7.2342405,5.0
Forest Ward,2,6.775961,3.0
Forest Ward,3,7.3271465,13.0
Forest Ward,4,6.6866384,3.0
Forest Ward,5,6.8133492,11.0
Forest Ward,6,6.8373346,2.0
Forest Ward,7,6.938613,3.0
Forest Ward,8,7.04776,11.0
Forest Ward,9,7.0779366,2.0
Forest Ward,10,7.5555935,7.0
Forest Ward,11,7.5466905,3.0
Forest Ward,12,7.427582,4.0
Fortis Green Ward,1,6.7972555,11.0
Fortis Green Ward,2,6.418446,4.0
Fortis Green Ward,3,6.8711014,7.0
Fortis Green Ward,4,5.9067082,5.0
Fortis Green Ward,5,5.9833117,10.0
Fortis Green Ward,6,5.974858,6.0
Fortis Green Ward,7,6.0573363,5.0
Fortis Green Ward,8,6.219357,6.0
Fortis Green Ward,9,6.3112063,9.0
Fortis Green Ward,10,7.0937676,7.0
Fortis Green Ward,11,7.19425,11.0
Fortis Green Ward,12,7.128321,7.0
Fortune Green Ward,1,7.2723055,14.0
Fortune Green Ward,2,6.9769435,2.0
Fortune Green Ward,3,7.3595357,7.0
Fortune Green Ward,4,6.434409,8.0
Fortune Green Ward,5,6.558658,7.0
Fortune Green Ward,6,6.5823827,9.0
Fortune Green Ward,7,6.639817,13.0
Fortune Green Ward,8,6.820397,6.0
Fortune Green Ward,9,6.8969073,6.0
Fortune Green Ward,10,7.63603,5.0
Fortune Green Ward,11,7.725195,4.0
Fortune Green Ward,12,7.54313,11.0
Friern Barnet Ward,1,9.713025,16.0
Friern Barnet Ward,2,9.242686,5.0
Friern Barnet Ward,3,9.599442,10.0
Friern Barnet Ward,4,8.084915,9.0
Friern Barnet Ward,5,8.115865,13.0
Friern Barnet Ward,6,8.110134,7.0
Friern Barnet Ward,7,8.213103,14.0
Friern Barnet Ward,8,8.553328,11.0
Friern Barnet Ward,9,8.734892,5.0
Friern Barnet Ward,10,9.962887,16.0
Friern Barnet Ward,11,10.159653,6.0
Friern Barnet Ward,12,9.925861,9.0
Frognal Ward,1,4.85077,8.0
Frognal Ward,2,4.503161,7.0
Frognal Ward,3,4.8756695,9.0
Frognal Ward,4,4.1445503,2.0
Frognal Ward,5,4.111397,1.0
Frognal Ward,6,4.092953,6.0
Frognal Ward,7,4.16897,6.0
Frognal Ward,8,4.3461747,4.0
Frognal Ward,9,4.433752,8.0
Frognal Ward,10,5.012431,8.0
Frognal Ward,11,5.2335153,17.0
Frognal Ward,12,5.246856,7.0
Fulham Reach Ward,1,5.808636,6.0
Fulham Reach Ward,2,5.6666136,10.0
Fulham Reach Ward,3,6.0787153,6.0
Fulham Reach Ward,4,5.512482,6.0
Fulham Reach Ward,5,5.6037436,9.0
Fulham Reach Ward,6,5.616792,4.0
Fulham Reach Ward,7,5.6637006,2.0
Fulham Reach Ward,8,5.701643,5.0
Fulham Reach Ward,9,5.785909,6.0
Fulham Reach Ward,10,6.053098,12.0
Fulham Reach Ward,11,6.107046,8.0
Fulham Reach Ward,12,6.0012608,1.0
Fulham Town Ward,1,6.5884957,7.0
Fulham Town Ward,2,6.1101565,5.0
Fulham Town Ward,3,6.7042866,6.0
Fulham Town Ward,4,6.239488,7.0
Fulham Town Ward,5,6.365145,1.0
Fulham Town Ward,6,6.335878,4.0
Fulham Town Ward,7,6.485844,12.0
Fulham Town Ward,8,6.492671,8.0
Fulham Town Ward,9,6.507767,4.0
Fulham Town Ward,10,6.745929,6.0
Fulham Town Ward,11,6.7119546,6.0
Fulham Town Ward,12,6.595159,4.0
Fullwell Ward,1,6.5889473,9.0
Fullwell Ward,2,6.241274,4.0
Fullwell Ward,3,6.477372,8.0
Fullwell Ward,4,5.1154304,3.0
Fullwell Ward,5,5.17961,1.0
Fullwell Ward,6,5.1648855,7.0
Fullwell Ward,7,5.1882286,2.0
Fullwell Ward,8,5.383588,7.0
Fullwell Ward,9,5.515308,5.0
Fullwell Ward,10,6.964714,4.0
Fullwell Ward,11,7.122814,2.0
Fullwell Ward,12,6.9727397,4.0
Fulwell & Hampton Hill Ward,1,4.912268,1.0
Fulwell & Hampton Hill Ward,2,4.547768,10.0
Fulwell & Hampton Hill Ward,3,4.921544,6.0
Fulwell & Hampton Hill Ward,4,4.0294437,4.0
Fulwell & Hampton Hill Ward,5,4.094175,1.0
Fulwell & Hampton Hill Ward,6,4.0757313,7.0
Fulwell & Hampton Hill Ward,7,4.1072974,4.0
Fulwell & Hampton Hill Ward,8,4.259165,3.0
Fulwell & Hampton Hill Ward,9,4.3326025,2.0
Fulwell & Hampton Hill Ward,10,4.8082666,4.0
Fulwell & Hampton Hill Ward,11,4.8962727,4.0
Fulwell & Hampton Hill Ward,12,4.847843,4.0
Furzedown Ward,1,7.0076203,4.0
Furzedown Ward,2,6.867708,9.0
Furzedown Ward,3,7.2787313,6.0
Furzedown Ward,4,6.4036536,4.0
Furzedown Ward,5,6.522971,5.0
Furzedown Ward,6,6.536543,6.0
Furzedown Ward,7,6.6172285,8.0
Furzedown Ward,8,6.7124863,2.0
Furzedown Ward,9,6.754657,6.0
Furzedown Ward,10,7.425683,4.0
Furzedown Ward,11,7.471063,9.0
Furzedown Ward,12,7.3067646,7.0
Garden Suburb Ward,1,8.700664,5.0
Garden Suburb Ward,2,7.704659,9.0
Garden Suburb Ward,3,8.236573,10.0
Garden Suburb Ward,4,7.2032614,10.0
Garden Suburb Ward,5,7.312296,6.0
Garden Suburb Ward,6,7.4444466,7.0
Garden Suburb Ward,7,7.4514103,9.0
Garden Suburb Ward,8,7.517043,15.0
Garden Suburb Ward,9,7.6652894,11.0
Garden Suburb Ward,10,8.692644,9.0
Garden Suburb Ward,11,8.883917,18.0
Garden Suburb Ward,12,8.975495,7.0
Gascoigne Ward,1,5.0359535,5.0
Gascoigne Ward,2,4.6586595,5.0
Gascoigne Ward,3,4.894696,3.0
Gascoigne Ward,4,3.9240081,6.0
Gascoigne Ward,5,4.071701,3.0
Gascoigne Ward,6,4.0894775,7.0
Gascoigne Ward,7,4.1326747,1.0
Gascoigne Ward,8,4.2627506,6.0
Gascoigne Ward,9,4.2722917,2.0
Gascoigne Ward,10,4.641438,2.0
Gascoigne Ward,11,4.682901,1.0
Gascoigne Ward,12,4.6397467,3.0
Gipsy Hill Ward,1,5.968888,2.0
Gipsy Hill Ward,2,5.2388477,1.0
Gipsy Hill Ward,3,5.6356487,5.0
Gipsy Hill Ward,4,5.420788,0.0
Gipsy Hill Ward,5,5.599343,5.0
Gipsy Hill Ward,6,5.6012836,3.0
Gipsy Hill Ward,7,5.7872496,5.0
Gipsy Hill Ward,8,5.829656,1.0
Gipsy Hill Ward,9,5.808731,4.0
Gipsy Hill Ward,10,5.7765617,6.0
Gipsy Hill Ward,11,5.6918507,11.0
Gipsy Hill Ward,12,5.4295626,7.0
Golborne Ward,1,7.0579176,9.0
Golborne Ward,2,6.320226,6.0
Golborne Ward,3,6.9057565,9.0
Golborne Ward,4,6.653243,4.0
Golborne Ward,5,6.852581,7.0
Golborne Ward,6,6.8929467,5.0
Golborne Ward,7,7.289254,11.0
Golborne Ward,8,7.43108,6.0
Golborne Ward,9,7.3898377,8.0
Golborne Ward,10,7.641242,10.0
Golborne Ward,11,7.573689,7.0
Golborne Ward,12,7.4167533,4.0
Golders Green Ward,1,8.393309,9.0
Golders Green Ward,2,7.8809767,1.0
Golders Green Ward,3,8.272534,6.0
Golders Green Ward,4,7.1556883,4.0
Golders Green Ward,5,7.2464685,8.0
Golders Green Ward,6,7.2405057,6.0
Golders Green Ward,7,7.2916064,6.0
Golders Green Ward,8,7.480435,8.0
Golders Green Ward,9,7.58858,5.0
Golders Green Ward,10,8.576591,10.0
Golders Green Ward,11,8.66416,8.0
Golders Green Ward,12,8.610134,4.0
Goodmayes Ward,1,7.4702754,6.0
Goodmayes Ward,2,7.119024,2.0
Goodmayes Ward,3,7.4538274,10.0
Goodmayes Ward,4,6.4820685,10.0
Goodmayes Ward,5,6.591244,11.0
Goodmayes Ward,6,6.548739,8.0
Goodmayes Ward,7,6.5973773,16.0
Goodmayes Ward,8,6.770849,7.0
Goodmayes Ward,9,6.8761683,5.0
Goodmayes Ward,10,7.731413,10.0
Goodmayes Ward,11,7.82458,9.0
Goodmayes Ward,12,7.6546607,8.0
Goose Green Ward,1,7.307674,10.0
Goose Green Ward,2,7.0649796,5.0
Goose Green Ward,3,7.5560036,5.0
Goose Green Ward,4,6.963745,5.0
Goose Green Ward,5,7.0730243,9.0
Goose Green Ward,6,7.068914,5.0
Goose Green Ward,7,7.226758,11.0
Goose Green Ward,8,7.2665615,7.0
Goose Green Ward,9,7.285096,4.0
Goose Green Ward,10,8.03457,2.0
Goose Green Ward,11,8.015175,3.0
Goose Green Ward,12,7.9019237,7.0
Gooshays Ward,1,10.416874,19.0
Gooshays Ward,2,8.965662,5.0
Gooshays Ward,3,9.152743,9.0
Gooshays Ward,4,7.624323,11.0
Gooshays Ward,5,7.625359,10.0
Gooshays Ward,6,7.493743,9.0
Gooshays Ward,7,7.683621,4.0
Gooshays Ward,8,7.8768506,4.0
Gooshays Ward,9,8.039545,10.0
Gooshays Ward,10,8.744035,8.0
Gooshays Ward,11,8.942385,8.0
Gooshays Ward,12,9.122309,7.0
Goresbrook Ward,1,7.515732,5.0
Goresbrook Ward,2,6.763213,6.0
Goresbrook Ward,3,7.020797,5.0
Goresbrook Ward,4,6.026759,1.0
Goresbrook Ward,5,6.109544,6.0
Goresbrook Ward,6,6.0614767,10.0
Goresbrook Ward,7,6.1103034,2.0
Goresbrook Ward,8,6.2770243,2.0
Goresbrook Ward,9,6.3249326,3.0
Goresbrook Ward,10,6.6497273,1.0
Goresbrook Ward,11,6.7901177,5.0
Goresbrook Ward,12,6.715724,4.0
Gospel Oak Ward,1,7.045886,17.0
Gospel Oak Ward,2,6.3042727,6.0
Gospel Oak Ward,3,6.6937776,6.0
Gospel Oak Ward,4,5.7192016,7.0
Gospel Oak Ward,5,5.783484,13.0
Gospel Oak Ward,6,5.7687597,10.0
Gospel Oak Ward,7,5.7387195,8.0
Gospel Oak Ward,8,5.9460616,12.0
Gospel Oak Ward,9,6.053902,10.0
Gospel Oak Ward,10,6.899289,10.0
Gospel Oak Ward,11,6.927768,11.0
Gospel Oak Ward,12,6.7491016,2.0
Grange Park Ward,1,4.354863,5.0
Grange Park Ward,2,4.081901,8.0
Grange Park Ward,3,4.437123,7.0
Grange Park Ward,4,3.5117562,4.0
Grange Park Ward,5,3.639844,6.0
Grange Park Ward,6,3.6213996,1.0
Grange Park Ward,7,3.6514654,7.0
Grange Park Ward,8,3.814572,2.0
Grange Park Ward,9,3.8957644,2.0
Grange Park Ward,10,4.4842415,4.0
Grange Park Ward,11,4.600047,4.0
Grange Park Ward,12,4.5953097,5.0
Graveney Ward,1,5.021711,4.0
Graveney Ward,2,4.572422,3.0
Graveney Ward,3,4.9924607,4.0
Graveney Ward,4,3.9783752,3.0
Graveney Ward,5,4.084843,6.0
Graveney Ward,6,4.1060767,4.0
Graveney Ward,7,4.1477757,1.0
Graveney Ward,8,4.290936,4.0
Graveney Ward,9,4.369475,2.0
Graveney Ward,10,5.114573,3.0
Graveney Ward,11,5.202139,1.0
Graveney Ward,12,5.084296,3.0
Green Lane & St. James Ward,1,2.9680352,2.0
Green Lane & St. James Ward,2,2.7981248,0.0
Green Lane & St. James Ward,3,3.1497083,4.0
Green Lane & St. James Ward,4,2.4139836,1.0
Green Lane & St. James Ward,5,2.4823194,1.0
Green Lane & St. James Ward,6,2.463875,1.0
Green Lane & St. James Ward,7,2.5201735,5.0
Green Lane & St. James Ward,8,2.6807737,2.0
Green Lane & St. James Ward,9,2.7786653,1.0
Green Lane & St. James Ward,10,2.998695,4.0
Green Lane & St. James Ward,11,3.1276705,1.0
Green Lane & St. James Ward,12,3.1136181,6.0
Green Street East Ward,1,5.0980043,0.0
Green Street East Ward,2,4.6832066,6.0
Green Street East Ward,3,5.0578403,11.0
Green Street East Ward,4,3.9979963,11.0
Green Street East Ward,5,4.096117,3.0
Green Street East Ward,6,4.1095138,8.0
Green Street East Ward,7,4.175025,5.0
Green Street East Ward,8,4.3394823,12.0
Green Street East Ward,9,4.4166374,4.0
Green Street East Ward,10,5.144266,8.0
Green Street East Ward,11,5.393741,9.0
Green Street East Ward,12,5.33807,7.0
Green Street West Ward,1,5.1201973,3.0
Green Street West Ward,2,4.63261,9.0
Green Street West Ward,3,4.984182,9.0
Green Street West Ward,4,3.96847,4.0
Green Street West Ward,5,4.06659,5.0
Green Street West Ward,6,4.008612,6.0
Green Street West Ward,7,4.0472846,4.0
Green Street West Ward,8,4.211742,8.0
Green Street West Ward,9,4.288897,3.0
Green Street West Ward,10,4.903168,5.0
Green Street West Ward,11,4.988357,7.0
Green Street West Ward,12,4.9215794,10.0
Greenford Broadway Ward,1,7.0543785,8.0
Greenford Broadway Ward,2,6.6409793,6.0
Greenford Broadway Ward,3,6.9398947,4.0
Greenford Broadway Ward,4,5.810163,6.0
Greenford Broadway Ward,5,5.9187694,1.0
Greenford Broadway Ward,6,5.9084477,5.0
Greenford Broadway Ward,7,6.028335,1.0
Greenford Broadway Ward,8,6.278016,1.0
Greenford Broadway Ward,9,6.4410357,9.0
Greenford Broadway Ward,10,7.459323,5.0
Greenford Broadway Ward,11,7.7031865,6.0
Greenford Broadway Ward,12,7.775381,9.0
Greenhill Ward,1,6.920652,6.0
Greenhill Ward,2,6.5324645,4.0
Greenhill Ward,3,6.8848166,7.0
Greenhill Ward,4,6.167283,9.0
Greenhill Ward,5,6.2356186,4.0
Greenhill Ward,6,6.23021,2.0
Greenhill Ward,7,6.274485,6.0
Greenhill Ward,8,6.383877,5.0
Greenhill Ward,9,6.4973164,12.0
Greenhill Ward,10,7.2512307,7.0
Greenhill Ward,11,7.225875,3.0
Greenhill Ward,12,7.0889697,12.0
Greenwich Creekside Ward,1,5.993232,7.0
Greenwich Creekside Ward,2,5.8134913,6.0
Greenwich Creekside Ward,3,6.191108,1.0
Greenwich Creekside Ward,4,5.679462,4.0
Greenwich Creekside Ward,5,5.7859297,2.0
Greenwich Creekside Ward,6,5.774825,4.0
Greenwich Creekside Ward,7,5.8060794,4.0
Greenwich Creekside Ward,8,5.8743773,3.0
Greenwich Creekside Ward,9,5.963272,3.0
Greenwich Creekside Ward,10,6.4430547,2.0
Greenwich Creekside Ward,11,6.5277686,1.0
Greenwich Creekside Ward,12,6.3992596,6.0
Greenwich Park Ward,1,7.115483,13.0
Greenwich Park Ward,2,7.1193423,6.0
Greenwich Park Ward,3,7.5604906,8.0
Greenwich Park Ward,4,6.622808,8.0
Greenwich Park Ward,5,7.102457,6.0
Greenwich Park Ward,6,7.159931,5.0
Greenwich Park Ward,7,7.3302608,10.0
Greenwich Park Ward,8,7.449053,6.0
Greenwich Park Ward,9,7.4831724,6.0
Greenwich Park Ward,10,7.977615,4.0
Greenwich Park Ward,11,8.169068,5.0
Greenwich Park Ward,12,8.147375,2.0
Greenwich Peninsula Ward,1,9.514716,12.0
Greenwich Peninsula Ward,2,8.9752445,9.0
Greenwich Peninsula Ward,3,9.46004,13.0
Greenwich Peninsula Ward,4,9.563571,8.0
Greenwich Peninsula Ward,5,9.733712,6.0
Greenwich Peninsula Ward,6,9.737044,10.0
Greenwich Peninsula Ward,7,9.815651,9.0
Greenwich Peninsula Ward,8,9.805626,7.0
Greenwich Peninsula Ward,9,9.808194,16.0
Greenwich Peninsula Ward,10,9.788125,18.0
Greenwich Peninsula Ward,11,9.784544,15.0
Greenwich Peninsula Ward,12,9.681385,16.0
Grove Green Ward,1,5.141199,0.0
Grove Green Ward,2,4.7969055,9.0
Grove Green Ward,3,5.3989687,8.0
Grove Green Ward,4,4.711005,6.0
Grove Green Ward,5,4.8010416,9.0
Grove Green Ward,6,4.809948,10.0
Grove Green Ward,7,4.921903,9.0
Grove Green Ward,8,4.9974246,3.0
Grove Green Ward,9,5.0099616,1.0
Grove Green Ward,10,5.517135,2.0
Grove Green Ward,11,5.519236,3.0
Grove Green Ward,12,5.379889,2.0
Grove Park Ward,1,7.868607,8.0
Grove Park Ward,2,7.046137,4.0
Grove Park Ward,3,7.3899517,4.0
Grove Park Ward,4,6.2850485,4.0
Grove Park Ward,5,6.369538,2.0
Grove Park Ward,6,6.3218203,6.0
Grove Park Ward,7,6.405137,3.0
Grove Park Ward,8,6.622779,6.0
Grove Park Ward,9,6.704298,3.0
Grove Park Ward,10,7.2476845,7.0
Grove Park Ward,11,7.3472757,5.0
Grove Park Ward,12,7.184506,5.0
Grove Ward,1,4.9739885,6.0
Grove Ward,2,4.8792806,4.0
Grove Ward,3,5.2811847,4.0
Grove Ward,4,4.691307,5.0
Grove Ward,5,4.865508,6.0
Grove Ward,6,4.8567066,0.0
Grove Ward,7,4.907045,3.0
Grove Ward,8,5.01452,2.0
Grove Ward,9,5.0566907,6.0
Grove Ward,10,5.1753697,8.0
Grove Ward,11,5.1918106,7.0
Grove Ward,12,5.0808296,6.0
Hackbridge Ward,1,2.0710444,2.0
Hackbridge Ward,2,2.1696804,2.0
Hackbridge Ward,3,2.5434213,2.0
Hackbridge Ward,4,1.8766198,2.0
Hackbridge Ward,5,1.950448,2.0
Hackbridge Ward,6,1.9309958,0.0
Hackbridge Ward,7,1.980506,2.0
Hackbridge Ward,8,2.0629141,1.0
Hackbridge Ward,9,2.134181,3.0
Hackbridge Ward,10,2.5028634,8.0
Hackbridge Ward,11,2.466701,1.0
Hackbridge Ward,12,2.3300471,0.0
Hackney Central Ward,1,9.881758,13.0
Hackney Central Ward,2,8.927592,10.0
Hackney Central Ward,3,9.353354,14.0
Hackney Central Ward,4,9.119353,11.0
Hackney Central Ward,5,9.340897,13.0
Hackney Central Ward,6,9.372398,9.0
Hackney Central Ward,7,9.53749,13.0
Hackney Central Ward,8,9.666951,9.0
Hackney Central Ward,9,9.634352,7.0
Hackney Central Ward,10,9.624581,11.0
Hackney Central Ward,11,9.563724,6.0
Hackney Central Ward,12,9.451031,9.0
Hackney Downs Ward,1,10.298073,13.0
Hackney Downs Ward,2,9.443806,8.0
Hackney Downs Ward,3,9.827702,6.0
Hackney Downs Ward,4,9.512514,16.0
Hackney Downs Ward,5,9.844538,13.0
Hackney Downs Ward,6,9.944682,6.0
Hackney Downs Ward,7,10.191137,12.0
Hackney Downs Ward,8,10.549353,8.0
Hackney Downs Ward,9,10.417155,9.0
Hackney Downs Ward,10,10.486079,20.0
Hackney Downs Ward,11,10.314188,8.0
Hackney Downs Ward,12,10.0541315,6.0
Hackney Wick Ward,1,9.245234,6.0
Hackney Wick Ward,2,9.387265,3.0
Hackney Wick Ward,3,9.7821865,7.0
Hackney Wick Ward,4,9.408791,9.0
Hackney Wick Ward,5,9.840185,7.0
Hackney Wick Ward,6,10.065725,8.0
Hackney Wick Ward,7,10.770488,7.0
Hackney Wick Ward,8,11.152215,5.0
Hackney Wick Ward,9,10.714292,11.0
Hackney Wick Ward,10,10.864066,14.0
Hackney Wick Ward,11,10.7032175,12.0
Hackney Wick Ward,12,10.450617,8.0
Hacton Ward,1,2.0426373,1.0
Hacton Ward,2,1.9132885,1.0
Hacton Ward,3,2.1477962,0.0
Hacton Ward,4,1.2439995,2.0
Hacton Ward,5,1.3182019,0.0
Hacton Ward,6,1.3135016,1.0
Hacton Ward,7,1.3046595,2.0
Hacton Ward,8,1.38686,4.0
Hacton Ward,9,1.5404458,1.0
Hacton Ward,10,2.0956452,0.0
Hacton Ward,11,2.1672266,1.0
Hacton Ward,12,2.1372724,4.0
Haggerston Ward,1,9.710883,21.0
Haggerston Ward,2,9.2262535,21.0
Haggerston Ward,3,9.805362,9.0
Haggerston Ward,4,9.668958,5.0
Haggerston Ward,5,9.793754,16.0
Haggerston Ward,6,9.857331,9.0
Haggerston Ward,7,10.09869,3.0
Haggerston Ward,8,10.202519,14.0
Haggerston Ward,9,10.181339,10.0
Haggerston Ward,10,10.001255,11.0
Haggerston Ward,11,9.849708,7.0
Haggerston Ward,12,9.683754,9.0
Hainault Ward,1,7.0195665,2.0
Hainault Ward,2,6.2539206,6.0
Hainault Ward,3,6.6364636,8.0
Hainault Ward,4,5.249224,4.0
Hainault Ward,5,5.356962,2.0
Hainault Ward,6,5.313319,4.0
Hainault Ward,7,5.3348055,2.0
Hainault Ward,8,5.452038,9.0
Hainault Ward,9,5.5596914,4.0
Hainault Ward,10,6.585807,9.0
Hainault Ward,11,6.832772,4.0
Hainault Ward,12,6.789753,6.0
Hale End & Highams Park South Ward,1,4.0336375,5.0
Hale End & Highams Park South Ward,2,3.908394,5.0
Hale End & Highams Park South Ward,3,4.318261,4.0
Hale End & Highams Park South Ward,4,3.7126062,0.0
Hale End & Highams Park South Ward,5,3.8016384,2.0
Hale End & Highams Park South Ward,6,3.8049471,1.0
Hale End & Highams Park South Ward,7,3.8401299,1.0
Hale End & Highams Park South Ward,8,3.9638662,3.0
Hale End & Highams Park South Ward,9,4.0234027,0.0
Hale End & Highams Park South Ward,10,4.4164424,3.0
Hale End & Highams Park South Ward,11,4.5543656,7.0
Hale End & Highams Park South Ward,12,4.4344454,7.0
"Ham, Petersham & Richmond Riverside Ward",1,4.5370226,6.0
"Ham, Petersham & Richmond Riverside Ward",2,4.393688,3.0
"Ham, Petersham & Richmond Riverside Ward",3,4.7923374,5.0
"Ham, Petersham & Richmond Riverside Ward",4,3.8066473,4.0
"Ham, Petersham & Richmond Riverside Ward",5,3.8946939,7.0
"Ham, Petersham & Richmond Riverside Ward",6,3.8620875,5.0
"Ham, Petersham & Richmond Riverside Ward",7,3.912523,2.0
"Ham, Petersham & Richmond Riverside Ward",8,4.084467,4.0
"Ham, Petersham & Richmond Riverside Ward",9,4.1972413,6.0
"Ham, Petersham & Richmond Riverside Ward",10,5.0522227,5.0
"Ham, Petersham & Richmond Riverside Ward",11,5.159933,4.0
"Ham, Petersham & Richmond Riverside Ward",12,5.0622997,3.0
Hammersmith Broadway Ward,1,6.1452613,9.0
Hammersmith Broadway Ward,2,5.675769,2.0
Hammersmith Broadway Ward,3,6.1332583,6.0
Hammersmith Broadway Ward,4,5.9982743,7.0
Hammersmith Broadway Ward,5,6.1377883,7.0
Hammersmith Broadway Ward,6,6.158162,7.0
Hammersmith Broadway Ward,7,6.3045344,4.0
Hammersmith Broadway Ward,8,6.348511,9.0
Hammersmith Broadway Ward,9,6.327586,7.0
Hammersmith Broadway Ward,10,6.158314,6.0
Hammersmith Broadway Ward,11,6.0942755,5.0
Hammersmith Broadway Ward,12,5.990865,3.0
Hampstead Town Ward,1,4.8580003,4.0
Hampstead Town Ward,2,4.6145544,6.0
Hampstead Town Ward,3,5.300949,4.0
Hampstead Town Ward,4,4.4783616,7.0
Hampstead Town Ward,5,4.561486,4.0
Hampstead Town Ward,6,4.5356073,6.0
Hampstead Town Ward,7,4.535026,5.0
Hampstead Town Ward,8,4.754299,3.0
Hampstead Town Ward,9,4.809148,7.0
Hampstead Town Ward,10,5.0334,11.0
Hampstead Town Ward,11,5.1110005,9.0
Hampstead Town Ward,12,5.11407,6.0
Hampton North Ward,1,4.569867,3.0
Hampton North Ward,2,4.290254,6.0
Hampton North Ward,3,4.641282,2.0
Hampton North Ward,4,3.508936,0.0
Hampton North Ward,5,3.5838196,6.0
Hampton North Ward,6,3.5653753,8.0
Hampton North Ward,7,3.5973053,2.0
Hampton North Ward,8,3.7564077,5.0
Hampton North Ward,9,3.8691814,5.0
Hampton North Ward,10,4.9450765,5.0
Hampton North Ward,11,5.058151,2.0
Hampton North Ward,12,4.9340987,2.0
Hampton Ward,1,5.3748817,4.0
Hampton Ward,2,4.9130244,4.0
Hampton Ward,3,5.3171577,3.0
Hampton Ward,4,4.1677933,5.0
Hampton Ward,5,4.2571163,5.0
Hampton Ward,6,4.2386727,2.0
Hampton Ward,7,4.282891,5.0
Hampton Ward,8,4.495163,2.0
Hampton Ward,9,4.6367946,1.0
Hampton Ward,10,5.86991,8.0
Hampton Ward,11,6.0518355,5.0
Hampton Ward,12,6.150022,7.0
Hampton Wick & South Teddington Ward,1,4.851426,3.0
Hampton Wick & South Teddington Ward,2,4.303593,14.0
Hampton Wick & South Teddington Ward,3,4.7610893,5.0
Hampton Wick & South Teddington Ward,4,3.8340185,2.0
Hampton Wick & South Teddington Ward,5,3.9152308,1.0
Hampton Wick & South Teddington Ward,6,3.8967874,19.0
Hampton Wick & South Teddington Ward,7,3.9394543,2.0
Hampton Wick & South Teddington Ward,8,4.110494,5.0
Hampton Wick & South Teddington Ward,9,4.2264843,1.0
Hampton Wick & South Teddington Ward,10,5.0382285,4.0
Hampton Wick & South Teddington Ward,11,5.1714745,1.0
Hampton Wick & South Teddington Ward,12,5.0802827,4.0
Hanger Hill Ward,1,9.353469,20.0
Hanger Hill Ward,2,8.6898,5.0
Hanger Hill Ward,3,9.125536,4.0
Hanger Hill Ward,4,8.318989,5.0
Hanger Hill Ward,5,8.423,3.0
Hanger Hill Ward,6,8.414241,9.0
Hanger Hill Ward,7,8.528496,7.0
Hanger Hill Ward,8,8.641435,3.0
Hanger Hill Ward,9,8.792801,5.0
Hanger Hill Ward,10,9.986184,10.0
Hanger Hill Ward,11,9.624791,13.0
Hanger Hill Ward,12,9.634957,11.0
Hanwell Broadway Ward,1,6.311681,5.0
Hanwell Broadway Ward,2,6.0975356,13.0
Hanwell Broadway Ward,3,6.563516,9.0
Hanwell Broadway Ward,4,5.812357,6.0
Hanwell Broadway Ward,5,5.9249287,17.0
Hanwell Broadway Ward,6,5.93569,13.0
Hanwell Broadway Ward,7,5.979619,10.0
Hanwell Broadway Ward,8,6.1267486,7.0
Hanwell Broadway Ward,9,6.20665,8.0
Hanwell Broadway Ward,10,6.6970553,10.0
Hanwell Broadway Ward,11,6.7380977,14.0
Hanwell Broadway Ward,12,6.624865,13.0
Hanworth Park Ward,1,4.1473613,5.0
Hanworth Park Ward,2,3.9238508,6.0
Hanworth Park Ward,3,4.38965,6.0
Hanworth Park Ward,4,3.276606,3.0
Hanworth Park Ward,5,3.3764832,4.0
Hanworth Park Ward,6,3.357257,4.0
Hanworth Park Ward,7,3.3669343,3.0
Hanworth Park Ward,8,3.491206,4.0
Hanworth Park Ward,9,3.5687072,4.0
Hanworth Park Ward,10,4.4479356,3.0
Hanworth Park Ward,11,4.6577187,4.0
Hanworth Park Ward,12,4.5671163,3.0
Hanworth Village Ward,1,8.0141535,9.0
Hanworth Village Ward,2,7.377858,12.0
Hanworth Village Ward,3,7.541309,6.0
Hanworth Village Ward,4,6.1727023,8.0
Hanworth Village Ward,5,6.3007674,2.0
Hanworth Village Ward,6,6.2655196,4.0
Hanworth Village Ward,7,6.330164,5.0
Hanworth Village Ward,8,6.5099006,1.0
Hanworth Village Ward,9,6.617554,2.0
Hanworth Village Ward,10,7.422216,10.0
Hanworth Village Ward,11,7.663717,8.0
Hanworth Village Ward,12,7.5105743,11.0
Harefield Village Ward,1,2.2760174,2.0
Harefield Village Ward,2,2.4310117,1.0
Harefield Village Ward,3,2.7864897,1.0
Harefield Village Ward,4,1.9915212,2.0
Harefield Village Ward,5,2.0543957,0.0
Harefield Village Ward,6,2.0367382,2.0
Harefield Village Ward,7,2.0393505,5.0
Harefield Village Ward,8,2.0484092,3.0
Harefield Village Ward,9,2.14928,3.0
Harefield Village Ward,10,2.5381298,9.0
Harefield Village Ward,11,2.49064,2.0
Harefield Village Ward,12,2.4037714,1.0
Harlesden & Kensal Green Ward,1,12.407299,8.0
Harlesden & Kensal Green Ward,2,11.552364,22.0
Harlesden & Kensal Green Ward,3,12.057532,21.0
Harlesden & Kensal Green Ward,4,11.122437,12.0
Harlesden & Kensal Green Ward,5,11.3148155,14.0
Harlesden & Kensal Green Ward,6,11.240839,5.0
Harlesden & Kensal Green Ward,7,11.375175,12.0
Harlesden & Kensal Green Ward,8,11.718914,10.0
Harlesden & Kensal Green Ward,9,11.704041,8.0
Harlesden & Kensal Green Ward,10,12.405186,13.0
Harlesden & Kensal Green Ward,11,12.350644,13.0
Harlesden & Kensal Green Ward,12,12.07,9.0
Harold Wood Ward,1,5.1094365,5.0
Harold Wood Ward,2,4.793565,11.0
Harold Wood Ward,3,5.137881,7.0
Harold Wood Ward,4,3.7898111,8.0
Harold Wood Ward,5,3.8741927,6.0
Harold Wood Ward,6,3.8566768,7.0
Harold Wood Ward,7,3.862645,11.0
Harold Wood Ward,8,4.032117,8.0
Harold Wood Ward,9,4.1783724,15.0
Harold Wood Ward,10,5.4933057,11.0
Harold Wood Ward,11,5.652222,1.0
Harold Wood Ward,12,5.5806637,4.0
Harringay Ward,1,10.795314,6.0
Harringay Ward,2,9.803747,4.0
Harringay Ward,3,10.509854,9.0
Harringay Ward,4,9.574877,6.0
Harringay Ward,5,10.116768,12.0
Harringay Ward,6,10.133562,3.0
Harringay Ward,7,10.410458,4.0
Harringay Ward,8,10.4828005,5.0
Harringay Ward,9,10.255078,3.0
Harringay Ward,10,10.521832,6.0
Harringay Ward,11,10.6709,7.0
Harringay Ward,12,10.175348,5.0
Harrow Road Ward,1,6.7387166,10.0
Harrow Road Ward,2,6.4818454,7.0
Harrow Road Ward,3,6.857152,2.0
Harrow Road Ward,4,6.1331477,5.0
Harrow Road Ward,5,6.289297,2.0
Harrow Road Ward,6,6.33925,6.0
Harrow Road Ward,7,6.6446595,6.0
Harrow Road Ward,8,6.942117,11.0
Harrow Road Ward,9,6.936492,7.0
Harrow Road Ward,10,7.250546,5.0
Harrow Road Ward,11,7.2846885,7.0
Harrow Road Ward,12,7.0257535,5.0
Harrow Weald Ward,1,6.729941,8.0
Harrow Weald Ward,2,6.265121,9.0
Harrow Weald Ward,3,6.63542,3.0
Harrow Weald Ward,4,5.200723,8.0
Harrow Weald Ward,5,5.238146,1.0
Harrow Weald Ward,6,5.290552,2.0
Harrow Weald Ward,7,5.2702947,5.0
Harrow Weald Ward,8,5.4090815,9.0
Harrow Weald Ward,9,5.5098553,5.0
Harrow Weald Ward,10,6.9129953,4.0
Harrow Weald Ward,11,7.11364,8.0
Harrow Weald Ward,12,6.9923196,7.0
Harrow on the Hill Ward,1,4.568079,7.0
Harrow on the Hill Ward,2,4.274122,4.0
Harrow on the Hill Ward,3,4.6387186,7.0
Harrow on the Hill Ward,4,3.3840961,5.0
Harrow on the Hill Ward,5,3.4906163,1.0
Harrow on the Hill Ward,6,3.472172,3.0
Harrow on the Hill Ward,7,3.5249345,3.0
Harrow on the Hill Ward,8,3.668859,2.0
Harrow on the Hill Ward,9,3.804548,2.0
Harrow on the Hill Ward,10,4.907467,3.0
Harrow on the Hill Ward,11,4.9081497,8.0
Harrow on the Hill Ward,12,4.8449054,9.0
Haselbury Ward,1,8.713335,10.0
Haselbury Ward,2,8.485225,4.0
Haselbury Ward,3,8.841254,12.0
Haselbury Ward,4,7.3423553,6.0
Haselbury Ward,5,7.500477,8.0
Haselbury Ward,6,7.5218415,3.0
Haselbury Ward,7,7.6988163,11.0
Haselbury Ward,8,8.289276,4.0
Haselbury Ward,9,8.40263,7.0
Haselbury Ward,10,9.448291,3.0
Haselbury Ward,11,9.541467,11.0
Haselbury Ward,12,9.471663,6.0
Hatch End Ward,1,3.967847,3.0
Hatch End Ward,2,3.4503596,8.0
Hatch End Ward,3,3.7354631,8.0
Hatch End Ward,4,2.6171494,5.0
Hatch End Ward,5,2.7477536,2.0
Hatch End Ward,6,2.744205,3.0
Hatch End Ward,7,2.7445445,2.0
Hatch End Ward,8,2.8393378,3.0
Hatch End Ward,9,3.1515713,5.0
Hatch End Ward,10,4.176173,2.0
Hatch End Ward,11,4.247216,4.0
Hatch End Ward,12,4.049226,10.0
Hatch Lane & Highams Park North Ward,1,5.4718275,2.0
Hatch Lane & Highams Park North Ward,2,5.543924,5.0
Hatch Lane & Highams Park North Ward,3,5.987546,1.0
Hatch Lane & Highams Park North Ward,4,4.9613104,1.0
Hatch Lane & Highams Park North Ward,5,5.0699463,2.0
Hatch Lane & Highams Park North Ward,6,5.0741677,2.0
Hatch Lane & Highams Park North Ward,7,5.01992,2.0
Hatch Lane & Highams Park North Ward,8,5.124413,6.0
Hatch Lane & Highams Park North Ward,9,5.2020264,1.0
Hatch Lane & Highams Park North Ward,10,5.576168,3.0
Hatch Lane & Highams Park North Ward,11,5.670654,3.0
Hatch Lane & Highams Park North Ward,12,5.4982495,4.0
Havering-atte-Bower Ward,1,6.2391953,2.0
Havering-atte-Bower Ward,2,5.718441,6.0
Havering-atte-Bower Ward,3,6.1283736,4.0
Havering-atte-Bower Ward,4,4.980523,5.0
Havering-atte-Bower Ward,5,4.9980674,10.0
Havering-atte-Bower Ward,6,4.9136777,1.0
Havering-atte-Bower Ward,7,4.9395676,3.0
Havering-atte-Bower Ward,8,5.00441,4.0
Havering-atte-Bower Ward,9,5.2020845,2.0
Havering-atte-Bower Ward,10,6.0292673,3.0
Havering-atte-Bower Ward,11,6.3096743,4.0
Havering-atte-Bower Ward,12,6.39222,5.0
Haverstock Ward,1,7.041693,10.0
Haverstock Ward,2,6.3449054,12.0
Haverstock Ward,3,6.7383184,8.0
Haverstock Ward,4,6.045594,5.0
Haverstock Ward,5,6.174271,2.0
Haverstock Ward,6,6.16467,9.0
Haverstock Ward,7,6.2172856,8.0
Haverstock Ward,8,6.3820324,9.0
Haverstock Ward,9,6.4635525,4.0
Haverstock Ward,10,6.8211727,9.0
Haverstock Ward,11,6.9087214,7.0
Haverstock Ward,12,6.7396455,9.0
Hayes & Coney Hall Ward,1,5.181236,4.0
Hayes & Coney Hall Ward,2,4.716588,2.0
Hayes & Coney Hall Ward,3,5.096173,3.0
Hayes & Coney Hall Ward,4,3.8041103,1.0
Hayes & Coney Hall Ward,5,3.8992465,2.0
Hayes & Coney Hall Ward,6,3.880803,4.0
Hayes & Coney Hall Ward,7,3.892456,3.0
Hayes & Coney Hall Ward,8,3.975357,5.0
Hayes & Coney Hall Ward,9,4.1411576,2.0
Hayes & Coney Hall Ward,10,5.369708,2.0
Hayes & Coney Hall Ward,11,5.6239624,5.0
Hayes & Coney Hall Ward,12,5.5813723,9.0
Hayes Town Ward,1,7.7270427,8.0
Hayes Town Ward,2,7.2411294,18.0
Hayes Town Ward,3,7.7523193,17.0
Hayes Town Ward,4,6.651007,22.0
Hayes Town Ward,5,6.770222,13.0
Hayes Town Ward,6,6.7715273,12.0
Hayes Town Ward,7,6.7860603,11.0
Hayes Town Ward,8,6.932968,3.0
Hayes Town Ward,9,7.0406218,14.0
Hayes Town Ward,10,7.7268224,10.0
Hayes Town Ward,11,7.922666,11.0
Hayes Town Ward,12,7.760682,11.0
Headstone Ward,1,5.758154,4.0
Headstone Ward,2,5.391489,6.0
Headstone Ward,3,5.759802,9.0
Headstone Ward,4,4.498479,1.0
Headstone Ward,5,4.567568,5.0
Headstone Ward,6,4.549124,4.0
Headstone Ward,7,4.5704737,4.0
Headstone Ward,8,4.679499,6.0
Headstone Ward,9,4.8149486,14.0
Headstone Ward,10,6.1077747,1.0
Headstone Ward,11,6.3115773,9.0
Headstone Ward,12,6.2841773,6.0
Heath Ward,1,3.8889234,2.0
Heath Ward,2,3.7290049,2.0
Heath Ward,3,4.0521135,4.0
Heath Ward,4,3.3851333,1.0
Heath Ward,5,3.4891534,5.0
Heath Ward,6,3.442695,1.0
Heath Ward,7,3.420912,0.0
Heath Ward,8,3.596341,1.0
Heath Ward,9,3.6376405,2.0
Heath Ward,10,3.8539317,2.0
Heath Ward,11,3.9494965,1.0
Heath Ward,12,3.9840965,3.0
Heathfield Ward,1,4.3401484,7.0
Heathfield Ward,2,3.986147,8.0
Heathfield Ward,3,4.372098,8.0
Heathfield Ward,4,3.1392004,1.0
Heathfield Ward,5,3.2013893,7.0
Heathfield Ward,6,3.182945,2.0
Heathfield Ward,7,3.2111237,2.0
Heathfield Ward,8,3.4028997,2.0
Heathfield Ward,9,3.5346181,3.0
Heathfield Ward,10,4.783698,3.0
Heathfield Ward,11,4.911673,5.0
Heathfield Ward,12,4.807249,8.0
Heathrow Villages Ward,1,8.733106,14.0
Heathrow Villages Ward,2,8.457473,16.0
Heathrow Villages Ward,3,8.83208,10.0
Heathrow Villages Ward,4,7.8808475,5.0
Heathrow Villages Ward,5,7.960462,7.0
Heathrow Villages Ward,6,7.975646,5.0
Heathrow Villages Ward,7,8.002798,10.0
Heathrow Villages Ward,8,8.139811,13.0
Heathrow Villages Ward,9,8.217155,13.0
Heathrow Villages Ward,10,9.492155,12.0
Heathrow Villages Ward,11,9.574746,15.0
Heathrow Villages Ward,12,9.495034,5.0
Heaton Ward,1,9.587013,10.0
Heaton Ward,2,8.823538,8.0
Heaton Ward,3,8.621031,11.0
Heaton Ward,4,7.402476,14.0
Heaton Ward,5,7.7654843,14.0
Heaton Ward,6,7.75528,10.0
Heaton Ward,7,7.806433,4.0
Heaton Ward,8,7.89178,7.0
Heaton Ward,9,7.8459077,7.0
Heaton Ward,10,8.636419,12.0
Heaton Ward,11,8.872225,5.0
Heaton Ward,12,8.876664,5.0
Hendon Ward,1,15.227526,19.0
Hendon Ward,2,14.745424,20.0
Hendon Ward,3,15.248864,14.0
Hendon Ward,4,13.991715,12.0
Hendon Ward,5,14.146652,9.0
Hendon Ward,6,14.062802,10.0
Hendon Ward,7,14.136654,13.0
Hendon Ward,8,14.43053,13.0
Hendon Ward,9,14.680086,12.0
Hendon Ward,10,16.013367,14.0
Hendon Ward,11,16.118351,12.0
Hendon Ward,12,15.990212,13.0
Hermitage & Gardens Ward,1,6.145023,6.0
Hermitage & Gardens Ward,2,5.65235,6.0
Hermitage & Gardens Ward,3,6.046603,8.0
Hermitage & Gardens Ward,4,5.282399,2.0
Hermitage & Gardens Ward,5,5.378846,5.0
Hermitage & Gardens Ward,6,5.3879905,6.0
Hermitage & Gardens Ward,7,5.44331,5.0
Hermitage & Gardens Ward,8,5.5893307,10.0
Hermitage & Gardens Ward,9,5.666486,7.0
Hermitage & Gardens Ward,10,6.286472,12.0
Hermitage & Gardens Ward,11,6.4961143,3.0
Hermitage & Gardens Ward,12,6.3378067,8.0
Herne Hill & Loughborough Junction Ward,1,10.355909,9.0
Herne Hill & Loughborough Junction Ward,2,9.935731,8.0
Herne Hill & Loughborough Junction Ward,3,10.749014,15.0
Herne Hill & Loughborough Junction Ward,4,10.60486,10.0
Herne Hill & Loughborough Junction Ward,5,10.77357,5.0
Herne Hill & Loughborough Junction Ward,6,11.222203,10.0
Herne Hill & Loughborough Junction Ward,7,11.447494,6.0
Herne Hill & Loughborough Junction Ward,8,11.666728,13.0
Herne Hill & Loughborough Junction Ward,9,11.554376,6.0
Herne Hill & Loughborough Junction Ward,10,11.657452,6.0
Herne Hill & Loughborough Junction Ward,11,11.574766,9.0
Herne Hill & Loughborough Junction Ward,12,11.009809,13.0
Heston Central Ward,1,6.0191426,9.0
Heston Central Ward,2,5.8155003,8.0
Heston Central Ward,3,6.1625295,10.0
Heston Central Ward,4,5.350451,4.0
Heston Central Ward,5,5.4526396,1.0
Heston Central Ward,6,5.459083,5.0
Heston Central Ward,7,5.4760103,5.0
Heston Central Ward,8,5.6471343,3.0
Heston Central Ward,9,5.7244763,3.0
Heston Central Ward,10,6.299173,3.0
Heston Central Ward,11,6.4028234,5.0
Heston Central Ward,12,6.2545195,3.0
Heston East Ward,1,4.87302,7.0
Heston East Ward,2,4.7584677,8.0
Heston East Ward,3,5.130523,8.0
Heston East Ward,4,4.404538,9.0
Heston East Ward,5,4.506267,2.0
Heston East Ward,6,4.540775,2.0
Heston East Ward,7,4.5977197,3.0
Heston East Ward,8,4.7840524,1.0
Heston East Ward,9,4.8683186,3.0
Heston East Ward,10,5.2640543,6.0
Heston East Ward,11,5.3758745,2.0
Heston East Ward,12,5.1648192,9.0
Heston West Ward,1,5.9718947,8.0
Heston West Ward,2,5.291092,15.0
Heston West Ward,3,5.641738,21.0
Heston West Ward,4,4.6994944,1.0
Heston West Ward,5,4.8195777,4.0
Heston West Ward,6,4.8060007,3.0
Heston West Ward,7,4.866727,5.0
Heston West Ward,8,5.060696,2.0
Heston West Ward,9,5.142216,1.0
Heston West Ward,10,5.824727,7.0
Heston West Ward,11,5.9716287,2.0
Heston West Ward,12,5.6456566,5.0
High Barnet Ward,1,5.982979,4.0
High Barnet Ward,2,5.703043,5.0
High Barnet Ward,3,6.0656543,3.0
High Barnet Ward,4,4.791006,3.0
High Barnet Ward,5,4.868205,3.0
High Barnet Ward,6,4.8497615,4.0
High Barnet Ward,7,4.871111,1.0
High Barnet Ward,8,4.987186,3.0
High Barnet Ward,9,5.1466837,3.0
High Barnet Ward,10,6.334083,7.0
High Barnet Ward,11,6.5097904,2.0
High Barnet Ward,12,6.48239,4.0
High Street Ward,1,6.7817674,5.0
High Street Ward,2,5.850173,3.0
High Street Ward,3,6.387354,6.0
High Street Ward,4,5.942915,11.0
High Street Ward,5,6.066915,7.0
High Street Ward,6,6.081278,7.0
High Street Ward,7,6.201797,17.0
High Street Ward,8,6.285841,13.0
High Street Ward,9,6.3160176,7.0
High Street Ward,10,6.6279197,9.0
High Street Ward,11,6.611042,5.0
High Street Ward,12,6.481674,12.0
Higham Hill Ward,1,6.668889,2.0
Higham Hill Ward,2,6.097339,4.0
Higham Hill Ward,3,6.4009433,1.0
Higham Hill Ward,4,5.604844,4.0
Higham Hill Ward,5,5.7458615,5.0
Higham Hill Ward,6,5.7206035,5.0
Higham Hill Ward,7,5.7207236,2.0
Higham Hill Ward,8,5.779999,7.0
Higham Hill Ward,9,5.7558312,7.0
Higham Hill Ward,10,6.2117095,4.0
Higham Hill Ward,11,6.3612595,3.0
Higham Hill Ward,12,6.237833,5.0
Highbury Ward,1,9.11278,14.0
Highbury Ward,2,9.230133,4.0
Highbury Ward,3,9.7924595,9.0
Highbury Ward,4,9.183086,5.0
Highbury Ward,5,9.073674,3.0
Highbury Ward,6,9.076319,9.0
Highbury Ward,7,9.294387,5.0
Highbury Ward,8,9.437885,8.0
Highbury Ward,9,9.470806,7.0
Highbury Ward,10,9.593914,9.0
Highbury Ward,11,9.639723,4.0
Highbury Ward,12,9.454,4.0
Highfield Ward,1,5.229959,5.0
Highfield Ward,2,4.7807913,1.0
Highfield Ward,3,5.1402564,5.0
Highfield Ward,4,3.9187503,5.0
Highfield Ward,5,3.984468,8.0
Highfield Ward,6,3.9872599,7.0
Highfield Ward,7,4.0043635,5.0
Highfield Ward,8,4.195634,3.0
Highfield Ward,9,4.35462,8.0
Highfield Ward,10,5.6512656,7.0
Highfield Ward,11,5.8157387,3.0
Highfield Ward,12,5.6870627,7.0
Highgate Ward,1,31.455812,38.0
Highgate Ward,2,29.874174,22.0
Highgate Ward,3,31.815535,36.0
Highgate Ward,4,26.346304,20.0
Highgate Ward,5,27.241745,14.0
Highgate Ward,6,29.583153,30.0
Highgate Ward,7,30.611021,26.0
Highgate Ward,8,32.057667,30.0
Highgate Ward,9,30.28708,38.0
Highgate Ward,10,32.571728,38.0
Highgate Ward,11,35.799763,54.0
Highgate Ward,12,32.766335,52.0
Hillingdon East Ward,1,5.0031805,3.0
Hillingdon East Ward,2,4.823014,6.0
Hillingdon East Ward,3,5.154394,5.0
Hillingdon East Ward,4,4.0186486,0.0
Hillingdon East Ward,5,4.081266,2.0
Hillingdon East Ward,6,4.075303,0.0
Hillingdon East Ward,7,4.100606,2.0
Hillingdon East Ward,8,4.228666,2.0
Hillingdon East Ward,9,4.3365064,1.0
Hillingdon East Ward,10,5.2352557,4.0
Hillingdon East Ward,11,5.3448906,3.0
Hillingdon East Ward,12,5.188268,3.0
Hillingdon West Ward,1,3.4723752,3.0
Hillingdon West Ward,2,3.4739661,1.0
Hillingdon West Ward,3,3.7931373,2.0
Hillingdon West Ward,4,3.0277395,0.0
Hillingdon West Ward,5,3.144899,1.0
Hillingdon West Ward,6,3.1270595,3.0
Hillingdon West Ward,7,3.1594646,1.0
Hillingdon West Ward,8,3.3019526,1.0
Hillingdon West Ward,9,3.4664192,0.0
Hillingdon West Ward,10,3.9073195,4.0
Hillingdon West Ward,11,3.9823177,5.0
Hillingdon West Ward,12,3.8143258,0.0
Hillrise Ward,1,7.9771,12.0
Hillrise Ward,2,7.588715,7.0
Hillrise Ward,3,7.8862596,8.0
Hillrise Ward,4,7.591477,10.0
Hillrise Ward,5,7.828434,4.0
Hillrise Ward,6,7.917506,4.0
Hillrise Ward,7,8.17428,7.0
Hillrise Ward,8,8.419796,8.0
Hillrise Ward,9,8.417981,10.0
Hillrise Ward,10,8.521434,9.0
Hillrise Ward,11,8.505501,11.0
Hillrise Ward,12,8.085455,12.0
Hillside Ward,1,3.0188534,6.0
Hillside Ward,2,2.7817526,4.0
Hillside Ward,3,3.11622,4.0
Hillside Ward,4,2.6093192,4.0
Hillside Ward,5,2.7054658,2.0
Hillside Ward,6,2.6809497,6.0
Hillside Ward,7,2.7172441,6.0
Hillside Ward,8,2.8254118,1.0
Hillside Ward,9,2.8941674,0.0
Hillside Ward,10,3.0262604,5.0
Hillside Ward,11,3.0907173,3.0
Hillside Ward,12,3.0473206,3.0
Hither Green Ward,1,10.182034,11.0
Hither Green Ward,2,9.802182,7.0
Hither Green Ward,3,10.14972,8.0
Hither Green Ward,4,9.843028,10.0
Hither Green Ward,5,9.998682,8.0
Hither Green Ward,6,10.02961,15.0
Hither Green Ward,7,10.035115,8.0
Hither Green Ward,8,10.064241,10.0
Hither Green Ward,9,9.966948,7.0
Hither Green Ward,10,10.166901,6.0
Hither Green Ward,11,10.011984,9.0
Hither Green Ward,12,9.789374,8.0
Hoe Street Ward,1,8.449836,5.0
Hoe Street Ward,2,7.7260847,8.0
Hoe Street Ward,3,8.189441,5.0
Hoe Street Ward,4,7.6590548,2.0
Hoe Street Ward,5,7.866484,5.0
Hoe Street Ward,6,7.897009,3.0
Hoe Street Ward,7,7.992828,12.0
Hoe Street Ward,8,8.1309,17.0
Hoe Street Ward,9,8.161077,4.0
Hoe Street Ward,10,8.51386,10.0
Hoe Street Ward,11,8.54299,10.0
Hoe Street Ward,12,8.374427,5.0
Holborn & Covent Garden Ward,1,19.172796,17.0
Holborn & Covent Garden Ward,2,17.775244,22.0
Holborn & Covent Garden Ward,3,18.557436,25.0
Holborn & Covent Garden Ward,4,17.816765,16.0
Holborn & Covent Garden Ward,5,17.949104,25.0
Holborn & Covent Garden Ward,6,18.089525,26.0
Holborn & Covent Garden Ward,7,18.519043,26.0
Holborn & Covent Garden Ward,8,18.827717,29.0
Holborn & Covent Garden Ward,9,18.695206,19.0
Holborn & Covent Garden Ward,10,19.565552,17.0
Holborn & Covent Garden Ward,11,19.450844,18.0
Holborn & Covent Garden Ward,12,19.287313,24.0
Holland Ward,1,5.8562317,11.0
Holland Ward,2,5.489224,4.0
Holland Ward,3,6.0145946,3.0
Holland Ward,4,5.396111,6.0
Holland Ward,5,5.5463758,3.0
Holland Ward,6,5.5873084,6.0
Holland Ward,7,5.757982,6.0
Holland Ward,8,5.855134,9.0
Holland Ward,9,5.889499,9.0
Holland Ward,10,5.8396053,9.0
Holland Ward,11,5.7217393,4.0
Holland Ward,12,5.804805,3.0
Holloway Ward,1,7.0765057,12.0
Holloway Ward,2,6.5374703,9.0
Holloway Ward,3,6.926767,19.0
Holloway Ward,4,6.6951656,15.0
Holloway Ward,5,6.8604727,7.0
Holloway Ward,6,6.8731637,7.0
Holloway Ward,7,7.0180964,24.0
Holloway Ward,8,7.092934,12.0
Holloway Ward,9,7.081257,17.0
Holloway Ward,10,7.5223036,12.0
Holloway Ward,11,7.5006742,10.0
Holloway Ward,12,7.3855014,7.0
Homerton Ward,1,9.4919815,14.0
Homerton Ward,2,9.122386,15.0
Homerton Ward,3,9.640663,15.0
Homerton Ward,4,9.393949,9.0
Homerton Ward,5,9.531975,11.0
Homerton Ward,6,9.796504,5.0
Homerton Ward,7,10.200777,14.0
Homerton Ward,8,10.320609,10.0
Homerton Ward,9,10.236679,7.0
Homerton Ward,10,10.220171,5.0
Homerton Ward,11,10.106351,13.0
Homerton Ward,12,10.046506,8.0
Hook & Chessington North Ward,1,2.9167583,2.0
Hook & Chessington North Ward,2,2.7282093,1.0
Hook & Chessington North Ward,3,2.9860468,5.0
Hook & Chessington North Ward,4,1.882223,1.0
Hook & Chessington North Ward,5,1.9526799,2.0
Hook & Chessington North Ward,6,1.938746,1.0
Hook & Chessington North Ward,7,1.9550978,3.0
Hook & Chessington North Ward,8,2.1044219,0.0
Hook & Chessington North Ward,9,2.2146363,1.0
Hook & Chessington North Ward,10,3.2251248,0.0
Hook & Chessington North Ward,11,3.2914307,1.0
Hook & Chessington North Ward,12,3.192929,3.0
Hornsey Ward,1,7.100227,6.0
Hornsey Ward,2,6.885542,9.0
Hornsey Ward,3,7.293173,6.0
Hornsey Ward,4,6.675429,8.0
Hornsey Ward,5,6.77909,7.0
Hornsey Ward,6,6.78109,7.0
Hornsey Ward,7,6.8522553,3.0
Hornsey Ward,8,7.020683,9.0
Hornsey Ward,9,7.100584,3.0
Hornsey Ward,10,7.440471,2.0
Hornsey Ward,11,7.539435,3.0
Hornsey Ward,12,7.3647847,5.0
Hounslow Central Ward,1,6.6301236,9.0
Hounslow Central Ward,2,6.3112044,5.0
Hounslow Central Ward,3,6.8937373,5.0
Hounslow Central Ward,4,6.6192584,8.0
Hounslow Central Ward,5,6.84784,2.0
Hounslow Central Ward,6,6.8210983,3.0
Hounslow Central Ward,7,7.0204835,5.0
Hounslow Central Ward,8,7.071137,8.0
Hounslow Central Ward,9,7.0507274,2.0
Hounslow Central Ward,10,7.1400757,10.0
Hounslow Central Ward,11,7.10629,6.0
Hounslow Central Ward,12,6.9344134,7.0
Hounslow East Ward,1,4.643506,3.0
Hounslow East Ward,2,4.3007026,7.0
Hounslow East Ward,3,4.7668586,5.0
Hounslow East Ward,4,4.386058,3.0
Hounslow East Ward,5,4.567147,1.0
Hounslow East Ward,6,4.573942,2.0
Hounslow East Ward,7,4.6461825,4.0
Hounslow East Ward,8,4.7365384,1.0
Hounslow East Ward,9,4.769461,4.0
Hounslow East Ward,10,5.123056,4.0
Hounslow East Ward,11,5.0721292,3.0
Hounslow East Ward,12,4.9053473,7.0
Hounslow Heath Ward,1,6.0586586,7.0
Hounslow Heath Ward,2,6.0494294,6.0
Hounslow Heath Ward,3,6.4600034,7.0
Hounslow Heath Ward,4,5.564847,8.0
Hounslow Heath Ward,5,5.6926246,9.0
Hounslow Heath Ward,6,5.7083817,2.0
Hounslow Heath Ward,7,5.7403235,2.0
Hounslow Heath Ward,8,5.8987527,10.0
Hounslow Heath Ward,9,5.9830184,0.0
Hounslow Heath Ward,10,6.5382423,6.0
Hounslow Heath Ward,11,6.6326785,5.0
Hounslow Heath Ward,12,6.5106907,4.0
Hounslow South Ward,1,4.7780023,5.0
Hounslow South Ward,2,4.6324797,4.0
Hounslow South Ward,3,5.0217724,2.0
Hounslow South Ward,4,4.2032795,1.0
Hounslow South Ward,5,4.297664,3.0
Hounslow South Ward,6,4.301691,3.0
Hounslow South Ward,7,4.3220835,1.0
Hounslow South Ward,8,4.446887,4.0
Hounslow South Ward,9,4.531153,4.0
Hounslow South Ward,10,5.1881404,2.0
Hounslow South Ward,11,5.2797027,2.0
Hounslow South Ward,12,5.1621985,3.0
Hounslow West Ward,1,6.308412,11.0
Hounslow West Ward,2,6.2635927,9.0
Hounslow West Ward,3,6.6148944,5.0
Hounslow West Ward,4,5.8349824,7.0
Hounslow West Ward,5,5.9627604,3.0
Hounslow West Ward,6,5.988507,2.0
Hounslow West Ward,7,5.995978,1.0
Hounslow West Ward,8,6.154407,2.0
Hounslow West Ward,9,6.2343082,1.0
Hounslow West Ward,10,6.8424244,7.0
Hounslow West Ward,11,6.9542446,5.0
Hounslow West Ward,12,6.8059406,8.0
Hoxton East & Shoreditch Ward,1,19.443075,28.0
Hoxton East & Shoreditch Ward,2,17.998177,23.0
Hoxton East & Shoreditch Ward,3,18.730953,14.0
Hoxton East & Shoreditch Ward,4,18.538982,17.0
Hoxton East & Shoreditch Ward,5,18.708101,20.0
Hoxton East & Shoreditch Ward,6,18.593662,12.0
Hoxton East & Shoreditch Ward,7,19.044962,22.0
Hoxton East & Shoreditch Ward,8,19.422388,9.0
Hoxton East & Shoreditch Ward,9,19.237038,18.0
Hoxton East & Shoreditch Ward,10,18.970995,28.0
Hoxton East & Shoreditch Ward,11,18.788048,18.0
Hoxton East & Shoreditch Ward,12,18.673597,19.0
Hoxton West Ward,1,10.737888,8.0
Hoxton West Ward,2,10.008192,13.0
Hoxton West Ward,3,10.47278,15.0
Hoxton West Ward,4,10.179821,14.0
Hoxton West Ward,5,10.365291,16.0
Hoxton West Ward,6,10.426301,9.0
Hoxton West Ward,7,10.6632595,5.0
Hoxton West Ward,8,10.888035,11.0
Hoxton West Ward,9,10.886636,17.0
Hoxton West Ward,10,11.002552,17.0
Hoxton West Ward,11,10.81386,19.0
Hoxton West Ward,12,10.6449795,12.0
Hyde Park Ward,1,15.534063,16.0
Hyde Park Ward,2,14.61773,11.0
Hyde Park Ward,3,15.526367,11.0
Hyde Park Ward,4,14.8488865,22.0
Hyde Park Ward,5,14.985785,14.0
Hyde Park Ward,6,14.825675,19.0
Hyde Park Ward,7,15.069532,19.0
Hyde Park Ward,8,15.22849,9.0
Hyde Park Ward,9,15.188757,17.0
Hyde Park Ward,10,15.488912,16.0
Hyde Park Ward,11,15.94757,6.0
Hyde Park Ward,12,16.00184,11.0
Hylands & Harrow Lodge Ward,1,5.0271196,7.0
Hylands & Harrow Lodge Ward,2,4.8011346,4.0
Hylands & Harrow Lodge Ward,3,5.1232567,7.0
Hylands & Harrow Lodge Ward,4,3.7830873,5.0
Hylands & Harrow Lodge Ward,5,3.8414202,4.0
Hylands & Harrow Lodge Ward,6,3.8274858,3.0
Hylands & Harrow Lodge Ward,7,3.805378,10.0
Hylands & Harrow Lodge Ward,8,3.9192638,8.0
Hylands & Harrow Lodge Ward,9,4.0655193,3.0
Hylands & Harrow Lodge Ward,10,5.362239,4.0
Hylands & Harrow Lodge Ward,11,5.4902115,2.0
Hylands & Harrow Lodge Ward,12,5.4183674,5.0
Ickenham & South Harefield Ward,1,5.911579,7.0
Ickenham & South Harefield Ward,2,5.632397,4.0
Ickenham & South Harefield Ward,3,5.976713,4.0
Ickenham & South Harefield Ward,4,4.936461,1.0
Ickenham & South Harefield Ward,5,4.9882455,1.0
Ickenham & South Harefield Ward,6,4.98457,4.0
Ickenham & South Harefield Ward,7,4.998174,4.0
Ickenham & South Harefield Ward,8,5.077858,2.0
Ickenham & South Harefield Ward,9,5.2002344,0.0
Ickenham & South Harefield Ward,10,6.1983814,6.0
Ickenham & South Harefield Ward,11,6.351071,4.0
Ickenham & South Harefield Ward,12,6.2861094,6.0
Ilford Town Ward,1,6.8870225,13.0
Ilford Town Ward,2,6.4657087,12.0
Ilford Town Ward,3,6.8955364,9.0
Ilford Town Ward,4,6.259545,8.0
Ilford Town Ward,5,6.3751984,13.0
Ilford Town Ward,6,6.386703,7.0
Ilford Town Ward,7,6.4568205,13.0
Ilford Town Ward,8,6.610755,3.0
Ilford Town Ward,9,6.6501794,14.0
Ilford Town Ward,10,7.094396,12.0
Ilford Town Ward,11,7.1315436,15.0
Ilford Town Ward,12,7.0402946,5.0
Island Gardens Ward,1,4.3919716,4.0
Island Gardens Ward,2,4.1604133,2.0
Island Gardens Ward,3,4.596847,0.0
Island Gardens Ward,4,3.9853697,4.0
Island Gardens Ward,5,4.047487,3.0
Island Gardens Ward,6,4.0785875,4.0
Island Gardens Ward,7,4.105348,1.0
Island Gardens Ward,8,4.1315947,4.0
Island Gardens Ward,9,4.196807,2.0
Island Gardens Ward,10,4.2482023,4.0
Island Gardens Ward,11,4.3191814,8.0
Island Gardens Ward,12,4.1982965,9.0
Isleworth Ward,1,4.5943522,6.0
Isleworth Ward,2,4.4578114,4.0
Isleworth Ward,3,4.781329,2.0
Isleworth Ward,4,4.0017424,4.0
Isleworth Ward,5,4.1295204,2.0
Isleworth Ward,6,4.131041,2.0
Isleworth Ward,7,4.166392,4.0
Isleworth Ward,8,4.3192673,4.0
Isleworth Ward,9,4.4009743,4.0
Isleworth Ward,10,4.976953,6.0
Isleworth Ward,11,5.0685153,3.0
Isleworth Ward,12,4.928967,8.0
Jubilee Ward,1,8.994243,8.0
Jubilee Ward,2,8.507477,7.0
Jubilee Ward,3,9.003972,7.0
Jubilee Ward,4,7.539626,8.0
Jubilee Ward,5,7.6322966,6.0
Jubilee Ward,6,7.6711044,2.0
Jubilee Ward,7,7.905008,6.0
Jubilee Ward,8,8.451116,2.0
Jubilee Ward,9,8.431031,4.0
Jubilee Ward,10,9.138971,12.0
Jubilee Ward,11,9.355804,9.0
Jubilee Ward,12,9.248644,8.0
Junction Ward,1,11.950112,12.0
Junction Ward,2,10.911128,7.0
Junction Ward,3,11.402214,10.0
Junction Ward,4,11.297297,13.0
Junction Ward,5,11.532692,6.0
Junction Ward,6,11.574267,11.0
Junction Ward,7,11.92355,10.0
Junction Ward,8,12.019898,9.0
Junction Ward,9,11.99033,12.0
Junction Ward,10,11.902498,8.0
Junction Ward,11,11.835967,22.0
Junction Ward,12,11.703492,17.0
Kelsey & Eden Park Ward,1,6.996456,6.0
Kelsey & Eden Park Ward,2,6.4732676,2.0
Kelsey & Eden Park Ward,3,6.863274,8.0
Kelsey & Eden Park Ward,4,5.4337583,1.0
Kelsey & Eden Park Ward,5,5.5370064,3.0
Kelsey & Eden Park Ward,6,5.518563,4.0
Kelsey & Eden Park Ward,7,5.5038867,4.0
Kelsey & Eden Park Ward,8,5.6382313,5.0
Kelsey & Eden Park Ward,9,5.789853,6.0
Kelsey & Eden Park Ward,10,7.068245,10.0
Kelsey & Eden Park Ward,11,7.2694693,6.0
Kelsey & Eden Park Ward,12,7.2421,8.0
Kenley Ward,1,3.36885,3.0
Kenley Ward,2,3.0974429,3.0
Kenley Ward,3,3.4012873,4.0
Kenley Ward,4,2.3526912,3.0
Kenley Ward,5,2.4171708,3.0
Kenley Ward,6,2.407482,2.0
Kenley Ward,7,2.4128962,1.0
Kenley Ward,8,2.540414,3.0
Kenley Ward,9,2.6682749,3.0
Kenley Ward,10,3.3921375,3.0
Kenley Ward,11,3.3585453,3.0
Kenley Ward,12,3.2899077,3.0
Kennington Ward,1,8.292664,4.0
Kennington Ward,2,7.475768,7.0
Kennington Ward,3,8.013722,7.0
Kennington Ward,4,7.718247,7.0
Kennington Ward,5,7.9045854,10.0
Kennington Ward,6,7.970276,7.0
Kennington Ward,7,8.148896,3.0
Kennington Ward,8,8.395723,9.0
Kennington Ward,9,8.380201,9.0
Kennington Ward,10,8.578416,4.0
Kennington Ward,11,8.351307,3.0
Kennington Ward,12,8.161247,9.0
Kentish Town North Ward,1,4.8006086,5.0
Kentish Town North Ward,2,4.644832,4.0
Kentish Town North Ward,3,4.977584,5.0
Kentish Town North Ward,4,4.365137,4.0
Kentish Town North Ward,5,4.489386,4.0
Kentish Town North Ward,6,4.5614285,7.0
Kentish Town North Ward,7,4.652698,1.0
Kentish Town North Ward,8,4.825367,7.0
Kentish Town North Ward,9,4.873708,1.0
Kentish Town North Ward,10,4.963779,6.0
Kentish Town North Ward,11,5.0555525,11.0
Kentish Town North Ward,12,4.993883,3.0
Kentish Town South Ward,1,7.0382123,6.0
Kentish Town South Ward,2,6.690904,9.0
Kentish Town South Ward,3,7.221568,8.0
Kentish Town South Ward,4,6.5916815,4.0
Kentish Town South Ward,5,6.7612715,3.0
Kentish Town South Ward,6,6.790544,6.0
Kentish Town South Ward,7,6.937692,4.0
Kentish Town South Ward,8,7.08286,3.0
Kentish Town South Ward,9,7.0841475,4.0
Kentish Town South Ward,10,7.3667955,5.0
Kentish Town South Ward,11,7.338698,8.0
Kentish Town South Ward,12,7.110099,12.0
Kenton East Ward,1,5.076595,2.0
Kenton East Ward,2,4.618757,3.0
Kenton East Ward,3,4.9259667,1.0
Kenton East Ward,4,3.6001534,1.0
Kenton East Ward,5,3.6588554,2.0
Kenton East Ward,6,3.6491666,1.0
Kenton East Ward,7,3.6625679,3.0
Kenton East Ward,8,3.815185,0.0
Kenton East Ward,9,3.947524,2.0
Kenton East Ward,10,5.511876,3.0
Kenton East Ward,11,5.7271695,2.0
Kenton East Ward,12,5.617477,3.0
Kenton Ward,1,7.2436886,8.0
Kenton Ward,2,6.676679,5.0
Kenton Ward,3,6.9318924,6.0
Kenton Ward,4,5.702179,7.0
Kenton Ward,5,5.758642,2.0
Kenton Ward,6,5.761435,6.0
Kenton Ward,7,5.811129,3.0
Kenton Ward,8,5.9764338,5.0
Kenton Ward,9,6.1107125,2.0
Kenton Ward,10,7.6882873,7.0
Kenton Ward,11,7.9123473,8.0
Kenton Ward,12,7.810017,10.0
Kenton West Ward,1,3.684822,2.0
Kenton West Ward,2,3.3303335,2.0
Kenton West Ward,3,3.6981359,2.0
Kenton West Ward,4,2.5081468,2.0
Kenton West Ward,5,2.5893605,3.0
Kenton West Ward,6,2.5267646,1.0
Kenton West Ward,7,2.5638788,0.0
Kenton West Ward,8,2.7033174,1.0
Kenton West Ward,9,2.8197927,3.0
Kenton West Ward,10,3.922641,2.0
Kenton West Ward,11,4.0597816,1.0
Kenton West Ward,12,3.9446323,1.0
Kew Ward,1,7.0593395,2.0
Kew Ward,2,6.69992,1.0
Kew Ward,3,7.190851,6.0
Kew Ward,4,6.3468103,2.0
Kew Ward,5,6.4835377,3.0
Kew Ward,6,6.3729205,5.0
Kew Ward,7,6.3709564,3.0
Kew Ward,8,6.554947,7.0
Kew Ward,9,6.646256,8.0
Kew Ward,10,7.2188454,7.0
Kew Ward,11,7.3644366,2.0
Kew Ward,12,7.247457,4.0
Kidbrooke Park Ward,1,4.4406376,2.0
Kidbrooke Park Ward,2,4.249138,3.0
Kidbrooke Park Ward,3,4.6337657,5.0
Kidbrooke Park Ward,4,3.719389,2.0
Kidbrooke Park Ward,5,3.8261333,2.0
Kidbrooke Park Ward,6,3.8391104,1.0
Kidbrooke Park Ward,7,3.881784,1.0
Kidbrooke Park Ward,8,4.025557,8.0
Kidbrooke Park Ward,9,4.1332107,8.0
Kidbrooke Park Ward,10,4.7772875,8.0
Kidbrooke Park Ward,11,4.972043,7.0
Kidbrooke Park Ward,12,4.8639984,4.0
Kidbrooke Village & Sutcliffe Ward,1,3.0983264,6.0
Kidbrooke Village & Sutcliffe Ward,2,2.7098672,5.0
Kidbrooke Village & Sutcliffe Ward,3,3.0891168,5.0
Kidbrooke Village & Sutcliffe Ward,4,2.57014,3.0
Kidbrooke Village & Sutcliffe Ward,5,2.7041378,5.0
Kidbrooke Village & Sutcliffe Ward,6,2.697044,4.0
Kidbrooke Village & Sutcliffe Ward,7,2.7210727,8.0
Kidbrooke Village & Sutcliffe Ward,8,2.8448052,8.0
Kidbrooke Village & Sutcliffe Ward,9,2.8855734,9.0
Kidbrooke Village & Sutcliffe Ward,10,3.24275,5.0
Kidbrooke Village & Sutcliffe Ward,11,3.2963355,12.0
Kidbrooke Village & Sutcliffe Ward,12,3.1528654,8.0
Kilburn Ward,1,41.050667,68.0
Kilburn Ward,2,40.15456,50.0
Kilburn Ward,3,44.39211,90.0
Kilburn Ward,4,41.26345,72.0
Kilburn Ward,5,47.44215,78.0
Kilburn Ward,6,47.863422,94.0
Kilburn Ward,7,52.557255,52.0
Kilburn Ward,8,52.755684,58.0
Kilburn Ward,9,48.697155,42.0
Kilburn Ward,10,49.194344,38.0
Kilburn Ward,11,50.773373,30.0
Kilburn Ward,12,50.63929,52.0
King George's & Sunray Ward,1,2.4477606,3.0
King George's & Sunray Ward,2,2.105381,1.0
King George's & Sunray Ward,3,2.4298615,2.0
King George's & Sunray Ward,4,1.2291734,1.0
King George's & Sunray Ward,5,1.284815,1.0
King George's & Sunray Ward,6,1.2606751,1.0
King George's & Sunray Ward,7,1.2696815,3.0
King George's & Sunray Ward,8,1.4222987,2.0
King George's & Sunray Ward,9,1.5362142,0.0
King George's & Sunray Ward,10,2.5824873,0.0
King George's & Sunray Ward,11,2.7617283,3.0
King George's & Sunray Ward,12,2.6071453,1.0
King's Cross Ward,1,7.7234917,8.0
King's Cross Ward,2,7.086666,8.0
King's Cross Ward,3,7.5446863,9.0
King's Cross Ward,4,7.3575177,7.0
King's Cross Ward,5,7.7627463,12.0
King's Cross Ward,6,8.111267,9.0
King's Cross Ward,7,8.750809,11.0
King's Cross Ward,8,8.915533,8.0
King's Cross Ward,9,8.606116,9.0
King's Cross Ward,10,8.535393,6.0
King's Cross Ward,11,8.318164,7.0
King's Cross Ward,12,8.063403,14.0
King's Park Ward,1,5.8703585,6.0
King's Park Ward,2,5.435934,3.0
King's Park Ward,3,5.737832,12.0
King's Park Ward,4,5.018793,4.0
King's Park Ward,5,5.198907,1.0
King's Park Ward,6,5.207431,6.0
King's Park Ward,7,5.3818984,2.0
King's Park Ward,8,5.635298,2.0
King's Park Ward,9,5.497272,14.0
King's Park Ward,10,5.8888664,6.0
King's Park Ward,11,5.7956004,4.0
King's Park Ward,12,5.5484576,4.0
Kingsbury Ward,1,5.375344,9.0
Kingsbury Ward,2,5.034139,8.0
Kingsbury Ward,3,5.3856993,6.0
Kingsbury Ward,4,4.5457735,3.0
Kingsbury Ward,5,4.6348076,3.0
Kingsbury Ward,6,4.627228,3.0
Kingsbury Ward,7,4.674748,5.0
Kingsbury Ward,8,4.80027,4.0
Kingsbury Ward,9,4.881977,8.0
Kingsbury Ward,10,5.539049,5.0
Kingsbury Ward,11,5.645838,6.0
Kingsbury Ward,12,5.5651517,10.0
Kingston Gate Ward,1,3.1499593,0.0
Kingston Gate Ward,2,2.922463,1.0
Kingston Gate Ward,3,3.327887,3.0
Kingston Gate Ward,4,2.5110881,2.0
Kingston Gate Ward,5,2.6072347,3.0
Kingston Gate Ward,6,2.5827181,2.0
Kingston Gate Ward,7,2.6253874,4.0
Kingston Gate Ward,8,2.7593288,2.0
Kingston Gate Ward,9,2.9016676,3.0
Kingston Gate Ward,10,3.328042,2.0
Kingston Gate Ward,11,3.4612877,2.0
Kingston Gate Ward,12,3.3803346,1.0
Kingston Town Ward,1,6.1826653,4.0
Kingston Town Ward,2,5.758363,7.0
Kingston Town Ward,3,6.167775,10.0
Kingston Town Ward,4,5.4899054,8.0
Kingston Town Ward,5,5.5627465,4.0
Kingston Town Ward,6,5.5542927,3.0
Kingston Town Ward,7,5.622618,4.0
Kingston Town Ward,8,5.786735,9.0
Kingston Town Ward,9,5.831446,3.0
Kingston Town Ward,10,6.2857227,8.0
Kingston Town Ward,11,6.3391547,5.0
Kingston Town Ward,12,6.2887683,5.0
Knight's Hill Ward,1,8.14983,4.0
Knight's Hill Ward,2,7.533301,5.0
Knight's Hill Ward,3,8.039762,12.0
Knight's Hill Ward,4,7.668781,8.0
Knight's Hill Ward,5,7.852637,11.0
Knight's Hill Ward,6,7.880169,5.0
Knight's Hill Ward,7,8.024633,6.0
Knight's Hill Ward,8,8.080488,0.0
Knight's Hill Ward,9,8.064966,2.0
Knight's Hill Ward,10,8.176098,8.0
Knight's Hill Ward,11,8.124822,9.0
Knight's Hill Ward,12,7.919763,6.0
Knightsbridge & Belgravia Ward,1,9.630312,9.0
Knightsbridge & Belgravia Ward,2,9.005804,5.0
Knightsbridge & Belgravia Ward,3,9.821675,8.0
Knightsbridge & Belgravia Ward,4,9.093511,9.0
Knightsbridge & Belgravia Ward,5,9.290763,4.0
Knightsbridge & Belgravia Ward,6,9.315081,1.0
Knightsbridge & Belgravia Ward,7,9.508017,18.0
Knightsbridge & Belgravia Ward,8,9.790545,11.0
Knightsbridge & Belgravia Ward,9,9.830951,4.0
Knightsbridge & Belgravia Ward,10,10.396813,9.0
Knightsbridge & Belgravia Ward,11,9.748592,9.0
Knightsbridge & Belgravia Ward,12,9.955443,12.0
Lady Margaret Ward,1,5.360186,4.0
Lady Margaret Ward,2,4.9140916,6.0
Lady Margaret Ward,3,5.3024955,6.0
Lady Margaret Ward,4,3.923069,8.0
Lady Margaret Ward,5,4.0075564,2.0
Lady Margaret Ward,6,3.9960473,3.0
Lady Margaret Ward,7,4.068306,4.0
Lady Margaret Ward,8,4.2478895,4.0
Lady Margaret Ward,9,4.35573,5.0
Lady Margaret Ward,10,5.2188425,7.0
Lady Margaret Ward,11,5.362523,4.0
Lady Margaret Ward,12,5.178793,1.0
Ladywell Ward,1,9.346517,11.0
Ladywell Ward,2,8.968417,16.0
Ladywell Ward,3,9.410113,14.0
Ladywell Ward,4,9.025694,12.0
Ladywell Ward,5,9.209294,5.0
Ladywell Ward,6,9.25087,8.0
Ladywell Ward,7,9.416671,6.0
Ladywell Ward,8,9.555514,3.0
Ladywell Ward,9,9.539194,7.0
Ladywell Ward,10,9.627405,2.0
Ladywell Ward,11,9.54811,7.0
Ladywell Ward,12,9.334536,10.0
Lancaster Gate Ward,1,15.841952,13.0
Lancaster Gate Ward,2,15.539498,10.0
Lancaster Gate Ward,3,16.099802,19.0
Lancaster Gate Ward,4,15.592244,13.0
Lancaster Gate Ward,5,15.742509,13.0
Lancaster Gate Ward,6,15.857138,13.0
Lancaster Gate Ward,7,16.238907,24.0
Lancaster Gate Ward,8,16.42558,15.0
Lancaster Gate Ward,9,15.731043,9.0
Lancaster Gate Ward,10,15.97703,18.0
Lancaster Gate Ward,11,15.941817,12.0
Lancaster Gate Ward,12,15.890333,12.0
Langbourn Ward,1,0.2654127,5.0
Langbourn Ward,2,0.09784605,1.0
Langbourn Ward,3,0.5109029,0.0
Langbourn Ward,4,0.29945287,2.0
Langbourn Ward,5,0.450377,3.0
Langbourn Ward,6,0.46241948,0.0
Langbourn Ward,7,0.57215536,1.0
Langbourn Ward,8,0.6714079,2.0
Langbourn Ward,9,0.6926011,1.0
Langbourn Ward,10,0.5117076,2.0
Langbourn Ward,11,0.42694828,0.0
Langbourn Ward,12,0.37778568,1.0
Lansbury Ward,1,13.303046,17.0
Lansbury Ward,2,12.288947,6.0
Lansbury Ward,3,12.595326,19.0
Lansbury Ward,4,11.316184,4.0
Lansbury Ward,5,11.459567,8.0
Lansbury Ward,6,11.455919,22.0
Lansbury Ward,7,11.572872,17.0
Lansbury Ward,8,11.984995,14.0
Lansbury Ward,9,11.986433,9.0
Lansbury Ward,10,12.129549,9.0
Lansbury Ward,11,12.12571,17.0
Lansbury Ward,12,12.291767,26.0
Larkswood Ward,1,6.7378125,8.0
Larkswood Ward,2,6.2678084,8.0
Larkswood Ward,3,6.688953,10.0
Larkswood Ward,4,5.6205897,14.0
Larkswood Ward,5,5.7421484,4.0
Larkswood Ward,6,5.729951,5.0
Larkswood Ward,7,5.7676787,10.0
Larkswood Ward,8,5.9408865,6.0
Larkswood Ward,9,6.023122,3.0
Larkswood Ward,10,6.69283,7.0
Larkswood Ward,11,6.884979,8.0
Larkswood Ward,12,6.7319016,6.0
Lavender Fields Ward,1,3.2862136,2.0
Lavender Fields Ward,2,3.133555,2.0
Lavender Fields Ward,3,3.5066485,11.0
Lavender Fields Ward,4,2.7459898,6.0
Lavender Fields Ward,5,2.7973783,4.0
Lavender Fields Ward,6,2.7735584,5.0
Lavender Fields Ward,7,2.830362,3.0
Lavender Fields Ward,8,2.9504337,5.0
Lavender Fields Ward,9,3.0321412,2.0
Lavender Fields Ward,10,3.609802,1.0
Lavender Fields Ward,11,3.7125418,10.0
Lavender Fields Ward,12,3.5593135,9.0
Lavender Ward,1,8.058634,7.0
Lavender Ward,2,7.704087,8.0
Lavender Ward,3,8.186478,9.0
Lavender Ward,4,7.703804,16.0
Lavender Ward,5,7.8446674,3.0
Lavender Ward,6,7.819659,9.0
Lavender Ward,7,7.951976,6.0
Lavender Ward,8,7.932791,10.0
Lavender Ward,9,7.9258122,8.0
Lavender Ward,10,8.247394,7.0
Lavender Ward,11,8.210949,3.0
Lavender Ward,12,8.043919,10.0
Laycock Ward,1,7.8617897,7.0
Laycock Ward,2,7.29466,7.0
Laycock Ward,3,7.6429305,3.0
Laycock Ward,4,7.1519747,5.0
Laycock Ward,5,7.3099365,6.0
Laycock Ward,6,7.3226275,9.0
Laycock Ward,7,7.4360228,5.0
Laycock Ward,8,7.52805,11.0
Laycock Ward,9,7.5163727,11.0
Laycock Ward,10,7.651306,11.0
Laycock Ward,11,7.713799,11.0
Laycock Ward,12,7.541961,8.0
Lea Bridge Ward,1,34.335674,46.0
Lea Bridge Ward,2,26.692213,42.0
Lea Bridge Ward,3,31.090126,42.0
Lea Bridge Ward,4,36.547356,22.0
Lea Bridge Ward,5,41.19172,48.0
Lea Bridge Ward,6,44.63516,44.0
Lea Bridge Ward,7,47.78034,44.0
Lea Bridge Ward,8,48.86055,64.0
Lea Bridge Ward,9,40.8532,34.0
Lea Bridge Ward,10,41.761623,38.0
Lea Bridge Ward,11,42.64744,28.0
Lea Bridge Ward,12,39.199154,8.0
Lee Green Ward,1,6.5822887,9.0
Lee Green Ward,2,6.200199,9.0
Lee Green Ward,3,6.6452684,5.0
Lee Green Ward,4,6.0508285,5.0
Lee Green Ward,5,6.189989,6.0
Lee Green Ward,6,6.2177753,6.0
Lee Green Ward,7,6.321602,3.0
Lee Green Ward,8,6.4027157,3.0
Lee Green Ward,9,6.4330792,3.0
Lee Green Ward,10,6.920768,5.0
Lee Green Ward,11,6.950499,2.0
Lee Green Ward,12,6.7862,4.0
Lewisham Central Ward,1,7.0874767,7.0
Lewisham Central Ward,2,5.675589,5.0
Lewisham Central Ward,3,6.0036354,6.0
Lewisham Central Ward,4,5.770427,7.0
Lewisham Central Ward,5,6.1051645,19.0
Lewisham Central Ward,6,6.336732,2.0
Lewisham Central Ward,7,6.6203613,4.0
Lewisham Central Ward,8,6.82128,6.0
Lewisham Central Ward,9,6.736382,9.0
Lewisham Central Ward,10,6.8579874,9.0
Lewisham Central Ward,11,6.794573,4.0
Lewisham Central Ward,12,6.9959025,8.0
Leyton Ward,1,7.3319335,9.0
Leyton Ward,2,6.666721,6.0
Leyton Ward,3,7.0754294,6.0
Leyton Ward,4,6.3068805,7.0
Leyton Ward,5,6.41116,18.0
Leyton Ward,6,6.4380884,16.0
Leyton Ward,7,6.4792233,19.0
Leyton Ward,8,6.5817256,10.0
Leyton Ward,9,6.611902,8.0
Leyton Ward,10,7.1529427,9.0
Leyton Ward,11,7.1888185,7.0
Leyton Ward,12,7.107543,2.0
Leytonstone Ward,1,6.3512073,4.0
Leytonstone Ward,2,5.90823,6.0
Leytonstone Ward,3,6.464909,8.0
Leytonstone Ward,4,6.003013,11.0
Leytonstone Ward,5,6.1397476,6.0
Leytonstone Ward,6,6.17718,11.0
Leytonstone Ward,7,6.296041,11.0
Leytonstone Ward,8,6.54478,13.0
Leytonstone Ward,9,6.5478287,7.0
Leytonstone Ward,10,6.662902,4.0
Leytonstone Ward,11,6.5967674,7.0
Leytonstone Ward,12,6.392897,7.0
Lillie Ward,1,4.2019224,7.0
Lillie Ward,2,3.873472,3.0
Lillie Ward,3,4.235791,5.0
Lillie Ward,4,4.1092134,6.0
Lillie Ward,5,4.2628436,5.0
Lillie Ward,6,4.3076324,3.0
Lillie Ward,7,4.419509,4.0
Lillie Ward,8,4.512288,1.0
Lillie Ward,9,4.500611,5.0
Lillie Ward,10,4.3595786,9.0
Lillie Ward,11,4.3366218,5.0
Lillie Ward,12,4.227316,5.0
Lime Street Ward,1,0.2654127,0.0
Lime Street Ward,2,0.09784605,0.0
Lime Street Ward,3,0.5109029,0.0
Lime Street Ward,4,0.29945287,0.0
Lime Street Ward,5,0.450377,0.0
Lime Street Ward,6,0.46241948,0.0
Lime Street Ward,7,0.57215536,0.0
Lime Street Ward,8,0.6714079,0.0
Lime Street Ward,9,0.6926011,0.0
Lime Street Ward,10,0.5117076,0.0
Lime Street Ward,11,0.42694828,0.0
Lime Street Ward,12,0.37778568,0.0
Limehouse Ward,1,5.2845745,10.0
Limehouse Ward,2,5.2052917,6.0
Limehouse Ward,3,5.5868263,2.0
Limehouse Ward,4,5.2099752,2.0
Limehouse Ward,5,5.308175,2.0
Limehouse Ward,6,5.2965713,3.0
Limehouse Ward,7,5.3620667,2.0
Limehouse Ward,8,5.493723,0.0
Limehouse Ward,9,5.522849,1.0
Limehouse Ward,10,5.658109,4.0
Limehouse Ward,11,5.7024584,10.0
Limehouse Ward,12,5.594134,8.0
Little Ilford Ward,1,6.4474387,7.0
Little Ilford Ward,2,5.8229966,5.0
Little Ilford Ward,3,6.2813334,7.0
Little Ilford Ward,4,5.0961614,7.0
Little Ilford Ward,5,5.2596593,3.0
Little Ilford Ward,6,5.254409,7.0
Little Ilford Ward,7,5.441235,5.0
Little Ilford Ward,8,5.640202,4.0
Little Ilford Ward,9,5.751164,7.0
Little Ilford Ward,10,6.2824154,8.0
Little Ilford Ward,11,6.442553,5.0
Little Ilford Ward,12,6.477684,8.0
Little Venice Ward,1,7.148142,12.0
Little Venice Ward,2,6.8514247,6.0
Little Venice Ward,3,7.393245,6.0
Little Venice Ward,4,6.5946627,12.0
Little Venice Ward,5,6.738433,8.0
Little Venice Ward,6,6.872226,5.0
Little Venice Ward,7,7.0278516,9.0
Little Venice Ward,8,7.1235714,7.0
Little Venice Ward,9,7.117277,4.0
Little Venice Ward,10,7.685501,9.0
Little Venice Ward,11,7.681601,6.0
Little Venice Ward,12,7.491051,8.0
London Bridge & West Bermondsey Ward,1,14.376013,16.0
London Bridge & West Bermondsey Ward,2,13.955805,13.0
London Bridge & West Bermondsey Ward,3,14.403654,18.0
London Bridge & West Bermondsey Ward,4,14.624077,17.0
London Bridge & West Bermondsey Ward,5,14.745355,13.0
London Bridge & West Bermondsey Ward,6,14.807009,11.0
London Bridge & West Bermondsey Ward,7,14.973805,13.0
London Bridge & West Bermondsey Ward,8,15.008017,14.0
London Bridge & West Bermondsey Ward,9,14.987091,10.0
London Bridge & West Bermondsey Ward,10,15.049668,26.0
London Bridge & West Bermondsey Ward,11,14.990028,16.0
London Bridge & West Bermondsey Ward,12,14.866901,15.0
London Fields Ward,1,13.384285,29.0
London Fields Ward,2,12.601826,26.0
London Fields Ward,3,13.061706,15.0
London Fields Ward,4,13.050812,20.0
London Fields Ward,5,13.216356,15.0
London Fields Ward,6,13.210777,11.0
London Fields Ward,7,13.241409,10.0
London Fields Ward,8,13.331978,8.0
London Fields Ward,9,13.288191,9.0
London Fields Ward,10,13.145287,9.0
London Fields Ward,11,13.055862,10.0
London Fields Ward,12,12.93661,13.0
Longbridge Ward,1,5.8526864,6.0
Longbridge Ward,2,5.503562,3.0
Longbridge Ward,3,5.786447,4.0
Longbridge Ward,4,4.840401,4.0
Longbridge Ward,5,4.9554844,3.0
Longbridge Ward,6,4.9479046,2.0
Longbridge Ward,7,4.959084,2.0
Longbridge Ward,8,5.105105,4.0
Longbridge Ward,9,5.2129455,2.0
Longbridge Ward,10,6.016135,5.0
Longbridge Ward,11,6.1843123,5.0
Longbridge Ward,12,6.156131,6.0
Longlands Ward,1,2.2233326,2.0
Longlands Ward,2,1.9957516,1.0
Longlands Ward,3,2.28499,1.0
Longlands Ward,4,1.4285088,1.0
Longlands Ward,5,1.5081736,0.0
Longlands Ward,6,1.4836583,1.0
Longlands Ward,7,1.4858569,2.0
Longlands Ward,8,1.5969931,0.0
Longlands Ward,9,1.7313123,0.0
Longlands Ward,10,2.2226043,3.0
Longlands Ward,11,2.3010097,2.0
Longlands Ward,12,2.1903226,4.0
Longthornton Ward,1,4.4885316,5.0
Longthornton Ward,2,4.3378286,3.0
Longthornton Ward,3,4.704704,7.0
Longthornton Ward,4,3.8019938,4.0
Longthornton Ward,5,3.8879259,5.0
Longthornton Ward,6,3.9028876,10.0
Longthornton Ward,7,3.9360263,7.0
Longthornton Ward,8,4.08057,1.0
Longthornton Ward,9,4.162277,1.0
Longthornton Ward,10,4.635316,1.0
Longthornton Ward,11,4.7158966,5.0
Longthornton Ward,12,4.559274,4.0
Lower Edmonton Ward,1,7.794863,9.0
Lower Edmonton Ward,2,7.287432,11.0
Lower Edmonton Ward,3,7.7936935,5.0
Lower Edmonton Ward,4,6.4605985,11.0
Lower Edmonton Ward,5,6.5415893,6.0
Lower Edmonton Ward,6,6.549332,7.0
Lower Edmonton Ward,7,6.61621,11.0
Lower Edmonton Ward,8,7.158423,7.0
Lower Edmonton Ward,9,7.1858325,6.0
Lower Edmonton Ward,10,7.8282394,6.0
Lower Edmonton Ward,11,8.060334,9.0
Lower Edmonton Ward,12,7.64515,3.0
Lower Morden Ward,1,3.476989,2.0
Lower Morden Ward,2,3.0653276,2.0
Lower Morden Ward,3,3.4081979,5.0
Lower Morden Ward,4,2.2821076,1.0
Lower Morden Ward,5,2.3525643,1.0
Lower Morden Ward,6,2.3341198,2.0
Lower Morden Ward,7,2.362299,3.0
Lower Morden Ward,8,2.443333,1.0
Lower Morden Ward,9,2.5535479,3.0
Lower Morden Ward,10,3.2703185,3.0
Lower Morden Ward,11,3.3230948,2.0
Lower Morden Ward,12,3.224879,2.0
Loxford Ward,1,6.8333464,6.0
Loxford Ward,2,6.298799,6.0
Loxford Ward,3,6.6521263,7.0
Loxford Ward,4,5.5928607,4.0
Loxford Ward,5,5.701467,9.0
Loxford Ward,6,5.6911454,11.0
Loxford Ward,7,5.764021,9.0
Loxford Ward,8,5.9787297,5.0
Loxford Ward,9,6.0382795,11.0
Loxford Ward,10,6.9257607,7.0
Loxford Ward,11,7.1805983,1.0
Loxford Ward,12,7.0610456,8.0
Maida Vale Ward,1,7.3372984,19.0
Maida Vale Ward,2,7.1073422,6.0
Maida Vale Ward,3,7.5293856,11.0
Maida Vale Ward,4,6.6323566,11.0
Maida Vale Ward,5,6.7469993,9.0
Maida Vale Ward,6,6.7605715,6.0
Maida Vale Ward,7,6.838318,11.0
Maida Vale Ward,8,7.031947,10.0
Maida Vale Ward,9,7.1274347,8.0
Maida Vale Ward,10,7.5966,7.0
Maida Vale Ward,11,7.698528,8.0
Maida Vale Ward,12,7.4987955,9.0
Manor Park Ward,1,5.719816,1.0
Manor Park Ward,2,5.4127417,6.0
Manor Park Ward,3,5.759737,5.0
Manor Park Ward,4,4.7147384,5.0
Manor Park Ward,5,4.839663,6.0
Manor Park Ward,6,4.9072547,6.0
Manor Park Ward,7,5.0044856,9.0
Manor Park Ward,8,5.1445713,12.0
Manor Park Ward,9,5.2217264,7.0
Manor Park Ward,10,5.629325,5.0
Manor Park Ward,11,5.843249,2.0
Manor Park Ward,12,5.776471,10.0
Markhouse Ward,1,4.491749,1.0
Markhouse Ward,2,4.0716333,4.0
Markhouse Ward,3,4.416594,2.0
Markhouse Ward,4,3.7507513,2.0
Markhouse Ward,5,3.849247,10.0
Markhouse Ward,6,3.8281178,0.0
Markhouse Ward,7,3.8804586,6.0
Markhouse Ward,8,4.0243535,1.0
Markhouse Ward,9,4.100268,3.0
Markhouse Ward,10,4.513865,3.0
Markhouse Ward,11,4.6419806,2.0
Markhouse Ward,12,4.533936,1.0
Marlborough Ward,1,4.696423,11.0
Marlborough Ward,2,4.280366,3.0
Marlborough Ward,3,4.685957,4.0
Marlborough Ward,4,3.5865653,2.0
Marlborough Ward,5,3.6549006,7.0
Marlborough Ward,6,3.6259675,3.0
Marlborough Ward,7,3.690559,9.0
Marlborough Ward,8,3.872594,3.0
Marlborough Ward,9,3.9890685,5.0
Marlborough Ward,10,5.021852,4.0
Marlborough Ward,11,5.1215963,2.0
Marlborough Ward,12,5.0161495,2.0
Marshalls & Rise Park Ward,1,4.7633443,2.0
Marshalls & Rise Park Ward,2,4.475739,2.0
Marshalls & Rise Park Ward,3,4.8174987,3.0
Marshalls & Rise Park Ward,4,3.457773,4.0
Marshalls & Rise Park Ward,5,3.4976854,12.0
Marshalls & Rise Park Ward,6,3.4837508,1.0
Marshalls & Rise Park Ward,7,3.4890616,2.0
Marshalls & Rise Park Ward,8,3.6025074,1.0
Marshalls & Rise Park Ward,9,3.7487617,2.0
Marshalls & Rise Park Ward,10,5.2785025,4.0
Marshalls & Rise Park Ward,11,5.4471316,19.0
Marshalls & Rise Park Ward,12,5.3937078,7.0
Maryland Ward,1,6.1321692,9.0
Maryland Ward,2,5.867048,9.0
Maryland Ward,3,6.31606,5.0
Maryland Ward,4,5.6526594,4.0
Maryland Ward,5,5.760278,8.0
Maryland Ward,6,5.7785172,5.0
Maryland Ward,7,5.8608932,7.0
Maryland Ward,8,6.006914,17.0
Maryland Ward,9,6.116527,10.0
Maryland Ward,10,6.4539905,10.0
Maryland Ward,11,6.5245404,3.0
Maryland Ward,12,6.4503727,2.0
Marylebone Ward,1,23.068913,29.0
Marylebone Ward,2,21.51666,15.0
Marylebone Ward,3,22.236118,20.0
Marylebone Ward,4,20.744627,28.0
Marylebone Ward,5,21.073534,29.0
Marylebone Ward,6,21.12314,15.0
Marylebone Ward,7,21.729143,43.0
Marylebone Ward,8,22.076414,39.0
Marylebone Ward,9,21.522099,19.0
Marylebone Ward,10,22.04464,22.0
Marylebone Ward,11,21.625074,29.0
Marylebone Ward,12,21.21787,32.0
Mawneys Ward,1,5.317074,7.0
Mawneys Ward,2,5.0793095,1.0
Mawneys Ward,3,5.5117044,3.0
Mawneys Ward,4,4.112717,6.0
Mawneys Ward,5,4.19075,6.0
Mawneys Ward,6,4.092254,13.0
Mawneys Ward,7,4.1362624,0.0
Mawneys Ward,8,4.245272,11.0
Mawneys Ward,9,4.3531127,6.0
Mawneys Ward,10,5.4597077,6.0
Mawneys Ward,11,5.7011814,7.0
Mawneys Ward,12,5.80064,1.0
Mayesbrook Ward,1,6.137395,1.0
Mayesbrook Ward,2,5.5368,6.0
Mayesbrook Ward,3,5.8598003,1.0
Mayesbrook Ward,4,5.2272797,4.0
Mayesbrook Ward,5,5.2654705,1.0
Mayesbrook Ward,6,5.2676754,1.0
Mayesbrook Ward,7,5.403361,5.0
Mayesbrook Ward,8,5.4823837,3.0
Mayesbrook Ward,9,5.408064,5.0
Mayesbrook Ward,10,5.561007,8.0
Mayesbrook Ward,11,5.6290474,4.0
Mayesbrook Ward,12,5.60785,2.0
Mayfield Ward,1,5.4052877,3.0
Mayfield Ward,2,5.151505,2.0
Mayfield Ward,3,5.4176846,7.0
Mayfield Ward,4,4.1321025,9.0
Mayfield Ward,5,4.2252364,3.0
Mayfield Ward,6,4.2401996,3.0
Mayfield Ward,7,4.2481966,0.0
Mayfield Ward,8,4.4548554,9.0
Mayfield Ward,9,4.5865755,6.0
Mayfield Ward,10,5.842016,4.0
Mayfield Ward,11,6.1259747,4.0
Mayfield Ward,12,6.039971,5.0
Merton Park Ward,1,4.574774,2.0
Merton Park Ward,2,4.178608,0.0
Merton Park Ward,3,4.5692825,2.0
Merton Park Ward,4,3.741073,3.0
Merton Park Ward,5,3.8222854,2.0
Merton Park Ward,6,3.8138313,0.0
Merton Park Ward,7,3.8678677,3.0
Merton Park Ward,8,4.0407786,3.0
Merton Park Ward,9,4.1032376,0.0
Merton Park Ward,10,4.395248,3.0
Merton Park Ward,11,4.461303,4.0
Merton Park Ward,12,4.454197,4.0
Middle Park & Horn Park Ward,1,4.196582,6.0
Middle Park & Horn Park Ward,2,3.5144703,2.0
Middle Park & Horn Park Ward,3,3.7828028,2.0
Middle Park & Horn Park Ward,4,3.0899136,0.0
Middle Park & Horn Park Ward,5,3.2249832,2.0
Middle Park & Horn Park Ward,6,3.1896477,1.0
Middle Park & Horn Park Ward,7,3.21061,0.0
Middle Park & Horn Park Ward,8,3.3220336,0.0
Middle Park & Horn Park Ward,9,3.3969076,1.0
Middle Park & Horn Park Ward,10,3.8536701,2.0
Middle Park & Horn Park Ward,11,3.9483438,2.0
Middle Park & Horn Park Ward,12,3.8023345,6.0
Mildmay Ward,1,9.854517,10.0
Mildmay Ward,2,9.294477,5.0
Mildmay Ward,3,9.8047,12.0
Mildmay Ward,4,9.53463,9.0
Mildmay Ward,5,9.712541,3.0
Mildmay Ward,6,9.796519,3.0
Mildmay Ward,7,10.033404,8.0
Mildmay Ward,8,10.164712,3.0
Mildmay Ward,9,10.143786,3.0
Mildmay Ward,10,10.187559,3.0
Mildmay Ward,11,10.131837,12.0
Mildmay Ward,12,10.007749,6.0
Mile End Ward,1,13.081463,10.0
Mile End Ward,2,12.143184,8.0
Mile End Ward,3,12.536962,9.0
Mile End Ward,4,12.072348,17.0
Mile End Ward,5,12.158918,10.0
Mile End Ward,6,12.111634,9.0
Mile End Ward,7,12.353918,11.0
Mile End Ward,8,12.553468,16.0
Mile End Ward,9,12.385405,9.0
Mile End Ward,10,12.468173,17.0
Mile End Ward,11,12.495923,21.0
Mile End Ward,12,12.147209,17.0
Mill Hill Ward,1,10.201095,5.0
Mill Hill Ward,2,9.849252,14.0
Mill Hill Ward,3,10.1514845,11.0
Mill Hill Ward,4,8.522819,4.0
Mill Hill Ward,5,8.441112,5.0
Mill Hill Ward,6,8.4226675,4.0
Mill Hill Ward,7,8.4754305,8.0
Mill Hill Ward,8,8.64982,5.0
Mill Hill Ward,9,8.803314,13.0
Mill Hill Ward,10,10.268059,5.0
Mill Hill Ward,11,10.456169,10.0
Mill Hill Ward,12,10.387717,20.0
Monkhams Ward,1,4.5516396,3.0
Monkhams Ward,2,4.3029194,5.0
Monkhams Ward,3,4.6654177,1.0
Monkhams Ward,4,3.4696374,3.0
Monkhams Ward,5,3.5508506,2.0
Monkhams Ward,6,3.5324059,6.0
Monkhams Ward,7,3.5647967,1.0
Monkhams Ward,8,3.6962433,5.0
Monkhams Ward,9,3.824836,7.0
Monkhams Ward,10,4.9586725,6.0
Monkhams Ward,11,5.0284424,4.0
Monkhams Ward,12,4.9852843,5.0
Mortlake & Barnes Common Ward,1,7.4330244,9.0
Mortlake & Barnes Common Ward,2,7.139451,7.0
Mortlake & Barnes Common Ward,3,7.5972166,2.0
Mortlake & Barnes Common Ward,4,6.775805,3.0
Mortlake & Barnes Common Ward,5,6.862134,7.0
Mortlake & Barnes Common Ward,6,6.720954,10.0
Mortlake & Barnes Common Ward,7,6.692957,3.0
Mortlake & Barnes Common Ward,8,6.826419,8.0
Mortlake & Barnes Common Ward,9,6.919944,3.0
Mortlake & Barnes Common Ward,10,7.632264,4.0
Mortlake & Barnes Common Ward,11,7.6724596,4.0
Mortlake & Barnes Common Ward,12,7.517373,5.0
Motspur Park & Old Malden East Ward,1,2.0472486,1.0
Motspur Park & Old Malden East Ward,2,1.6939397,0.0
Motspur Park & Old Malden East Ward,3,2.0810027,4.0
Motspur Park & Old Malden East Ward,4,1.0702118,1.0
Motspur Park & Old Malden East Ward,5,1.1663586,3.0
Motspur Park & Old Malden East Ward,6,1.1479146,1.0
Motspur Park & Old Malden East Ward,7,1.1661528,3.0
Motspur Park & Old Malden East Ward,8,1.2851502,2.0
Motspur Park & Old Malden East Ward,9,1.4137423,0.0
Motspur Park & Old Malden East Ward,10,2.0337775,0.0
Motspur Park & Old Malden East Ward,11,2.099227,2.0
Motspur Park & Old Malden East Ward,12,2.0134175,0.0
Mottingham Ward,1,5.0972147,7.0
Mottingham Ward,2,4.743879,6.0
Mottingham Ward,3,5.087038,3.0
Mottingham Ward,4,3.851966,5.0
Mottingham Ward,5,3.9398153,7.0
Mottingham Ward,6,3.9107478,4.0
Mottingham Ward,7,3.9334712,7.0
Mottingham Ward,8,4.256324,6.0
Mottingham Ward,9,4.3247046,2.0
Mottingham Ward,10,5.1366963,6.0
Mottingham Ward,11,5.2014165,5.0
Mottingham Ward,12,5.0295415,4.0
"Mottingham, Coldharbour & New Eltham Ward",1,5.3334327,2.0
"Mottingham, Coldharbour & New Eltham Ward",2,5.1124387,2.0
"Mottingham, Coldharbour & New Eltham Ward",3,5.432511,3.0
"Mottingham, Coldharbour & New Eltham Ward",4,4.4016433,4.0
"Mottingham, Coldharbour & New Eltham Ward",5,4.480232,9.0
"Mottingham, Coldharbour & New Eltham Ward",6,4.4638963,5.0
"Mottingham, Coldharbour & New Eltham Ward",7,4.495533,2.0
"Mottingham, Coldharbour & New Eltham Ward",8,4.6348925,3.0
"Mottingham, Coldharbour & New Eltham Ward",9,4.742733,1.0
"Mottingham, Coldharbour & New Eltham Ward",10,5.697712,4.0
"Mottingham, Coldharbour & New Eltham Ward",11,5.9021444,7.0
"Mottingham, Coldharbour & New Eltham Ward",12,5.7452364,7.0
Munster Ward,1,6.348233,3.0
Munster Ward,2,6.276072,6.0
Munster Ward,3,6.7268095,8.0
Munster Ward,4,5.9400344,6.0
Munster Ward,5,6.0231857,4.0
Munster Ward,6,6.0295,5.0
Munster Ward,7,6.1091485,4.0
Munster Ward,8,6.205565,8.0
Munster Ward,9,6.271078,5.0
Munster Ward,10,6.736075,7.0
Munster Ward,11,6.8166556,5.0
Munster Ward,12,6.7108703,5.0
Muswell Hill Ward,1,5.6932564,6.0
Muswell Hill Ward,2,5.363871,3.0
Muswell Hill Ward,3,5.835513,2.0
Muswell Hill Ward,4,5.3706455,5.0
Muswell Hill Ward,5,5.504961,2.0
Muswell Hill Ward,6,5.53779,5.0
Muswell Hill Ward,7,5.6585217,3.0
Muswell Hill Ward,8,5.768516,5.0
Muswell Hill Ward,9,5.802636,6.0
Muswell Hill Ward,10,6.165426,5.0
Muswell Hill Ward,11,6.1721644,4.0
Muswell Hill Ward,12,6.132541,5.0
Myatt's Fields Ward,1,6.317961,5.0
Myatt's Fields Ward,2,5.5362644,8.0
Myatt's Fields Ward,3,6.054124,6.0
Myatt's Fields Ward,4,5.836532,6.0
Myatt's Fields Ward,5,6.0029635,1.0
Myatt's Fields Ward,6,6.0110025,4.0
Myatt's Fields Ward,7,6.2074413,5.0
Myatt's Fields Ward,8,6.3342133,8.0
Myatt's Fields Ward,9,6.313288,7.0
Myatt's Fields Ward,10,6.4816008,6.0
Myatt's Fields Ward,11,6.334168,9.0
Myatt's Fields Ward,12,6.1291146,3.0
New Addington North Ward,1,2.704215,1.0
New Addington North Ward,2,2.3352823,2.0
New Addington North Ward,3,2.8352282,5.0
New Addington North Ward,4,2.1884472,2.0
New Addington North Ward,5,2.3083425,0.0
New Addington North Ward,6,2.2722812,2.0
New Addington North Ward,7,2.348875,2.0
New Addington North Ward,8,2.4495416,0.0
New Addington North Ward,9,2.5046532,3.0
New Addington North Ward,10,2.791087,2.0
New Addington North Ward,11,3.0173554,0.0
New Addington North Ward,12,3.167754,3.0
New Addington South Ward,1,4.934587,4.0
New Addington South Ward,2,4.1575184,7.0
New Addington South Ward,3,4.4334974,5.0
New Addington South Ward,4,3.6652892,1.0
New Addington South Ward,5,3.828819,3.0
New Addington South Ward,6,3.657528,3.0
New Addington South Ward,7,3.9029682,3.0
New Addington South Ward,8,3.9790988,2.0
New Addington South Ward,9,4.0274196,2.0
New Addington South Ward,10,4.655654,4.0
New Addington South Ward,11,4.891923,1.0
New Addington South Ward,12,4.804231,5.0
New Cross Gate Ward,1,5.8820744,9.0
New Cross Gate Ward,2,5.0523396,5.0
New Cross Gate Ward,3,5.418273,8.0
New Cross Gate Ward,4,5.2182994,7.0
New Cross Gate Ward,5,5.4111414,7.0
New Cross Gate Ward,6,5.4644947,4.0
New Cross Gate Ward,7,5.8902855,6.0
New Cross Gate Ward,8,6.040425,10.0
New Cross Gate Ward,9,6.0195,11.0
New Cross Gate Ward,10,6.086,0.0
New Cross Gate Ward,11,5.9800453,4.0
New Cross Gate Ward,12,5.8391695,8.0
New Malden Village Ward,1,5.5687437,10.0
New Malden Village Ward,2,5.1168814,4.0
New Malden Village Ward,3,5.3561735,8.0
New Malden Village Ward,4,4.4697647,6.0
New Malden Village Ward,5,4.5590873,3.0
New Malden Village Ward,6,4.5506334,6.0
New Malden Village Ward,7,4.6217375,5.0
New Malden Village Ward,8,4.7686725,0.0
New Malden Village Ward,9,4.8070836,0.0
New Malden Village Ward,10,5.549243,1.0
New Malden Village Ward,11,5.554399,4.0
New Malden Village Ward,12,5.458537,7.0
New Southgate Ward,1,5.5228667,4.0
New Southgate Ward,2,5.103065,6.0
New Southgate Ward,3,5.5132957,4.0
New Southgate Ward,4,4.5060225,4.0
New Southgate Ward,5,4.5798497,5.0
New Southgate Ward,6,4.5696626,1.0
New Southgate Ward,7,4.594715,4.0
New Southgate Ward,8,4.7495966,8.0
New Southgate Ward,9,4.8425245,4.0
New Southgate Ward,10,5.5994296,4.0
New Southgate Ward,11,5.6928763,4.0
New Southgate Ward,12,5.5642004,7.0
Newbury Ward,1,5.555461,4.0
Newbury Ward,2,5.1284394,6.0
Newbury Ward,3,5.479995,3.0
Newbury Ward,4,4.194717,1.0
Newbury Ward,5,4.2772293,7.0
Newbury Ward,6,4.262505,3.0
Newbury Ward,7,4.2860813,6.0
Newbury Ward,8,4.470225,5.0
Newbury Ward,9,4.6019444,2.0
Newbury Ward,10,5.9713616,5.0
Newbury Ward,11,6.0948615,3.0
Newbury Ward,12,5.9892297,0.0
Newington Ward,1,6.2046046,3.0
Newington Ward,2,5.4791703,4.0
Newington Ward,3,5.96514,5.0
Newington Ward,4,5.7162404,7.0
Newington Ward,5,5.911007,5.0
Newington Ward,6,5.9953523,3.0
Newington Ward,7,6.2180624,4.0
Newington Ward,8,6.2975492,8.0
Newington Ward,9,6.2300267,5.0
Newington Ward,10,6.3314304,8.0
Newington Ward,11,6.1911955,5.0
Newington Ward,12,6.0071025,9.0
Nine Elms Ward,1,2.5325131,6.0
Nine Elms Ward,2,2.177171,3.0
Nine Elms Ward,3,2.7536445,9.0
Nine Elms Ward,4,2.4083872,1.0
Nine Elms Ward,5,2.4867024,5.0
Nine Elms Ward,6,2.490329,8.0
Nine Elms Ward,7,2.615676,8.0
Nine Elms Ward,8,2.8658097,6.0
Nine Elms Ward,9,2.8686712,4.0
Nine Elms Ward,10,2.8559031,6.0
Nine Elms Ward,11,2.6761196,6.0
Nine Elms Ward,12,2.5445623,7.0
Noel Park Ward,1,9.91023,6.0
Noel Park Ward,2,9.088425,8.0
Noel Park Ward,3,9.557874,10.0
Noel Park Ward,4,9.169981,8.0
Noel Park Ward,5,9.337213,11.0
Noel Park Ward,6,9.336209,7.0
Noel Park Ward,7,9.589301,7.0
Noel Park Ward,8,9.676829,6.0
Noel Park Ward,9,9.67719,12.0
Noel Park Ward,10,9.951298,7.0
Noel Park Ward,11,10.000936,9.0
Noel Park Ward,12,9.911195,9.0
Norbiton Ward,1,3.609433,3.0
Norbiton Ward,2,3.4162626,3.0
Norbiton Ward,3,3.7967885,6.0
Norbiton Ward,4,3.0758402,4.0
Norbiton Ward,5,3.1314814,4.0
Norbiton Ward,6,3.1173162,4.0
Norbiton Ward,7,3.1497967,1.0
Norbiton Ward,8,3.2650063,1.0
Norbiton Ward,9,3.328911,1.0
Norbiton Ward,10,3.8193161,8.0
Norbiton Ward,11,3.9148583,2.0
Norbiton Ward,12,3.8058743,5.0
Norbury & Pollards Hill Ward,1,5.1838903,7.0
Norbury & Pollards Hill Ward,2,4.9338107,8.0
Norbury & Pollards Hill Ward,3,5.328689,5.0
Norbury & Pollards Hill Ward,4,4.337548,5.0
Norbury & Pollards Hill Ward,5,4.4397364,3.0
Norbury & Pollards Hill Ward,6,4.437424,10.0
Norbury & Pollards Hill Ward,7,4.47631,7.0
Norbury & Pollards Hill Ward,8,4.6474338,14.0
Norbury & Pollards Hill Ward,9,4.724776,4.0
Norbury & Pollards Hill Ward,10,5.554144,8.0
Norbury & Pollards Hill Ward,11,5.6135635,4.0
Norbury & Pollards Hill Ward,12,5.4936433,9.0
Norbury Park Ward,1,4.632057,3.0
Norbury Park Ward,2,4.5318003,2.0
Norbury Park Ward,3,4.883746,5.0
Norbury Park Ward,4,4.1272697,5.0
Norbury Park Ward,5,4.2193813,4.0
Norbury Park Ward,6,4.2308917,6.0
Norbury Park Ward,7,4.267074,7.0
Norbury Park Ward,8,4.438198,4.0
Norbury Park Ward,9,4.519905,1.0
Norbury Park Ward,10,4.9595647,2.0
Norbury Park Ward,11,5.0278344,6.0
Norbury Park Ward,12,4.918852,1.0
Norland Ward,1,4.5228343,4.0
Norland Ward,2,3.7343075,4.0
Norland Ward,3,4.3801045,5.0
Norland Ward,4,3.6062357,4.0
Norland Ward,5,3.7171855,2.0
Norland Ward,6,3.7048817,4.0
Norland Ward,7,3.9826398,4.0
Norland Ward,8,4.261525,6.0
Norland Ward,9,4.301932,5.0
Norland Ward,10,4.7101755,6.0
Norland Ward,11,4.5765295,4.0
Norland Ward,12,4.507017,10.0
North Acton Ward,1,10.970106,12.0
North Acton Ward,2,10.6081295,13.0
North Acton Ward,3,11.366489,12.0
North Acton Ward,4,10.720935,11.0
North Acton Ward,5,10.856077,7.0
North Acton Ward,6,10.867968,9.0
North Acton Ward,7,10.9779415,14.0
North Acton Ward,8,11.151244,9.0
North Acton Ward,9,11.181419,7.0
North Acton Ward,10,11.574813,11.0
North Acton Ward,11,11.598989,15.0
North Acton Ward,12,11.441907,5.0
North Bermondsey Ward,1,9.954219,8.0
North Bermondsey Ward,2,9.624726,6.0
North Bermondsey Ward,3,10.033599,5.0
North Bermondsey Ward,4,9.839407,11.0
North Bermondsey Ward,5,10.112383,14.0
North Bermondsey Ward,6,10.114067,6.0
North Bermondsey Ward,7,10.220734,9.0
North Bermondsey Ward,8,10.279445,11.0
North Bermondsey Ward,9,10.271274,12.0
North Bermondsey Ward,10,10.183573,12.0
North Bermondsey Ward,11,10.160149,13.0
North Bermondsey Ward,12,9.8898945,5.0
North Cheam Ward,1,3.3694017,2.0
North Cheam Ward,2,2.9883966,2.0
North Cheam Ward,3,3.3176546,2.0
North Cheam Ward,4,2.2964418,8.0
North Cheam Ward,5,2.3484783,2.0
North Cheam Ward,6,2.330034,1.0
North Cheam Ward,7,2.3322325,4.0
North Cheam Ward,8,2.4560637,3.0
North Cheam Ward,9,2.5643494,1.0
North Cheam Ward,10,3.234455,3.0
North Cheam Ward,11,3.2772098,3.0
North Cheam Ward,12,3.192551,0.0
North Greenford Ward,1,7.022951,7.0
North Greenford Ward,2,6.581078,5.0
North Greenford Ward,3,6.918258,5.0
North Greenford Ward,4,5.583968,2.0
North Greenford Ward,5,5.6281657,3.0
North Greenford Ward,6,5.6134415,3.0
North Greenford Ward,7,5.6437798,4.0
North Greenford Ward,8,5.804716,0.0
North Greenford Ward,9,5.936436,3.0
North Greenford Ward,10,7.0906367,16.0
North Greenford Ward,11,7.189184,7.0
North Greenford Ward,12,7.1177926,8.0
North Hanwell Ward,1,6.1615624,5.0
North Hanwell Ward,2,5.8955765,9.0
North Hanwell Ward,3,6.3180933,4.0
North Hanwell Ward,4,5.298288,4.0
North Hanwell Ward,5,5.4043827,2.0
North Hanwell Ward,6,5.4052234,1.0
North Hanwell Ward,7,5.459995,3.0
North Hanwell Ward,8,5.6436763,3.0
North Hanwell Ward,9,5.754593,3.0
North Hanwell Ward,10,6.583767,10.0
North Hanwell Ward,11,6.667956,3.0
North Hanwell Ward,12,6.420844,7.0
North Harrow Ward,1,3.1399164,1.0
North Harrow Ward,2,2.8238533,2.0
North Harrow Ward,3,3.2430809,1.0
North Harrow Ward,4,2.1086144,0.0
North Harrow Ward,5,2.2237587,0.0
North Harrow Ward,6,2.2141378,1.0
North Harrow Ward,7,2.248091,2.0
North Harrow Ward,8,2.3628633,0.0
North Harrow Ward,9,2.6070168,3.0
North Harrow Ward,10,3.7597373,3.0
North Harrow Ward,11,3.9163814,3.0
North Harrow Ward,12,3.854964,3.0
North Richmond Ward,1,6.51943,5.0
North Richmond Ward,2,5.746747,9.0
North Richmond Ward,3,6.1999288,5.0
North Richmond Ward,4,5.252007,3.0
North Richmond Ward,5,5.2945895,3.0
North Richmond Ward,6,5.286136,5.0
North Richmond Ward,7,5.406499,2.0
North Richmond Ward,8,5.562915,4.0
North Richmond Ward,9,5.657074,4.0
North Richmond Ward,10,6.042671,0.0
North Richmond Ward,11,6.097702,4.0
North Richmond Ward,12,6.0234847,2.0
North Walworth Ward,1,11.70648,27.0
North Walworth Ward,2,10.681272,6.0
North Walworth Ward,3,11.173559,11.0
North Walworth Ward,4,11.11875,20.0
North Walworth Ward,5,11.316127,19.0
North Walworth Ward,6,11.408426,8.0
North Walworth Ward,7,11.967162,13.0
North Walworth Ward,8,12.072012,24.0
North Walworth Ward,9,11.9369135,20.0
North Walworth Ward,10,11.73917,29.0
North Walworth Ward,11,11.71894,19.0
North Walworth Ward,12,11.57712,22.0
Northbury Ward,1,5.0578246,13.0
Northbury Ward,2,4.941185,7.0
Northbury Ward,3,5.252397,6.0
Northbury Ward,4,4.438148,7.0
Northbury Ward,5,4.5774617,12.0
Northbury Ward,6,4.577293,1.0
Northbury Ward,7,4.7362127,7.0
Northbury Ward,8,4.926618,9.0
Northbury Ward,9,5.0025325,2.0
Northbury Ward,10,5.5267735,6.0
Northbury Ward,11,5.6286488,4.0
Northbury Ward,12,5.481818,7.0
Northcote Ward,1,5.6001644,8.0
Northcote Ward,2,4.861622,4.0
Northcote Ward,3,5.303946,4.0
Northcote Ward,4,4.6591096,6.0
Northcote Ward,5,5.1791873,4.0
Northcote Ward,6,5.1348047,5.0
Northcote Ward,7,5.1793165,3.0
Northcote Ward,8,4.785817,2.0
Northcote Ward,9,4.8090863,2.0
Northcote Ward,10,5.0221925,3.0
Northcote Ward,11,4.9198785,2.0
Northcote Ward,12,5.2745347,0.0
Northfield Ward,1,6.310767,10.0
Northfield Ward,2,5.8118386,5.0
Northfield Ward,3,6.2455235,6.0
Northfield Ward,4,5.272939,6.0
Northfield Ward,5,5.3560905,0.0
Northfield Ward,6,5.3476367,2.0
Northfield Ward,7,5.4187407,4.0
Northfield Ward,8,5.569503,2.0
Northfield Ward,9,5.6536427,2.0
Northfield Ward,10,6.390719,2.0
Northfield Ward,11,6.4912014,2.0
Northfield Ward,12,6.3996434,3.0
Northolt Mandeville Ward,1,7.8685713,3.0
Northolt Mandeville Ward,2,7.374479,7.0
Northolt Mandeville Ward,3,7.6649323,3.0
Northolt Mandeville Ward,4,6.6157417,5.0
Northolt Mandeville Ward,5,6.724348,5.0
Northolt Mandeville Ward,6,6.7040367,7.0
Northolt Mandeville Ward,7,6.764763,3.0
Northolt Mandeville Ward,8,6.976786,1.0
Northolt Mandeville Ward,9,7.0583043,4.0
Northolt Mandeville Ward,10,7.9728255,6.0
Northolt Mandeville Ward,11,8.097816,4.0
Northolt Mandeville Ward,12,7.9350424,9.0
Northolt West End Ward,1,7.5292754,8.0
Northolt West End Ward,2,6.827881,5.0
Northolt West End Ward,3,7.1389675,2.0
Northolt West End Ward,4,5.9369197,3.0
Northolt West End Ward,5,6.057003,1.0
Northolt West End Ward,6,6.0161242,2.0
Northolt West End Ward,7,6.075739,6.0
Northolt West End Ward,8,6.2971983,1.0
Northolt West End Ward,9,6.461938,9.0
Northolt West End Ward,10,6.9640694,3.0
Northolt West End Ward,11,7.1234627,1.0
Northolt West End Ward,12,6.9822254,2.0
Northumberland Heath Ward,1,3.4842598,3.0
Northumberland Heath Ward,2,3.5482042,0.0
Northumberland Heath Ward,3,3.9908035,1.0
Northumberland Heath Ward,4,2.7345395,5.0
Northumberland Heath Ward,5,2.8497126,2.0
Northumberland Heath Ward,6,2.7300725,1.0
Northumberland Heath Ward,7,2.7379527,1.0
Northumberland Heath Ward,8,2.852458,1.0
Northumberland Heath Ward,9,2.9603007,1.0
Northumberland Heath Ward,10,3.8362029,4.0
Northumberland Heath Ward,11,3.9748073,2.0
Northumberland Heath Ward,12,3.8373826,1.0
Northumberland Park Ward,1,12.35666,9.0
Northumberland Park Ward,2,11.848496,4.0
Northumberland Park Ward,3,12.348044,19.0
Northumberland Park Ward,4,11.992401,14.0
Northumberland Park Ward,5,12.136832,8.0
Northumberland Park Ward,6,12.17144,12.0
Northumberland Park Ward,7,13.022721,16.0
Northumberland Park Ward,8,13.178647,8.0
Northumberland Park Ward,9,12.751182,7.0
Northumberland Park Ward,10,12.4764185,8.0
Northumberland Park Ward,11,12.483111,11.0
Northumberland Park Ward,12,12.526396,13.0
Northwick Park Ward,1,4.6846037,1.0
Northwick Park Ward,2,4.5429792,5.0
Northwick Park Ward,3,4.9569035,11.0
Northwick Park Ward,4,3.8060641,1.0
Northwick Park Ward,5,3.8826683,3.0
Northwick Park Ward,6,3.860496,0.0
Northwick Park Ward,7,3.903975,3.0
Northwick Park Ward,8,4.0631013,3.0
Northwick Park Ward,9,4.197999,1.0
Northwick Park Ward,10,5.248557,7.0
Northwick Park Ward,11,5.315022,2.0
Northwick Park Ward,12,5.2021112,5.0
Northwood Hills Ward,1,5.3329453,5.0
Northwood Hills Ward,2,4.9957733,9.0
Northwood Hills Ward,3,5.326105,7.0
Northwood Hills Ward,4,4.1336775,2.0
Northwood Hills Ward,5,4.204706,4.0
Northwood Hills Ward,6,4.186262,2.0
Northwood Hills Ward,7,4.2166095,5.0
Northwood Hills Ward,8,4.308589,5.0
Northwood Hills Ward,9,4.421728,5.0
Northwood Hills Ward,10,5.5613995,4.0
Northwood Hills Ward,11,5.758546,4.0
Northwood Hills Ward,12,5.6602163,10.0
Northwood Ward,1,4.953191,7.0
Northwood Ward,2,4.734722,1.0
Northwood Ward,3,5.0657816,5.0
Northwood Ward,4,3.948395,3.0
Northwood Ward,5,4.012875,1.0
Northwood Ward,6,4.0031867,3.0
Northwood Ward,7,4.007104,2.0
Northwood Ward,8,4.1220484,2.0
Northwood Ward,9,4.270482,3.0
Northwood Ward,10,5.15237,3.0
Northwood Ward,11,5.2693152,7.0
Northwood Ward,12,5.221287,6.0
Norwood Green Ward,1,7.281533,7.0
Norwood Green Ward,2,6.622083,15.0
Norwood Green Ward,3,6.8283577,14.0
Norwood Green Ward,4,5.944173,4.0
Norwood Green Ward,5,6.0959983,8.0
Norwood Green Ward,6,6.0838428,3.0
Norwood Green Ward,7,6.1700068,12.0
Norwood Green Ward,8,6.3264146,7.0
Norwood Green Ward,9,6.426734,9.0
Norwood Green Ward,10,6.936013,8.0
Norwood Green Ward,11,7.026054,5.0
Norwood Green Ward,12,6.883582,2.0
Notting Dale Ward,1,5.007146,2.0
Notting Dale Ward,2,4.6905375,8.0
Notting Dale Ward,3,5.1114793,3.0
Notting Dale Ward,4,4.321928,3.0
Notting Dale Ward,5,4.4737535,4.0
Notting Dale Ward,6,4.5212355,8.0
Notting Dale Ward,7,4.736639,9.0
Notting Dale Ward,8,4.9280596,5.0
Notting Dale Ward,9,4.8845286,2.0
Notting Dale Ward,10,5.2838826,7.0
Notting Dale Ward,11,5.2576637,2.0
Notting Dale Ward,12,5.0958314,5.0
Nunhead & Queen's Road Ward,1,8.849882,13.0
Nunhead & Queen's Road Ward,2,8.149351,5.0
Nunhead & Queen's Road Ward,3,8.651006,6.0
Nunhead & Queen's Road Ward,4,8.468942,13.0
Nunhead & Queen's Road Ward,5,8.635376,9.0
Nunhead & Queen's Road Ward,6,8.684812,8.0
Nunhead & Queen's Road Ward,7,8.929559,3.0
Nunhead & Queen's Road Ward,8,9.0474205,6.0
Nunhead & Queen's Road Ward,9,9.026495,12.0
Nunhead & Queen's Road Ward,10,8.943229,9.0
Nunhead & Queen's Road Ward,11,8.861718,9.0
Nunhead & Queen's Road Ward,12,8.740897,9.0
Oakwood Ward,1,4.267409,5.0
Oakwood Ward,2,3.7830315,3.0
Oakwood Ward,3,4.107591,0.0
Oakwood Ward,4,3.0400336,3.0
Oakwood Ward,5,3.1075735,2.0
Oakwood Ward,6,3.089129,1.0
Oakwood Ward,7,3.089675,2.0
Oakwood Ward,8,3.188312,2.0
Oakwood Ward,9,3.2737017,2.0
Oakwood Ward,10,4.1531615,3.0
Oakwood Ward,11,4.2836847,4.0
Oakwood Ward,12,4.1923428,1.0
Old Coulsdon Ward,1,2.745161,5.0
Old Coulsdon Ward,2,2.8471029,2.0
Old Coulsdon Ward,3,3.1333163,2.0
Old Coulsdon Ward,4,2.375502,2.0
Old Coulsdon Ward,5,2.419019,0.0
Old Coulsdon Ward,6,2.41812,2.0
Old Coulsdon Ward,7,2.409252,4.0
Old Coulsdon Ward,8,2.460431,2.0
Old Coulsdon Ward,9,2.5988324,0.0
Old Coulsdon Ward,10,2.9630117,0.0
Old Coulsdon Ward,11,2.88344,2.0
Old Coulsdon Ward,12,2.8088539,6.0
Old Kent Road Ward,1,9.337989,5.0
Old Kent Road Ward,2,8.61209,4.0
Old Kent Road Ward,3,8.974193,7.0
Old Kent Road Ward,4,8.341851,3.0
Old Kent Road Ward,5,8.593858,6.0
Old Kent Road Ward,6,8.721755,7.0
Old Kent Road Ward,7,8.957011,6.0
Old Kent Road Ward,8,9.232936,7.0
Old Kent Road Ward,9,9.188994,11.0
Old Kent Road Ward,10,9.4247,6.0
Old Kent Road Ward,11,9.348193,7.0
Old Kent Road Ward,12,9.152467,16.0
Old Malden Ward,1,2.3871906,0.0
Old Malden Ward,2,2.0664,1.0
Old Malden Ward,3,2.417348,0.0
Old Malden Ward,4,1.5772171,0.0
Old Malden Ward,5,1.6733644,3.0
Old Malden Ward,6,1.641154,0.0
Old Malden Ward,7,1.6645694,0.0
Old Malden Ward,8,1.7927268,1.0
Old Malden Ward,9,1.8799866,1.0
Old Malden Ward,10,2.4883187,1.0
Old Malden Ward,11,2.6198702,0.0
Old Malden Ward,12,2.5091834,3.0
Orpington Ward,1,6.1249566,10.0
Orpington Ward,2,5.8717194,7.0
Orpington Ward,3,6.1587253,11.0
Orpington Ward,4,4.91135,10.0
Orpington Ward,5,4.963957,4.0
Orpington Ward,6,4.9455132,0.0
Orpington Ward,7,4.9602118,3.0
Orpington Ward,8,5.0584087,5.0
Orpington Ward,9,5.1653037,5.0
Orpington Ward,10,6.3315,0.0
Orpington Ward,11,6.4971232,6.0
Orpington Ward,12,6.424357,6.0
Osterley & Spring Grove Ward,1,7.999149,4.0
Osterley & Spring Grove Ward,2,7.4528766,8.0
Osterley & Spring Grove Ward,3,7.831679,10.0
Osterley & Spring Grove Ward,4,6.712106,3.0
Osterley & Spring Grove Ward,5,6.761653,6.0
Osterley & Spring Grove Ward,6,6.8019233,4.0
Osterley & Spring Grove Ward,7,6.929051,5.0
Osterley & Spring Grove Ward,8,7.0823417,3.0
Osterley & Spring Grove Ward,9,7.151286,8.0
Osterley & Spring Grove Ward,10,8.05721,5.0
Osterley & Spring Grove Ward,11,8.168044,5.0
Osterley & Spring Grove Ward,12,8.058199,20.0
Oval Ward,1,8.413768,4.0
Oval Ward,2,7.321236,7.0
Oval Ward,3,7.796411,3.0
Oval Ward,4,7.619918,7.0
Oval Ward,5,7.896192,9.0
Oval Ward,6,8.091867,16.0
Oval Ward,7,8.253318,9.0
Oval Ward,8,8.543773,7.0
Oval Ward,9,8.440127,11.0
Oval Ward,10,8.366211,7.0
Oval Ward,11,7.9980965,7.0
Oval Ward,12,7.7573586,5.0
Palace & Hurlingham Ward,1,6.166785,5.0
Palace & Hurlingham Ward,2,5.7751217,8.0
Palace & Hurlingham Ward,3,6.2007523,4.0
Palace & Hurlingham Ward,4,5.325169,3.0
Palace & Hurlingham Ward,5,5.4164305,6.0
Palace & Hurlingham Ward,6,5.397987,8.0
Palace & Hurlingham Ward,7,5.443706,2.0
Palace & Hurlingham Ward,8,5.5686083,9.0
Palace & Hurlingham Ward,9,5.6630516,3.0
Palace & Hurlingham Ward,10,6.378283,3.0
Palace & Hurlingham Ward,11,6.4473777,5.0
Palace & Hurlingham Ward,12,6.333096,3.0
Palmers Green Ward,1,6.789559,11.0
Palmers Green Ward,2,6.4063516,6.0
Palmers Green Ward,3,6.8270597,2.0
Palmers Green Ward,4,5.9868836,3.0
Palmers Green Ward,5,6.120439,6.0
Palmers Green Ward,6,6.111985,10.0
Palmers Green Ward,7,6.2034616,11.0
Palmers Green Ward,8,6.3910766,7.0
Palmers Green Ward,9,6.5325027,3.0
Palmers Green Ward,10,7.14517,9.0
Palmers Green Ward,11,7.3148913,5.0
Palmers Green Ward,12,7.108149,10.0
Park Hill & Whitgift Ward,1,3.0886874,2.0
Park Hill & Whitgift Ward,2,3.0617206,8.0
Park Hill & Whitgift Ward,3,3.4022458,7.0
Park Hill & Whitgift Ward,4,2.182813,2.0
Park Hill & Whitgift Ward,5,2.5218709,2.0
Park Hill & Whitgift Ward,6,2.4980187,3.0
Park Hill & Whitgift Ward,7,2.6094036,4.0
Park Hill & Whitgift Ward,8,2.7090511,0.0
Park Hill & Whitgift Ward,9,2.7706215,2.0
Park Hill & Whitgift Ward,10,3.7458634,1.0
Park Hill & Whitgift Ward,11,3.793684,0.0
Park Hill & Whitgift Ward,12,3.683619,0.0
Parsloes Ward,1,6.485967,2.0
Parsloes Ward,2,5.848987,1.0
Parsloes Ward,3,6.217187,3.0
Parsloes Ward,4,5.054366,5.0
Parsloes Ward,5,5.199666,4.0
Parsloes Ward,6,5.1324306,2.0
Parsloes Ward,7,5.2373548,1.0
Parsloes Ward,8,5.435232,2.0
Parsloes Ward,9,5.4171686,1.0
Parsloes Ward,10,5.928801,1.0
Parsloes Ward,11,6.014911,6.0
Parsloes Ward,12,5.831363,7.0
Parsons Green & Sandford Ward,1,4.662775,2.0
Parsons Green & Sandford Ward,2,4.060383,4.0
Parsons Green & Sandford Ward,3,4.539335,0.0
Parsons Green & Sandford Ward,4,3.749744,4.0
Parsons Green & Sandford Ward,5,3.8899665,4.0
Parsons Green & Sandford Ward,6,3.892618,4.0
Parsons Green & Sandford Ward,7,4.035774,3.0
Parsons Green & Sandford Ward,8,4.1403646,6.0
Parsons Green & Sandford Ward,9,4.1418614,3.0
Parsons Green & Sandford Ward,10,4.8945165,1.0
Parsons Green & Sandford Ward,11,4.880105,2.0
Parsons Green & Sandford Ward,12,4.816256,6.0
Peckham Rye Ward,1,4.7066264,3.0
Peckham Rye Ward,2,4.554771,4.0
Peckham Rye Ward,3,5.064591,2.0
Peckham Rye Ward,4,4.51909,3.0
Peckham Rye Ward,5,4.713917,2.0
Peckham Rye Ward,6,4.7484174,2.0
Peckham Rye Ward,7,4.8447757,3.0
Peckham Rye Ward,8,4.93575,3.0
Peckham Rye Ward,9,4.9686728,4.0
Peckham Rye Ward,10,5.1670165,4.0
Peckham Rye Ward,11,5.1552114,4.0
Peckham Rye Ward,12,5.0409684,5.0
Peckham Ward,1,6.2016683,10.0
Peckham Ward,2,5.6119795,7.0
Peckham Ward,3,6.0111175,13.0
Peckham Ward,4,5.5489774,9.0
Peckham Ward,5,5.7078075,8.0
Peckham Ward,6,5.6848745,11.0
Peckham Ward,7,5.870635,9.0
Peckham Ward,8,6.0722427,8.0
Peckham Ward,9,6.0435843,16.0
Peckham Ward,10,6.2441635,8.0
Peckham Ward,11,6.280059,4.0
Peckham Ward,12,6.153439,11.0
Pembridge Ward,1,6.1669955,6.0
Pembridge Ward,2,5.4670486,6.0
Pembridge Ward,3,6.178767,2.0
Pembridge Ward,4,5.814757,9.0
Pembridge Ward,5,5.8980904,5.0
Pembridge Ward,6,5.919228,1.0
Pembridge Ward,7,6.089205,5.0
Pembridge Ward,8,6.342549,6.0
Pembridge Ward,9,6.3829556,5.0
Pembridge Ward,10,6.6252093,11.0
Pembridge Ward,11,6.473757,3.0
Pembridge Ward,12,6.347199,7.0
Penge & Cator Ward,1,11.050851,8.0
Penge & Cator Ward,2,10.622439,6.0
Penge & Cator Ward,3,10.985397,5.0
Penge & Cator Ward,4,9.44719,8.0
Penge & Cator Ward,5,9.52403,5.0
Penge & Cator Ward,6,9.314287,9.0
Penge & Cator Ward,7,9.4054785,5.0
Penge & Cator Ward,8,9.655455,6.0
Penge & Cator Ward,9,9.809993,13.0
Penge & Cator Ward,10,10.574681,12.0
Penge & Cator Ward,11,10.676144,10.0
Penge & Cator Ward,12,10.4966755,9.0
Perivale Ward,1,7.2536483,17.0
Perivale Ward,2,6.8764763,6.0
Perivale Ward,3,7.194163,15.0
Perivale Ward,4,6.066395,11.0
Perivale Ward,5,6.158162,12.0
Perivale Ward,6,6.18049,5.0
Perivale Ward,7,6.1943727,4.0
Perivale Ward,8,6.358577,4.0
Perivale Ward,9,6.4338994,4.0
Perivale Ward,10,7.415301,8.0
Perivale Ward,11,7.5261316,6.0
Perivale Ward,12,7.363867,6.0
Perry Vale Ward,1,9.246173,4.0
Perry Vale Ward,2,8.651854,8.0
Perry Vale Ward,3,9.098804,10.0
Perry Vale Ward,4,8.434684,9.0
Perry Vale Ward,5,8.516744,2.0
Perry Vale Ward,6,8.53128,8.0
Perry Vale Ward,7,8.640425,3.0
Perry Vale Ward,8,8.842603,5.0
Perry Vale Ward,9,8.827729,11.0
Perry Vale Ward,10,9.142399,5.0
Perry Vale Ward,11,9.123811,10.0
Perry Vale Ward,12,8.880557,5.0
Petts Wood & Knoll Ward,1,6.5711374,7.0
Petts Wood & Knoll Ward,2,6.1365857,21.0
Petts Wood & Knoll Ward,3,6.5109982,0.0
Petts Wood & Knoll Ward,4,5.1848593,2.0
Petts Wood & Knoll Ward,5,5.223341,4.0
Petts Wood & Knoll Ward,6,5.1580815,2.0
Petts Wood & Knoll Ward,7,5.1756825,1.0
Petts Wood & Knoll Ward,8,5.282925,3.0
Petts Wood & Knoll Ward,9,5.4772797,2.0
Petts Wood & Knoll Ward,10,6.6696053,6.0
Petts Wood & Knoll Ward,11,6.879799,10.0
Petts Wood & Knoll Ward,12,6.817774,5.0
Pimlico North Ward,1,7.278131,6.0
Pimlico North Ward,2,6.745996,5.0
Pimlico North Ward,3,7.332602,9.0
Pimlico North Ward,4,6.481512,7.0
Pimlico North Ward,5,6.647814,7.0
Pimlico North Ward,6,6.6671324,4.0
Pimlico North Ward,7,6.840299,9.0
Pimlico North Ward,8,6.955773,4.0
Pimlico North Ward,9,6.989893,8.0
Pimlico North Ward,10,7.2573915,9.0
Pimlico North Ward,11,7.24298,9.0
Pimlico North Ward,12,7.0765295,11.0
Pimlico South Ward,1,3.8240738,6.0
Pimlico South Ward,2,3.761308,1.0
Pimlico South Ward,3,4.2539997,5.0
Pimlico South Ward,4,3.488125,2.0
Pimlico South Ward,5,3.8391757,7.0
Pimlico South Ward,6,3.8712442,5.0
Pimlico South Ward,7,3.8916347,1.0
Pimlico South Ward,8,3.9815443,2.0
Pimlico South Ward,9,4.087759,6.0
Pimlico South Ward,10,4.241506,4.0
Pimlico South Ward,11,4.3236856,11.0
Pimlico South Ward,12,4.105056,9.0
Pinkwell Ward,1,7.722151,14.0
Pinkwell Ward,2,7.2916107,10.0
Pinkwell Ward,3,7.7686243,10.0
Pinkwell Ward,4,6.6208496,8.0
Pinkwell Ward,5,6.735933,16.0
Pinkwell Ward,6,6.7305036,11.0
Pinkwell Ward,7,6.710109,7.0
Pinkwell Ward,8,6.8420787,24.0
Pinkwell Ward,9,6.923599,8.0
Pinkwell Ward,10,7.839375,11.0
Pinkwell Ward,11,8.068437,2.0
Pinkwell Ward,12,7.9179296,5.0
Pinner South Ward,1,5.234159,1.0
Pinner South Ward,2,4.9076257,11.0
Pinner South Ward,3,5.2209167,3.0
Pinner South Ward,4,3.7357037,4.0
Pinner South Ward,5,3.8197262,0.0
Pinner South Ward,6,3.801282,2.0
Pinner South Ward,7,3.8352346,6.0
Pinner South Ward,8,3.942478,6.0
Pinner South Ward,9,4.0907717,7.0
Pinner South Ward,10,5.252688,7.0
Pinner South Ward,11,5.5516806,4.0
Pinner South Ward,12,5.5314474,5.0
Pinner Ward,1,5.5755663,3.0
Pinner Ward,2,5.2857356,1.0
Pinner Ward,3,5.7030535,8.0
Pinner Ward,4,4.161675,8.0
Pinner Ward,5,4.2456994,7.0
Pinner Ward,6,4.227256,7.0
Pinner Ward,7,4.261208,7.0
Pinner Ward,8,4.38843,3.0
Pinner Ward,9,4.5689807,6.0
Pinner Ward,10,5.8751955,5.0
Pinner Ward,11,6.0797825,12.0
Pinner Ward,12,6.133735,1.0
Pitshanger Ward,1,6.6194806,7.0
Pitshanger Ward,2,6.322818,10.0
Pitshanger Ward,3,6.661622,6.0
Pitshanger Ward,4,5.593279,3.0
Pitshanger Ward,5,5.6912637,5.0
Pitshanger Ward,6,5.6921043,3.0
Pitshanger Ward,7,5.749356,3.0
Pitshanger Ward,8,5.8623366,8.0
Pitshanger Ward,9,5.9257073,3.0
Pitshanger Ward,10,6.788155,2.0
Pitshanger Ward,11,6.855033,6.0
Pitshanger Ward,12,6.664017,11.0
Plaistow North Ward,1,6.3638515,4.0
Plaistow North Ward,2,5.782537,8.0
Plaistow North Ward,3,6.1019883,7.0
Plaistow North Ward,4,5.073968,6.0
Plaistow North Ward,5,5.195725,8.0
Plaistow North Ward,6,5.177401,4.0
Plaistow North Ward,7,5.2499475,6.0
Plaistow North Ward,8,5.4647017,7.0
Plaistow North Ward,9,5.541857,3.0
Plaistow North Ward,10,6.183552,4.0
Plaistow North Ward,11,6.427184,6.0
Plaistow North Ward,12,6.3076315,2.0
Plaistow South Ward,1,6.727451,5.0
Plaistow South Ward,2,6.234462,8.0
Plaistow South Ward,3,6.7091856,5.0
Plaistow South Ward,4,6.2462873,4.0
Plaistow South Ward,5,6.416461,12.0
Plaistow South Ward,6,6.434819,5.0
Plaistow South Ward,7,6.517522,3.0
Plaistow South Ward,8,6.5663757,7.0
Plaistow South Ward,9,6.56868,3.0
Plaistow South Ward,10,6.898157,2.0
Plaistow South Ward,11,6.9037147,4.0
Plaistow South Ward,12,6.767983,7.0
Plaistow Ward,1,5.845942,2.0
Plaistow Ward,2,5.6084247,6.0
Plaistow Ward,3,5.907727,3.0
Plaistow Ward,4,4.673198,3.0
Plaistow Ward,5,4.7590594,6.0
Plaistow Ward,6,4.7740226,4.0
Plaistow Ward,7,4.7774377,5.0
Plaistow Ward,8,4.9840965,1.0
Plaistow Ward,9,5.115816,2.0
Plaistow Ward,10,6.0706983,5.0
Plaistow Ward,11,6.335846,3.0
Plaistow Ward,12,6.121793,11.0
Plaistow West & Canning Town East Ward,1,7.874765,6.0
Plaistow West & Canning Town East Ward,2,7.047382,4.0
Plaistow West & Canning Town East Ward,3,7.27378,11.0
Plaistow West & Canning Town East Ward,4,6.429609,5.0
Plaistow West & Canning Town East Ward,5,6.552166,4.0
Plaistow West & Canning Town East Ward,6,6.6368895,3.0
Plaistow West & Canning Town East Ward,7,6.7709546,5.0
Plaistow West & Canning Town East Ward,8,6.994141,5.0
Plaistow West & Canning Town East Ward,9,7.0085216,5.0
Plaistow West & Canning Town East Ward,10,7.4992437,9.0
Plaistow West & Canning Town East Ward,11,7.548727,10.0
Plaistow West & Canning Town East Ward,12,7.5097938,6.0
Plashet Ward,1,3.3811185,4.0
Plashet Ward,2,3.0847242,3.0
Plashet Ward,3,3.5295794,2.0
Plashet Ward,4,2.772171,5.0
Plashet Ward,5,2.9219058,2.0
Plashet Ward,6,2.956837,2.0
Plashet Ward,7,3.285902,7.0
Plashet Ward,8,3.3867195,5.0
Plashet Ward,9,3.416896,0.0
Plashet Ward,10,4.0720015,2.0
Plashet Ward,11,4.120496,4.0
Plashet Ward,12,4.0077524,3.0
Plumstead & Glyndon Ward,1,8.830994,5.0
Plumstead & Glyndon Ward,2,8.367914,9.0
Plumstead & Glyndon Ward,3,8.744983,3.0
Plumstead & Glyndon Ward,4,7.732287,8.0
Plumstead & Glyndon Ward,5,7.8408937,4.0
Plumstead & Glyndon Ward,6,7.784367,6.0
Plumstead & Glyndon Ward,7,7.844466,6.0
Plumstead & Glyndon Ward,8,8.158272,9.0
Plumstead & Glyndon Ward,9,8.239798,13.0
Plumstead & Glyndon Ward,10,8.772017,4.0
Plumstead & Glyndon Ward,11,8.894162,4.0
Plumstead & Glyndon Ward,12,8.734397,8.0
Plumstead Common Ward,1,5.732862,5.0
Plumstead Common Ward,2,5.275409,7.0
Plumstead Common Ward,3,5.66224,6.0
Plumstead Common Ward,4,4.665554,3.0
Plumstead Common Ward,5,4.7741604,3.0
Plumstead Common Ward,6,4.7660694,10.0
Plumstead Common Ward,7,4.820407,7.0
Plumstead Common Ward,8,5.014376,5.0
Plumstead Common Ward,9,5.096083,4.0
Plumstead Common Ward,10,5.6992908,3.0
Plumstead Common Ward,11,5.875586,4.0
Plumstead Common Ward,12,5.7261825,6.0
Pollards Hill Ward,1,4.0424695,0.0
Pollards Hill Ward,2,4.004356,1.0
Pollards Hill Ward,3,4.4420447,7.0
Pollards Hill Ward,4,3.516029,4.0
Pollards Hill Ward,5,3.6376598,2.0
Pollards Hill Ward,6,3.631314,4.0
Pollards Hill Ward,7,3.6634912,5.0
Pollards Hill Ward,8,3.8095121,3.0
Pollards Hill Ward,9,3.8866658,1.0
Pollards Hill Ward,10,4.31553,1.0
Pollards Hill Ward,11,4.384967,0.0
Pollards Hill Ward,12,4.2845287,6.0
Ponders End Ward,1,8.616599,7.0
Ponders End Ward,2,8.167119,4.0
Ponders End Ward,3,8.539782,12.0
Ponders End Ward,4,7.0875187,11.0
Ponders End Ward,5,7.2200236,13.0
Ponders End Ward,6,7.1046004,8.0
Ponders End Ward,7,7.193948,16.0
Ponders End Ward,8,7.5057807,11.0
Ponders End Ward,9,7.546818,9.0
Ponders End Ward,10,8.128609,9.0
Ponders End Ward,11,8.311129,4.0
Ponders End Ward,12,8.328188,13.0
Poplar Ward,1,5.217048,2.0
Poplar Ward,2,4.585176,1.0
Poplar Ward,3,4.9879985,0.0
Poplar Ward,4,4.347104,3.0
Poplar Ward,5,4.470611,5.0
Poplar Ward,6,4.481314,1.0
Poplar Ward,7,4.606286,7.0
Poplar Ward,8,4.6886716,4.0
Poplar Ward,9,4.6909757,0.0
Poplar Ward,10,4.8996644,3.0
Poplar Ward,11,4.728377,2.0
Poplar Ward,12,4.6372476,1.0
Portsoken Ward,1,0.63986635,1.0
Portsoken Ward,2,0.515772,1.0
Portsoken Ward,3,0.9238686,0.0
Portsoken Ward,4,0.5290991,0.0
Portsoken Ward,5,0.56350946,1.0
Portsoken Ward,6,0.53457683,1.0
Portsoken Ward,7,0.54144615,0.0
Portsoken Ward,8,0.61777645,1.0
Portsoken Ward,9,0.6769675,0.0
Portsoken Ward,10,0.6531792,2.0
Portsoken Ward,11,0.6624187,0.0
Portsoken Ward,12,0.5601077,1.0
Preston Ward,1,5.3441358,1.0
Preston Ward,2,5.026916,5.0
Preston Ward,3,5.377536,4.0
Preston Ward,4,4.4388075,2.0
Preston Ward,5,4.495271,2.0
Preston Ward,6,4.475094,0.0
Preston Ward,7,4.517403,4.0
Preston Ward,8,4.637264,2.0
Preston Ward,9,4.743469,3.0
Preston Ward,10,5.44583,2.0
Preston Ward,11,5.5585604,2.0
Preston Ward,12,5.433066,1.0
Primrose Hill Ward,1,7.1914277,10.0
Primrose Hill Ward,2,6.93638,6.0
Primrose Hill Ward,3,7.37928,4.0
Primrose Hill Ward,4,6.445923,1.0
Primrose Hill Ward,5,6.5352454,7.0
Primrose Hill Ward,6,6.5267916,5.0
Primrose Hill Ward,7,6.60927,5.0
Primrose Hill Ward,8,6.7816277,6.0
Primrose Hill Ward,9,6.891281,7.0
Primrose Hill Ward,10,7.5575566,7.0
Primrose Hill Ward,11,7.6360445,11.0
Primrose Hill Ward,12,7.549483,10.0
Purley & Woodcote Ward,1,8.635698,16.0
Purley & Woodcote Ward,2,8.204506,10.0
Purley & Woodcote Ward,3,8.5972185,9.0
Purley & Woodcote Ward,4,7.6940894,9.0
Purley & Woodcote Ward,5,7.758569,4.0
Purley & Woodcote Ward,6,7.763649,14.0
Purley & Woodcote Ward,7,7.8046665,4.0
Purley & Woodcote Ward,8,7.8085184,8.0
Purley & Woodcote Ward,9,7.9179716,7.0
Purley & Woodcote Ward,10,8.897871,5.0
Purley & Woodcote Ward,11,9.054562,14.0
Purley & Woodcote Ward,12,9.006532,13.0
Purley Oaks & Riddlesdown Ward,1,3.9455261,4.0
Purley Oaks & Riddlesdown Ward,2,3.6813045,4.0
Purley Oaks & Riddlesdown Ward,3,4.0999436,2.0
Purley Oaks & Riddlesdown Ward,4,3.0334754,1.0
Purley Oaks & Riddlesdown Ward,5,3.1100786,1.0
Purley Oaks & Riddlesdown Ward,6,3.10653,4.0
Purley Oaks & Riddlesdown Ward,7,3.1389203,1.0
Purley Oaks & Riddlesdown Ward,8,3.2551045,2.0
Purley Oaks & Riddlesdown Ward,9,3.3434248,2.0
Purley Oaks & Riddlesdown Ward,10,4.2479095,5.0
Purley Oaks & Riddlesdown Ward,11,4.326417,5.0
Purley Oaks & Riddlesdown Ward,12,4.271772,5.0
Queen's Gate Ward,1,6.667116,4.0
Queen's Gate Ward,2,5.7047753,1.0
Queen's Gate Ward,3,6.148112,3.0
Queen's Gate Ward,4,5.6145735,11.0
Queen's Gate Ward,5,5.733812,7.0
Queen's Gate Ward,6,5.829136,4.0
Queen's Gate Ward,7,5.911407,7.0
Queen's Gate Ward,8,6.0839276,4.0
Queen's Gate Ward,9,6.0242357,8.0
Queen's Gate Ward,10,6.1056147,5.0
Queen's Gate Ward,11,6.116085,5.0
Queen's Gate Ward,12,6.138993,7.0
Queen's Park Ward,1,5.8466916,5.0
Queen's Park Ward,2,5.485137,4.0
Queen's Park Ward,3,5.8665586,2.0
Queen's Park Ward,4,5.513706,4.0
Queen's Park Ward,5,5.6902895,8.0
Queen's Park Ward,6,5.7166724,9.0
Queen's Park Ward,7,5.899427,8.0
Queen's Park Ward,8,5.9546533,3.0
Queen's Park Ward,9,5.9940505,7.0
Queen's Park Ward,10,6.2555084,2.0
Queen's Park Ward,11,6.2308335,6.0
Queen's Park Ward,12,6.0302725,6.0
Queenhithe Ward,1,0.30959988,0.0
Queenhithe Ward,2,0.2607271,0.0
Queenhithe Ward,3,0.6071277,1.0
Queenhithe Ward,4,0.43162042,0.0
Queenhithe Ward,5,0.5082239,0.0
Queenhithe Ward,6,0.49847668,0.0
Queenhithe Ward,7,0.5229435,0.0
Queenhithe Ward,8,0.53609,1.0
Queenhithe Ward,9,0.58926076,0.0
Queenhithe Ward,10,0.433237,0.0
Queenhithe Ward,11,0.47863597,0.0
Queenhithe Ward,12,0.3755711,0.0
Queens Park Ward,1,11.958385,16.0
Queens Park Ward,2,11.506533,13.0
Queens Park Ward,3,12.015585,16.0
Queens Park Ward,4,11.263928,7.0
Queens Park Ward,5,11.400998,12.0
Queens Park Ward,6,11.212092,14.0
Queens Park Ward,7,11.393793,11.0
Queens Park Ward,8,11.670327,14.0
Queens Park Ward,9,11.718835,12.0
Queens Park Ward,10,12.17635,7.0
Queens Park Ward,11,12.163352,14.0
Queens Park Ward,12,11.895994,15.0
Queensbury Ward,1,7.830239,8.0
Queensbury Ward,2,7.438365,4.0
Queensbury Ward,3,7.724611,6.0
Queensbury Ward,4,6.5822144,8.0
Queensbury Ward,5,6.7110286,4.0
Queensbury Ward,6,6.7125435,5.0
Queensbury Ward,7,6.7384305,4.0
Queensbury Ward,8,6.965319,2.0
Queensbury Ward,9,7.097039,4.0
Queensbury Ward,10,8.194987,7.0
Queensbury Ward,11,8.499174,8.0
Queensbury Ward,12,8.363567,7.0
Rainham & Wennington Ward,1,6.1196947,6.0
Rainham & Wennington Ward,2,5.943522,8.0
Rainham & Wennington Ward,3,6.3401284,4.0
Rainham & Wennington Ward,4,5.106375,2.0
Rainham & Wennington Ward,5,5.190599,5.0
Rainham & Wennington Ward,6,5.006241,5.0
Rainham & Wennington Ward,7,4.9101114,5.0
Rainham & Wennington Ward,8,4.988794,5.0
Rainham & Wennington Ward,9,5.089057,4.0
Rainham & Wennington Ward,10,6.1004333,8.0
Rainham & Wennington Ward,11,6.303121,6.0
Rainham & Wennington Ward,12,6.230441,5.0
Ravensbury Ward,1,3.8312747,2.0
Ravensbury Ward,2,3.6482906,0.0
Ravensbury Ward,3,4.1102505,2.0
Ravensbury Ward,4,3.2669334,4.0
Ravensbury Ward,5,3.373358,2.0
Ravensbury Ward,6,3.366263,3.0
Ravensbury Ward,7,3.3894293,1.0
Ravensbury Ward,8,3.5095024,1.0
Ravensbury Ward,9,3.5565047,5.0
Ravensbury Ward,10,4.0794916,3.0
Ravensbury Ward,11,4.207846,2.0
Ravensbury Ward,12,4.028894,2.0
Ravenscourt Ward,1,4.6709003,5.0
Ravenscourt Ward,2,4.429483,2.0
Ravenscourt Ward,3,5.0358553,5.0
Ravenscourt Ward,4,4.82832,7.0
Ravenscourt Ward,5,5.052628,5.0
Ravenscourt Ward,6,5.030368,3.0
Ravenscourt Ward,7,5.123852,11.0
Ravenscourt Ward,8,5.1204696,3.0
Ravenscourt Ward,9,5.1533923,7.0
Ravenscourt Ward,10,5.225632,4.0
Ravenscourt Ward,11,5.168632,3.0
Ravenscourt Ward,12,5.0743785,3.0
Rayners Lane Ward,1,3.4978123,6.0
Rayners Lane Ward,2,3.1630986,1.0
Rayners Lane Ward,3,3.474874,2.0
Rayners Lane Ward,4,2.1950476,2.0
Rayners Lane Ward,5,2.2762613,2.0
Rayners Lane Ward,6,2.257817,0.0
Rayners Lane Ward,7,2.2902074,1.0
Rayners Lane Ward,8,2.4117315,1.0
Rayners Lane Ward,9,2.5037525,2.0
Rayners Lane Ward,10,3.73857,4.0
Rayners Lane Ward,11,3.8576493,5.0
Rayners Lane Ward,12,3.8096833,3.0
Raynes Park Ward,1,4.5355396,5.0
Raynes Park Ward,2,4.2908654,3.0
Raynes Park Ward,3,4.6469235,1.0
Raynes Park Ward,4,3.8773475,1.0
Raynes Park Ward,5,3.9604983,1.0
Raynes Park Ward,6,3.9520442,1.0
Raynes Park Ward,7,3.983608,0.0
Raynes Park Ward,8,4.1064153,12.0
Raynes Park Ward,9,4.1767073,3.0
Raynes Park Ward,10,4.5270114,4.0
Raynes Park Ward,11,4.5804434,6.0
Raynes Park Ward,12,4.4925556,3.0
Redcliffe Ward,1,7.2209234,12.0
Redcliffe Ward,2,6.7373576,13.0
Redcliffe Ward,3,7.265457,6.0
Redcliffe Ward,4,6.8444037,7.0
Redcliffe Ward,5,6.9681225,8.0
Redcliffe Ward,6,6.9748487,6.0
Redcliffe Ward,7,7.126178,5.0
Redcliffe Ward,8,7.4408455,7.0
Redcliffe Ward,9,7.4907403,10.0
Redcliffe Ward,10,7.7400837,4.0
Redcliffe Ward,11,7.6523824,13.0
Redcliffe Ward,12,7.5525856,16.0
Regent's Park Ward,1,34.787224,34.0
Regent's Park Ward,2,33.348743,34.0
Regent's Park Ward,3,34.865475,30.0
Regent's Park Ward,4,33.54139,30.0
Regent's Park Ward,5,33.972813,30.0
Regent's Park Ward,6,34.805378,48.0
Regent's Park Ward,7,35.895626,34.0
Regent's Park Ward,8,33.852875,34.0
Regent's Park Ward,9,34.819206,30.0
Regent's Park Ward,10,34.196342,52.0
Regent's Park Ward,11,34.103706,54.0
Regent's Park Ward,12,30.31154,56.0
Ridgeway Ward,1,4.80351,10.0
Ridgeway Ward,2,4.6355186,3.0
Ridgeway Ward,3,4.993477,5.0
Ridgeway Ward,4,3.8333745,1.0
Ridgeway Ward,5,3.9332519,2.0
Ridgeway Ward,6,3.932011,5.0
Ridgeway Ward,7,3.9467247,3.0
Ridgeway Ward,8,4.1050644,0.0
Ridgeway Ward,9,4.2365966,4.0
Ridgeway Ward,10,5.147752,4.0
Ridgeway Ward,11,5.2805367,7.0
Ridgeway Ward,12,5.117986,9.0
Roehampton Ward,1,8.302978,9.0
Roehampton Ward,2,7.887019,1.0
Roehampton Ward,3,8.16144,5.0
Roehampton Ward,4,7.391364,4.0
Roehampton Ward,5,7.53446,12.0
Roehampton Ward,6,7.4731307,6.0
Roehampton Ward,7,7.537982,4.0
Roehampton Ward,8,7.6126347,9.0
Roehampton Ward,9,7.5856643,6.0
Roehampton Ward,10,8.083843,8.0
Roehampton Ward,11,8.167848,5.0
Roehampton Ward,12,8.005298,4.0
Rotherhithe Ward,1,7.6877656,2.0
Rotherhithe Ward,2,7.4020863,4.0
Rotherhithe Ward,3,7.9257345,8.0
Rotherhithe Ward,4,7.520011,8.0
Rotherhithe Ward,5,7.702485,6.0
Rotherhithe Ward,6,7.755244,5.0
Rotherhithe Ward,7,7.787216,6.0
Rotherhithe Ward,8,7.832163,2.0
Rotherhithe Ward,9,7.8814454,10.0
Rotherhithe Ward,10,8.117658,11.0
Rotherhithe Ward,11,8.175735,3.0
Rotherhithe Ward,12,8.051024,3.0
Roundwood Ward,1,8.889096,8.0
Roundwood Ward,2,8.159492,10.0
Roundwood Ward,3,8.421247,14.0
Roundwood Ward,4,7.715312,9.0
Roundwood Ward,5,7.8710213,6.0
Roundwood Ward,6,7.8631744,7.0
Roundwood Ward,7,8.101596,16.0
Roundwood Ward,8,8.327296,9.0
Roundwood Ward,9,8.282125,8.0
Roundwood Ward,10,8.568291,10.0
Roundwood Ward,11,8.517008,6.0
Roundwood Ward,12,8.377099,8.0
Roxbourne Ward,1,3.5129447,2.0
Roxbourne Ward,2,3.1251082,3.0
Roxbourne Ward,3,3.4760518,1.0
Roxbourne Ward,4,2.1068509,4.0
Roxbourne Ward,5,2.1806784,4.0
Roxbourne Ward,6,2.165011,1.0
Roxbourne Ward,7,2.175022,1.0
Roxbourne Ward,8,2.337045,1.0
Roxbourne Ward,9,2.4687638,2.0
Roxbourne Ward,10,3.73022,7.0
Roxbourne Ward,11,3.9427588,1.0
Roxbourne Ward,12,3.814083,3.0
Roxeth Ward,1,6.4178667,8.0
Roxeth Ward,2,6.041648,4.0
Roxeth Ward,3,6.34791,4.0
Roxeth Ward,4,4.940635,3.0
Roxeth Ward,5,4.9929423,9.0
Roxeth Ward,6,4.996525,5.0
Roxeth Ward,7,5.1183414,4.0
Roxeth Ward,8,5.3339305,3.0
Roxeth Ward,9,5.46565,3.0
Roxeth Ward,10,6.9637265,3.0
Roxeth Ward,11,7.1988225,5.0
Roxeth Ward,12,7.07923,7.0
Royal Albert Ward,1,5.749093,3.0
Royal Albert Ward,2,5.532712,4.0
Royal Albert Ward,3,5.8315544,11.0
Royal Albert Ward,4,5.350782,2.0
Royal Albert Ward,5,5.517093,0.0
Royal Albert Ward,6,5.4649353,2.0
Royal Albert Ward,7,5.4835615,3.0
Royal Albert Ward,8,5.5105696,4.0
Royal Albert Ward,9,5.523678,4.0
Royal Albert Ward,10,5.764039,8.0
Royal Albert Ward,11,5.6008873,10.0
Royal Albert Ward,12,5.479497,7.0
Royal Hospital Ward,1,7.280284,3.0
Royal Hospital Ward,2,6.629424,4.0
Royal Hospital Ward,3,7.186156,8.0
Royal Hospital Ward,4,6.60227,3.0
Royal Hospital Ward,5,6.753811,2.0
Royal Hospital Ward,6,6.732056,7.0
Royal Hospital Ward,7,6.87201,6.0
Royal Hospital Ward,8,7.1586413,8.0
Royal Hospital Ward,9,7.1376,6.0
Royal Hospital Ward,10,7.4206815,4.0
Royal Hospital Ward,11,7.3104177,6.0
Royal Hospital Ward,12,7.4246345,8.0
Royal Victoria Ward,1,6.194534,15.0
Royal Victoria Ward,2,6.086311,11.0
Royal Victoria Ward,3,6.388657,8.0
Royal Victoria Ward,4,6.0036635,10.0
Royal Victoria Ward,5,6.2231836,4.0
Royal Victoria Ward,6,6.1941867,4.0
Royal Victoria Ward,7,6.287933,4.0
Royal Victoria Ward,8,6.3250794,8.0
Royal Victoria Ward,9,6.34366,8.0
Royal Victoria Ward,10,6.608834,7.0
Royal Victoria Ward,11,6.668104,12.0
Royal Victoria Ward,12,6.508014,14.0
Ruislip Manor Ward,1,3.5919957,1.0
Ruislip Manor Ward,2,3.3127718,4.0
Ruislip Manor Ward,3,3.6484725,3.0
Ruislip Manor Ward,4,2.6257992,0.0
Ruislip Manor Ward,5,2.6905305,0.0
Ruislip Manor Ward,6,2.672086,1.0
Ruislip Manor Ward,7,2.6836727,6.0
Ruislip Manor Ward,8,2.794809,1.0
Ruislip Manor Ward,9,2.9041882,2.0
Ruislip Manor Ward,10,3.595024,2.0
Ruislip Manor Ward,11,3.637779,0.0
Ruislip Manor Ward,12,3.5531204,0.0
Ruislip Ward,1,6.7713633,8.0
Ruislip Ward,2,6.357746,5.0
Ruislip Ward,3,6.7314544,2.0
Ruislip Ward,4,5.734264,3.0
Ruislip Ward,5,5.805291,3.0
Ruislip Ward,6,5.8016157,6.0
Ruislip Ward,7,5.7895217,11.0
Ruislip Ward,8,5.8025723,6.0
Ruislip Ward,9,5.9085426,7.0
Ruislip Ward,10,7.0350876,10.0
Ruislip Ward,11,7.153585,6.0
Ruislip Ward,12,7.0433664,4.0
Rush Green & Crowlands Ward,1,6.641454,4.0
Rush Green & Crowlands Ward,2,6.377132,15.0
Rush Green & Crowlands Ward,3,6.854279,16.0
Rush Green & Crowlands Ward,4,5.688567,9.0
Rush Green & Crowlands Ward,5,5.8571978,4.0
Rush Green & Crowlands Ward,6,5.843013,0.0
Rush Green & Crowlands Ward,7,5.8433743,2.0
Rush Green & Crowlands Ward,8,5.9958425,9.0
Rush Green & Crowlands Ward,9,6.0775495,6.0
Rush Green & Crowlands Ward,10,6.991409,9.0
Rush Green & Crowlands Ward,11,7.2181954,14.0
Rush Green & Crowlands Ward,12,6.996942,4.0
Rushey Green Ward,1,16.08713,20.0
Rushey Green Ward,2,14.882279,19.0
Rushey Green Ward,3,15.570653,30.0
Rushey Green Ward,4,15.346977,24.0
Rushey Green Ward,5,15.528522,9.0
Rushey Green Ward,6,15.412164,8.0
Rushey Green Ward,7,15.55196,15.0
Rushey Green Ward,8,16.072254,10.0
Rushey Green Ward,9,16.148819,14.0
Rushey Green Ward,10,15.201808,10.0
Rushey Green Ward,11,14.978657,13.0
Rushey Green Ward,12,14.8587055,9.0
Rye Lane Ward,1,11.794103,10.0
Rye Lane Ward,2,10.812768,12.0
Rye Lane Ward,3,11.31506,12.0
Rye Lane Ward,4,11.167968,10.0
Rye Lane Ward,5,11.380346,21.0
Rye Lane Ward,6,11.421922,14.0
Rye Lane Ward,7,11.740262,16.0
Rye Lane Ward,8,11.839404,7.0
Rye Lane Ward,9,11.790378,10.0
Rye Lane Ward,10,11.72413,7.0
Rye Lane Ward,11,11.634706,7.0
Rye Lane Ward,12,11.43396,15.0
Sanderstead Ward,1,4.1942487,1.0
Sanderstead Ward,2,4.0136437,6.0
Sanderstead Ward,3,4.3076324,6.0
Sanderstead Ward,4,3.1137767,3.0
Sanderstead Ward,5,3.1848042,2.0
Sanderstead Ward,6,3.1663594,0.0
Sanderstead Ward,7,3.1967075,5.0
Sanderstead Ward,8,3.288687,10.0
Sanderstead Ward,9,3.4303715,8.0
Sanderstead Ward,10,4.2322655,3.0
Sanderstead Ward,11,4.416045,5.0
Sanderstead Ward,12,4.4579105,6.0
Sands End Ward,1,4.7412786,7.0
Sands End Ward,2,4.698513,5.0
Sands End Ward,3,5.0863423,9.0
Sands End Ward,4,4.5733895,6.0
Sands End Ward,5,4.656383,1.0
Sands End Ward,6,4.659442,7.0
Sands End Ward,7,4.698531,6.0
Sands End Ward,8,4.821869,5.0
Sands End Ward,9,4.869748,3.0
Sands End Ward,10,5.215883,3.0
Sands End Ward,11,5.273373,6.0
Sands End Ward,12,5.1265974,5.0
Selhurst Ward,1,8.033343,6.0
Selhurst Ward,2,7.1435256,12.0
Selhurst Ward,3,7.514043,8.0
Selhurst Ward,4,7.077642,22.0
Selhurst Ward,5,7.1550393,5.0
Selhurst Ward,6,7.167988,7.0
Selhurst Ward,7,7.3280134,11.0
Selhurst Ward,8,7.4246106,9.0
Selhurst Ward,9,7.338273,6.0
Selhurst Ward,10,7.4237556,10.0
Selhurst Ward,11,7.393424,8.0
Selhurst Ward,12,7.358035,3.0
Selsdon & Addington Village Ward,1,3.7886837,16.0
Selsdon & Addington Village Ward,2,3.501386,7.0
Selsdon & Addington Village Ward,3,3.8411353,7.0
Selsdon & Addington Village Ward,4,2.613204,8.0
Selsdon & Addington Village Ward,5,2.7270477,2.0
Selsdon & Addington Village Ward,6,2.738291,0.0
Selsdon & Addington Village Ward,7,2.728962,3.0
Selsdon & Addington Village Ward,8,2.886468,3.0
Selsdon & Addington Village Ward,9,2.9936888,3.0
Selsdon & Addington Village Ward,10,4.1200686,4.0
Selsdon & Addington Village Ward,11,4.2851095,6.0
Selsdon & Addington Village Ward,12,4.219552,9.0
Selsdon Vale & Forestdale Ward,1,3.5669498,5.0
Selsdon Vale & Forestdale Ward,2,3.4040413,3.0
Selsdon Vale & Forestdale Ward,3,3.760965,2.0
Selsdon Vale & Forestdale Ward,4,2.4768193,5.0
Selsdon Vale & Forestdale Ward,5,2.5134187,1.0
Selsdon Vale & Forestdale Ward,6,2.4986937,1.0
Selsdon Vale & Forestdale Ward,7,2.4752505,3.0
Selsdon Vale & Forestdale Ward,8,2.4988468,1.0
Selsdon Vale & Forestdale Ward,9,2.515993,3.0
Selsdon Vale & Forestdale Ward,10,3.4217517,2.0
Selsdon Vale & Forestdale Ward,11,3.5407321,1.0
Selsdon Vale & Forestdale Ward,12,3.3795326,1.0
Seven Kings Ward,1,4.731517,4.0
Seven Kings Ward,2,4.3714414,3.0
Seven Kings Ward,3,4.721089,3.0
Seven Kings Ward,4,3.6071463,8.0
Seven Kings Ward,5,3.6861033,3.0
Seven Kings Ward,6,3.661072,4.0
Seven Kings Ward,7,3.6874597,5.0
Seven Kings Ward,8,3.9143486,7.0
Seven Kings Ward,9,4.0733333,3.0
Seven Kings Ward,10,5.1889763,3.0
Seven Kings Ward,11,5.358355,12.0
Seven Kings Ward,12,5.272283,3.0
Seven Sisters Ward,1,7.1466403,4.0
Seven Sisters Ward,2,6.378992,3.0
Seven Sisters Ward,3,6.8453918,4.0
Seven Sisters Ward,4,6.229717,7.0
Seven Sisters Ward,5,6.408489,6.0
Seven Sisters Ward,6,6.368424,8.0
Seven Sisters Ward,7,6.6858745,6.0
Seven Sisters Ward,8,6.8071356,9.0
Seven Sisters Ward,9,6.6641264,4.0
Seven Sisters Ward,10,6.881628,3.0
Seven Sisters Ward,11,6.8945785,2.0
Seven Sisters Ward,12,6.8241916,4.0
Shacklewell Ward,1,6.2836113,5.0
Shacklewell Ward,2,6.228755,8.0
Shacklewell Ward,3,6.532775,3.0
Shacklewell Ward,4,6.2221246,6.0
Shacklewell Ward,5,6.422626,4.0
Shacklewell Ward,6,6.7078705,8.0
Shacklewell Ward,7,6.926653,6.0
Shacklewell Ward,8,7.167541,7.0
Shacklewell Ward,9,7.0756245,4.0
Shacklewell Ward,10,7.172835,11.0
Shacklewell Ward,11,6.979349,7.0
Shacklewell Ward,12,6.8162217,5.0
Shadwell Ward,1,6.7152734,6.0
Shadwell Ward,2,5.946128,7.0
Shadwell Ward,3,6.3320284,12.0
Shadwell Ward,4,6.004971,13.0
Shadwell Ward,5,6.160634,6.0
Shadwell Ward,6,6.15771,10.0
Shadwell Ward,7,6.333346,8.0
Shadwell Ward,8,6.4290237,2.0
Shadwell Ward,9,6.4080987,6.0
Shadwell Ward,10,6.5196786,10.0
Shadwell Ward,11,6.364786,4.0
Shadwell Ward,12,6.2104807,11.0
Shaftesbury & Queenstown Ward,1,6.9317007,9.0
Shaftesbury & Queenstown Ward,2,6.5566583,8.0
Shaftesbury & Queenstown Ward,3,7.075035,6.0
Shaftesbury & Queenstown Ward,4,6.730577,9.0
Shaftesbury & Queenstown Ward,5,6.8979955,8.0
Shaftesbury & Queenstown Ward,6,6.9605613,9.0
Shaftesbury & Queenstown Ward,7,7.0657024,13.0
Shaftesbury & Queenstown Ward,8,7.039214,1.0
Shaftesbury & Queenstown Ward,9,7.0721354,9.0
Shaftesbury & Queenstown Ward,10,7.2617483,9.0
Shaftesbury & Queenstown Ward,11,7.213585,5.0
Shaftesbury & Queenstown Ward,12,7.0649943,8.0
Shepherd's Bush Green Ward,1,6.4339013,9.0
Shepherd's Bush Green Ward,2,5.750121,11.0
Shepherd's Bush Green Ward,3,6.2786455,4.0
Shepherd's Bush Green Ward,4,6.4481764,8.0
Shepherd's Bush Green Ward,5,6.574009,5.0
Shepherd's Bush Green Ward,6,6.6134334,6.0
Shepherd's Bush Green Ward,7,6.907466,12.0
Shepherd's Bush Green Ward,8,6.942656,5.0
Shepherd's Bush Green Ward,9,6.891113,10.0
Shepherd's Bush Green Ward,10,6.6093726,6.0
Shepherd's Bush Green Ward,11,6.566008,8.0
Shepherd's Bush Green Ward,12,6.472357,11.0
Shirley North Ward,1,4.6625595,6.0
Shirley North Ward,2,4.4403524,8.0
Shirley North Ward,3,4.747486,2.0
Shirley North Ward,4,3.5947165,3.0
Shirley North Ward,5,3.664283,5.0
Shirley North Ward,6,3.6651168,0.0
Shirley North Ward,7,3.6820107,1.0
Shirley North Ward,8,3.767515,6.0
Shirley North Ward,9,3.8898919,4.0
Shirley North Ward,10,4.6857533,2.0
Shirley North Ward,11,4.8532963,5.0
Shirley North Ward,12,4.7817907,2.0
Shirley South Ward,1,4.684714,0.0
Shirley South Ward,2,4.3410864,1.0
Shirley South Ward,3,4.655771,2.0
Shirley South Ward,4,3.4739418,4.0
Shirley South Ward,5,3.534659,1.0
Shirley South Ward,6,3.5162144,2.0
Shirley South Ward,7,3.5422878,1.0
Shirley South Ward,8,3.6538398,1.0
Shirley South Ward,9,3.7647436,9.0
Shirley South Ward,10,4.741053,2.0
Shirley South Ward,11,4.8541274,5.0
Shirley South Ward,12,4.781361,3.0
Shooters Hill Ward,1,4.2513385,6.0
Shooters Hill Ward,2,4.0069327,3.0
Shooters Hill Ward,3,4.3322906,4.0
Shooters Hill Ward,4,3.601902,5.0
Shooters Hill Ward,5,3.706909,0.0
Shooters Hill Ward,6,3.7151628,2.0
Shooters Hill Ward,7,3.7467992,2.0
Shooters Hill Ward,8,3.9056814,3.0
Shooters Hill Ward,9,4.0135202,5.0
Shooters Hill Ward,10,4.408582,3.0
Shooters Hill Ward,11,4.5746126,8.0
Shooters Hill Ward,12,4.514059,6.0
Shortlands & Park Langley Ward,1,4.5591025,3.0
Shortlands & Park Langley Ward,2,4.4051957,2.0
Shortlands & Park Langley Ward,3,4.866533,4.0
Shortlands & Park Langley Ward,4,3.4867864,5.0
Shortlands & Park Langley Ward,5,3.570809,2.0
Shortlands & Park Langley Ward,6,3.5462923,1.0
Shortlands & Park Langley Ward,7,3.5802455,1.0
Shortlands & Park Langley Ward,8,3.6464188,1.0
Shortlands & Park Langley Ward,9,3.836716,0.0
Shortlands & Park Langley Ward,10,5.2318325,6.0
Shortlands & Park Langley Ward,11,5.4896345,9.0
Shortlands & Park Langley Ward,12,5.711479,8.0
Sidcup Ward,1,4.551869,2.0
Sidcup Ward,2,4.471011,5.0
Sidcup Ward,3,4.775175,10.0
Sidcup Ward,4,3.7627072,2.0
Sidcup Ward,5,3.8423505,3.0
Sidcup Ward,6,3.8326955,4.0
Sidcup Ward,7,3.849589,5.0
Sidcup Ward,8,3.9248612,5.0
Sidcup Ward,9,4.0472355,4.0
Sidcup Ward,10,4.9914637,5.0
Sidcup Ward,11,5.1398015,7.0
Sidcup Ward,12,5.046252,6.0
Slade Green & Northend Ward,1,4.0858407,6.0
Slade Green & Northend Ward,2,4.243432,4.0
Slade Green & Northend Ward,3,4.6004486,9.0
Slade Green & Northend Ward,4,3.870909,4.0
Slade Green & Northend Ward,5,3.9099288,6.0
Slade Green & Northend Ward,6,3.8891392,2.0
Slade Green & Northend Ward,7,3.83233,3.0
Slade Green & Northend Ward,8,3.844115,9.0
Slade Green & Northend Ward,9,3.938433,1.0
Slade Green & Northend Ward,10,4.5387053,8.0
Slade Green & Northend Ward,11,4.5780797,2.0
Slade Green & Northend Ward,12,4.4960856,7.0
South Acton Ward,1,9.036433,11.0
South Acton Ward,2,8.34414,9.0
South Acton Ward,3,8.73789,12.0
South Acton Ward,4,8.489024,9.0
South Acton Ward,5,8.672881,8.0
South Acton Ward,6,8.7171135,4.0
South Acton Ward,7,8.842952,5.0
South Acton Ward,8,8.926654,7.0
South Acton Ward,9,9.008843,6.0
South Acton Ward,10,9.146708,13.0
South Acton Ward,11,9.069056,13.0
South Acton Ward,12,8.828417,13.0
South Balham Ward,1,5.966555,6.0
South Balham Ward,2,5.641815,7.0
South Balham Ward,3,6.1842866,3.0
South Balham Ward,4,5.7410107,4.0
South Balham Ward,5,5.8670583,2.0
South Balham Ward,6,5.853208,4.0
South Balham Ward,7,5.961877,4.0
South Balham Ward,8,6.051786,3.0
South Balham Ward,9,6.0847087,10.0
South Balham Ward,10,6.140525,9.0
South Balham Ward,11,6.128748,7.0
South Balham Ward,12,6.0323696,7.0
South Beddington & Roundshaw Ward,1,3.6425738,4.0
South Beddington & Roundshaw Ward,2,3.561972,2.0
South Beddington & Roundshaw Ward,3,3.8945177,6.0
South Beddington & Roundshaw Ward,4,2.7431169,5.0
South Beddington & Roundshaw Ward,5,2.8126833,1.0
South Beddington & Roundshaw Ward,6,2.8030283,3.0
South Beddington & Roundshaw Ward,7,2.819922,3.0
South Beddington & Roundshaw Ward,8,2.8648498,5.0
South Beddington & Roundshaw Ward,9,2.9216793,3.0
South Beddington & Roundshaw Ward,10,3.888749,4.0
South Beddington & Roundshaw Ward,11,3.9912617,4.0
South Beddington & Roundshaw Ward,12,3.8896184,2.0
South Bermondsey Ward,1,10.895443,17.0
South Bermondsey Ward,2,10.120355,13.0
South Bermondsey Ward,3,10.519788,9.0
South Bermondsey Ward,4,10.163167,17.0
South Bermondsey Ward,5,10.327557,10.0
South Bermondsey Ward,6,10.3767395,13.0
South Bermondsey Ward,7,10.633554,9.0
South Bermondsey Ward,8,10.683451,8.0
South Bermondsey Ward,9,10.662525,8.0
South Bermondsey Ward,10,10.827813,3.0
South Bermondsey Ward,11,10.863989,8.0
South Bermondsey Ward,12,10.709257,12.0
South Croydon Ward,1,7.8622966,6.0
South Croydon Ward,2,7.4335327,4.0
South Croydon Ward,3,7.8279805,3.0
South Croydon Ward,4,6.944603,4.0
South Croydon Ward,5,7.0472555,7.0
South Croydon Ward,6,7.0523357,7.0
South Croydon Ward,7,7.0946984,4.0
South Croydon Ward,8,7.1721206,4.0
South Croydon Ward,9,7.2825203,7.0
South Croydon Ward,10,8.235581,11.0
South Croydon Ward,11,8.337648,8.0
South Croydon Ward,12,8.236682,18.0
South Hampstead Ward,1,6.9452877,11.0
South Hampstead Ward,2,6.6977935,12.0
South Hampstead Ward,3,7.076906,12.0
South Hampstead Ward,4,6.0589385,13.0
South Hampstead Ward,5,6.159871,5.0
South Hampstead Ward,6,6.145147,9.0
South Hampstead Ward,7,6.1962476,5.0
South Hampstead Ward,8,6.3498535,15.0
South Hampstead Ward,9,6.4579988,10.0
South Hampstead Ward,10,7.229011,10.0
South Hampstead Ward,11,7.316577,10.0
South Hampstead Ward,12,7.192525,11.0
South Hornchurch Ward,1,5.2519755,3.0
South Hornchurch Ward,2,4.9103975,4.0
South Hornchurch Ward,3,5.3783,0.0
South Hornchurch Ward,4,4.1556797,2.0
South Hornchurch Ward,5,4.277311,1.0
South Hornchurch Ward,6,4.165155,1.0
South Hornchurch Ward,7,4.189264,0.0
South Hornchurch Ward,8,4.3484435,6.0
South Hornchurch Ward,9,4.4234657,1.0
South Hornchurch Ward,10,5.3213634,6.0
South Hornchurch Ward,11,5.4679456,6.0
South Hornchurch Ward,12,5.319581,5.0
South Norwood Ward,1,9.031126,3.0
South Norwood Ward,2,8.33673,6.0
South Norwood Ward,3,8.674242,1.0
South Norwood Ward,4,7.8826838,8.0
South Norwood Ward,5,8.122541,3.0
South Norwood Ward,6,8.243798,3.0
South Norwood Ward,7,8.58674,6.0
South Norwood Ward,8,8.878563,5.0
South Norwood Ward,9,8.839145,8.0
South Norwood Ward,10,9.155538,7.0
South Norwood Ward,11,9.02567,10.0
South Norwood Ward,12,8.821217,6.0
South Richmond Ward,1,7.775343,12.0
South Richmond Ward,2,7.673744,11.0
South Richmond Ward,3,8.189553,12.0
South Richmond Ward,4,7.2734494,9.0
South Richmond Ward,5,7.3252225,4.0
South Richmond Ward,6,7.0983644,7.0
South Richmond Ward,7,7.08531,6.0
South Richmond Ward,8,7.306869,9.0
South Richmond Ward,9,7.429677,5.0
South Richmond Ward,10,7.917787,11.0
South Richmond Ward,11,8.085336,10.0
South Richmond Ward,12,7.956636,12.0
South Ruislip Ward,1,6.740218,5.0
South Ruislip Ward,2,6.239094,8.0
South Ruislip Ward,3,6.5200095,7.0
South Ruislip Ward,4,5.196083,4.0
South Ruislip Ward,5,5.2587004,5.0
South Ruislip Ward,6,5.243976,1.0
South Ruislip Ward,7,5.2609854,4.0
South Ruislip Ward,8,5.4720864,3.0
South Ruislip Ward,9,5.6310706,6.0
South Ruislip Ward,10,7.0674844,11.0
South Ruislip Ward,11,7.2194877,10.0
South Ruislip Ward,12,7.091985,4.0
South Tottenham Ward,1,8.603239,11.0
South Tottenham Ward,2,7.9265323,3.0
South Tottenham Ward,3,8.404605,5.0
South Tottenham Ward,4,7.724661,8.0
South Tottenham Ward,5,7.87347,5.0
South Tottenham Ward,6,7.8103604,10.0
South Tottenham Ward,7,7.941144,7.0
South Tottenham Ward,8,8.056021,3.0
South Tottenham Ward,9,8.005499,7.0
South Tottenham Ward,10,8.215881,5.0
South Tottenham Ward,11,8.318589,9.0
South Tottenham Ward,12,8.19955,6.0
South Twickenham Ward,1,4.0614257,3.0
South Twickenham Ward,2,3.7742047,2.0
South Twickenham Ward,3,4.2762823,8.0
South Twickenham Ward,4,3.4969602,1.0
South Twickenham Ward,5,3.7095063,0.0
South Twickenham Ward,6,3.6899304,5.0
South Twickenham Ward,7,3.7172697,2.0
South Twickenham Ward,8,3.925379,2.0
South Twickenham Ward,9,4.000852,2.0
South Twickenham Ward,10,4.253553,4.0
South Twickenham Ward,11,4.337938,4.0
South Twickenham Ward,12,4.3130064,2.0
South Woodford Ward,1,6.263831,12.0
South Woodford Ward,2,5.852741,15.0
South Woodford Ward,3,6.2284365,10.0
South Woodford Ward,4,5.3533688,8.0
South Woodford Ward,5,5.442692,13.0
South Woodford Ward,6,5.434238,18.0
South Woodford Ward,7,5.465804,13.0
South Woodford Ward,8,5.637509,8.0
South Woodford Ward,9,5.746447,4.0
South Woodford Ward,10,6.4635305,5.0
South Woodford Ward,11,6.5279875,10.0
South Woodford Ward,12,6.5174804,4.0
Southall Broadway Ward,1,5.39082,7.0
Southall Broadway Ward,2,4.829606,5.0
Southall Broadway Ward,3,5.160612,2.0
Southall Broadway Ward,4,4.334719,8.0
Southall Broadway Ward,5,4.459265,4.0
Southall Broadway Ward,6,4.3651543,3.0
Southall Broadway Ward,7,4.390845,3.0
Southall Broadway Ward,8,4.524972,9.0
Southall Broadway Ward,9,4.602127,8.0
Southall Broadway Ward,10,5.050981,7.0
Southall Broadway Ward,11,5.178576,5.0
Southall Broadway Ward,12,5.1361904,5.0
Southall Green Ward,1,7.179817,18.0
Southall Green Ward,2,6.505738,13.0
Southall Green Ward,3,6.8739495,12.0
Southall Green Ward,4,5.613585,6.0
Southall Green Ward,5,5.7351437,10.0
Southall Green Ward,6,5.688759,12.0
Southall Green Ward,7,5.7144494,7.0
Southall Green Ward,8,5.872176,8.0
Southall Green Ward,9,5.9544115,4.0
Southall Green Ward,10,6.609179,5.0
Southall Green Ward,11,6.810017,4.0
Southall Green Ward,12,6.675484,9.0
Southall West Ward,1,2.4021707,5.0
Southall West Ward,2,2.373004,0.0
Southall West Ward,3,2.6480532,2.0
Southall West Ward,4,1.8510727,3.0
Southall West Ward,5,1.9022173,1.0
Southall West Ward,6,1.8316991,2.0
Southall West Ward,7,1.8681456,1.0
Southall West Ward,8,1.9394777,2.0
Southall West Ward,9,1.9827105,3.0
Southall West Ward,10,2.4655054,1.0
Southall West Ward,11,2.5143247,3.0
Southall West Ward,12,2.4247046,3.0
Southbury Ward,1,7.1142564,13.0
Southbury Ward,2,6.4846687,2.0
Southbury Ward,3,6.86612,7.0
Southbury Ward,4,5.8940134,4.0
Southbury Ward,5,6.0017514,5.0
Southbury Ward,6,6.0041614,3.0
Southbury Ward,7,6.0501966,11.0
Southbury Ward,8,6.1962175,9.0
Southbury Ward,9,6.2733727,4.0
Southbury Ward,10,7.0698595,2.0
Southbury Ward,11,7.208617,8.0
Southbury Ward,12,7.0460668,7.0
Southfield Ward,1,7.549687,8.0
Southfield Ward,2,7.142294,13.0
Southfield Ward,3,7.562328,6.0
Southfield Ward,4,6.502618,4.0
Southfield Ward,5,6.6141553,3.0
Southfield Ward,6,6.6277275,5.0
Southfield Ward,7,6.710864,2.0
Southfield Ward,8,6.880404,2.0
Southfield Ward,9,6.9900575,4.0
Southfield Ward,10,7.8087373,4.0
Southfield Ward,11,7.8985558,3.0
Southfield Ward,12,7.7613416,4.0
Southfields Ward,1,4.579908,2.0
Southfields Ward,2,4.2198086,2.0
Southfields Ward,3,4.6312103,5.0
Southfields Ward,4,3.8737886,3.0
Southfields Ward,5,3.95694,1.0
Southfields Ward,6,3.9484859,1.0
Southfields Ward,7,4.041939,3.0
Southfields Ward,8,4.1809955,4.0
Southfields Ward,9,4.224241,3.0
Southfields Ward,10,4.663741,2.0
Southfields Ward,11,4.729797,4.0
Southfields Ward,12,4.5455346,4.0
Southgate Ward,1,6.92907,8.0
Southgate Ward,2,6.410267,6.0
Southgate Ward,3,6.735243,8.0
Southgate Ward,4,5.372974,3.0
Southgate Ward,5,5.452638,5.0
Southgate Ward,6,5.4429502,3.0
Southgate Ward,7,5.477431,8.0
Southgate Ward,8,5.636559,9.0
Southgate Ward,9,5.770838,10.0
Southgate Ward,10,6.9962835,5.0
Southgate Ward,11,7.1966724,11.0
Southgate Ward,12,7.0605755,11.0
Spitalfields & Banglatown Ward,1,14.306634,21.0
Spitalfields & Banglatown Ward,2,13.822969,22.0
Spitalfields & Banglatown Ward,3,14.402384,9.0
Spitalfields & Banglatown Ward,4,14.261666,11.0
Spitalfields & Banglatown Ward,5,14.367139,17.0
Spitalfields & Banglatown Ward,6,14.495894,12.0
Spitalfields & Banglatown Ward,7,14.772664,12.0
Spitalfields & Banglatown Ward,8,15.240268,16.0
Spitalfields & Banglatown Ward,9,15.186844,22.0
Spitalfields & Banglatown Ward,10,15.342905,23.0
Spitalfields & Banglatown Ward,11,15.172989,29.0
Spitalfields & Banglatown Ward,12,14.985147,15.0
Springfield Ward,1,8.862758,6.0
Springfield Ward,2,8.188804,9.0
Springfield Ward,3,8.536536,8.0
Springfield Ward,4,7.760953,9.0
Springfield Ward,5,7.8466706,9.0
Springfield Ward,6,7.89087,2.0
Springfield Ward,7,7.9536633,7.0
Springfield Ward,8,8.141471,13.0
Springfield Ward,9,8.199585,17.0
Springfield Ward,10,8.627216,3.0
Springfield Ward,11,8.619272,7.0
Springfield Ward,12,8.519669,5.0
Squirrels Heath Ward,1,5.727903,5.0
Squirrels Heath Ward,2,5.438951,4.0
Squirrels Heath Ward,3,5.783267,5.0
Squirrels Heath Ward,4,4.551237,4.0
Squirrels Heath Ward,5,4.6095695,4.0
Squirrels Heath Ward,6,4.5911264,1.0
Squirrels Heath Ward,7,4.5964365,5.0
Squirrels Heath Ward,8,4.716041,4.0
Squirrels Heath Ward,9,4.8745723,2.0
Squirrels Heath Ward,10,6.073563,5.0
Squirrels Heath Ward,11,6.286695,5.0
Squirrels Heath Ward,12,6.2151365,6.0
St. Alban's Ward,1,3.4054418,7.0
St. Alban's Ward,2,3.377774,6.0
St. Alban's Ward,3,3.7440095,6.0
St. Alban's Ward,4,3.0634773,5.0
St. Alban's Ward,5,3.1925466,5.0
St. Alban's Ward,6,3.2141585,5.0
St. Alban's Ward,7,3.232486,3.0
St. Alban's Ward,8,3.3043392,1.0
St. Alban's Ward,9,3.3488042,9.0
St. Alban's Ward,10,3.721504,3.0
St. Alban's Ward,11,3.7602704,2.0
St. Alban's Ward,12,3.6691601,3.0
St. Andrew's Ward,1,5.709062,9.0
St. Andrew's Ward,2,5.572026,4.0
St. Andrew's Ward,3,5.921167,7.0
St. Andrew's Ward,4,4.5096335,5.0
St. Andrew's Ward,5,4.6070194,3.0
St. Andrew's Ward,6,4.5354133,2.0
St. Andrew's Ward,7,4.4947424,5.0
St. Andrew's Ward,8,4.588649,4.0
St. Andrew's Ward,9,4.777971,3.0
St. Andrew's Ward,10,5.9835305,6.0
St. Andrew's Ward,11,6.087969,4.0
St. Andrew's Ward,12,6.0161247,0.0
St. Ann's Ward,1,5.652624,4.0
St. Ann's Ward,2,5.2438717,5.0
St. Ann's Ward,3,5.651664,4.0
St. Ann's Ward,4,4.890712,5.0
St. Ann's Ward,5,5.0063653,6.0
St. Ann's Ward,6,5.0155096,3.0
St. Ann's Ward,7,5.054349,7.0
St. Ann's Ward,8,5.20037,5.0
St. Ann's Ward,9,5.277525,3.0
St. Ann's Ward,10,5.7658854,3.0
St. Ann's Ward,11,5.9266553,4.0
St. Ann's Ward,12,5.8186107,6.0
St. Dunstan's Ward,1,6.8331265,9.0
St. Dunstan's Ward,2,6.3335013,6.0
St. Dunstan's Ward,3,6.6745605,9.0
St. Dunstan's Ward,4,6.1821523,8.0
St. Dunstan's Ward,5,6.312222,5.0
St. Dunstan's Ward,6,6.335888,5.0
St. Dunstan's Ward,7,6.4397464,8.0
St. Dunstan's Ward,8,6.5202227,7.0
St. Dunstan's Ward,9,6.4968715,10.0
St. Dunstan's Ward,10,6.619156,13.0
St. Dunstan's Ward,11,6.624595,10.0
St. Dunstan's Ward,12,6.485492,10.0
St. Edward's Ward,1,5.40032,8.0
St. Edward's Ward,2,5.2129784,9.0
St. Edward's Ward,3,5.5554204,6.0
St. Edward's Ward,4,4.5735545,8.0
St. Edward's Ward,5,4.6590595,10.0
St. Edward's Ward,6,4.656889,11.0
St. Edward's Ward,7,4.6878676,9.0
St. Edward's Ward,8,4.803027,7.0
St. Edward's Ward,9,4.9108677,8.0
St. Edward's Ward,10,5.5975246,10.0
St. Edward's Ward,11,5.7095366,8.0
St. Edward's Ward,12,5.604827,7.0
St. George's Ward,1,5.541289,2.0
St. George's Ward,2,4.6026735,5.0
St. George's Ward,3,5.1505632,2.0
St. George's Ward,4,5.0915813,7.0
St. George's Ward,5,5.330047,6.0
St. George's Ward,6,5.4883237,5.0
St. George's Ward,7,5.7229576,4.0
St. George's Ward,8,5.975678,1.0
St. George's Ward,9,5.917646,7.0
St. George's Ward,10,5.9663916,11.0
St. George's Ward,11,5.794426,10.0
St. George's Ward,12,5.810845,5.0
St. Giles Ward,1,9.68796,13.0
St. Giles Ward,2,9.068662,3.0
St. Giles Ward,3,9.5006485,10.0
St. Giles Ward,4,9.171904,15.0
St. Giles Ward,5,9.355504,17.0
St. Giles Ward,6,9.397079,12.0
St. Giles Ward,7,9.577511,4.0
St. Giles Ward,8,9.716354,5.0
St. Giles Ward,9,9.718658,4.0
St. Giles Ward,10,9.907907,9.0
St. Giles Ward,11,9.895869,9.0
St. Giles Ward,12,9.685233,13.0
St. Helen's Ward,1,4.7515936,2.0
St. Helen's Ward,2,4.209123,2.0
St. Helen's Ward,3,4.699749,4.0
St. Helen's Ward,4,4.321859,5.0
St. Helen's Ward,5,4.4709754,5.0
St. Helen's Ward,6,4.466515,3.0
St. Helen's Ward,7,4.5895467,3.0
St. Helen's Ward,8,4.560723,4.0
St. Helen's Ward,9,4.5792255,7.0
St. Helen's Ward,10,4.8183045,5.0
St. Helen's Ward,11,4.7964516,0.0
St. Helen's Ward,12,4.6474557,2.0
St. Helier East Ward,1,3.2636158,0.0
St. Helier East Ward,2,2.7711349,0.0
St. Helier East Ward,3,3.1359923,2.0
St. Helier East Ward,4,2.3227222,3.0
St. Helier East Ward,5,2.4572632,1.0
St. Helier East Ward,6,2.3482397,0.0
St. Helier East Ward,7,2.380511,2.0
St. Helier East Ward,8,2.510074,1.0
St. Helier East Ward,9,2.5915945,2.0
St. Helier East Ward,10,3.0104434,1.0
St. Helier East Ward,11,3.1000884,0.0
St. Helier East Ward,12,3.0166996,3.0
St. Helier Ward,1,3.7809565,2.0
St. Helier Ward,2,3.411985,1.0
St. Helier Ward,3,4.0420375,4.0
St. Helier Ward,4,3.339161,1.0
St. Helier Ward,5,3.4951875,6.0
St. Helier Ward,6,3.5260518,2.0
St. Helier Ward,7,3.6379611,1.0
St. Helier Ward,8,3.701803,2.0
St. Helier Ward,9,3.7141533,8.0
St. Helier Ward,10,4.1199465,2.0
St. Helier Ward,11,4.139299,0.0
St. Helier Ward,12,4.017252,7.0
St. Helier West Ward,1,4.113395,5.0
St. Helier West Ward,2,3.741986,0.0
St. Helier West Ward,3,4.194811,3.0
St. Helier West Ward,4,3.516451,3.0
St. Helier West Ward,5,3.6701818,4.0
St. Helier West Ward,6,3.6362636,1.0
St. Helier West Ward,7,3.7193027,4.0
St. Helier West Ward,8,3.789682,3.0
St. Helier West Ward,9,3.7958138,1.0
St. Helier West Ward,10,4.265097,4.0
St. Helier West Ward,11,4.325575,0.0
St. Helier West Ward,12,4.1837583,3.0
St. James Ward,1,5.4908323,12.0
St. James Ward,2,4.9494195,5.0
St. James Ward,3,5.4051957,6.0
St. James Ward,4,4.51679,6.0
St. James Ward,5,4.667137,6.0
St. James Ward,6,4.6896753,8.0
St. James Ward,7,4.781274,9.0
St. James Ward,8,4.943692,1.0
St. James Ward,9,4.974056,13.0
St. James Ward,10,5.9701867,9.0
St. James Ward,11,5.770882,4.0
St. James Ward,12,5.603947,3.0
St. James's Ward,1,24.88202,25.0
St. James's Ward,2,22.963968,24.0
St. James's Ward,3,23.80413,40.0
St. James's Ward,4,23.246395,35.0
St. James's Ward,5,23.429111,34.0
St. James's Ward,6,23.490671,35.0
St. James's Ward,7,24.249725,38.0
St. James's Ward,8,25.440279,26.0
St. James's Ward,9,25.594856,23.0
St. James's Ward,10,26.687698,26.0
St. James's Ward,11,26.419128,29.0
St. James's Ward,12,26.10986,35.0
St. Katharine's & Wapping Ward,1,8.097768,9.0
St. Katharine's & Wapping Ward,2,7.942365,5.0
St. Katharine's & Wapping Ward,3,8.197245,6.0
St. Katharine's & Wapping Ward,4,7.5255413,13.0
St. Katharine's & Wapping Ward,5,7.705486,5.0
St. Katharine's & Wapping Ward,6,7.6777267,8.0
St. Katharine's & Wapping Ward,7,7.7042575,8.0
St. Katharine's & Wapping Ward,8,7.723696,13.0
St. Katharine's & Wapping Ward,9,7.8222356,4.0
St. Katharine's & Wapping Ward,10,8.621598,14.0
St. Katharine's & Wapping Ward,11,8.723532,9.0
St. Katharine's & Wapping Ward,12,8.584036,9.0
St. Margarets & North Twickenham Ward,1,5.9780912,9.0
St. Margarets & North Twickenham Ward,2,5.6403403,4.0
St. Margarets & North Twickenham Ward,3,6.0751033,9.0
St. Margarets & North Twickenham Ward,4,5.2019215,1.0
St. Margarets & North Twickenham Ward,5,5.3483534,10.0
St. Margarets & North Twickenham Ward,6,5.270455,2.0
St. Margarets & North Twickenham Ward,7,5.2933598,3.0
St. Margarets & North Twickenham Ward,8,5.3780975,4.0
St. Margarets & North Twickenham Ward,9,5.4040465,4.0
St. Margarets & North Twickenham Ward,10,5.878673,3.0
St. Margarets & North Twickenham Ward,11,5.9012027,0.0
St. Margarets & North Twickenham Ward,12,5.906544,5.0
St. Mark's & Seething Wells Ward,1,3.8116822,3.0
St. Mark's & Seething Wells Ward,2,3.6941562,9.0
St. Mark's & Seething Wells Ward,3,4.0557055,2.0
St. Mark's & Seething Wells Ward,4,3.2411933,2.0
St. Mark's & Seething Wells Ward,5,3.3854094,1.0
St. Mark's & Seething Wells Ward,6,3.3769553,1.0
St. Mark's & Seething Wells Ward,7,3.3767426,2.0
St. Mark's & Seething Wells Ward,8,3.5162778,3.0
St. Mark's & Seething Wells Ward,9,3.5888283,0.0
St. Mark's & Seething Wells Ward,10,4.1263213,0.0
St. Mark's & Seething Wells Ward,11,4.2425675,4.0
St. Mark's & Seething Wells Ward,12,4.1029267,3.0
St. Martin's Ward,1,6.1597605,4.0
St. Martin's Ward,2,5.794105,5.0
St. Martin's Ward,3,6.3343563,6.0
St. Martin's Ward,4,5.939717,6.0
St. Martin's Ward,5,6.109752,5.0
St. Martin's Ward,6,6.178157,2.0
St. Martin's Ward,7,6.3226213,3.0
St. Martin's Ward,8,6.3784747,4.0
St. Martin's Ward,9,6.362952,4.0
St. Martin's Ward,10,6.587278,8.0
St. Martin's Ward,11,6.536001,2.0
St. Martin's Ward,12,6.3422737,2.0
St. Mary Cray Ward,1,12.006152,4.0
St. Mary Cray Ward,2,11.150488,5.0
St. Mary Cray Ward,3,11.413213,8.0
St. Mary Cray Ward,4,9.58761,5.0
St. Mary Cray Ward,5,9.716007,9.0
St. Mary Cray Ward,6,9.185837,1.0
St. Mary Cray Ward,7,9.222057,6.0
St. Mary Cray Ward,8,9.48082,4.0
St. Mary Cray Ward,9,9.588473,9.0
St. Mary Cray Ward,10,10.435829,2.0
St. Mary Cray Ward,11,10.683505,5.0
St. Mary Cray Ward,12,10.725151,7.0
St. Mary's & St. James Ward,1,3.9294586,10.0
St. Mary's & St. James Ward,2,3.378848,3.0
St. Mary's & St. James Ward,3,3.786974,4.0
St. Mary's & St. James Ward,4,2.4668846,0.0
St. Mary's & St. James Ward,5,2.5115957,0.0
St. Mary's & St. James Ward,6,2.5075066,1.0
St. Mary's & St. James Ward,7,2.482104,0.0
St. Mary's & St. James Ward,8,2.5995755,2.0
St. Mary's & St. James Ward,9,2.7183433,1.0
St. Mary's & St. James Ward,10,4.0306497,2.0
St. Mary's & St. James Ward,11,4.2448444,4.0
St. Mary's & St. James Ward,12,4.055507,1.0
St. Mary's & St. James' Ward,1,7.9653606,6.0
St. Mary's & St. James' Ward,2,7.7142878,1.0
St. Mary's & St. James' Ward,3,8.254539,9.0
St. Mary's & St. James' Ward,4,7.9847627,10.0
St. Mary's & St. James' Ward,5,8.172822,12.0
St. Mary's & St. James' Ward,6,8.241228,15.0
St. Mary's & St. James' Ward,7,8.367863,7.0
St. Mary's & St. James' Ward,8,8.423719,11.0
St. Mary's & St. James' Ward,9,8.4260235,8.0
St. Mary's & St. James' Ward,10,8.437514,8.0
St. Mary's & St. James' Ward,11,8.378261,8.0
St. Mary's & St. James' Ward,12,8.146873,10.0
St. Mary's Ward,1,7.6733246,9.0
St. Mary's Ward,2,7.493433,6.0
St. Mary's Ward,3,7.932446,8.0
St. Mary's Ward,4,7.3209467,6.0
St. Mary's Ward,5,7.5014873,15.0
St. Mary's Ward,6,7.486763,6.0
St. Mary's Ward,7,7.647153,13.0
St. Mary's Ward,8,7.7155833,18.0
St. Mary's Ward,9,7.7434287,3.0
St. Mary's Ward,10,8.172724,9.0
St. Mary's Ward,11,8.112201,14.0
St. Mary's Ward,12,7.9233823,5.0
St. Pancras & Somers Town Ward,1,7.2350926,8.0
St. Pancras & Somers Town Ward,2,6.6462255,11.0
St. Pancras & Somers Town Ward,3,7.072494,11.0
St. Pancras & Somers Town Ward,4,6.9077806,10.0
St. Pancras & Somers Town Ward,5,7.153957,3.0
St. Pancras & Somers Town Ward,6,7.153261,8.0
St. Pancras & Somers Town Ward,7,7.285444,2.0
St. Pancras & Somers Town Ward,8,7.325515,6.0
St. Pancras & Somers Town Ward,9,7.292916,8.0
St. Pancras & Somers Town Ward,10,7.1606975,5.0
St. Pancras & Somers Town Ward,11,7.083969,6.0
St. Pancras & Somers Town Ward,12,6.8947344,11.0
St. Paul's Cray Ward,1,11.0563545,6.0
St. Paul's Cray Ward,2,10.168686,8.0
St. Paul's Cray Ward,3,10.48573,10.0
St. Paul's Cray Ward,4,9.214243,8.0
St. Paul's Cray Ward,5,9.319937,5.0
St. Paul's Cray Ward,6,9.140678,8.0
St. Paul's Cray Ward,7,9.164182,17.0
St. Paul's Cray Ward,8,9.270318,8.0
St. Paul's Cray Ward,9,9.377972,3.0
St. Paul's Cray Ward,10,10.026105,5.0
St. Paul's Cray Ward,11,10.250336,9.0
St. Paul's Cray Ward,12,10.337653,7.0
St. Peter's & Canalside Ward,1,7.899242,8.0
St. Peter's & Canalside Ward,2,7.420544,11.0
St. Peter's & Canalside Ward,3,7.999604,10.0
St. Peter's & Canalside Ward,4,7.7839713,12.0
St. Peter's & Canalside Ward,5,7.980921,13.0
St. Peter's & Canalside Ward,6,8.035478,8.0
St. Peter's & Canalside Ward,7,8.204263,8.0
St. Peter's & Canalside Ward,8,8.41401,10.0
St. Peter's & Canalside Ward,9,8.362193,12.0
St. Peter's & Canalside Ward,10,8.355648,6.0
St. Peter's & Canalside Ward,11,8.15388,6.0
St. Peter's & Canalside Ward,12,8.015867,7.0
Stamford Hill West Ward,1,4.2920723,5.0
Stamford Hill West Ward,2,3.8989189,3.0
Stamford Hill West Ward,3,4.291267,4.0
Stamford Hill West Ward,4,3.5324643,2.0
Stamford Hill West Ward,5,3.62139,5.0
Stamford Hill West Ward,6,3.5874722,2.0
Stamford Hill West Ward,7,3.6436975,3.0
Stamford Hill West Ward,8,3.6957877,2.0
Stamford Hill West Ward,9,3.674046,2.0
Stamford Hill West Ward,10,4.2205706,1.0
Stamford Hill West Ward,11,4.28106,7.0
Stamford Hill West Ward,12,4.0813146,6.0
Stanley Ward,1,6.9205723,12.0
Stanley Ward,2,6.1243124,7.0
Stanley Ward,3,6.761445,9.0
Stanley Ward,4,6.0596085,13.0
Stanley Ward,5,6.1350374,7.0
Stanley Ward,6,6.125739,18.0
Stanley Ward,7,6.291221,7.0
Stanley Ward,8,6.482271,7.0
Stanley Ward,9,6.532166,5.0
Stanley Ward,10,7.0419245,5.0
Stanley Ward,11,6.8841743,9.0
Stanley Ward,12,6.8881073,8.0
Stanmore Ward,1,5.477318,12.0
Stanmore Ward,2,5.2112865,11.0
Stanmore Ward,3,5.496787,8.0
Stanmore Ward,4,4.298917,9.0
Stanmore Ward,5,4.3746715,2.0
Stanmore Ward,6,4.389531,5.0
Stanmore Ward,7,4.421969,3.0
Stanmore Ward,8,4.574919,1.0
Stanmore Ward,9,4.727878,4.0
Stanmore Ward,10,5.703841,6.0
Stanmore Ward,11,5.7899094,6.0
Stanmore Ward,12,5.6273174,6.0
Stepney Green Ward,1,5.9212375,4.0
Stepney Green Ward,2,5.280918,7.0
Stepney Green Ward,3,5.788042,8.0
Stepney Green Ward,4,5.481736,3.0
Stepney Green Ward,5,5.6106277,5.0
Stepney Green Ward,6,5.546137,3.0
Stepney Green Ward,7,5.7470703,5.0
Stepney Green Ward,8,5.7727556,3.0
Stepney Green Ward,9,5.70023,5.0
Stepney Green Ward,10,5.8028173,3.0
Stepney Green Ward,11,5.7358165,3.0
Stepney Green Ward,12,5.7652564,2.0
Stockwell East Ward,1,5.8088455,1.0
Stockwell East Ward,2,5.2867155,0.0
Stockwell East Ward,3,5.8862844,5.0
Stockwell East Ward,4,5.6800723,2.0
Stockwell East Ward,5,6.0739293,7.0
Stockwell East Ward,6,6.1789827,5.0
Stockwell East Ward,7,6.424262,5.0
Stockwell East Ward,8,6.621634,3.0
Stockwell East Ward,9,6.377752,4.0
Stockwell East Ward,10,6.2029977,7.0
Stockwell East Ward,11,5.997411,2.0
Stockwell East Ward,12,5.8460317,2.0
Stockwell West & Larkhall Ward,1,9.297411,5.0
Stockwell West & Larkhall Ward,2,8.403088,5.0
Stockwell West & Larkhall Ward,3,8.9469595,5.0
Stockwell West & Larkhall Ward,4,8.824313,9.0
Stockwell West & Larkhall Ward,5,8.952522,14.0
Stockwell West & Larkhall Ward,6,9.214167,9.0
Stockwell West & Larkhall Ward,7,9.337138,7.0
Stockwell West & Larkhall Ward,8,9.567886,6.0
Stockwell West & Larkhall Ward,9,9.525379,10.0
Stockwell West & Larkhall Ward,10,9.566326,8.0
Stockwell West & Larkhall Ward,11,9.43201,3.0
Stockwell West & Larkhall Ward,12,9.276507,6.0
Stoke Newington Ward,1,9.346625,12.0
Stoke Newington Ward,2,8.606636,17.0
Stoke Newington Ward,3,9.137227,6.0
Stoke Newington Ward,4,8.883815,10.0
Stoke Newington Ward,5,9.078585,9.0
Stoke Newington Ward,6,9.095379,5.0
Stoke Newington Ward,7,9.248173,2.0
Stoke Newington Ward,8,9.374434,7.0
Stoke Newington Ward,9,9.353509,2.0
Stoke Newington Ward,10,9.490432,11.0
Stoke Newington Ward,11,9.447612,5.0
Stoke Newington Ward,12,9.233365,2.0
Stonebridge Ward,1,14.760045,11.0
Stonebridge Ward,2,14.568237,4.0
Stonebridge Ward,3,13.704071,11.0
Stonebridge Ward,4,11.9896345,5.0
Stonebridge Ward,5,12.023681,3.0
Stonebridge Ward,6,12.2143135,6.0
Stonebridge Ward,7,12.381085,19.0
Stonebridge Ward,8,13.002962,8.0
Stonebridge Ward,9,12.950934,11.0
Stonebridge Ward,10,12.821695,7.0
Stonebridge Ward,11,12.777726,6.0
Stonebridge Ward,12,12.5394945,9.0
Stonecot Ward,1,3.5555775,0.0
Stonecot Ward,2,3.2258353,0.0
Stonecot Ward,3,3.573279,4.0
Stonecot Ward,4,2.438872,3.0
Stonecot Ward,5,2.5093288,2.0
Stonecot Ward,6,2.4908843,1.0
Stonecot Ward,7,2.5072355,1.0
Stonecot Ward,8,2.6310668,5.0
Stonecot Ward,9,2.8079226,2.0
Stonecot Ward,10,3.857354,4.0
Stonecot Ward,11,3.8980892,0.0
Stonecot Ward,12,3.7998734,1.0
Stratford Olympic Park Ward,1,7.613194,16.0
Stratford Olympic Park Ward,2,7.194295,19.0
Stratford Olympic Park Ward,3,7.7357383,10.0
Stratford Olympic Park Ward,4,7.6270175,9.0
Stratford Olympic Park Ward,5,7.8358607,15.0
Stratford Olympic Park Ward,6,7.9823227,8.0
Stratford Olympic Park Ward,7,8.303936,14.0
Stratford Olympic Park Ward,8,8.573398,7.0
Stratford Olympic Park Ward,9,8.599966,10.0
Stratford Olympic Park Ward,10,8.885683,15.0
Stratford Olympic Park Ward,11,8.866977,13.0
Stratford Olympic Park Ward,12,8.809775,13.0
Stratford Ward,1,9.704714,10.0
Stratford Ward,2,9.145335,13.0
Stratford Ward,3,9.845194,7.0
Stratford Ward,4,9.660001,17.0
Stratford Ward,5,9.902538,15.0
Stratford Ward,6,10.045777,23.0
Stratford Ward,7,10.420058,16.0
Stratford Ward,8,10.632302,24.0
Stratford Ward,9,10.557252,24.0
Stratford Ward,10,10.460922,15.0
Stratford Ward,11,10.18767,19.0
Stratford Ward,12,10.421658,7.0
Streatham Common & Vale Ward,1,7.194637,6.0
Streatham Common & Vale Ward,2,6.7411814,9.0
Streatham Common & Vale Ward,3,7.289151,8.0
Streatham Common & Vale Ward,4,6.715272,13.0
Streatham Common & Vale Ward,5,6.8774457,5.0
Streatham Common & Vale Ward,6,6.8926754,4.0
Streatham Common & Vale Ward,7,6.9866643,12.0
Streatham Common & Vale Ward,8,7.057333,5.0
Streatham Common & Vale Ward,9,7.0902557,11.0
Streatham Common & Vale Ward,10,7.3627796,6.0
Streatham Common & Vale Ward,11,7.3365126,9.0
Streatham Common & Vale Ward,12,7.123157,3.0
Streatham Hill East Ward,1,5.5094805,2.0
Streatham Hill East Ward,2,5.296973,7.0
Streatham Hill East Ward,3,5.8252563,3.0
Streatham Hill East Ward,4,5.5162582,5.0
Streatham Hill East Ward,5,5.6862936,1.0
Streatham Hill East Ward,6,5.7546983,4.0
Streatham Hill East Ward,7,5.8760214,1.0
Streatham Hill East Ward,8,5.821457,3.0
Streatham Hill East Ward,9,5.7869663,2.0
Streatham Hill East Ward,10,5.930431,4.0
Streatham Hill East Ward,11,5.863436,4.0
Streatham Hill East Ward,12,5.6885657,6.0
Streatham Hill West & Thornton Ward,1,7.4803147,6.0
Streatham Hill West & Thornton Ward,2,7.1354585,5.0
Streatham Hill West & Thornton Ward,3,7.755817,4.0
Streatham Hill West & Thornton Ward,4,7.309366,4.0
Streatham Hill West & Thornton Ward,5,7.4573927,0.0
Streatham Hill West & Thornton Ward,6,7.49255,4.0
Streatham Hill West & Thornton Ward,7,7.673657,4.0
Streatham Hill West & Thornton Ward,8,7.8768578,5.0
Streatham Hill West & Thornton Ward,9,7.882466,10.0
Streatham Hill West & Thornton Ward,10,8.0795765,1.0
Streatham Hill West & Thornton Ward,11,7.909218,3.0
Streatham Hill West & Thornton Ward,12,7.7620096,10.0
Streatham St. Leonard's Ward,1,10.748337,9.0
Streatham St. Leonard's Ward,2,10.268184,10.0
Streatham St. Leonard's Ward,3,10.834628,4.0
Streatham St. Leonard's Ward,4,9.944118,7.0
Streatham St. Leonard's Ward,5,10.220734,5.0
Streatham St. Leonard's Ward,6,10.262054,7.0
Streatham St. Leonard's Ward,7,10.851909,13.0
Streatham St. Leonard's Ward,8,11.249085,8.0
Streatham St. Leonard's Ward,9,11.474806,8.0
Streatham St. Leonard's Ward,10,11.470566,7.0
Streatham St. Leonard's Ward,11,11.466299,5.0
Streatham St. Leonard's Ward,12,11.060288,3.0
Streatham Wells Ward,1,4.462812,4.0
Streatham Wells Ward,2,4.051674,3.0
Streatham Wells Ward,3,4.588608,2.0
Streatham Wells Ward,4,4.153392,4.0
Streatham Wells Ward,5,4.292249,2.0
Streatham Wells Ward,6,4.2853117,2.0
Streatham Wells Ward,7,4.3878107,3.0
Streatham Wells Ward,8,4.383796,4.0
Streatham Wells Ward,9,4.3988924,2.0
Streatham Wells Ward,10,4.535663,3.0
Streatham Wells Ward,11,4.5152187,8.0
Streatham Wells Ward,12,4.3466463,6.0
Stroud Green Ward,1,7.8828716,6.0
Stroud Green Ward,2,7.6087513,5.0
Stroud Green Ward,3,7.9164376,8.0
Stroud Green Ward,4,7.1875067,6.0
Stroud Green Ward,5,7.3079395,9.0
Stroud Green Ward,6,7.3106885,4.0
Stroud Green Ward,7,7.3839035,8.0
Stroud Green Ward,8,7.537847,7.0
Stroud Green Ward,9,7.6085725,5.0
Stroud Green Ward,10,8.152354,14.0
Stroud Green Ward,11,8.3103695,8.0
Stroud Green Ward,12,8.141802,8.0
Sudbury Ward,1,4.223323,4.0
Sudbury Ward,2,4.0387955,5.0
Sudbury Ward,3,4.406094,1.0
Sudbury Ward,4,3.365826,1.0
Sudbury Ward,5,3.439653,2.0
Sudbury Ward,6,3.442445,1.0
Sudbury Ward,7,3.4483752,3.0
Sudbury Ward,8,3.6349053,4.0
Sudbury Ward,9,3.7404923,1.0
Sudbury Ward,10,4.491891,2.0
Sudbury Ward,11,4.5613194,2.0
Sudbury Ward,12,4.432643,2.0
Surbiton Hill Ward,1,3.8739784,2.0
Surbiton Hill Ward,2,3.4636455,2.0
Surbiton Hill Ward,3,3.8415349,3.0
Surbiton Hill Ward,4,3.0407968,4.0
Surbiton Hill Ward,5,3.1174,3.0
Surbiton Hill Ward,6,3.0989556,5.0
Surbiton Hill Ward,7,3.1197531,3.0
Surbiton Hill Ward,8,3.2425594,1.0
Surbiton Hill Ward,9,3.289864,0.0
Surbiton Hill Ward,10,4.041173,2.0
Surbiton Hill Ward,11,4.051904,2.0
Surbiton Hill Ward,12,3.9534712,2.0
Surrey Docks Ward,1,8.4015,3.0
Surrey Docks Ward,2,8.112669,1.0
Surrey Docks Ward,3,8.380617,6.0
Surrey Docks Ward,4,7.8107905,4.0
Surrey Docks Ward,5,7.9083476,8.0
Surrey Docks Ward,6,7.9477305,6.0
Surrey Docks Ward,7,7.952146,6.0
Surrey Docks Ward,8,8.03793,10.0
Surrey Docks Ward,9,8.1305275,9.0
Surrey Docks Ward,10,8.674678,7.0
Surrey Docks Ward,11,8.732372,7.0
Surrey Docks Ward,12,8.64325,4.0
Sutton Central Ward,1,4.46394,5.0
Sutton Central Ward,2,4.318768,6.0
Sutton Central Ward,3,4.7230825,6.0
Sutton Central Ward,4,4.023507,4.0
Sutton Central Ward,5,4.094972,5.0
Sutton Central Ward,6,4.087542,4.0
Sutton Central Ward,7,4.1379433,4.0
Sutton Central Ward,8,4.2552505,3.0
Sutton Central Ward,9,4.3369575,2.0
Sutton Central Ward,10,4.7473664,3.0
Sutton Central Ward,11,4.8119807,6.0
Sutton Central Ward,12,4.6855125,8.0
Sutton North Ward,1,4.3119607,1.0
Sutton North Ward,2,3.8750484,1.0
Sutton North Ward,3,4.2298136,7.0
Sutton North Ward,4,3.0030649,1.0
Sutton North Ward,5,3.0995705,6.0
Sutton North Ward,6,3.093607,2.0
Sutton North Ward,7,3.1224434,2.0
Sutton North Ward,8,3.292799,1.0
Sutton North Ward,9,3.4245176,6.0
Sutton North Ward,10,4.465678,7.0
Sutton North Ward,11,4.582987,3.0
Sutton North Ward,12,4.507683,3.0
Sutton South Ward,1,4.577802,3.0
Sutton South Ward,2,4.2877035,5.0
Sutton South Ward,3,4.6180353,6.0
Sutton South Ward,4,4.0522766,7.0
Sutton South Ward,5,4.12888,13.0
Sutton South Ward,6,4.1401005,7.0
Sutton South Ward,7,4.166631,3.0
Sutton South Ward,8,4.1834292,1.0
Sutton South Ward,9,4.2468104,2.0
Sutton South Ward,10,4.8856406,10.0
Sutton South Ward,11,4.8964577,8.0
Sutton South Ward,12,4.7752995,4.0
Sutton West & East Cheam Ward,1,2.8790362,6.0
Sutton West & East Cheam Ward,2,2.7392154,2.0
Sutton West & East Cheam Ward,3,2.9730334,3.0
Sutton West & East Cheam Ward,4,2.0716364,5.0
Sutton West & East Cheam Ward,5,2.1314592,2.0
Sutton West & East Cheam Ward,6,2.1130147,8.0
Sutton West & East Cheam Ward,7,2.1246014,3.0
Sutton West & East Cheam Ward,8,2.2357378,4.0
Sutton West & East Cheam Ward,9,2.3581555,4.0
Sutton West & East Cheam Ward,10,2.9375327,4.0
Sutton West & East Cheam Ward,11,3.015938,2.0
Sutton West & East Cheam Ward,12,2.8952658,2.0
Sydenham Ward,1,9.965134,13.0
Sydenham Ward,2,9.428571,7.0
Sydenham Ward,3,9.76881,6.0
Sydenham Ward,4,9.159617,6.0
Sydenham Ward,5,9.311444,9.0
Sydenham Ward,6,9.329254,4.0
Sydenham Ward,7,9.418851,6.0
Sydenham Ward,8,9.614688,6.0
Sydenham Ward,9,9.663971,5.0
Sydenham Ward,10,10.053585,11.0
Sydenham Ward,11,10.166337,10.0
Sydenham Ward,12,10.186283,6.0
Syon & Brentford Lock Ward,1,6.102153,11.0
Syon & Brentford Lock Ward,2,5.7296553,17.0
Syon & Brentford Lock Ward,3,6.0291667,5.0
Syon & Brentford Lock Ward,4,5.697948,2.0
Syon & Brentford Lock Ward,5,5.8751655,6.0
Syon & Brentford Lock Ward,6,5.8607907,10.0
Syon & Brentford Lock Ward,7,5.953217,11.0
Syon & Brentford Lock Ward,8,6.04988,3.0
Syon & Brentford Lock Ward,9,6.0937314,8.0
Syon & Brentford Lock Ward,10,6.457587,10.0
Syon & Brentford Lock Ward,11,6.517012,3.0
Syon & Brentford Lock Ward,12,6.3995547,5.0
Teddington Ward,1,4.2621355,1.0
Teddington Ward,2,3.8879921,5.0
Teddington Ward,3,4.276189,7.0
Teddington Ward,4,3.2863703,3.0
Teddington Ward,5,3.3825169,4.0
Teddington Ward,6,3.364072,5.0
Teddington Ward,7,3.3949134,5.0
Teddington Ward,8,3.5263605,2.0
Teddington Ward,9,3.6423502,4.0
Teddington Ward,10,4.223031,7.0
Teddington Ward,11,4.3721075,3.0
Teddington Ward,12,4.2870965,5.0
Telegraph Hill Ward,1,7.3635764,3.0
Telegraph Hill Ward,2,7.0109057,2.0
Telegraph Hill Ward,3,7.565072,4.0
Telegraph Hill Ward,4,7.0248938,5.0
Telegraph Hill Ward,5,7.183794,3.0
Telegraph Hill Ward,6,7.1601553,3.0
Telegraph Hill Ward,7,7.2930117,4.0
Telegraph Hill Ward,8,7.450123,6.0
Telegraph Hill Ward,9,7.5145793,4.0
Telegraph Hill Ward,10,7.6847754,8.0
Telegraph Hill Ward,11,7.6599874,10.0
Telegraph Hill Ward,12,7.5304437,11.0
Thames View Ward,1,3.3063009,2.0
Thames View Ward,2,3.164511,2.0
Thames View Ward,3,3.3451068,4.0
Thames View Ward,4,2.8721097,0.0
Thames View Ward,5,3.0079546,5.0
Thames View Ward,6,3.0277724,2.0
Thames View Ward,7,3.0710242,3.0
Thames View Ward,8,3.186743,1.0
Thames View Ward,9,3.178319,3.0
Thames View Ward,10,3.2139778,4.0
Thames View Ward,11,3.156152,1.0
Thames View Ward,12,3.096023,2.0
Thamesfield Ward,1,9.417061,1.0
Thamesfield Ward,2,8.978029,4.0
Thamesfield Ward,3,9.348288,6.0
Thamesfield Ward,4,8.657714,1.0
Thamesfield Ward,5,8.806244,8.0
Thamesfield Ward,6,8.8609295,4.0
Thamesfield Ward,7,9.005075,7.0
Thamesfield Ward,8,9.084264,9.0
Thamesfield Ward,9,9.116919,2.0
Thamesfield Ward,10,9.834289,8.0
Thamesfield Ward,11,9.822081,15.0
Thamesfield Ward,12,9.872885,6.0
Thamesmead East Ward,1,4.569578,6.0
Thamesmead East Ward,2,4.3940487,7.0
Thamesmead East Ward,3,4.76477,9.0
Thamesmead East Ward,4,3.636029,7.0
Thamesmead East Ward,5,3.7594354,10.0
Thamesmead East Ward,6,3.7999353,5.0
Thamesmead East Ward,7,3.8134527,4.0
Thamesmead East Ward,8,3.8632472,7.0
Thamesmead East Ward,9,3.9200785,7.0
Thamesmead East Ward,10,4.7319145,2.0
Thamesmead East Ward,11,4.80275,3.0
Thamesmead East Ward,12,4.6380405,3.0
Thamesmead Moorings Ward,1,4.1092257,6.0
Thamesmead Moorings Ward,2,4.1416655,0.0
Thamesmead Moorings Ward,3,4.505692,0.0
Thamesmead Moorings Ward,4,3.7276661,6.0
Thamesmead Moorings Ward,5,3.88456,4.0
Thamesmead Moorings Ward,6,3.8260043,0.0
Thamesmead Moorings Ward,7,3.8703265,5.0
Thamesmead Moorings Ward,8,3.9247165,4.0
Thamesmead Moorings Ward,9,4.031306,0.0
Thamesmead Moorings Ward,10,4.4858418,3.0
Thamesmead Moorings Ward,11,4.4505258,3.0
Thamesmead Moorings Ward,12,4.3295393,3.0
The Wrythe Ward,1,3.7944312,2.0
The Wrythe Ward,2,3.559037,5.0
The Wrythe Ward,3,3.8678002,6.0
The Wrythe Ward,4,2.9855547,1.0
The Wrythe Ward,5,3.027733,6.0
The Wrythe Ward,6,3.0285673,0.0
The Wrythe Ward,7,3.0547123,1.0
The Wrythe Ward,8,3.1712222,4.0
The Wrythe Ward,9,3.2790627,6.0
The Wrythe Ward,10,3.9745486,3.0
The Wrythe Ward,11,4.0731936,4.0
The Wrythe Ward,12,3.9684842,5.0
Thornton Heath Ward,1,8.248611,1.0
Thornton Heath Ward,2,7.4492683,3.0
Thornton Heath Ward,3,7.9420342,6.0
Thornton Heath Ward,4,7.180328,8.0
Thornton Heath Ward,5,7.34926,2.0
Thornton Heath Ward,6,7.328948,8.0
Thornton Heath Ward,7,7.4945197,4.0
Thornton Heath Ward,8,7.649889,7.0
Thornton Heath Ward,9,7.6800647,2.0
Thornton Heath Ward,10,8.15006,8.0
Thornton Heath Ward,11,8.118477,1.0
Thornton Heath Ward,12,7.9539223,6.0
Tokyngton Ward,1,3.5008907,2.0
Tokyngton Ward,2,3.265527,2.0
Tokyngton Ward,3,3.5975082,2.0
Tokyngton Ward,4,2.4288034,1.0
Tokyngton Ward,5,2.5286813,3.0
Tokyngton Ward,6,2.5136173,3.0
Tokyngton Ward,7,2.4831889,0.0
Tokyngton Ward,8,2.629967,2.0
Tokyngton Ward,9,2.7355533,3.0
Tokyngton Ward,10,3.659426,1.0
Tokyngton Ward,11,3.7784066,2.0
Tokyngton Ward,12,3.615856,6.0
Tollington Ward,1,10.041704,2.0
Tollington Ward,2,9.41168,9.0
Tollington Ward,3,9.831014,14.0
Tollington Ward,4,9.531244,10.0
Tollington Ward,5,9.691864,8.0
Tollington Ward,6,9.678545,7.0
Tollington Ward,7,9.856093,11.0
Tollington Ward,8,10.019006,13.0
Tollington Ward,9,10.045059,7.0
Tollington Ward,10,10.137289,10.0
Tollington Ward,11,10.145236,14.0
Tollington Ward,12,9.993322,5.0
Tolworth Ward,1,3.9243934,2.0
Tolworth Ward,2,3.7113545,3.0
Tolworth Ward,3,4.072688,3.0
Tolworth Ward,4,3.1549869,1.0
Tolworth Ward,5,3.2335544,0.0
Tolworth Ward,6,3.2151098,3.0
Tolworth Ward,7,3.2306373,1.0
Tolworth Ward,8,3.41521,1.0
Tolworth Ward,9,3.5105433,2.0
Tolworth Ward,10,3.933186,3.0
Tolworth Ward,11,3.9762423,3.0
Tolworth Ward,12,3.8831115,8.0
Tooting Bec Ward,1,6.2660384,3.0
Tooting Bec Ward,2,6.2328563,5.0
Tooting Bec Ward,3,6.668719,6.0
Tooting Bec Ward,4,6.098179,1.0
Tooting Bec Ward,5,6.2502756,3.0
Tooting Bec Ward,6,6.2358656,8.0
Tooting Bec Ward,7,6.3270164,8.0
Tooting Bec Ward,8,6.418983,6.0
Tooting Bec Ward,9,6.4519057,4.0
Tooting Bec Ward,10,6.8516893,10.0
Tooting Bec Ward,11,6.838019,3.0
Tooting Bec Ward,12,6.6998568,2.0
Tooting Broadway Ward,1,9.285611,12.0
Tooting Broadway Ward,2,9.277632,9.0
Tooting Broadway Ward,3,9.676911,8.0
Tooting Broadway Ward,4,8.954265,5.0
Tooting Broadway Ward,5,9.112567,9.0
Tooting Broadway Ward,6,9.165326,6.0
Tooting Broadway Ward,7,9.197297,4.0
Tooting Broadway Ward,8,9.277012,6.0
Tooting Broadway Ward,9,9.40636,11.0
Tooting Broadway Ward,10,9.516115,6.0
Tooting Broadway Ward,11,9.52868,7.0
Tooting Broadway Ward,12,9.435073,9.0
Tottenham Central Ward,1,9.353051,7.0
Tottenham Central Ward,2,8.5389595,8.0
Tottenham Central Ward,3,8.950866,9.0
Tottenham Central Ward,4,8.317334,8.0
Tottenham Central Ward,5,8.508202,3.0
Tottenham Central Ward,6,8.462121,6.0
Tottenham Central Ward,7,8.78577,0.0
Tottenham Central Ward,8,8.969187,6.0
Tottenham Central Ward,9,8.854047,9.0
Tottenham Central Ward,10,8.964238,7.0
Tottenham Central Ward,11,8.976816,1.0
Tottenham Central Ward,12,8.886596,2.0
Tottenham Hale Ward,1,7.5413804,8.0
Tottenham Hale Ward,2,7.0846934,8.0
Tottenham Hale Ward,3,7.5479565,7.0
Tottenham Hale Ward,4,7.072852,8.0
Tottenham Hale Ward,5,7.199915,7.0
Tottenham Hale Ward,6,7.1313004,9.0
Tottenham Hale Ward,7,7.2094293,7.0
Tottenham Hale Ward,8,7.311575,4.0
Tottenham Hale Ward,9,7.3300776,7.0
Tottenham Hale Ward,10,7.411596,6.0
Tottenham Hale Ward,11,7.4609365,3.0
Tottenham Hale Ward,12,7.33741,12.0
Totteridge & Woodside Ward,1,7.0124097,6.0
Totteridge & Woodside Ward,2,6.4818544,11.0
Totteridge & Woodside Ward,3,6.914913,8.0
Totteridge & Woodside Ward,4,5.452947,4.0
Totteridge & Woodside Ward,5,5.5240273,2.0
Totteridge & Woodside Ward,6,5.531557,9.0
Totteridge & Woodside Ward,7,5.549049,12.0
Totteridge & Woodside Ward,8,5.73378,4.0
Totteridge & Woodside Ward,9,5.941174,4.0
Totteridge & Woodside Ward,10,7.419236,15.0
Totteridge & Woodside Ward,11,7.6381397,10.0
Totteridge & Woodside Ward,12,7.6503143,13.0
Tower Ward,1,1.6365722,4.0
Tower Ward,2,1.6684502,4.0
Tower Ward,3,2.0038729,3.0
Tower Ward,4,1.8554175,0.0
Tower Ward,5,1.9581496,2.0
Tower Ward,6,1.9495575,2.0
Tower Ward,7,2.0071516,4.0
Tower Ward,8,2.0333452,4.0
Tower Ward,9,2.063709,3.0
Tower Ward,10,1.9288884,2.0
Tower Ward,11,1.8953453,6.0
Tower Ward,12,1.7570971,4.0
Town Ward,1,7.044309,17.0
Town Ward,2,6.956355,16.0
Town Ward,3,7.3193445,7.0
Town Ward,4,6.327296,10.0
Town Ward,5,6.397452,16.0
Town Ward,6,6.379009,5.0
Town Ward,7,6.4697566,3.0
Town Ward,8,6.5784855,9.0
Town Ward,9,6.694961,5.0
Town Ward,10,7.2031927,8.0
Town Ward,11,7.3674664,12.0
Town Ward,12,7.275252,5.0
Trinity Ward,1,5.4415884,7.0
Trinity Ward,2,5.1499324,7.0
Trinity Ward,3,5.5183563,5.0
Trinity Ward,4,5.148287,1.0
Trinity Ward,5,5.2192764,1.0
Trinity Ward,6,5.2255907,2.0
Trinity Ward,7,5.2820883,3.0
Trinity Ward,8,5.350892,3.0
Trinity Ward,9,5.380018,2.0
Trinity Ward,10,5.489939,3.0
Trinity Ward,11,5.524313,6.0
Trinity Ward,12,5.436425,5.0
Tudor Ward,1,2.5168102,1.0
Tudor Ward,2,2.13876,3.0
Tudor Ward,3,2.5467925,1.0
Tudor Ward,4,1.592017,0.0
Tudor Ward,5,1.6760402,3.0
Tudor Ward,6,1.6729007,1.0
Tudor Ward,7,1.7124411,0.0
Tudor Ward,8,1.8196836,4.0
Tudor Ward,9,1.9856732,1.0
Tudor Ward,10,2.5037146,0.0
Tudor Ward,11,2.5686898,2.0
Tudor Ward,12,2.4545085,5.0
Tufnell Park Ward,1,7.6930923,2.0
Tufnell Park Ward,2,7.192406,6.0
Tufnell Park Ward,3,7.5348454,6.0
Tufnell Park Ward,4,7.1670904,10.0
Tufnell Park Ward,5,7.3430867,8.0
Tufnell Park Ward,6,7.3648725,5.0
Tufnell Park Ward,7,7.4815574,3.0
Tufnell Park Ward,8,7.5701036,8.0
Tufnell Park Ward,9,7.6152287,5.0
Tufnell Park Ward,10,7.811437,9.0
Tufnell Park Ward,11,7.807436,10.0
Tufnell Park Ward,12,7.6093965,4.0
Twickenham Riverside Ward,1,5.8594728,1.0
Twickenham Riverside Ward,2,5.0673933,6.0
Twickenham Riverside Ward,3,5.6293497,11.0
Twickenham Riverside Ward,4,4.8647056,3.0
Twickenham Riverside Ward,5,5.0608974,5.0
Twickenham Riverside Ward,6,5.0661993,0.0
Twickenham Riverside Ward,7,5.2311153,4.0
Twickenham Riverside Ward,8,5.331351,2.0
Twickenham Riverside Ward,9,5.094244,2.0
Twickenham Riverside Ward,10,5.3186355,3.0
Twickenham Riverside Ward,11,5.5443735,11.0
Twickenham Riverside Ward,12,5.3235393,4.0
Underhill Ward,1,4.7187204,1.0
Underhill Ward,2,4.3615,4.0
Underhill Ward,3,4.701249,4.0
Underhill Ward,4,3.4171524,2.0
Underhill Ward,5,3.4788566,2.0
Underhill Ward,6,3.449923,2.0
Underhill Ward,7,3.4615679,1.0
Underhill Ward,8,3.619059,1.0
Underhill Ward,9,3.748909,5.0
Underhill Ward,10,5.0447288,1.0
Underhill Ward,11,5.188409,7.0
Underhill Ward,12,5.0951447,5.0
Upminster Ward,1,4.373307,16.0
Upminster Ward,2,4.0627294,3.0
Upminster Ward,3,4.3997803,6.0
Upminster Ward,4,3.0295358,4.0
Upminster Ward,5,3.111335,4.0
Upminster Ward,6,3.0928905,6.0
Upminster Ward,7,3.0982015,7.0
Upminster Ward,8,3.1973875,2.0
Upminster Ward,9,3.3399413,6.0
Upminster Ward,10,4.728602,2.0
Upminster Ward,11,4.9722266,3.0
Upminster Ward,12,4.9381695,6.0
Upper Edmonton Ward,1,10.843643,10.0
Upper Edmonton Ward,2,10.212538,9.0
Upper Edmonton Ward,3,10.951981,11.0
Upper Edmonton Ward,4,9.265196,16.0
Upper Edmonton Ward,5,9.587203,7.0
Upper Edmonton Ward,6,9.699996,4.0
Upper Edmonton Ward,7,10.21379,4.0
Upper Edmonton Ward,8,10.929904,7.0
Upper Edmonton Ward,9,10.76619,13.0
Upper Edmonton Ward,10,11.080454,11.0
Upper Edmonton Ward,11,11.09179,14.0
Upper Edmonton Ward,12,11.12572,11.0
Upper Walthamstow Ward,1,4.7181206,3.0
Upper Walthamstow Ward,2,4.421497,0.0
Upper Walthamstow Ward,3,4.9192967,4.0
Upper Walthamstow Ward,4,4.2853065,2.0
Upper Walthamstow Ward,5,4.4218907,6.0
Upper Walthamstow Ward,6,4.4585347,2.0
Upper Walthamstow Ward,7,4.5278683,3.0
Upper Walthamstow Ward,8,4.6532063,1.0
Upper Walthamstow Ward,9,4.68357,2.0
Upper Walthamstow Ward,10,5.0506163,3.0
Upper Walthamstow Ward,11,5.041713,7.0
Upper Walthamstow Ward,12,4.9112606,6.0
Uxbridge Ward,1,9.86628,10.0
Uxbridge Ward,2,9.644427,8.0
Uxbridge Ward,3,10.0263405,10.0
Uxbridge Ward,4,8.8790455,10.0
Uxbridge Ward,5,8.955647,14.0
Uxbridge Ward,6,8.951972,12.0
Uxbridge Ward,7,8.992194,8.0
Uxbridge Ward,8,9.029031,16.0
Uxbridge Ward,9,9.139431,10.0
Uxbridge Ward,10,10.155612,11.0
Uxbridge Ward,11,10.291981,5.0
Uxbridge Ward,12,10.199766,10.0
Valence Ward,1,7.099604,5.0
Valence Ward,2,6.434864,2.0
Valence Ward,3,6.7233076,3.0
Valence Ward,4,5.695933,3.0
Valence Ward,5,5.8195257,3.0
Valence Ward,6,5.7814484,5.0
Valence Ward,7,5.843145,2.0
Valence Ward,8,6.009865,7.0
Valence Ward,9,6.107972,7.0
Valence Ward,10,6.5601773,4.0
Valence Ward,11,6.6858563,3.0
Valence Ward,12,6.748395,5.0
Valentines Ward,1,7.138136,4.0
Valentines Ward,2,6.8429756,6.0
Valentines Ward,3,7.158675,5.0
Valentines Ward,4,6.2474804,2.0
Valentines Ward,5,6.3637643,2.0
Valentines Ward,6,6.3565235,8.0
Valentines Ward,7,6.450299,9.0
Valentines Ward,8,6.635434,2.0
Valentines Ward,9,6.7435794,2.0
Valentines Ward,10,7.3642116,4.0
Valentines Ward,11,7.4614067,5.0
Valentines Ward,12,7.294845,3.0
Valley Ward,1,7.9506083,10.0
Valley Ward,2,7.609942,8.0
Valley Ward,3,8.040538,7.0
Valley Ward,4,6.767599,8.0
Valley Ward,5,6.8762054,5.0
Valley Ward,6,6.8680344,3.0
Valley Ward,7,6.939636,12.0
Valley Ward,8,7.140053,7.0
Valley Ward,9,7.222288,6.0
Valley Ward,10,8.158769,5.0
Valley Ward,11,8.381134,8.0
Valley Ward,12,8.219296,6.0
Vauxhall Ward,1,6.103997,7.0
Vauxhall Ward,2,5.4440317,5.0
Vauxhall Ward,3,6.0222383,6.0
Vauxhall Ward,4,6.001107,6.0
Vauxhall Ward,5,6.235597,8.0
Vauxhall Ward,6,6.330334,8.0
Vauxhall Ward,7,6.4430437,7.0
Vauxhall Ward,8,6.720392,9.0
Vauxhall Ward,9,6.6891656,13.0
Vauxhall Ward,10,6.504334,5.0
Vauxhall Ward,11,6.3337092,2.0
Vauxhall Ward,12,6.199603,9.0
Victoria Ward,1,9.7850485,14.0
Victoria Ward,2,9.084209,7.0
Victoria Ward,3,9.358477,4.0
Victoria Ward,4,8.949837,4.0
Victoria Ward,5,9.085032,5.0
Victoria Ward,6,9.096745,5.0
Victoria Ward,7,9.203664,5.0
Victoria Ward,8,9.3449335,10.0
Victoria Ward,9,9.422993,7.0
Victoria Ward,10,9.474971,7.0
Victoria Ward,11,9.507927,10.0
Victoria Ward,12,9.384858,6.0
Village Ward,1,24.506598,26.0
Village Ward,2,24.08435,28.0
Village Ward,3,25.89529,12.0
Village Ward,4,21.92211,34.0
Village Ward,5,22.033762,12.0
Village Ward,6,23.70312,14.0
Village Ward,7,23.280462,20.0
Village Ward,8,25.1374,14.0
Village Ward,9,26.144419,32.0
Village Ward,10,28.305166,32.0
Village Ward,11,29.76283,24.0
Village Ward,12,29.7441,26.0
Vincent Square Ward,1,6.177487,6.0
Vincent Square Ward,2,5.582354,5.0
Vincent Square Ward,3,6.1366577,4.0
Vincent Square Ward,4,5.701564,2.0
Vincent Square Ward,5,5.8526397,3.0
Vincent Square Ward,6,5.884564,2.0
Vincent Square Ward,7,6.0237613,10.0
Vincent Square Ward,8,6.0658474,6.0
Vincent Square Ward,9,6.0670795,6.0
Vincent Square Ward,10,5.9926634,6.0
Vincent Square Ward,11,6.0171967,6.0
Vincent Square Ward,12,5.874473,6.0
Vintry Ward,1,0.7377795,0.0
Vintry Ward,2,0.42290023,2.0
Vintry Ward,3,0.7775122,0.0
Vintry Ward,4,0.549263,0.0
Vintry Ward,5,0.6602622,0.0
Vintry Ward,6,0.65210104,0.0
Vintry Ward,7,0.74175596,2.0
Vintry Ward,8,0.7091756,0.0
Vintry Ward,9,0.7262447,0.0
Vintry Ward,10,0.7022402,0.0
Vintry Ward,11,0.66869724,0.0
Vintry Ward,12,0.5821991,0.0
Waddon Ward,1,10.472498,12.0
Waddon Ward,2,9.6210165,6.0
Waddon Ward,3,9.887311,8.0
Waddon Ward,4,9.080524,5.0
Waddon Ward,5,9.20859,8.0
Waddon Ward,6,9.261813,6.0
Waddon Ward,7,9.395035,6.0
Waddon Ward,8,9.559516,14.0
Waddon Ward,9,9.532545,6.0
Waddon Ward,10,10.069579,6.0
Waddon Ward,11,10.144033,17.0
Waddon Ward,12,9.982199,14.0
Walbrook Ward,1,0.2654127,0.0
Walbrook Ward,2,0.09784605,0.0
Walbrook Ward,3,0.5109029,0.0
Walbrook Ward,4,0.29945287,0.0
Walbrook Ward,5,0.450377,0.0
Walbrook Ward,6,0.46241948,0.0
Walbrook Ward,7,0.57215536,0.0
Walbrook Ward,8,0.6714079,0.0
Walbrook Ward,9,0.6926011,0.0
Walbrook Ward,10,0.5117076,0.0
Walbrook Ward,11,0.42694828,0.0
Walbrook Ward,12,0.37778568,0.0
Walham Green Ward,1,5.6197753,8.0
Walham Green Ward,2,5.4824686,8.0
Walham Green Ward,3,5.9371586,13.0
Walham Green Ward,4,5.7385488,9.0
Walham Green Ward,5,5.9017777,4.0
Walham Green Ward,6,5.9531245,3.0
Walham Green Ward,7,6.0648775,4.0
Walham Green Ward,8,5.995228,5.0
Walham Green Ward,9,5.9511814,5.0
Walham Green Ward,10,5.9625216,3.0
Walham Green Ward,11,5.902301,8.0
Walham Green Ward,12,5.7727146,2.0
Wall End Ward,1,5.819829,5.0
Wall End Ward,2,5.2135863,5.0
Wall End Ward,3,5.558734,6.0
Wall End Ward,4,4.606585,5.0
Wall End Ward,5,4.7047057,5.0
Wall End Ward,6,4.749658,4.0
Wall End Ward,7,4.8882847,3.0
Wall End Ward,8,5.1213984,6.0
Wall End Ward,9,5.160823,3.0
Wall End Ward,10,5.745383,1.0
Wall End Ward,11,5.8871155,4.0
Wall End Ward,12,5.820338,3.0
Wallington North Ward,1,4.3419137,4.0
Wallington North Ward,2,4.029182,3.0
Wallington North Ward,3,4.397313,4.0
Wallington North Ward,4,3.4416428,2.0
Wallington North Ward,5,3.5247946,4.0
Wallington North Ward,6,3.50635,4.0
Wallington North Ward,7,3.5411384,3.0
Wallington North Ward,8,3.7139196,4.0
Wallington North Ward,9,3.8266938,8.0
Wallington North Ward,10,4.6891913,5.0
Wallington North Ward,11,4.7680645,2.0
Wallington North Ward,12,4.67493,4.0
Wallington South Ward,1,4.881516,3.0
Wallington South Ward,2,4.544073,5.0
Wallington South Ward,3,4.894475,5.0
Wallington South Ward,4,3.8080964,7.0
Wallington South Ward,5,3.8912482,7.0
Wallington South Ward,6,3.8728046,1.0
Wallington South Ward,7,3.937394,4.0
Wallington South Ward,8,4.1152225,4.0
Wallington South Ward,9,4.2279963,5.0
Wallington South Ward,10,5.343208,9.0
Wallington South Ward,11,5.423418,3.0
Wallington South Ward,12,5.3176327,6.0
Walpole Ward,1,6.766561,8.0
Walpole Ward,2,6.2619357,5.0
Walpole Ward,3,6.819197,10.0
Walpole Ward,4,6.1346016,17.0
Walpole Ward,5,6.271492,8.0
Walpole Ward,6,6.25836,3.0
Walpole Ward,7,6.382075,7.0
Walpole Ward,8,6.447797,4.0
Walpole Ward,9,6.4663315,6.0
Walpole Ward,10,7.018892,11.0
Walpole Ward,11,6.999497,8.0
Walpole Ward,12,6.9357996,8.0
Wandle Ward,1,16.994936,22.0
Wandle Ward,2,14.983576,4.0
Wandle Ward,3,15.084412,12.0
Wandle Ward,4,13.4076,24.0
Wandle Ward,5,13.70778,8.0
Wandle Ward,6,14.3876705,16.0
Wandle Ward,7,15.199259,20.0
Wandle Ward,8,16.298338,24.0
Wandle Ward,9,16.213577,16.0
Wandle Ward,10,17.481312,4.0
Wandle Ward,11,17.163,28.0
Wandle Ward,12,16.051722,18.0
Wandsworth Common Ward,1,7.1672335,12.0
Wandsworth Common Ward,2,6.9386005,6.0
Wandsworth Common Ward,3,7.357945,2.0
Wandsworth Common Ward,4,6.7229385,5.0
Wandsworth Common Ward,5,6.8228583,8.0
Wandsworth Common Ward,6,6.85886,3.0
Wandsworth Common Ward,7,6.932439,1.0
Wandsworth Common Ward,8,6.96236,4.0
Wandsworth Common Ward,9,7.0186973,9.0
Wandsworth Common Ward,10,7.4872293,3.0
Wandsworth Common Ward,11,7.5017123,12.0
Wandsworth Common Ward,12,7.422359,7.0
Wandsworth Town Ward,1,10.918603,26.0
Wandsworth Town Ward,2,10.46767,7.0
Wandsworth Town Ward,3,10.903367,14.0
Wandsworth Town Ward,4,10.203636,8.0
Wandsworth Town Ward,5,10.349241,8.0
Wandsworth Town Ward,6,10.355555,3.0
Wandsworth Town Ward,7,10.426205,13.0
Wandsworth Town Ward,8,10.450382,14.0
Wandsworth Town Ward,9,10.544449,15.0
Wandsworth Town Ward,10,11.204766,8.0
Wandsworth Town Ward,11,11.219253,9.0
Wandsworth Town Ward,12,11.005314,15.0
Wanstead Park Ward,1,4.7364473,0.0
Wanstead Park Ward,2,4.1479793,3.0
Wanstead Park Ward,3,4.3683047,1.0
Wanstead Park Ward,4,3.2801416,2.0
Wanstead Park Ward,5,3.3460932,4.0
Wanstead Park Ward,6,3.3583145,1.0
Wanstead Park Ward,7,3.3820498,3.0
Wanstead Park Ward,8,3.5440261,6.0
Wanstead Park Ward,9,3.6521714,1.0
Wanstead Park Ward,10,4.531708,5.0
Wanstead Park Ward,11,4.594129,5.0
Wanstead Park Ward,12,4.4775906,11.0
Wanstead Village Ward,1,7.02143,5.0
Wanstead Village Ward,2,6.482687,5.0
Wanstead Village Ward,3,6.870741,15.0
Wanstead Village Ward,4,5.9637313,10.0
Wanstead Village Ward,5,6.0365725,7.0
Wanstead Village Ward,6,6.018129,5.0
Wanstead Village Ward,7,6.063848,5.0
Wanstead Village Ward,8,6.2004566,15.0
Wanstead Village Ward,9,6.246701,9.0
Wanstead Village Ward,10,7.0951166,9.0
Wanstead Village Ward,11,7.188475,4.0
Wanstead Village Ward,12,7.0926137,7.0
Waterloo & South Bank Ward,1,9.965476,10.0
Waterloo & South Bank Ward,2,9.564335,14.0
Waterloo & South Bank Ward,3,10.123184,8.0
Waterloo & South Bank Ward,4,10.205532,7.0
Waterloo & South Bank Ward,5,10.399996,11.0
Waterloo & South Bank Ward,6,10.429657,14.0
Waterloo & South Bank Ward,7,10.633858,19.0
Waterloo & South Bank Ward,8,10.825562,16.0
Waterloo & South Bank Ward,9,10.825403,15.0
Waterloo & South Bank Ward,10,10.781597,21.0
Waterloo & South Bank Ward,11,10.555476,14.0
Waterloo & South Bank Ward,12,10.4762535,13.0
Wealdstone North Ward,1,4.3894043,5.0
Wealdstone North Ward,2,4.0397625,7.0
Wealdstone North Ward,3,4.3624983,3.0
Wealdstone North Ward,4,3.185652,5.0
Wealdstone North Ward,5,3.217338,0.0
Wealdstone North Ward,6,3.189545,1.0
Wealdstone North Ward,7,3.2022674,3.0
Wealdstone North Ward,8,3.2995946,5.0
Wealdstone North Ward,9,3.4074361,2.0
Wealdstone North Ward,10,4.6520786,1.0
Wealdstone North Ward,11,4.8759155,2.0
Wealdstone North Ward,12,4.746954,3.0
Wealdstone South Ward,1,3.2656422,4.0
Wealdstone South Ward,2,3.1469462,6.0
Wealdstone South Ward,3,3.491876,4.0
Wealdstone South Ward,4,2.3481164,4.0
Wealdstone South Ward,5,2.379802,2.0
Wealdstone South Ward,6,2.3596241,6.0
Wealdstone South Ward,7,2.3603508,14.0
Wealdstone South Ward,8,2.5621257,4.0
Wealdstone South Ward,9,2.6944647,10.0
Wealdstone South Ward,10,3.8020458,9.0
Wealdstone South Ward,11,3.9293396,6.0
Wealdstone South Ward,12,3.8006637,11.0
Weavers Ward,1,13.2191515,18.0
Weavers Ward,2,12.180574,15.0
Weavers Ward,3,12.716036,7.0
Weavers Ward,4,12.26538,3.0
Weavers Ward,5,12.496295,13.0
Weavers Ward,6,12.537481,8.0
Weavers Ward,7,12.985757,12.0
Weavers Ward,8,12.992493,9.0
Weavers Ward,9,12.900141,12.0
Weavers Ward,10,13.329032,9.0
Weavers Ward,11,13.297657,15.0
Weavers Ward,12,12.817888,17.0
Welsh Harp Ward,1,8.041728,11.0
Welsh Harp Ward,2,7.6444745,15.0
Welsh Harp Ward,3,7.9510427,11.0
Welsh Harp Ward,4,7.013813,6.0
Welsh Harp Ward,5,7.1514573,12.0
Welsh Harp Ward,6,7.093893,14.0
Welsh Harp Ward,7,7.3351426,11.0
Welsh Harp Ward,8,7.987928,11.0
Welsh Harp Ward,9,8.021162,4.0
Welsh Harp Ward,10,9.243687,6.0
Welsh Harp Ward,11,9.353504,13.0
Welsh Harp Ward,12,9.092106,12.0
Wembley Central Ward,1,4.197718,3.0
Wembley Central Ward,2,4.1110525,5.0
Wembley Central Ward,3,4.5090365,5.0
Wembley Central Ward,4,3.3337197,5.0
Wembley Central Ward,5,3.4075468,5.0
Wembley Central Ward,6,3.3794734,2.0
Wembley Central Ward,7,3.3972318,5.0
Wembley Central Ward,8,3.5438278,2.0
Wembley Central Ward,9,3.6500344,1.0
Wembley Central Ward,10,4.5465326,11.0
Wembley Central Ward,11,4.8004317,9.0
Wembley Central Ward,12,4.6714697,7.0
Wembley Hill Ward,1,5.8370767,7.0
Wembley Hill Ward,2,5.7986913,8.0
Wembley Hill Ward,3,6.186567,7.0
Wembley Hill Ward,4,5.2913694,4.0
Wembley Hill Ward,5,5.391881,2.0
Wembley Hill Ward,6,5.412147,5.0
Wembley Hill Ward,7,5.4499135,7.0
Wembley Hill Ward,8,5.6477437,6.0
Wembley Hill Ward,9,5.7404838,4.0
Wembley Hill Ward,10,6.383275,4.0
Wembley Hill Ward,11,6.47537,5.0
Wembley Hill Ward,12,6.335217,5.0
Wembley Park Ward,1,2.8105857,8.0
Wembley Park Ward,2,2.558835,6.0
Wembley Park Ward,3,2.8807356,3.0
Wembley Park Ward,4,1.9878796,4.0
Wembley Park Ward,5,2.1235518,9.0
Wembley Park Ward,6,2.132333,7.0
Wembley Park Ward,7,2.1229324,3.0
Wembley Park Ward,8,2.320198,8.0
Wembley Park Ward,9,2.452536,4.0
Wembley Park Ward,10,3.4638996,6.0
Wembley Park Ward,11,3.4934578,7.0
Wembley Park Ward,12,3.433048,4.0
Wendell Park Ward,1,4.4944434,2.0
Wendell Park Ward,2,4.2689295,2.0
Wendell Park Ward,3,4.7903414,3.0
Wendell Park Ward,4,4.2382793,0.0
Wendell Park Ward,5,4.3541656,2.0
Wendell Park Ward,6,4.366369,3.0
Wendell Park Ward,7,4.4917173,1.0
Wendell Park Ward,8,4.5477114,1.0
Wendell Park Ward,9,4.580634,1.0
Wendell Park Ward,10,4.672925,0.0
Wendell Park Ward,11,4.6535296,4.0
Wendell Park Ward,12,4.59527,3.0
West Barnes Ward,1,3.946806,5.0
West Barnes Ward,2,3.620132,2.0
West Barnes Ward,3,4.0181108,7.0
West Barnes Ward,4,2.8903599,2.0
West Barnes Ward,5,2.8443193,2.0
West Barnes Ward,6,2.8258746,5.0
West Barnes Ward,7,2.8700933,2.0
West Barnes Ward,8,2.99997,14.0
West Barnes Ward,9,3.1608198,3.0
West Barnes Ward,10,4.329347,1.0
West Barnes Ward,11,4.5271463,5.0
West Barnes Ward,12,4.4381127,2.0
West Drayton Ward,1,6.7994866,5.0
West Drayton Ward,2,6.4536753,5.0
West Drayton Ward,3,6.8393383,18.0
West Drayton Ward,4,6.1531415,4.0
West Drayton Ward,5,6.3195424,7.0
West Drayton Ward,6,6.297026,5.0
West Drayton Ward,7,6.3800173,12.0
West Drayton Ward,8,6.485489,10.0
West Drayton Ward,9,6.5548553,5.0
West Drayton Ward,10,7.0216475,9.0
West Drayton Ward,11,7.1195235,6.0
West Drayton Ward,12,7.077138,7.0
West Dulwich Ward,1,6.3278584,5.0
West Dulwich Ward,2,5.8687425,3.0
West Dulwich Ward,3,6.5012283,4.0
West Dulwich Ward,4,5.9877524,7.0
West Dulwich Ward,5,6.168511,4.0
West Dulwich Ward,6,6.20847,3.0
West Dulwich Ward,7,6.3076425,8.0
West Dulwich Ward,8,6.380813,3.0
West Dulwich Ward,9,6.382101,17.0
West Dulwich Ward,10,6.899097,10.0
West Dulwich Ward,11,6.87283,4.0
West Dulwich Ward,12,6.6594744,4.0
West End Ward,1,48.22847,67.0
West End Ward,2,43.18411,45.0
West End Ward,3,44.72825,63.0
West End Ward,4,43.19111,70.0
West End Ward,5,43.497375,82.0
West End Ward,6,43.734478,73.0
West End Ward,7,44.25164,57.0
West End Ward,8,45.07268,52.0
West End Ward,9,45.610256,44.0
West End Ward,10,46.431026,59.0
West End Ward,11,45.33943,60.0
West End Ward,12,45.10781,66.0
West Finchley Ward,1,10.3655815,11.0
West Finchley Ward,2,9.842352,9.0
West Finchley Ward,3,10.199164,19.0
West Finchley Ward,4,8.99036,12.0
West Finchley Ward,5,9.097623,11.0
West Finchley Ward,6,9.082898,4.0
West Finchley Ward,7,9.199493,10.0
West Finchley Ward,8,9.386708,14.0
West Finchley Ward,9,9.568755,6.0
West Finchley Ward,10,10.633265,8.0
West Finchley Ward,11,10.713542,6.0
West Finchley Ward,12,10.666717,9.0
West Green Ward,1,9.3575735,3.0
West Green Ward,2,8.663368,4.0
West Green Ward,3,9.023394,3.0
West Green Ward,4,8.467173,8.0
West Green Ward,5,8.708745,7.0
West Green Ward,6,8.728007,9.0
West Green Ward,7,9.260695,4.0
West Green Ward,8,9.638217,3.0
West Green Ward,9,9.38742,6.0
West Green Ward,10,9.639148,6.0
West Green Ward,11,9.75177,15.0
West Green Ward,12,9.563958,7.0
West Ham Ward,1,5.879906,4.0
West Ham Ward,2,5.2366505,8.0
West Ham Ward,3,5.60221,11.0
West Ham Ward,4,4.6310725,7.0
West Ham Ward,5,4.752631,4.0
West Ham Ward,6,4.7390537,7.0
West Ham Ward,7,4.7823863,2.0
West Ham Ward,8,4.952007,8.0
West Ham Ward,9,5.033527,5.0
West Ham Ward,10,5.6618414,4.0
West Ham Ward,11,5.72784,5.0
West Ham Ward,12,5.520939,4.0
West Hampstead Ward,1,8.186775,12.0
West Hampstead Ward,2,7.907027,6.0
West Hampstead Ward,3,8.339151,3.0
West Hampstead Ward,4,7.6835737,11.0
West Hampstead Ward,5,7.78923,6.0
West Hampstead Ward,6,7.795544,11.0
West Hampstead Ward,7,7.934062,12.0
West Hampstead Ward,8,8.004523,13.0
West Hampstead Ward,9,8.032306,12.0
West Hampstead Ward,10,8.434993,4.0
West Hampstead Ward,11,8.467614,5.0
West Hampstead Ward,12,8.372128,5.0
West Harrow Ward,1,3.219107,3.0
West Harrow Ward,2,2.884734,2.0
West Harrow Ward,3,3.3199372,0.0
West Harrow Ward,4,2.3561752,5.0
West Harrow Ward,5,2.3939817,1.0
West Harrow Ward,6,2.4188752,0.0
West Harrow Ward,7,2.5067167,1.0
West Harrow Ward,8,2.688752,1.0
West Harrow Ward,9,2.8515859,1.0
West Harrow Ward,10,3.4365199,4.0
West Harrow Ward,11,3.5776803,2.0
West Harrow Ward,12,3.4952333,3.0
West Heath Ward,1,3.2272484,5.0
West Heath Ward,2,2.990334,3.0
West Heath Ward,3,3.183592,1.0
West Heath Ward,4,2.0686164,5.0
West Heath Ward,5,2.1529987,2.0
West Heath Ward,6,2.139064,7.0
West Heath Ward,7,2.1413298,4.0
West Heath Ward,8,2.2435098,3.0
West Heath Ward,9,2.4590359,1.0
West Heath Ward,10,3.629291,4.0
West Heath Ward,11,4.0994644,4.0
West Heath Ward,12,3.969802,4.0
West Hendon Ward,1,8.956379,9.0
West Hendon Ward,2,8.706301,10.0
West Hendon Ward,3,9.148914,9.0
West Hendon Ward,4,8.098128,10.0
West Hendon Ward,5,8.201339,12.0
West Hendon Ward,6,8.212844,8.0
West Hendon Ward,7,8.238553,11.0
West Hendon Ward,8,8.411284,8.0
West Hendon Ward,9,8.47387,17.0
West Hendon Ward,10,9.430085,9.0
West Hendon Ward,11,9.586633,10.0
West Hendon Ward,12,9.453031,13.0
West Hill Ward,1,6.203485,4.0
West Hill Ward,2,6.247678,6.0
West Hill Ward,3,6.5490265,5.0
West Hill Ward,4,5.5789914,6.0
West Hill Ward,5,5.647327,2.0
West Hill Ward,6,5.6436515,2.0
West Hill Ward,7,5.7047076,6.0
West Hill Ward,8,5.80985,5.0
West Hill Ward,9,5.9024463,1.0
West Hill Ward,10,6.6340394,9.0
West Hill Ward,11,6.873606,4.0
West Hill Ward,12,6.7681594,5.0
West Kensington Ward,1,5.8480115,5.0
West Kensington Ward,2,5.5579333,6.0
West Kensington Ward,3,6.019925,4.0
West Kensington Ward,4,5.8118486,4.0
West Kensington Ward,5,5.933323,1.0
West Kensington Ward,6,5.952082,7.0
West Kensington Ward,7,6.124273,9.0
West Kensington Ward,8,6.2052474,9.0
West Kensington Ward,9,6.1843224,7.0
West Kensington Ward,10,6.262918,6.0
West Kensington Ward,11,6.2093463,5.0
West Kensington Ward,12,6.130823,7.0
West Putney Ward,1,8.200885,9.0
West Putney Ward,2,7.9315124,8.0
West Putney Ward,3,8.3054285,2.0
West Putney Ward,4,7.389182,5.0
West Putney Ward,5,7.4656277,3.0
West Putney Ward,6,7.451463,7.0
West Putney Ward,7,7.5047054,4.0
West Putney Ward,8,7.6575665,7.0
West Putney Ward,9,7.7679663,7.0
West Putney Ward,10,8.282102,8.0
West Putney Ward,11,8.350296,7.0
West Putney Ward,12,8.284239,12.0
West Thamesmead Ward,1,3.98716,3.0
West Thamesmead Ward,2,4.024764,1.0
West Thamesmead Ward,3,4.345542,6.0
West Thamesmead Ward,4,3.8338199,4.0
West Thamesmead Ward,5,3.9539475,1.0
West Thamesmead Ward,6,3.9792676,7.0
West Thamesmead Ward,7,4.0094543,2.0
West Thamesmead Ward,8,4.0604844,2.0
West Thamesmead Ward,9,4.105353,0.0
West Thamesmead Ward,10,4.5103693,3.0
West Thamesmead Ward,11,4.5001907,2.0
West Thamesmead Ward,12,4.379139,2.0
West Thornton Ward,1,10.182622,11.0
West Thornton Ward,2,9.647658,8.0
West Thornton Ward,3,10.058587,11.0
West Thornton Ward,4,9.258308,12.0
West Thornton Ward,5,9.43369,4.0
West Thornton Ward,6,9.562416,7.0
West Thornton Ward,7,9.871767,10.0
West Thornton Ward,8,10.196654,13.0
West Thornton Ward,9,10.210588,9.0
West Thornton Ward,10,10.608323,6.0
West Thornton Ward,11,10.496736,10.0
West Thornton Ward,12,10.228283,12.0
West Twickenham Ward,1,5.594582,9.0
West Twickenham Ward,2,5.2660456,3.0
West Twickenham Ward,3,5.6540995,5.0
West Twickenham Ward,4,4.6677885,2.0
West Twickenham Ward,5,4.7571115,3.0
West Twickenham Ward,6,4.738668,2.0
West Twickenham Ward,7,4.784387,5.0
West Twickenham Ward,8,4.8915205,5.0
West Twickenham Ward,9,4.9388247,1.0
West Twickenham Ward,10,5.7044816,5.0
West Twickenham Ward,11,5.649524,6.0
West Twickenham Ward,12,5.562962,2.0
West Wickham Ward,1,4.7785387,3.0
West Wickham Ward,2,4.406272,7.0
West Wickham Ward,3,4.7307305,12.0
West Wickham Ward,4,3.5348306,7.0
West Wickham Ward,5,3.618852,2.0
West Wickham Ward,6,3.5943356,5.0
West Wickham Ward,7,3.6156855,0.0
West Wickham Ward,8,3.6930244,2.0
West Wickham Ward,9,3.8811631,13.0
West Wickham Ward,10,5.1398215,7.0
West Wickham Ward,11,5.409459,8.0
West Wickham Ward,12,5.4736695,3.0
Westbourne Ward,1,6.929441,6.0
Westbourne Ward,2,6.4535866,6.0
Westbourne Ward,3,6.9790435,6.0
Westbourne Ward,4,6.496212,8.0
Westbourne Ward,5,6.6691465,5.0
Westbourne Ward,6,6.821703,4.0
Westbourne Ward,7,7.1566734,13.0
Westbourne Ward,8,7.3949065,8.0
Westbourne Ward,9,7.3710775,5.0
Westbourne Ward,10,7.440093,11.0
Westbourne Ward,11,7.302551,8.0
Westbourne Ward,12,7.046238,9.0
Whalebone Ward,1,8.192144,6.0
Whalebone Ward,2,7.5182624,9.0
Whalebone Ward,3,7.9111104,8.0
Whalebone Ward,4,6.880062,2.0
Whalebone Ward,5,6.9951453,1.0
Whalebone Ward,6,6.9917035,4.0
Whalebone Ward,7,7.001157,9.0
Whalebone Ward,8,7.1697474,8.0
Whalebone Ward,9,7.2469025,5.0
Whalebone Ward,10,7.8124423,7.0
Whalebone Ward,11,8.074268,7.0
Whalebone Ward,12,7.923757,7.0
Whetstone Ward,1,6.484868,6.0
Whetstone Ward,2,6.1853633,4.0
Whetstone Ward,3,6.5701976,8.0
Whetstone Ward,4,5.315594,2.0
Whetstone Ward,5,5.396807,5.0
Whetstone Ward,6,5.3783636,4.0
Whetstone Ward,7,5.4107537,5.0
Whetstone Ward,8,5.5818195,3.0
Whetstone Ward,9,5.773511,3.0
Whetstone Ward,10,7.013876,8.0
Whetstone Ward,11,7.22478,8.0
Whetstone Ward,12,7.1516423,5.0
White City Ward,1,3.9012704,2.0
White City Ward,2,3.7384648,6.0
White City Ward,3,4.0330925,5.0
White City Ward,4,3.730591,6.0
White City Ward,5,3.8824744,2.0
White City Ward,6,3.8828182,3.0
White City Ward,7,4.019741,10.0
White City Ward,8,4.1065598,3.0
White City Ward,9,4.137693,5.0
White City Ward,10,4.1212254,3.0
White City Ward,11,4.1555305,5.0
White City Ward,12,4.077068,4.0
White Hart Lane Ward,1,8.285372,5.0
White Hart Lane Ward,2,7.5632353,3.0
White Hart Lane Ward,3,8.011546,3.0
White Hart Lane Ward,4,7.526053,8.0
White Hart Lane Ward,5,7.6390123,7.0
White Hart Lane Ward,6,7.7072186,2.0
White Hart Lane Ward,7,8.125155,7.0
White Hart Lane Ward,8,8.4215145,9.0
White Hart Lane Ward,9,8.214437,6.0
White Hart Lane Ward,10,8.408882,8.0
White Hart Lane Ward,11,8.40367,6.0
White Hart Lane Ward,12,8.321215,10.0
Whitechapel Ward,1,14.00374,9.0
Whitechapel Ward,2,12.439917,26.0
Whitechapel Ward,3,13.005454,15.0
Whitechapel Ward,4,12.47547,13.0
Whitechapel Ward,5,12.5565405,10.0
Whitechapel Ward,6,12.629357,17.0
Whitechapel Ward,7,12.755228,12.0
Whitechapel Ward,8,13.374611,5.0
Whitechapel Ward,9,13.38696,20.0
Whitechapel Ward,10,13.965965,21.0
Whitechapel Ward,11,13.925228,21.0
Whitechapel Ward,12,13.811259,26.0
Whitewebbs Ward,1,8.024025,21.0
Whitewebbs Ward,2,7.4040527,3.0
Whitewebbs Ward,3,7.896783,9.0
Whitewebbs Ward,4,6.696955,9.0
Whitewebbs Ward,5,6.8185143,6.0
Whitewebbs Ward,6,6.8209243,2.0
Whitewebbs Ward,7,6.8623075,4.0
Whitewebbs Ward,8,7.0021462,2.0
Whitewebbs Ward,9,7.127345,4.0
Whitewebbs Ward,10,7.951637,6.0
Whitewebbs Ward,11,8.062494,7.0
Whitewebbs Ward,12,7.9431252,7.0
Whitton Ward,1,5.073314,3.0
Whitton Ward,2,4.7929516,4.0
Whitton Ward,3,5.1625147,5.0
Whitton Ward,4,4.2134843,3.0
Whitton Ward,5,4.2946978,3.0
Whitton Ward,6,4.276254,0.0
Whitton Ward,7,4.3309712,3.0
Whitton Ward,8,4.439138,5.0
Whitton Ward,9,4.5466747,5.0
Whitton Ward,10,5.2499733,3.0
Whitton Ward,11,5.2713814,4.0
Whitton Ward,12,5.208724,4.0
Willesden Green Ward,1,9.696038,10.0
Willesden Green Ward,2,9.333655,8.0
Willesden Green Ward,3,9.802122,8.0
Willesden Green Ward,4,8.86926,3.0
Willesden Green Ward,5,8.977867,8.0
Willesden Green Ward,6,8.97664,9.0
Willesden Green Ward,7,9.006547,17.0
Willesden Green Ward,8,9.247804,9.0
Willesden Green Ward,9,9.32496,3.0
Willesden Green Ward,10,9.760553,3.0
Willesden Green Ward,11,9.873842,16.0
Willesden Green Ward,12,9.700251,12.0
William Morris Ward,1,6.127743,4.0
William Morris Ward,2,5.8170705,8.0
William Morris Ward,3,6.196345,7.0
William Morris Ward,4,5.2897773,7.0
William Morris Ward,5,5.359541,5.0
William Morris Ward,6,5.3365498,1.0
William Morris Ward,7,5.4386954,11.0
William Morris Ward,8,5.6012883,4.0
William Morris Ward,9,5.6407127,5.0
William Morris Ward,10,6.3080444,7.0
William Morris Ward,11,6.431417,4.0
William Morris Ward,12,6.168431,2.0
Wimbledon Park Ward,1,5.637289,9.0
Wimbledon Park Ward,2,5.10555,9.0
Wimbledon Park Ward,3,5.5900946,4.0
Wimbledon Park Ward,4,4.8994455,8.0
Wimbledon Park Ward,5,4.9270725,4.0
Wimbledon Park Ward,6,4.9349966,2.0
Wimbledon Park Ward,7,5.0472097,2.0
Wimbledon Park Ward,8,5.0719113,2.0
Wimbledon Park Ward,9,5.1362653,4.0
Wimbledon Park Ward,10,5.2628202,2.0
Wimbledon Park Ward,11,5.3062863,6.0
Wimbledon Park Ward,12,5.220062,5.0
Wimbledon Town & Dundonald Ward,1,4.51223,3.0
Wimbledon Town & Dundonald Ward,2,4.259721,3.0
Wimbledon Town & Dundonald Ward,3,4.5143027,5.0
Wimbledon Town & Dundonald Ward,4,3.7322996,6.0
Wimbledon Town & Dundonald Ward,5,3.623036,0.0
Wimbledon Town & Dundonald Ward,6,3.6145813,1.0
Wimbledon Town & Dundonald Ward,7,3.679806,2.0
Wimbledon Town & Dundonald Ward,8,3.7969813,3.0
Wimbledon Town & Dundonald Ward,9,3.9199512,3.0
Wimbledon Town & Dundonald Ward,10,4.478208,7.0
Wimbledon Town & Dundonald Ward,11,4.600399,2.0
Wimbledon Town & Dundonald Ward,12,4.5752745,4.0
Winchmore Hill Ward,1,5.3366456,1.0
Winchmore Hill Ward,2,5.0099444,3.0
Winchmore Hill Ward,3,5.3443093,4.0
Winchmore Hill Ward,4,4.037155,5.0
Winchmore Hill Ward,5,4.1183677,3.0
Winchmore Hill Ward,6,4.099924,4.0
Winchmore Hill Ward,7,4.132314,8.0
Winchmore Hill Ward,8,4.2625546,3.0
Winchmore Hill Ward,9,4.425332,10.0
Winchmore Hill Ward,10,5.719261,6.0
Winchmore Hill Ward,11,5.932938,3.0
Winchmore Hill Ward,12,5.8654566,8.0
Wood End Ward,1,9.480229,12.0
Wood End Ward,2,8.618002,9.0
Wood End Ward,3,8.983504,10.0
Wood End Ward,4,7.909103,13.0
Wood End Ward,5,8.018285,10.0
Wood End Ward,6,7.9157104,10.0
Wood End Ward,7,8.012846,4.0
Wood End Ward,8,8.207911,4.0
Wood End Ward,9,8.315564,9.0
Wood End Ward,10,8.805345,5.0
Wood End Ward,11,8.866222,6.0
Wood End Ward,12,8.729564,14.0
Wood Street Ward,1,4.8759274,4.0
Wood Street Ward,2,4.434958,2.0
Wood Street Ward,3,4.9329467,0.0
Wood Street Ward,4,4.296262,5.0
Wood Street Ward,5,4.4783936,7.0
Wood Street Ward,6,4.479018,0.0
Wood Street Ward,7,4.591937,4.0
Wood Street Ward,8,4.655779,6.0
Wood Street Ward,9,4.6859555,4.0
Wood Street Ward,10,5.1741934,8.0
Wood Street Ward,11,5.2036366,4.0
Wood Street Ward,12,5.0194774,4.0
Woodberry Down Ward,1,6.2026653,6.0
Woodberry Down Ward,2,5.548988,7.0
Woodberry Down Ward,3,6.016213,9.0
Woodberry Down Ward,4,5.4360776,3.0
Woodberry Down Ward,5,5.569589,5.0
Woodberry Down Ward,6,5.5603156,1.0
Woodberry Down Ward,7,5.6648846,4.0
Woodberry Down Ward,8,5.7560444,4.0
Woodberry Down Ward,9,5.5826955,5.0
Woodberry Down Ward,10,5.716795,4.0
Woodberry Down Ward,11,5.633468,8.0
Woodberry Down Ward,12,5.4403634,6.0
Woodhouse Ward,1,7.7650824,8.0
Woodhouse Ward,2,7.7343626,7.0
Woodhouse Ward,3,8.114263,6.0
Woodhouse Ward,4,7.172355,7.0
Woodhouse Ward,5,7.2652893,6.0
Woodhouse Ward,6,7.26681,7.0
Woodhouse Ward,7,7.3675942,5.0
Woodhouse Ward,8,7.500506,7.0
Woodhouse Ward,9,7.6347847,7.0
Woodhouse Ward,10,8.248619,12.0
Woodhouse Ward,11,8.326165,5.0
Woodhouse Ward,12,8.209428,10.0
Woodside Ward,1,21.538527,26.0
Woodside Ward,2,19.18267,20.0
Woodside Ward,3,23.767681,14.0
Woodside Ward,4,20.220348,18.0
Woodside Ward,5,22.840616,14.0
Woodside Ward,6,24.064468,16.0
Woodside Ward,7,26.392372,32.0
Woodside Ward,8,26.30107,24.0
Woodside Ward,9,24.231699,26.0
Woodside Ward,10,24.444294,18.0
Woodside Ward,11,27.544138,34.0
Woodside Ward,12,26.813074,34.0
Woolwich Arsenal Ward,1,5.841106,21.0
Woolwich Arsenal Ward,2,5.738959,11.0
Woolwich Arsenal Ward,3,6.0728116,6.0
Woolwich Arsenal Ward,4,5.22047,7.0
Woolwich Arsenal Ward,5,5.427836,10.0
Woolwich Arsenal Ward,6,5.4273295,8.0
Woolwich Arsenal Ward,7,5.4768877,6.0
Woolwich Arsenal Ward,8,5.6457653,7.0
Woolwich Arsenal Ward,9,5.753606,5.0
Woolwich Arsenal Ward,10,6.353391,10.0
Woolwich Arsenal Ward,11,6.514076,12.0
Woolwich Arsenal Ward,12,6.4050937,5.0
Woolwich Common Ward,1,6.8944244,9.0
Woolwich Common Ward,2,6.0140734,9.0
Woolwich Common Ward,3,6.2254567,9.0
Woolwich Common Ward,4,5.6033278,5.0
Woolwich Common Ward,5,5.7269206,4.0
Woolwich Common Ward,6,5.736147,3.0
Woolwich Common Ward,7,5.8261003,5.0
Woolwich Common Ward,8,5.988331,6.0
Woolwich Common Ward,9,6.0576973,5.0
Woolwich Common Ward,10,6.53146,10.0
Woolwich Common Ward,11,6.682259,7.0
Woolwich Common Ward,12,6.5456533,1.0
Woolwich Dockyard Ward,1,4.841977,8.0
Woolwich Dockyard Ward,2,4.478008,6.0
Woolwich Dockyard Ward,3,4.844005,7.0
Woolwich Dockyard Ward,4,4.4726715,3.0
Woolwich Dockyard Ward,5,4.6265016,3.0
Woolwich Dockyard Ward,6,4.629203,1.0
Woolwich Dockyard Ward,7,4.699538,2.0
Woolwich Dockyard Ward,8,4.7978926,0.0
Woolwich Dockyard Ward,9,4.8672585,3.0
Woolwich Dockyard Ward,10,5.2461095,1.0
Woolwich Dockyard Ward,11,5.469876,3.0
Woolwich Dockyard Ward,12,5.2188816,1.0
Worcester Park North Ward,1,2.545358,4.0
Worcester Park North Ward,2,2.2611575,0.0
Worcester Park North Ward,3,2.5726874,3.0
Worcester Park North Ward,4,1.5975538,0.0
Worcester Park North Ward,5,1.6523998,4.0
Worcester Park North Ward,6,1.6128896,2.0
Worcester Park North Ward,7,1.6040475,3.0
Worcester Park North Ward,8,1.7036741,1.0
Worcester Park North Ward,9,1.8407,3.0
Worcester Park North Ward,10,2.3390322,3.0
Worcester Park North Ward,11,2.3950338,0.0
Worcester Park North Ward,12,2.3306317,0.0
Worcester Park South Ward,1,2.1413949,1.0
Worcester Park South Ward,2,1.9571447,2.0
Worcester Park South Ward,3,2.5057352,2.0
Worcester Park South Ward,4,1.4650731,1.0
Worcester Park South Ward,5,1.396207,0.0
Worcester Park South Ward,6,1.4407344,1.0
Worcester Park South Ward,7,1.4799587,3.0
Worcester Park South Ward,8,1.470837,0.0
Worcester Park South Ward,9,1.6693878,1.0
Worcester Park South Ward,10,2.2258515,5.0
Worcester Park South Ward,11,2.2619257,5.0
Worcester Park South Ward,12,2.1182334,1.0
Wormholt Ward,1,3.9515808,5.0
Wormholt Ward,2,3.4244556,5.0
Wormholt Ward,3,3.8903573,2.0
Wormholt Ward,4,3.8022554,3.0
Wormholt Ward,5,3.9547596,2.0
Wormholt Ward,6,3.9354968,0.0
Wormholt Ward,7,4.1208043,2.0
Wormholt Ward,8,4.1391726,1.0
Wormholt Ward,9,4.1065736,2.0
Wormholt Ward,10,4.0351686,5.0
Wormholt Ward,11,3.9780593,2.0
Wormholt Ward,12,3.8120098,5.0
Yeading Ward,1,6.6132274,6.0
Yeading Ward,2,6.145388,6.0
Yeading Ward,3,6.608843,4.0
Yeading Ward,4,5.47136,0.0
Yeading Ward,5,5.626579,5.0
Yeading Ward,6,5.608418,3.0
Yeading Ward,7,5.647051,6.0
Yeading Ward,8,5.7765884,2.0
Yeading Ward,9,5.8987775,2.0
Yeading Ward,10,6.946646,4.0
Yeading Ward,11,7.18847,4.0
Yeading Ward,12,7.007509,5.0
Yiewsley Ward,1,7.360246,2.0
Yiewsley Ward,2,6.6826835,5.0
Yiewsley Ward,3,6.808517,8.0
Yiewsley Ward,4,6.2875886,3.0
Yiewsley Ward,5,6.397716,8.0
Yiewsley Ward,6,6.3752,3.0
Yiewsley Ward,7,6.4838,6.0
Yiewsley Ward,8,6.5095367,20.0
Yiewsley Ward,9,6.556042,2.0
Yiewsley Ward,10,7.12551,6.0
Yiewsley Ward,11,7.294015,8.0
Yiewsley Ward,12,7.1752515,5.0
