ward,month,forecast
Abbey,2025-04-01,7.655417296258268
Abbey,2025-05-01,7.655417296258268
Abbey,2025-06-01,7.655417296258268
Abbey,2025-07-01,7.655417296258268
Abbey,2025-08-01,7.655417296258268
Abbey,2025-09-01,7.655417296258268
Abbey,2025-10-01,7.655417296258268
Abbey,2025-11-01,7.655417296258268
Abbey,2025-12-01,7.655417296258268
Abbey,2026-01-01,7.655417296258268
Abbey,2026-02-01,7.655417296258268
Abbey,2026-03-01,7.655417296258268
Abbey Road,2025-04-01,7.076752593649648
Abbey Road,2025-05-01,7.076752593649648
Abbey Road,2025-06-01,7.076752593649648
Abbey Road,2025-07-01,7.076752593649648
Abbey Road,2025-08-01,7.076752593649648
Abbey Road,2025-09-01,7.076752593649648
Abbey Road,2025-10-01,7.076752593649648
Abbey Road,2025-11-01,7.076752593649648
Abbey Road,2025-12-01,7.076752593649648
Abbey Road,2026-01-01,7.076752593649648
Abbey Road,2026-02-01,7.076752593649648
Abbey Road,2026-03-01,7.076752593649648
Abbey Wood,2025-04-01,4.768440311687616
Abbey Wood,2025-05-01,4.934775474166497
Abbey Wood,2025-06-01,5.766451286560901
Abbey Wood,2025-07-01,5.932786449039782
Abbey Wood,2025-08-01,4.934775474166497
Abbey Wood,2025-09-01,5.1011106366453784
Abbey Wood,2025-10-01,5.932786449039782
Abbey Wood,2025-11-01,6.0991216115186635
Abbey Wood,2025-12-01,6.0991216115186635
Abbey Wood,2026-01-01,6.598127098955306
Abbey Wood,2026-02-01,5.766451286560902
Abbey Wood,2026-03-01,6.0991216115186635
Abingdon,2025-04-01,5.634373423555081
Abingdon,2025-05-01,5.634373423555081
Abingdon,2025-06-01,5.634373423555081
Abingdon,2025-07-01,5.634373423555081
Abingdon,2025-08-01,5.634373423555081
Abingdon,2025-09-01,5.634373423555081
Abingdon,2025-10-01,5.634373423555081
Abingdon,2025-11-01,5.634373423555081
Abingdon,2025-12-01,5.634373423555081
Abingdon,2026-01-01,5.634373423555081
Abingdon,2026-02-01,5.634373423555081
Abingdon,2026-03-01,5.634373423555081
Addiscombe East,2025-04-01,5.544548212190543
Addiscombe East,2025-05-01,5.544548212190543
Addiscombe East,2025-06-01,5.544548212190543
Addiscombe East,2025-07-01,5.544548212190543
Addiscombe East,2025-08-01,5.544548212190543
Addiscombe East,2025-09-01,5.544548212190543
Addiscombe East,2025-10-01,5.544548212190543
Addiscombe East,2025-11-01,5.544548212190543
Addiscombe East,2025-12-01,5.544548212190543
Addiscombe East,2026-01-01,5.544548212190543
Addiscombe East,2026-02-01,5.544548212190543
Addiscombe East,2026-03-01,5.544548212190543
Addiscombe West,2025-04-01,9.230564718463967
Addiscombe West,2025-05-01,7.959801903103595
Addiscombe West,2025-06-01,7.959801903103595
Addiscombe West,2025-07-01,7.959801903103595
Addiscombe West,2025-08-01,7.959801903103595
Addiscombe West,2025-09-01,7.959801903103595
Addiscombe West,2025-10-01,7.959801903103595
Addiscombe West,2025-11-01,7.959801903103595
Addiscombe West,2025-12-01,7.959801903103595
Addiscombe West,2026-01-01,7.959801903103595
Addiscombe West,2026-02-01,7.959801903103595
Addiscombe West,2026-03-01,7.959801903103595
Addison,2025-04-01,4.719151758594501
Addison,2025-05-01,4.719151758594501
Addison,2025-06-01,4.719151758594501
Addison,2025-07-01,4.719151758594501
Addison,2025-08-01,4.719151758594501
Addison,2025-09-01,4.719151758594501
Addison,2025-10-01,4.719151758594501
Addison,2025-11-01,4.719151758594501
Addison,2025-12-01,4.719151758594501
Addison,2026-01-01,4.719151758594501
Addison,2026-02-01,4.719151758594501
Addison,2026-03-01,4.719151758594501
Aldborough,2025-04-01,5.354246094063971
Aldborough,2025-05-01,5.6694337236755175
Aldborough,2025-06-01,5.180528136770421
Aldborough,2025-07-01,4.9349004931725915
Aldborough,2025-08-01,6.136473555254822
Aldborough,2025-09-01,4.985216027890226
Aldborough,2025-10-01,5.240326931285336
Aldborough,2025-11-01,5.103013452070166
Aldborough,2025-12-01,4.898218083392691
Aldborough,2026-01-01,5.6807171483226915
Aldborough,2026-02-01,6.01749260155851
Aldborough,2026-03-01,5.475287785569513
Aldbourne & Ramsbury,2025-04-01,0.0
Aldbourne & Ramsbury,2025-05-01,0.0
Aldbourne & Ramsbury,2025-06-01,0.0
Aldbourne & Ramsbury,2025-07-01,0.0
Aldbourne & Ramsbury,2025-08-01,0.0
Aldbourne & Ramsbury,2025-09-01,0.0
Aldbourne & Ramsbury,2025-10-01,0.0
Aldbourne & Ramsbury,2025-11-01,0.0
Aldbourne & Ramsbury,2025-12-01,0.0
Aldbourne & Ramsbury,2026-01-01,0.0
Aldbourne & Ramsbury,2026-02-01,0.0
Aldbourne & Ramsbury,2026-03-01,0.0
Aldenham East,2025-04-01,0.0
Aldenham East,2025-05-01,0.0
Aldenham East,2025-06-01,0.0
Aldenham East,2025-07-01,0.0
Aldenham East,2025-08-01,0.0
Aldenham East,2025-09-01,0.0
Aldenham East,2025-10-01,0.0
Aldenham East,2025-11-01,0.0
Aldenham East,2025-12-01,0.0
Aldenham East,2026-01-01,0.0
Aldenham East,2026-02-01,0.0
Aldenham East,2026-03-01,0.0
Aldersgate,2025-04-01,0.6218399512665103
Aldersgate,2025-05-01,0.6218399512665103
Aldersgate,2025-06-01,0.6218399512665103
Aldersgate,2025-07-01,0.6218399512665103
Aldersgate,2025-08-01,0.6218399512665103
Aldersgate,2025-09-01,0.6218399512665103
Aldersgate,2025-10-01,0.6218399512665103
Aldersgate,2025-11-01,0.6218399512665103
Aldersgate,2025-12-01,0.6218399512665103
Aldersgate,2026-01-01,0.6218399512665103
Aldersgate,2026-02-01,0.6218399512665103
Aldersgate,2026-03-01,0.6218399512665103
Alexandra,2025-04-01,1.9187451954804002
Alexandra,2025-05-01,1.9187451954804002
Alexandra,2025-06-01,1.9187451954804002
Alexandra,2025-07-01,1.9187451954804002
Alexandra,2025-08-01,1.9187451954804002
Alexandra,2025-09-01,1.9187451954804002
Alexandra,2025-10-01,1.9187451954804002
Alexandra,2025-11-01,1.9187451954804002
Alexandra,2025-12-01,1.9187451954804002
Alexandra,2026-01-01,1.9187451954804002
Alexandra,2026-02-01,1.9187451954804002
Alexandra,2026-03-01,1.9187451954804002
Alexandra Park,2025-04-01,3.7817592649755003
Alexandra Park,2025-05-01,2.9852841330305027
Alexandra Park,2025-06-01,2.2680800613688556
Alexandra Park,2025-07-01,3.2365263939229285
Alexandra Park,2025-08-01,3.294195863635008
Alexandra Park,2025-09-01,3.878798593851766
Alexandra Park,2025-10-01,4.556940258816376
Alexandra Park,2025-11-01,4.1896522940863905
Alexandra Park,2025-12-01,4.042531934823038
Alexandra Park,2026-01-01,3.6271696683635475
Alexandra Park,2026-02-01,2.899022192232043
Alexandra Park,2026-03-01,3.9153991354963615
Alibon,2025-04-01,3.6231279111548154
Alibon,2025-05-01,3.737155429439388
Alibon,2025-06-01,3.3640946605218116
Alibon,2025-07-01,3.349866672974765
Alibon,2025-08-01,3.335638685427718
Alibon,2025-09-01,3.3214106978806712
Alibon,2025-10-01,3.3071827103336244
Alibon,2025-11-01,3.2929547227865776
Alibon,2025-12-01,3.278726735239531
Alibon,2026-01-01,3.264498747692484
Alibon,2026-02-01,3.2502707601454373
Alibon,2026-03-01,3.2360427725983905
Alperton,2025-04-01,6.752894933289592
Alperton,2025-05-01,6.752894933289592
Alperton,2025-06-01,6.752894933289592
Alperton,2025-07-01,6.752894933289592
Alperton,2025-08-01,6.752894933289592
Alperton,2025-09-01,6.752894933289592
Alperton,2025-10-01,6.752894933289592
Alperton,2025-11-01,6.752894933289592
Alperton,2025-12-01,6.752894933289592
Alperton,2026-01-01,6.752894933289592
Alperton,2026-02-01,6.752894933289592
Alperton,2026-03-01,6.752894933289592
Alvaston North,2025-04-01,0.0
Alvaston North,2025-05-01,0.0
Alvaston North,2025-06-01,0.0
Alvaston North,2025-07-01,0.0
Alvaston North,2025-08-01,0.0
Alvaston North,2025-09-01,0.0
Alvaston North,2025-10-01,0.0
Alvaston North,2025-11-01,0.0
Alvaston North,2025-12-01,0.0
Alvaston North,2026-01-01,0.0
Alvaston North,2026-02-01,0.0
Alvaston North,2026-03-01,0.0
Ardwick,2025-04-01,0.0
Ardwick,2025-05-01,0.0
Ardwick,2025-06-01,0.0
Ardwick,2025-07-01,0.0
Ardwick,2025-08-01,0.0
Ardwick,2025-09-01,0.0
Ardwick,2025-10-01,0.0
Ardwick,2025-11-01,0.0
Ardwick,2025-12-01,0.0
Ardwick,2026-01-01,0.0
Ardwick,2026-02-01,0.0
Ardwick,2026-03-01,0.0
Arnos Grove,2025-04-01,7.397855979550964
Arnos Grove,2025-05-01,6.786190399567386
Arnos Grove,2025-06-01,6.9645391298660675
Arnos Grove,2025-07-01,7.881160609368534
Arnos Grove,2025-08-01,7.159902999342001
Arnos Grove,2025-09-01,7.257719987409244
Arnos Grove,2025-10-01,8.057691618783945
Arnos Grove,2025-11-01,7.555567304832255
Arnos Grove,2025-12-01,8.303128108331236
Arnos Grove,2026-01-01,7.956620097461747
Arnos Grove,2026-02-01,8.003219351676002
Arnos Grove,2026-03-01,6.576659979913643
Arsenal,2025-04-01,9.008148736352581
Arsenal,2025-05-01,9.845783480351827
Arsenal,2025-06-01,7.52826200830593
Arsenal,2025-07-01,8.900600969020978
Arsenal,2025-08-01,9.178310034704069
Arsenal,2025-09-01,9.079131367608545
Arsenal,2025-10-01,8.953267961127823
Arsenal,2025-11-01,8.974807231729997
Arsenal,2025-12-01,8.575381778142148
Arsenal,2026-01-01,9.132158244936429
Arsenal,2026-02-01,8.68524209748512
Arsenal,2026-03-01,8.689659629581822
Ashdown,2025-04-01,0.0
Ashdown,2025-05-01,0.0
Ashdown,2025-06-01,0.0
Ashdown,2025-07-01,0.0
Ashdown,2025-08-01,0.0
Ashdown,2025-09-01,0.0
Ashdown,2025-10-01,0.0
Ashdown,2025-11-01,0.0
Ashdown,2025-12-01,0.0
Ashdown,2026-01-01,0.0
Ashdown,2026-02-01,0.0
Ashdown,2026-03-01,0.0
Ashford East,2025-04-01,0.049957943590084326
Ashford East,2025-05-01,0.06066764133175775
Ashford East,2025-06-01,0.06066764133175775
Ashford East,2025-07-01,0.06066764133175775
Ashford East,2025-08-01,0.06066764133175775
Ashford East,2025-09-01,0.06066764133175775
Ashford East,2025-10-01,0.06066764133175775
Ashford East,2025-11-01,0.06066764133175775
Ashford East,2025-12-01,0.06066764133175775
Ashford East,2026-01-01,0.06066764133175775
Ashford East,2026-02-01,0.06066764133175775
Ashford East,2026-03-01,0.06066764133175775
Ashford North and Stanwell South,2025-04-01,0.04351250000840199
Ashford North and Stanwell South,2025-05-01,0.05306039497348098
Ashford North and Stanwell South,2025-06-01,0.05306039497348098
Ashford North and Stanwell South,2025-07-01,0.05306039497348098
Ashford North and Stanwell South,2025-08-01,0.05306039497348098
Ashford North and Stanwell South,2025-09-01,0.05306039497348098
Ashford North and Stanwell South,2025-10-01,0.05306039497348098
Ashford North and Stanwell South,2025-11-01,0.05306039497348098
Ashford North and Stanwell South,2025-12-01,0.05306039497348098
Ashford North and Stanwell South,2026-01-01,0.05306039497348098
Ashford North and Stanwell South,2026-02-01,0.05306039497348098
Ashford North and Stanwell South,2026-03-01,0.05306039497348098
Ashford Town,2025-04-01,0.0
Ashford Town,2025-05-01,0.0
Ashford Town,2025-06-01,0.0
Ashford Town,2025-07-01,0.0
Ashford Town,2025-08-01,0.0
Ashford Town,2025-09-01,0.0
Ashford Town,2025-10-01,0.0
Ashford Town,2025-11-01,0.0
Ashford Town,2025-12-01,0.0
Ashford Town,2026-01-01,0.0
Ashford Town,2026-02-01,0.0
Ashford Town,2026-03-01,0.0
Ashtead Park,2025-04-01,0.0
Ashtead Park,2025-05-01,0.0
Ashtead Park,2025-06-01,0.0
Ashtead Park,2025-07-01,0.0
Ashtead Park,2025-08-01,0.0
Ashtead Park,2025-09-01,0.0
Ashtead Park,2025-10-01,0.0
Ashtead Park,2025-11-01,0.0
Ashtead Park,2025-12-01,0.0
Ashtead Park,2026-01-01,0.0
Ashtead Park,2026-02-01,0.0
Ashtead Park,2026-03-01,0.0
Auriol,2025-04-01,0.0
Auriol,2025-05-01,0.0
Auriol,2025-06-01,0.0
Auriol,2025-07-01,0.0
Auriol,2025-08-01,0.0
Auriol,2025-09-01,0.0
Auriol,2025-10-01,0.0
Auriol,2025-11-01,0.0
Auriol,2025-12-01,0.0
Auriol,2026-01-01,0.0
Auriol,2026-02-01,0.0
Auriol,2026-03-01,0.0
Aveley and Uplands,2025-04-01,0.16249500727131577
Aveley and Uplands,2025-05-01,0.16249500727131577
Aveley and Uplands,2025-06-01,0.16249500727131577
Aveley and Uplands,2025-07-01,0.16249500727131577
Aveley and Uplands,2025-08-01,0.16249500727131577
Aveley and Uplands,2025-09-01,0.16249500727131577
Aveley and Uplands,2025-10-01,0.16249500727131577
Aveley and Uplands,2025-11-01,0.16249500727131577
Aveley and Uplands,2025-12-01,0.16249500727131577
Aveley and Uplands,2026-01-01,0.16249500727131577
Aveley and Uplands,2026-02-01,0.16249500727131577
Aveley and Uplands,2026-03-01,0.16249500727131577
Avonmore,2025-04-01,4.393350256496588
Avonmore,2025-05-01,4.393350256496588
Avonmore,2025-06-01,4.393350256496588
Avonmore,2025-07-01,4.393350256496588
Avonmore,2025-08-01,4.393350256496588
Avonmore,2025-09-01,4.393350256496588
Avonmore,2025-10-01,4.393350256496588
Avonmore,2025-11-01,4.393350256496588
Avonmore,2025-12-01,4.393350256496588
Avonmore,2026-01-01,4.393350256496588
Avonmore,2026-02-01,4.393350256496588
Avonmore,2026-03-01,4.393350256496588
Balham,2025-04-01,10.137986976850364
Balham,2025-05-01,10.137986976850364
Balham,2025-06-01,10.137986976850364
Balham,2025-07-01,10.137986976850364
Balham,2025-08-01,10.137986976850364
Balham,2025-09-01,10.137986976850364
Balham,2025-10-01,10.137986976850364
Balham,2025-11-01,10.137986976850364
Balham,2025-12-01,10.137986976850364
Balham,2026-01-01,10.137986976850364
Balham,2026-02-01,10.137986976850364
Balham,2026-03-01,10.137986976850364
Banstead Village,2025-04-01,0.023060258643312147
Banstead Village,2025-05-01,0.02808831379343272
Banstead Village,2025-06-01,0.02808831379343272
Banstead Village,2025-07-01,0.02808831379343272
Banstead Village,2025-08-01,0.02808831379343272
Banstead Village,2025-09-01,0.02808831379343272
Banstead Village,2025-10-01,0.02808831379343272
Banstead Village,2025-11-01,0.02808831379343272
Banstead Village,2025-12-01,0.02808831379343272
Banstead Village,2026-01-01,0.02808831379343272
Banstead Village,2026-02-01,0.02808831379343272
Banstead Village,2026-03-01,0.02808831379343272
Barking Riverside,2025-04-01,6.128227073209174
Barking Riverside,2025-05-01,6.052150058559083
Barking Riverside,2025-06-01,6.885101750413385
Barking Riverside,2025-07-01,6.151563003455183
Barking Riverside,2025-08-01,6.2205266449812235
Barking Riverside,2025-09-01,7.856342258246998
Barking Riverside,2025-10-01,7.203223799025469
Barking Riverside,2025-11-01,6.3348054225266734
Barking Riverside,2025-12-01,6.659872769920616
Barking Riverside,2026-01-01,7.550909268865658
Barking Riverside,2026-02-01,6.000363162369311
Barking Riverside,2026-03-01,7.569633404678752
Barkingside,2025-04-01,3.97666240246762
Barkingside,2025-05-01,3.940013847800651
Barkingside,2025-06-01,3.903365293133682
Barkingside,2025-07-01,3.8667167384667134
Barkingside,2025-08-01,3.8300681837997446
Barkingside,2025-09-01,3.7934196291327757
Barkingside,2025-10-01,3.756771074465807
Barkingside,2025-11-01,3.720122519798838
Barkingside,2025-12-01,3.6834739651318693
Barkingside,2026-01-01,3.6468254104649005
Barkingside,2026-02-01,3.6101768557979317
Barkingside,2026-03-01,3.573528301130963
Barnehurst,2025-04-01,1.4690273122903537
Barnehurst,2025-05-01,1.5395477609822739
Barnehurst,2025-06-01,1.550150840064012
Barnehurst,2025-07-01,1.5517450625639957
Barnehurst,2025-08-01,1.5519847613684525
Barnehurst,2025-09-01,1.5520208012040833
Barnehurst,2025-10-01,1.5520262199618247
Barnehurst,2025-11-01,1.552027034697379
Barnehurst,2025-12-01,1.5520271571966777
Barnehurst,2026-01-01,1.55202717561502
Barnehurst,2026-02-01,1.5520271783843038
Barnehurst,2026-03-01,1.5520271788006785
Barnes,2025-04-01,4.386848209103745
Barnes,2025-05-01,5.15703739990981
Barnes,2025-06-01,5.332182949108035
Barnes,2025-07-01,5.372012076509633
Barnes,2025-08-01,5.381069454198274
Barnes,2025-09-01,5.3831291551243705
Barnes,2025-10-01,5.383597543221986
Barnes,2025-11-01,5.383704057428591
Barnes,2025-12-01,5.383728279385268
Barnes,2026-01-01,5.383733787600595
Barnes,2026-02-01,5.383735040201137
Barnes,2026-03-01,5.383735325049863
Barnet Vale,2025-04-01,8.991918977171945
Barnet Vale,2025-05-01,8.363562930254373
Barnet Vale,2025-06-01,8.122936624367686
Barnet Vale,2025-07-01,7.869439741463443
Barnet Vale,2025-08-01,6.382591004389032
Barnet Vale,2025-09-01,7.718720084000649
Barnet Vale,2025-10-01,8.06970546608476
Barnet Vale,2025-11-01,7.953936715934127
Barnet Vale,2025-12-01,10.103541606674987
Barnet Vale,2026-01-01,7.593075684570106
Barnet Vale,2026-02-01,7.318269769720773
Barnet Vale,2026-03-01,8.020011195711804
Barnhill,2025-04-01,4.702790476299349
Barnhill,2025-05-01,4.536251138433996
Barnhill,2025-06-01,4.7599576865235145
Barnhill,2025-07-01,4.168092420133751
Barnhill,2025-08-01,4.501154139111698
Barnhill,2025-09-01,3.8091361958585184
Barnhill,2025-10-01,4.839339927370665
Barnhill,2025-11-01,4.510420025285466
Barnhill,2025-12-01,4.475609602966034
Barnhill,2026-01-01,5.216941766801286
Barnhill,2026-02-01,4.892237743552975
Barnhill,2026-03-01,4.8606397043001195
Barnsbury,2025-04-01,8.372598825362678
Barnsbury,2025-05-01,8.746072233692956
Barnsbury,2025-06-01,8.012695651360726
Barnsbury,2025-07-01,7.890031839022589
Barnsbury,2025-08-01,7.616471869340205
Barnsbury,2025-09-01,8.32458935820423
Barnsbury,2025-10-01,7.492754954834972
Barnsbury,2025-11-01,8.193253677868725
Barnsbury,2025-12-01,7.504636095635446
Barnsbury,2026-01-01,8.35743482716044
Barnsbury,2026-02-01,8.087277498464006
Barnsbury,2026-03-01,7.930691078922377
Basildon,2025-04-01,0.0
Basildon,2025-05-01,0.0
Basildon,2025-06-01,0.0
Basildon,2025-07-01,0.0
Basildon,2025-08-01,0.0
Basildon,2025-09-01,0.0
Basildon,2025-10-01,0.0
Basildon,2025-11-01,0.0
Basildon,2025-12-01,0.0
Basildon,2026-01-01,0.0
Basildon,2026-02-01,0.0
Basildon,2026-03-01,0.0
Battersea Park,2025-04-01,11.010904035791791
Battersea Park,2025-05-01,11.010904035791791
Battersea Park,2025-06-01,11.010904035791791
Battersea Park,2025-07-01,11.010904035791791
Battersea Park,2025-08-01,11.010904035791791
Battersea Park,2025-09-01,11.010904035791791
Battersea Park,2025-10-01,11.010904035791791
Battersea Park,2025-11-01,11.010904035791791
Battersea Park,2025-12-01,11.010904035791791
Battersea Park,2026-01-01,11.010904035791791
Battersea Park,2026-02-01,11.010904035791791
Battersea Park,2026-03-01,11.010904035791791
Bayswater,2025-04-01,22.90811340051775
Bayswater,2025-05-01,21.340069717323736
Bayswater,2025-06-01,21.340069717323736
Bayswater,2025-07-01,21.340069717323736
Bayswater,2025-08-01,21.340069717323736
Bayswater,2025-09-01,21.340069717323736
Bayswater,2025-10-01,21.340069717323736
Bayswater,2025-11-01,21.340069717323736
Bayswater,2025-12-01,21.340069717323736
Bayswater,2026-01-01,21.340069717323736
Bayswater,2026-02-01,21.340069717323736
Bayswater,2026-03-01,21.340069717323736
Beaconsfield,2025-04-01,0.0
Beaconsfield,2025-05-01,0.0
Beaconsfield,2025-06-01,0.0
Beaconsfield,2025-07-01,0.0
Beaconsfield,2025-08-01,0.0
Beaconsfield,2025-09-01,0.0
Beaconsfield,2025-10-01,0.0
Beaconsfield,2025-11-01,0.0
Beaconsfield,2025-12-01,0.0
Beaconsfield,2026-01-01,0.0
Beaconsfield,2026-02-01,0.0
Beaconsfield,2026-03-01,0.0
Beam,2025-04-01,5.130795635330799
Beam,2025-05-01,4.505047068801248
Beam,2025-06-01,4.368576738093755
Beam,2025-07-01,4.338813743562735
Beam,2025-08-01,4.332322692805687
Beam,2025-09-01,4.330907050979504
Beam,2025-10-01,4.3305983117853355
Beam,2025-11-01,4.33053097844702
Beam,2025-12-01,4.330516293630403
Beam,2026-01-01,4.330513090999367
Beam,2026-02-01,4.330512392533338
Beam,2026-03-01,4.3305122402039595
Beam Park,2025-04-01,5.648994885513164
Beam Park,2025-05-01,5.374916341083247
Beam Park,2025-06-01,5.589123624456599
Beam Park,2025-07-01,5.617572530293714
Beam Park,2025-08-01,5.52523512859701
Beam Park,2025-09-01,5.543388359062907
Beam Park,2025-10-01,5.5713296012773466
Beam Park,2025-11-01,5.554877508015294
Beam Park,2025-12-01,5.549500485013105
Beam Park,2026-01-01,5.5572943010314235
Beam Park,2026-02-01,5.556672447673756
Beam Park,2026-03-01,5.553896337731996
Beauchief and Greenhill,2025-04-01,0.0
Beauchief and Greenhill,2025-05-01,0.0
Beauchief and Greenhill,2025-06-01,0.0
Beauchief and Greenhill,2025-07-01,0.0
Beauchief and Greenhill,2025-08-01,0.0
Beauchief and Greenhill,2025-09-01,0.0
Beauchief and Greenhill,2025-10-01,0.0
Beauchief and Greenhill,2025-11-01,0.0
Beauchief and Greenhill,2025-12-01,0.0
Beauchief and Greenhill,2026-01-01,0.0
Beauchief and Greenhill,2026-02-01,0.0
Beauchief and Greenhill,2026-03-01,0.0
Beckenham Town & Copers Cope,2025-04-01,8.444752487240093
Beckenham Town & Copers Cope,2025-05-01,8.598433133110333
Beckenham Town & Copers Cope,2025-06-01,8.651536244599724
Beckenham Town & Copers Cope,2025-07-01,8.669885597791769
Beckenham Town & Copers Cope,2025-08-01,8.676226069246699
Beckenham Town & Copers Cope,2025-09-01,8.678416968176489
Beckenham Town & Copers Cope,2025-10-01,8.679174015685444
Beckenham Town & Copers Cope,2025-11-01,8.679435607365015
Beckenham Town & Copers Cope,2025-12-01,8.679525998266525
Beckenham Town & Copers Cope,2026-01-01,8.67955723211574
Beckenham Town & Copers Cope,2026-02-01,8.679568024721197
Beckenham Town & Copers Cope,2026-03-01,8.679571754019234
Beckton,2025-04-01,3.3121503979350253
Beckton,2025-05-01,3.5375991405854434
Beckton,2025-06-01,3.576334894994879
Beckton,2025-07-01,3.582990326522367
Beckton,2025-08-01,3.5841338377174474
Beckton,2025-09-01,3.584330311506994
Beckton,2025-10-01,3.5843640688940184
Beckton,2025-11-01,3.5843698689611996
Beckton,2025-12-01,3.584370865506912
Beckton,2026-01-01,3.5843710367296455
Beckton,2026-02-01,3.584371066148491
Beckton,2026-03-01,3.5843710712031265
Becontree,2025-04-01,2.27699962695214
Becontree,2025-05-01,2.27699962695214
Becontree,2025-06-01,2.27699962695214
Becontree,2025-07-01,2.27699962695214
Becontree,2025-08-01,2.27699962695214
Becontree,2025-09-01,2.27699962695214
Becontree,2025-10-01,2.27699962695214
Becontree,2025-11-01,2.27699962695214
Becontree,2025-12-01,2.27699962695214
Becontree,2026-01-01,2.27699962695214
Becontree,2026-02-01,2.27699962695214
Becontree,2026-03-01,2.27699962695214
Beddington,2025-04-01,3.392917647104247
Beddington,2025-05-01,3.591349540362756
Beddington,2025-06-01,3.6196176984581134
Beddington,2025-07-01,3.6236447162372722
Beddington,2025-08-01,3.6242183960695047
Beddington,2025-09-01,3.624300121199106
Beddington,2025-10-01,3.624311763575974
Beddington,2025-11-01,3.6243134221226145
Beddington,2025-12-01,3.6243136583954128
Beddington,2026-01-01,3.6243136920543004
Beddington,2026-02-01,3.6243136968492693
Beddington,2026-03-01,3.6243136975323496
Bedfont,2025-04-01,5.555213247425198
Bedfont,2025-05-01,5.338046513258431
Bedfont,2025-06-01,5.305404055577661
Bedfont,2025-07-01,5.300497548844348
Bedfont,2025-08-01,5.29976004897349
Bedfont,2025-09-01,5.299649194940453
Bedfont,2025-10-01,5.299632532406497
Bedfont,2025-11-01,5.29963002785136
Bedfont,2025-12-01,5.299629651390226
Bedfont,2026-01-01,5.299629594804134
Bedfont,2026-02-01,5.2996295862986464
Bedfont,2026-03-01,5.299629585020182
Bedwell,2025-04-01,0.0
Bedwell,2025-05-01,0.0
Bedwell,2025-06-01,0.0
Bedwell,2025-07-01,0.0
Bedwell,2025-08-01,0.0
Bedwell,2025-09-01,0.0
Bedwell,2025-10-01,0.0
Bedwell,2025-11-01,0.0
Bedwell,2025-12-01,0.0
Bedwell,2026-01-01,0.0
Bedwell,2026-02-01,0.0
Bedwell,2026-03-01,0.0
Bellingham,2025-04-01,5.51649303175359
Bellingham,2025-05-01,5.622576585897431
Bellingham,2025-06-01,5.7130707749810865
Bellingham,2025-07-01,5.790266513038698
Bellingham,2025-08-01,5.8561180559344574
Bellingham,2025-09-01,5.912292474508133
Bellingham,2025-10-01,5.960211857461478
Bellingham,2025-11-01,6.001089312376613
Bellingham,2025-12-01,6.035959676253497
Bellingham,2026-01-01,6.065705713021947
Bellingham,2026-02-01,6.091080461233753
Bellingham,2026-03-01,6.112726297679955
Belmont,2025-04-01,7.280301973333429
Belmont,2025-05-01,7.557477211459501
Belmont,2025-06-01,7.535646636941774
Belmont,2025-07-01,7.513816062424047
Belmont,2025-08-01,7.4919854879063195
Belmont,2025-09-01,7.470154913388592
Belmont,2025-10-01,7.448324338870865
Belmont,2025-11-01,7.426493764353138
Belmont,2025-12-01,7.404663189835411
Belmont,2026-01-01,7.3828326153176835
Belmont,2026-02-01,7.361002040799956
Belmont,2026-03-01,7.339171466282229
Belmore,2025-04-01,8.540326118998715
Belmore,2025-05-01,8.501338425883572
Belmore,2025-06-01,8.46235073276843
Belmore,2025-07-01,8.423363039653287
Belmore,2025-08-01,8.384375346538144
Belmore,2025-09-01,8.345387653423002
Belmore,2025-10-01,8.306399960307859
Belmore,2025-11-01,8.267412267192716
Belmore,2025-12-01,8.228424574077573
Belmore,2026-01-01,8.18943688096243
Belmore,2026-02-01,8.150449187847288
Belmore,2026-03-01,8.111461494732145
Belsize,2025-04-01,10.868520282725209
Belsize,2025-05-01,10.985158752503215
Belsize,2025-06-01,11.09232601599283
Belsize,2025-07-01,11.190791148343342
Belsize,2025-08-01,11.281260774730166
Belsize,2025-09-01,11.364384141379752
Belsize,2025-10-01,11.440757774820197
Belsize,2025-11-01,11.510929762794227
Belsize,2025-12-01,11.575403687556065
Belsize,2026-01-01,11.634642239779119
Belsize,2026-02-01,11.68907053900933
Belsize,2026-03-01,11.739079184493082
Belvedere,2025-04-01,7.742306701217809
Belvedere,2025-05-01,8.898673927644575
Belvedere,2025-06-01,9.255989687445553
Belvedere,2025-07-01,9.36639972785864
Belvedere,2025-08-01,9.400516266773156
Belvedere,2025-09-01,9.411058226753887
Belvedere,2025-10-01,9.414315676769956
Belvedere,2025-11-01,9.415322223998992
Belvedere,2025-12-01,9.415633245601557
Belvedere,2026-01-01,9.415729350815969
Belvedere,2026-02-01,9.415759047184842
Belvedere,2026-03-01,9.415768223318828
Bensham Manor,2025-04-01,4.78453595891456
Bensham Manor,2025-05-01,5.518442582915842
Bensham Manor,2025-06-01,5.486874576624315
Bensham Manor,2025-07-01,5.455306570332787
Bensham Manor,2025-08-01,5.42373856404126
Bensham Manor,2025-09-01,5.392170557749733
Bensham Manor,2025-10-01,5.360602551458205
Bensham Manor,2025-11-01,5.329034545166678
Bensham Manor,2025-12-01,5.297466538875151
Bensham Manor,2026-01-01,5.265898532583623
Bensham Manor,2026-02-01,5.234330526292096
Bensham Manor,2026-03-01,5.202762520000569
Bentley,2025-04-01,0.0
Bentley,2025-05-01,0.0
Bentley,2025-06-01,0.0
Bentley,2025-07-01,0.0
Bentley,2025-08-01,0.0
Bentley,2025-09-01,0.0
Bentley,2025-10-01,0.0
Bentley,2025-11-01,0.0
Bentley,2025-12-01,0.0
Bentley,2026-01-01,0.0
Bentley,2026-02-01,0.0
Bentley,2026-03-01,0.0
Berrylands,2025-04-01,1.576246089552294
Berrylands,2025-05-01,1.7456037913700921
Berrylands,2025-06-01,1.795377719011476
Berrylands,2025-07-01,1.8100061879045826
Berrylands,2025-08-01,1.8143054689197031
Berrylands,2025-09-01,1.815569019970879
Berrylands,2025-10-01,1.8159403753796814
Berrylands,2025-11-01,1.8160495160744865
Berrylands,2025-12-01,1.8160815923307632
Berrylands,2026-01-01,1.8160910194854885
Berrylands,2026-02-01,1.8160937901095116
Berrylands,2026-03-01,1.816094604390989
Bethnal Green,2025-04-01,-0.18814220474715648
Bethnal Green,2025-05-01,-0.07355775130809986
Bethnal Green,2025-06-01,-0.04194550919822512
Bethnal Green,2025-07-01,-0.021924967644856765
Bethnal Green,2025-08-01,-0.005159112278947654
Bethnal Green,2025-09-01,0.010320780260379359
Bethnal Green,2025-10-01,0.027951583865233665
Bethnal Green,2025-11-01,0.03375203057543963
Bethnal Green,2025-12-01,0.034821484916704455
Bethnal Green,2026-01-01,0.038104623904823734
Bethnal Green,2026-02-01,0.0458367887789151
Bethnal Green,2026-03-01,0.05562679954801997
Bethnal Green East,2025-04-01,15.10382040056427
Bethnal Green East,2025-05-01,15.091239935424841
Bethnal Green East,2025-06-01,15.079713759915858
Bethnal Green East,2025-07-01,15.069153520656698
Bethnal Green East,2025-08-01,15.059478268607673
Bethnal Green East,2025-09-01,15.050613838558803
Bethnal Green East,2025-10-01,15.042492280619726
Bethnal Green East,2025-11-01,15.035051339352872
Bethnal Green East,2025-12-01,15.0282339765572
Bethnal Green East,2026-01-01,15.021987934044425
Bethnal Green East,2026-02-01,15.016265333056232
Bethnal Green East,2026-03-01,15.0110223072518
Bethnal Green West,2025-04-01,15.054020008487353
Bethnal Green West,2025-05-01,15.352411534134287
Bethnal Green West,2025-06-01,15.436885739425403
Bethnal Green West,2025-07-01,15.460800263620065
Bethnal Green West,2025-08-01,15.467570430506942
Bethnal Green West,2025-09-01,15.4694870548689
Bethnal Green West,2025-10-01,15.470029648427705
Bethnal Green West,2025-11-01,15.470183255872076
Bethnal Green West,2025-12-01,15.470226741915326
Bethnal Green West,2026-01-01,15.470239052750685
Bethnal Green West,2026-02-01,15.470242537930204
Bethnal Green West,2026-03-01,15.470243524579438
Bexleyheath,2025-04-01,6.075013073595631
Bexleyheath,2025-05-01,6.295791295748617
Bexleyheath,2025-06-01,5.852579111965632
Bexleyheath,2025-07-01,6.974463045730673
Bexleyheath,2025-08-01,7.08464786083645
Bexleyheath,2025-09-01,7.022098252607957
Bexleyheath,2025-10-01,6.250584153921512
Bexleyheath,2025-11-01,7.243249218630085
Bexleyheath,2025-12-01,6.581362617690278
Bexleyheath,2026-01-01,6.459879455007391
Bexleyheath,2026-02-01,7.155137809497388
Bexleyheath,2026-03-01,6.888274694066835
Bickley & Sundridge,2025-04-01,6.801444520020035
Bickley & Sundridge,2025-05-01,6.250779381125333
Bickley & Sundridge,2025-06-01,6.092396718702424
Bickley & Sundridge,2025-07-01,6.676633128052123
Bickley & Sundridge,2025-08-01,6.048388452731528
Bickley & Sundridge,2025-09-01,6.411667311011995
Bickley & Sundridge,2025-10-01,6.703909686974644
Bickley & Sundridge,2025-11-01,6.277168836690606
Bickley & Sundridge,2025-12-01,8.84421801985069
Bickley & Sundridge,2026-01-01,8.361397954846623
Bickley & Sundridge,2026-02-01,8.12267086332897
Bickley & Sundridge,2026-03-01,7.338054207293197
Biggin Hill,2025-04-01,1.8529323494097958
Biggin Hill,2025-05-01,2.160339328328864
Biggin Hill,2025-06-01,2.1083462511382884
Biggin Hill,2025-07-01,2.238009312708729
Biggin Hill,2025-08-01,1.9244394454491238
Biggin Hill,2025-09-01,1.8202918394863137
Biggin Hill,2025-10-01,1.9627376910644174
Biggin Hill,2025-11-01,1.955372152912549
Biggin Hill,2025-12-01,2.068654401660981
Biggin Hill,2026-01-01,2.0603597030275966
Biggin Hill,2026-02-01,1.7551595417981605
Biggin Hill,2026-03-01,1.8050097359848287
Bircham with Rudhams,2025-04-01,0.0
Bircham with Rudhams,2025-05-01,0.0
Bircham with Rudhams,2025-06-01,0.0
Bircham with Rudhams,2025-07-01,0.0
Bircham with Rudhams,2025-08-01,0.0
Bircham with Rudhams,2025-09-01,0.0
Bircham with Rudhams,2025-10-01,0.0
Bircham with Rudhams,2025-11-01,0.0
Bircham with Rudhams,2025-12-01,0.0
Bircham with Rudhams,2026-01-01,0.0
Bircham with Rudhams,2026-02-01,0.0
Bircham with Rudhams,2026-03-01,0.0
Blackfen & Lamorbey,2025-04-01,3.715869489869459
Blackfen & Lamorbey,2025-05-01,2.8720349049341016
Blackfen & Lamorbey,2025-06-01,2.521873540956056
Blackfen & Lamorbey,2025-07-01,2.769225074783768
Blackfen & Lamorbey,2025-08-01,2.9308008836829953
Blackfen & Lamorbey,2025-09-01,2.749771627216297
Blackfen & Lamorbey,2025-10-01,2.9192882381363785
Blackfen & Lamorbey,2025-11-01,3.2495179594292973
Blackfen & Lamorbey,2025-12-01,3.6857773595587684
Blackfen & Lamorbey,2026-01-01,3.1897193394630188
Blackfen & Lamorbey,2026-02-01,3.1642202023365935
Blackfen & Lamorbey,2026-03-01,3.5616714598971653
Blackfriars & Trinity,2025-04-01,0.0
Blackfriars & Trinity,2025-05-01,0.0
Blackfriars & Trinity,2025-06-01,0.0
Blackfriars & Trinity,2025-07-01,0.0
Blackfriars & Trinity,2025-08-01,0.0
Blackfriars & Trinity,2025-09-01,0.0
Blackfriars & Trinity,2025-10-01,0.0
Blackfriars & Trinity,2025-11-01,0.0
Blackfriars & Trinity,2025-12-01,0.0
Blackfriars & Trinity,2026-01-01,0.0
Blackfriars & Trinity,2026-02-01,0.0
Blackfriars & Trinity,2026-03-01,0.0
Blackheath,2025-04-01,10.635177408657356
Blackheath,2025-05-01,11.840164451824117
Blackheath,2025-06-01,10.791659289794335
Blackheath,2025-07-01,11.105944804765686
Blackheath,2025-08-01,11.577373077222713
Blackheath,2025-09-01,10.94880204728001
Blackheath,2025-10-01,10.791659289794335
Blackheath,2025-11-01,10.477373774822983
Blackheath,2025-12-01,11.420230319737037
Blackheath,2026-01-01,10.634516532308659
Blackheath,2026-02-01,10.320231017337308
Blackheath,2026-03-01,11.26308756225136
Blackheath Westcombe,2025-04-01,8.868366715898661
Blackheath Westcombe,2025-05-01,7.465930339740375
Blackheath Westcombe,2025-06-01,6.962990979422011
Blackheath Westcombe,2025-07-01,7.0390114515888795
Blackheath Westcombe,2025-08-01,7.285369596102177
Blackheath Westcombe,2025-09-01,6.882506903565371
Blackheath Westcombe,2025-10-01,5.946011203028613
Blackheath Westcombe,2025-11-01,5.449665455057669
Blackheath Westcombe,2025-12-01,5.964015919158838
Blackheath Westcombe,2026-01-01,6.308923910063386
Blackheath Westcombe,2026-02-01,5.774336196912275
Blackheath Westcombe,2026-03-01,5.0694085252999965
Blackwall & Cubitt Town,2025-04-01,7.218842733229103
Blackwall & Cubitt Town,2025-05-01,7.936494097744436
Blackwall & Cubitt Town,2025-06-01,8.217503489832994
Blackwall & Cubitt Town,2025-07-01,8.179364474469551
Blackwall & Cubitt Town,2025-08-01,8.080014530660259
Blackwall & Cubitt Town,2025-09-01,9.528041114480072
Blackwall & Cubitt Town,2025-10-01,8.982533032652231
Blackwall & Cubitt Town,2025-11-01,8.432124256356952
Blackwall & Cubitt Town,2025-12-01,9.857730017523096
Blackwall & Cubitt Town,2026-01-01,8.501948937792683
Blackwall & Cubitt Town,2026-02-01,8.521498479728825
Blackwall & Cubitt Town,2026-03-01,7.788073293812419
Blakenall,2025-04-01,0.0
Blakenall,2025-05-01,0.0
Blakenall,2025-06-01,0.0
Blakenall,2025-07-01,0.0
Blakenall,2025-08-01,0.0
Blakenall,2025-09-01,0.0
Blakenall,2025-10-01,0.0
Blakenall,2025-11-01,0.0
Blakenall,2025-12-01,0.0
Blakenall,2026-01-01,0.0
Blakenall,2026-02-01,0.0
Blakenall,2026-03-01,0.0
Blendon & Penhill,2025-04-01,2.512657365273725
Blendon & Penhill,2025-05-01,2.512657365273725
Blendon & Penhill,2025-06-01,2.512657365273725
Blendon & Penhill,2025-07-01,2.512657365273725
Blendon & Penhill,2025-08-01,2.512657365273725
Blendon & Penhill,2025-09-01,2.512657365273725
Blendon & Penhill,2025-10-01,2.512657365273725
Blendon & Penhill,2025-11-01,2.512657365273725
Blendon & Penhill,2025-12-01,2.512657365273725
Blendon & Penhill,2026-01-01,2.512657365273725
Blendon & Penhill,2026-02-01,2.512657365273725
Blendon & Penhill,2026-03-01,2.512657365273725
Bloomfield,2025-04-01,0.0
Bloomfield,2025-05-01,0.0
Bloomfield,2025-06-01,0.0
Bloomfield,2025-07-01,0.0
Bloomfield,2025-08-01,0.0
Bloomfield,2025-09-01,0.0
Bloomfield,2025-10-01,0.0
Bloomfield,2025-11-01,0.0
Bloomfield,2025-12-01,0.0
Bloomfield,2026-01-01,0.0
Bloomfield,2026-02-01,0.0
Bloomfield,2026-03-01,0.0
Bloomsbury,2025-04-01,23.467840220777855
Bloomsbury,2025-05-01,26.815747427365576
Bloomsbury,2025-06-01,22.98200842284076
Bloomsbury,2025-07-01,22.712775504212615
Bloomsbury,2025-08-01,23.451997949878635
Bloomsbury,2025-09-01,21.490651679153842
Bloomsbury,2025-10-01,24.65652163422202
Bloomsbury,2025-11-01,24.139077131932627
Bloomsbury,2025-12-01,22.177139667397466
Bloomsbury,2026-01-01,25.349432441432622
Bloomsbury,2026-02-01,24.39404459055395
Bloomsbury,2026-03-01,22.898395724966335
Bockhanger,2025-04-01,0.0
Bockhanger,2025-05-01,0.0
Bockhanger,2025-06-01,0.0
Bockhanger,2025-07-01,0.0
Bockhanger,2025-08-01,0.0
Bockhanger,2025-09-01,0.0
Bockhanger,2025-10-01,0.0
Bockhanger,2025-11-01,0.0
Bockhanger,2025-12-01,0.0
Bockhanger,2026-01-01,0.0
Bockhanger,2026-02-01,0.0
Bockhanger,2026-03-01,0.0
Boleyn,2025-04-01,6.905759812994763
Boleyn,2025-05-01,6.878730059461793
Boleyn,2025-06-01,6.870977447765336
Boleyn,2025-07-01,6.868753861522023
Boleyn,2025-08-01,6.868116097633538
Boleyn,2025-09-01,6.867933175662925
Boleyn,2025-10-01,6.867880710404328
Boleyn,2025-11-01,6.867865662439612
Boleyn,2025-12-01,6.867861346417007
Boleyn,2026-01-01,6.867860108505337
Boleyn,2026-02-01,6.867859753450361
Boleyn,2026-03-01,6.86785965161431
Bolsover South,2025-04-01,0.0
Bolsover South,2025-05-01,0.0
Bolsover South,2025-06-01,0.0
Bolsover South,2025-07-01,0.0
Bolsover South,2025-08-01,0.0
Bolsover South,2025-09-01,0.0
Bolsover South,2025-10-01,0.0
Bolsover South,2025-11-01,0.0
Bolsover South,2025-12-01,0.0
Bolsover South,2026-01-01,0.0
Bolsover South,2026-02-01,0.0
Bolsover South,2026-03-01,0.0
Borough & Bankside,2025-04-01,21.975500806176683
Borough & Bankside,2025-05-01,19.582476524920896
Borough & Bankside,2025-06-01,20.487700723307185
Borough & Bankside,2025-07-01,20.068762084124465
Borough & Bankside,2025-08-01,19.738039792186576
Borough & Bankside,2025-09-01,19.476958039025714
Borough & Bankside,2025-10-01,19.270852543583786
Borough & Bankside,2025-11-01,19.108146897796313
Borough & Bankside,2025-12-01,18.97970234994787
Borough & Bankside,2026-01-01,18.87830450482613
Borough & Bankside,2026-02-01,18.79825810996113
Borough & Bankside,2026-03-01,18.735067168149786
Botwell,2025-04-01,0.10667284090769176
Botwell,2025-05-01,0.10667284090769176
Botwell,2025-06-01,0.10667284090769176
Botwell,2025-07-01,0.10667284090769176
Botwell,2025-08-01,0.10667284090769176
Botwell,2025-09-01,0.10667284090769176
Botwell,2025-10-01,0.10667284090769176
Botwell,2025-11-01,0.10667284090769176
Botwell,2025-12-01,0.10667284090769176
Botwell,2026-01-01,0.10667284090769176
Botwell,2026-02-01,0.10667284090769176
Botwell,2026-03-01,0.10667284090769176
Bounds Green,2025-04-01,3.039171590434826
Bounds Green,2025-05-01,3.01804999013658
Bounds Green,2025-06-01,2.9969283898383337
Bounds Green,2025-07-01,2.9758067895400875
Bounds Green,2025-08-01,2.9546851892418413
Bounds Green,2025-09-01,2.933563588943595
Bounds Green,2025-10-01,2.912441988645349
Bounds Green,2025-11-01,2.891320388347103
Bounds Green,2025-12-01,2.8701987880488566
Bounds Green,2026-01-01,2.8490771877506105
Bounds Green,2026-02-01,2.8279555874523643
Bounds Green,2026-03-01,2.806833987154118
Bow East,2025-04-01,15.399958435960302
Bow East,2025-05-01,15.399958435960302
Bow East,2025-06-01,15.399958435960302
Bow East,2025-07-01,15.399958435960302
Bow East,2025-08-01,15.399958435960302
Bow East,2025-09-01,15.399958435960302
Bow East,2025-10-01,15.399958435960302
Bow East,2025-11-01,15.399958435960302
Bow East,2025-12-01,15.399958435960302
Bow East,2026-01-01,15.399958435960302
Bow East,2026-02-01,15.399958435960302
Bow East,2026-03-01,15.399958435960302
Bow West,2025-04-01,8.637781431929046
Bow West,2025-05-01,9.304834471147721
Bow West,2025-06-01,9.847465154790747
Bow West,2025-07-01,10.288881416345879
Bow West,2025-08-01,10.647962319506695
Bow West,2025-09-01,10.940065502476276
Bow West,2025-10-01,11.177684013374218
Bow West,2025-11-01,11.37098062913631
Bow West,2025-12-01,11.528222510351219
Bow West,2026-01-01,11.656134781916464
Bow West,2026-02-01,11.760188161910175
Bow West,2026-03-01,11.844832940363611
Bowes,2025-04-01,2.1834033240631725
Bowes,2025-05-01,3.04307493551435
Bowes,2025-06-01,2.694526767383385
Bowes,2025-07-01,2.29624695816176
Bowes,2025-08-01,2.605342311608281
Bowes,2025-09-01,2.5871675919632993
Bowes,2025-10-01,2.1380073759809286
Bowes,2025-11-01,2.6204757663506113
Bowes,2025-12-01,2.5130260561751525
Bowes,2026-01-01,1.6734851231282881
Bowes,2026-02-01,2.0911409977645596
Bowes,2026-03-01,1.6843272567366478
Brent,2025-04-01,0.0
Brent,2025-05-01,0.0
Brent,2025-06-01,0.0
Brent,2025-07-01,0.0
Brent,2025-08-01,0.0
Brent,2025-09-01,0.0
Brent,2025-10-01,0.0
Brent,2025-11-01,0.0
Brent,2025-12-01,0.0
Brent,2026-01-01,0.0
Brent,2026-02-01,0.0
Brent,2026-03-01,0.0
Brentford,2025-04-01,0.1035237129030034
Brentford,2025-05-01,0.12220815181821719
Brentford,2025-06-01,0.12558040584376062
Brentford,2025-07-01,0.12618904586042895
Brentford,2025-08-01,0.12629889602802727
Brentford,2025-09-01,0.126318722294771
Brentford,2025-10-01,0.12632230063116856
Brentford,2025-11-01,0.12632294646588568
Brentford,2025-12-01,0.126323063029125
Brentford,2026-01-01,0.126323084066998
Brentford,2026-02-01,0.1263230878640107
Brentford,2026-03-01,0.12632308854931312
Brentford East,2025-04-01,3.883005206007473
Brentford East,2025-05-01,3.7520854833706516
Brentford East,2025-06-01,3.63132777029009
Brentford East,2025-07-01,3.519943289978444
Brentford East,2025-08-01,3.417204490627228
Brentford East,2025-09-01,3.3224402931142847
Brentford East,2025-10-01,3.2350317075849477
Brentford East,2025-11-01,3.15440779027487
Brentford East,2025-12-01,3.0800419141649016
Brentford East,2026-01-01,3.0114483291083256
Brentford East,2026-02-01,2.9481789889615615
Brentford East,2026-03-01,2.889820624993484
Brentford West,2025-04-01,3.538736072129279
Brentford West,2025-05-01,3.9962109225781566
Brentford West,2025-06-01,4.132220757262554
Brentford West,2025-07-01,4.17265724270591
Brentford West,2025-08-01,4.184679236253691
Brentford West,2025-09-01,4.188253442253008
Brentford West,2025-10-01,4.189316073710493
Brentford West,2025-11-01,4.189631999993043
Brentford West,2025-12-01,4.189725926645886
Brentford West,2026-01-01,4.1897538515657216
Brentford West,2026-02-01,4.189762153800755
Brentford West,2026-03-01,4.18976462210172
Brentwood North,2025-04-01,0.0
Brentwood North,2025-05-01,0.0
Brentwood North,2025-06-01,0.0
Brentwood North,2025-07-01,0.0
Brentwood North,2025-08-01,0.0
Brentwood North,2025-09-01,0.0
Brentwood North,2025-10-01,0.0
Brentwood North,2025-11-01,0.0
Brentwood North,2025-12-01,0.0
Brentwood North,2026-01-01,0.0
Brentwood North,2026-02-01,0.0
Brentwood North,2026-03-01,0.0
Bridge,2025-04-01,4.325501017400354
Bridge,2025-05-01,4.065315363711069
Bridge,2025-06-01,3.964949646145707
Bridge,2025-07-01,3.926233917128458
Bridge,2025-08-01,3.91129945833419
Bridge,2025-09-01,3.905538542418637
Bridge,2025-10-01,3.9033162889949775
Bridge,2025-11-01,3.9024590624095947
Bridge,2025-12-01,3.902128390214037
Bridge,2026-01-01,3.9020008345563153
Bridge,2026-02-01,3.901951630401762
Bridge,2026-03-01,3.9019326500690306
Brimsdown,2025-04-01,8.382429586605824
Brimsdown,2025-05-01,9.328807228098274
Brimsdown,2025-06-01,9.328807228098274
Brimsdown,2025-07-01,9.328807228098274
Brimsdown,2025-08-01,9.328807228098274
Brimsdown,2025-09-01,9.328807228098274
Brimsdown,2025-10-01,9.328807228098274
Brimsdown,2025-11-01,9.328807228098274
Brimsdown,2025-12-01,9.328807228098274
Brimsdown,2026-01-01,9.328807228098274
Brimsdown,2026-02-01,9.328807228098274
Brimsdown,2026-03-01,9.328807228098274
Brixton Acre Lane,2025-04-01,9.132460605049122
Brixton Acre Lane,2025-05-01,10.43007296248365
Brixton Acre Lane,2025-06-01,11.631714550709576
Brixton Acre Lane,2025-07-01,12.258413662678098
Brixton Acre Lane,2025-08-01,12.686134224860695
Brixton Acre Lane,2025-09-01,12.940880898328361
Brixton Acre Lane,2025-10-01,13.103072821925174
Brixton Acre Lane,2025-11-01,13.20295962050883
Brixton Acre Lane,2025-12-01,13.265494942713229
Brixton Acre Lane,2026-01-01,13.304327790905573
Brixton Acre Lane,2026-02-01,13.328539662527003
Brixton Acre Lane,2026-03-01,13.343605285580939
Brixton North,2025-04-01,9.073513442442096
Brixton North,2025-05-01,9.073513442442096
Brixton North,2025-06-01,9.073513442442096
Brixton North,2025-07-01,9.073513442442096
Brixton North,2025-08-01,9.073513442442096
Brixton North,2025-09-01,9.073513442442096
Brixton North,2025-10-01,9.073513442442096
Brixton North,2025-11-01,9.073513442442096
Brixton North,2025-12-01,9.073513442442096
Brixton North,2026-01-01,9.073513442442096
Brixton North,2026-02-01,9.073513442442096
Brixton North,2026-03-01,9.073513442442096
Brixton Rush Common,2025-04-01,4.146714143365638
Brixton Rush Common,2025-05-01,5.133220621014804
Brixton Rush Common,2025-06-01,5.05054771086783
Brixton Rush Common,2025-07-01,5.314139267543191
Brixton Rush Common,2025-08-01,5.332813281977643
Brixton Rush Common,2025-09-01,5.409718396873311
Brixton Rush Common,2025-10-01,5.4271708696594745
Brixton Rush Common,2025-11-01,5.451515136644377
Brixton Rush Common,2025-12-01,5.460277099706756
Brixton Rush Common,2026-01-01,5.46849743426478
Brixton Rush Common,2026-02-01,5.472260801767676
Brixton Rush Common,2026-03-01,5.475164370924951
Brixton Windrush,2025-04-01,10.171856381699246
Brixton Windrush,2025-05-01,10.171856381699246
Brixton Windrush,2025-06-01,10.171856381699246
Brixton Windrush,2025-07-01,10.171856381699246
Brixton Windrush,2025-08-01,10.171856381699246
Brixton Windrush,2025-09-01,10.171856381699246
Brixton Windrush,2025-10-01,10.171856381699246
Brixton Windrush,2025-11-01,10.171856381699246
Brixton Windrush,2025-12-01,10.171856381699246
Brixton Windrush,2026-01-01,10.171856381699246
Brixton Windrush,2026-02-01,10.171856381699246
Brixton Windrush,2026-03-01,10.171856381699246
"Brizes, Stondon Massey & South Weald",2025-04-01,0.018742621388590817
"Brizes, Stondon Massey & South Weald",2025-05-01,0.018742621388590817
"Brizes, Stondon Massey & South Weald",2025-06-01,0.018742621388590817
"Brizes, Stondon Massey & South Weald",2025-07-01,0.018742621388590817
"Brizes, Stondon Massey & South Weald",2025-08-01,0.018742621388590817
"Brizes, Stondon Massey & South Weald",2025-09-01,0.018742621388590817
"Brizes, Stondon Massey & South Weald",2025-10-01,0.018742621388590817
"Brizes, Stondon Massey & South Weald",2025-11-01,0.018742621388590817
"Brizes, Stondon Massey & South Weald",2025-12-01,0.018742621388590817
"Brizes, Stondon Massey & South Weald",2026-01-01,0.018742621388590817
"Brizes, Stondon Massey & South Weald",2026-02-01,0.018742621388590817
"Brizes, Stondon Massey & South Weald",2026-03-01,0.018742621388590817
Broad Green,2025-04-01,9.672346365756885
Broad Green,2025-05-01,9.62242277313652
Broad Green,2025-06-01,9.572499180516155
Broad Green,2025-07-01,9.52257558789579
Broad Green,2025-08-01,9.472651995275426
Broad Green,2025-09-01,9.42272840265506
Broad Green,2025-10-01,9.372804810034696
Broad Green,2025-11-01,9.32288121741433
Broad Green,2025-12-01,9.272957624793966
Broad Green,2026-01-01,9.2230340321736
Broad Green,2026-02-01,9.173110439553236
Broad Green,2026-03-01,9.123186846932871
Broad Oak & the Hallingburys,2025-04-01,0.0
Broad Oak & the Hallingburys,2025-05-01,0.0
Broad Oak & the Hallingburys,2025-06-01,0.0
Broad Oak & the Hallingburys,2025-07-01,0.0
Broad Oak & the Hallingburys,2025-08-01,0.0
Broad Oak & the Hallingburys,2025-09-01,0.0
Broad Oak & the Hallingburys,2025-10-01,0.0
Broad Oak & the Hallingburys,2025-11-01,0.0
Broad Oak & the Hallingburys,2025-12-01,0.0
Broad Oak & the Hallingburys,2026-01-01,0.0
Broad Oak & the Hallingburys,2026-02-01,0.0
Broad Oak & the Hallingburys,2026-03-01,0.0
Broadfield,2025-04-01,0.0
Broadfield,2025-05-01,0.0
Broadfield,2025-06-01,0.0
Broadfield,2025-07-01,0.0
Broadfield,2025-08-01,0.0
Broadfield,2025-09-01,0.0
Broadfield,2025-10-01,0.0
Broadfield,2025-11-01,0.0
Broadfield,2025-12-01,0.0
Broadfield,2026-01-01,0.0
Broadfield,2026-02-01,0.0
Broadfield,2026-03-01,0.0
Brockley,2025-04-01,10.105417986263133
Brockley,2025-05-01,10.8897550273086
Brockley,2025-06-01,8.483910653165438
Brockley,2025-07-01,11.303374984071755
Brockley,2025-08-01,11.775209874254232
Brockley,2025-09-01,10.211110158744548
Brockley,2025-10-01,9.768382735271732
Brockley,2025-11-01,11.483939254166977
Brockley,2025-12-01,12.8965821662911
Brockley,2026-01-01,13.199495773062221
Brockley,2026-02-01,10.144113997064666
Brockley,2026-03-01,10.289749307108295
Bromley Common & Holwood,2025-04-01,4.706447907514893
Bromley Common & Holwood,2025-05-01,4.69936837521155
Bromley Common & Holwood,2025-06-01,5.336430644546857
Bromley Common & Holwood,2025-07-01,5.349852910441287
Bromley Common & Holwood,2025-08-01,5.1578474238122105
Bromley Common & Holwood,2025-09-01,4.767628997773791
Bromley Common & Holwood,2025-10-01,5.74581933888117
Bromley Common & Holwood,2025-11-01,4.963539129464327
Bromley Common & Holwood,2025-12-01,5.745905545649875
Bromley Common & Holwood,2026-01-01,5.550323326371864
Bromley Common & Holwood,2026-02-01,4.963563425655664
Bromley Common & Holwood,2026-03-01,5.159150835191484
Bromley North,2025-04-01,5.952601359493909
Bromley North,2025-05-01,6.476534601444347
Bromley North,2025-06-01,6.569505513734296
Bromley North,2025-07-01,6.58600301730908
Bromley North,2025-08-01,6.5889304665240696
Bromley North,2025-09-01,6.589449936567976
Bromley North,2025-10-01,6.589542115494645
Bromley North,2025-11-01,6.589558472461945
Bromley North,2025-12-01,6.589561374973279
Bromley North,2026-01-01,6.589561890018144
Bromley North,2026-02-01,6.5895619814118325
Bromley North,2026-03-01,6.589561997629461
Bromley South,2025-04-01,5.515567161685818
Bromley South,2025-05-01,6.17157522557305
Bromley South,2025-06-01,6.293986933298386
Bromley South,2025-07-01,6.316829070481031
Bromley South,2025-08-01,6.321091434275853
Bromley South,2025-09-01,6.32188679527794
Bromley South,2025-10-01,6.322035210372027
Bromley South,2025-11-01,6.322062904765007
Bromley South,2025-12-01,6.322068072564194
Bromley South,2026-01-01,6.322069036880272
Bromley South,2026-02-01,6.3220692168225385
Bromley South,2026-03-01,6.322069250399931
Bromley Town,2025-04-01,7.964915239075772
Bromley Town,2025-05-01,8.217721502484668
Bromley Town,2025-06-01,8.438555967084113
Bromley Town,2025-07-01,8.631462029209814
Bromley Town,2025-08-01,8.799971726608465
Bromley Town,2025-09-01,8.947170408725988
Bromley Town,2025-10-01,9.07575322830032
Bromley Town,2025-11-01,9.188074488598591
Bromley Town,2025-12-01,9.286190749828183
Bromley Town,2026-01-01,9.371898483983845
Bromley Town,2026-02-01,9.446766967577084
Bromley Town,2026-03-01,9.51216701450133
Brompton & Hans Town,2025-04-01,11.544072955404033
Brompton & Hans Town,2025-05-01,11.827752940848335
Brompton & Hans Town,2025-06-01,11.975663865922561
Brompton & Hans Town,2025-07-01,12.052784716454362
Brompton & Hans Town,2025-08-01,12.092995577036593
Brompton & Hans Town,2025-09-01,12.113961545352733
Brompton & Hans Town,2025-10-01,12.124893214585091
Brompton & Hans Town,2025-11-01,12.130592993884752
Brompton & Hans Town,2025-12-01,12.133564862441538
Brompton & Hans Town,2026-01-01,12.135114396599704
Brompton & Hans Town,2026-02-01,12.135922324696601
Brompton & Hans Town,2026-03-01,12.136343578920858
Brondesbury Park,2025-04-01,9.294554416436306
Brondesbury Park,2025-05-01,7.922906030160773
Brondesbury Park,2025-06-01,8.88823023587407
Brondesbury Park,2025-07-01,9.07538589671941
Brondesbury Park,2025-08-01,8.503225323483836
Brondesbury Park,2025-09-01,8.378113087697729
Brondesbury Park,2025-10-01,8.25409837572897
Brondesbury Park,2025-11-01,8.563115047714582
Brondesbury Park,2025-12-01,7.673048917835572
Brondesbury Park,2026-01-01,8.688188531663371
Brondesbury Park,2026-02-01,8.059166871837128
Brondesbury Park,2026-03-01,9.360348580922604
Brook Green,2025-04-01,4.882945215121898
Brook Green,2025-05-01,5.329188269908793
Brook Green,2025-06-01,5.591032558973385
Brook Green,2025-07-01,4.388268462174926
Brook Green,2025-08-01,5.247703954240747
Brook Green,2025-09-01,5.145502476848384
Brook Green,2025-10-01,5.12583430024677
Brook Green,2025-11-01,5.01567989449034
Brook Green,2025-12-01,4.664877259569356
Brook Green,2026-01-01,5.762348087420194
Brook Green,2026-02-01,4.7484399368157435
Brook Green,2026-03-01,5.200791975446074
Brooklands,2025-04-01,2.1937387643887343
Brooklands,2025-05-01,2.1937387643887343
Brooklands,2025-06-01,2.1937387643887343
Brooklands,2025-07-01,2.1937387643887343
Brooklands,2025-08-01,2.1937387643887343
Brooklands,2025-09-01,2.1937387643887343
Brooklands,2025-10-01,2.1937387643887343
Brooklands,2025-11-01,2.1937387643887343
Brooklands,2025-12-01,2.1937387643887343
Brooklands,2026-01-01,2.1937387643887343
Brooklands,2026-02-01,2.1937387643887343
Brooklands,2026-03-01,2.1937387643887343
Brownswood,2025-04-01,3.9588976276222554
Brownswood,2025-05-01,4.938469834866872
Brownswood,2025-06-01,4.938469834866872
Brownswood,2025-07-01,4.938469834866872
Brownswood,2025-08-01,4.938469834866872
Brownswood,2025-09-01,4.938469834866872
Brownswood,2025-10-01,4.938469834866872
Brownswood,2025-11-01,4.938469834866872
Brownswood,2025-12-01,4.938469834866872
Brownswood,2026-01-01,4.938469834866872
Brownswood,2026-02-01,4.938469834866872
Brownswood,2026-03-01,4.938469834866872
Broxbourne and Hoddesdon South,2025-04-01,0.0
Broxbourne and Hoddesdon South,2025-05-01,0.0
Broxbourne and Hoddesdon South,2025-06-01,0.0
Broxbourne and Hoddesdon South,2025-07-01,0.0
Broxbourne and Hoddesdon South,2025-08-01,0.0
Broxbourne and Hoddesdon South,2025-09-01,0.0
Broxbourne and Hoddesdon South,2025-10-01,0.0
Broxbourne and Hoddesdon South,2025-11-01,0.0
Broxbourne and Hoddesdon South,2025-12-01,0.0
Broxbourne and Hoddesdon South,2026-01-01,0.0
Broxbourne and Hoddesdon South,2026-02-01,0.0
Broxbourne and Hoddesdon South,2026-03-01,0.0
Bruce Castle,2025-04-01,4.082701454248514
Bruce Castle,2025-05-01,4.90246829524248
Bruce Castle,2025-06-01,5.059645435532062
Bruce Castle,2025-07-01,6.056790353057797
Bruce Castle,2025-08-01,5.978852267624122
Bruce Castle,2025-09-01,6.049377659817864
Bruce Castle,2025-10-01,5.985559939426029
Bruce Castle,2025-11-01,6.043307954847513
Bruce Castle,2025-12-01,5.9910523546060075
Bruce Castle,2026-01-01,6.038337923411619
Bruce Castle,2026-02-01,5.995549686228684
Bruce Castle,2026-03-01,6.034268333111194
Brunswick Park,2025-04-01,4.448836594030216
Brunswick Park,2025-05-01,6.394987165618494
Brunswick Park,2025-06-01,7.115048043598485
Brunswick Park,2025-07-01,5.115948203952621
Brunswick Park,2025-08-01,5.9771177542571605
Brunswick Park,2025-09-01,5.128758671778394
Brunswick Park,2025-10-01,6.700401985346091
Brunswick Park,2025-11-01,6.9237529483337035
Brunswick Park,2025-12-01,6.7117454399604
Brunswick Park,2026-01-01,8.485927878431724
Brunswick Park,2026-02-01,8.338819929302202
Brunswick Park,2026-03-01,7.745862878366982
Buckhurst Hill East & Whitebridge,2025-04-01,0.024994982366883023
Buckhurst Hill East & Whitebridge,2025-05-01,0.024994982366883023
Buckhurst Hill East & Whitebridge,2025-06-01,0.024994982366883023
Buckhurst Hill East & Whitebridge,2025-07-01,0.024994982366883023
Buckhurst Hill East & Whitebridge,2025-08-01,0.024994982366883023
Buckhurst Hill East & Whitebridge,2025-09-01,0.024994982366883023
Buckhurst Hill East & Whitebridge,2025-10-01,0.024994982366883023
Buckhurst Hill East & Whitebridge,2025-11-01,0.024994982366883023
Buckhurst Hill East & Whitebridge,2025-12-01,0.024994982366883023
Buckhurst Hill East & Whitebridge,2026-01-01,0.024994982366883023
Buckhurst Hill East & Whitebridge,2026-02-01,0.024994982366883023
Buckhurst Hill East & Whitebridge,2026-03-01,0.024994982366883023
Buckhurst Hill West,2025-04-01,0.02499498236700499
Buckhurst Hill West,2025-05-01,0.02499498236700499
Buckhurst Hill West,2025-06-01,0.02499498236700499
Buckhurst Hill West,2025-07-01,0.02499498236700499
Buckhurst Hill West,2025-08-01,0.02499498236700499
Buckhurst Hill West,2025-09-01,0.02499498236700499
Buckhurst Hill West,2025-10-01,0.02499498236700499
Buckhurst Hill West,2025-11-01,0.02499498236700499
Buckhurst Hill West,2025-12-01,0.02499498236700499
Buckhurst Hill West,2026-01-01,0.02499498236700499
Buckhurst Hill West,2026-02-01,0.02499498236700499
Buckhurst Hill West,2026-03-01,0.02499498236700499
Bullsmoor,2025-04-01,6.853325094371918
Bullsmoor,2025-05-01,6.492812741854284
Bullsmoor,2025-06-01,7.063601404880724
Bullsmoor,2025-07-01,7.989397360294497
Bullsmoor,2025-08-01,7.810771245908381
Bullsmoor,2025-09-01,8.10166368086949
Bullsmoor,2025-10-01,8.34147436503779
Bullsmoor,2025-11-01,8.263500091585254
Bullsmoor,2025-12-01,8.38329770574692
Bullsmoor,2026-01-01,8.432965821364492
Bullsmoor,2026-02-01,8.406263581700532
Bullsmoor,2026-03-01,8.451086084471964
Bunhill,2025-04-01,15.079572692049336
Bunhill,2025-05-01,14.975967046387021
Bunhill,2025-06-01,14.975967046387021
Bunhill,2025-07-01,14.975967046387021
Bunhill,2025-08-01,14.975967046387021
Bunhill,2025-09-01,14.975967046387021
Bunhill,2025-10-01,14.975967046387021
Bunhill,2025-11-01,14.975967046387021
Bunhill,2025-12-01,14.975967046387021
Bunhill,2026-01-01,14.975967046387021
Bunhill,2026-02-01,14.975967046387021
Bunhill,2026-03-01,14.975967046387021
Burnham,2025-04-01,0.0
Burnham,2025-05-01,0.0
Burnham,2025-06-01,0.0
Burnham,2025-07-01,0.0
Burnham,2025-08-01,0.0
Burnham,2025-09-01,0.0
Burnham,2025-10-01,0.0
Burnham,2025-11-01,0.0
Burnham,2025-12-01,0.0
Burnham,2026-01-01,0.0
Burnham,2026-02-01,0.0
Burnham,2026-03-01,0.0
Burnt Oak,2025-04-01,11.267507389528959
Burnt Oak,2025-05-01,12.080523772706393
Burnt Oak,2025-06-01,12.080523772706393
Burnt Oak,2025-07-01,12.080523772706393
Burnt Oak,2025-08-01,12.080523772706393
Burnt Oak,2025-09-01,12.080523772706393
Burnt Oak,2025-10-01,12.080523772706393
Burnt Oak,2025-11-01,12.080523772706393
Burnt Oak,2025-12-01,12.080523772706393
Burnt Oak,2026-01-01,12.080523772706393
Burnt Oak,2026-02-01,12.080523772706393
Burnt Oak,2026-03-01,12.080523772706393
Burrsville,2025-04-01,0.0
Burrsville,2025-05-01,0.0
Burrsville,2025-06-01,0.0
Burrsville,2025-07-01,0.0
Burrsville,2025-08-01,0.0
Burrsville,2025-09-01,0.0
Burrsville,2025-10-01,0.0
Burrsville,2025-11-01,0.0
Burrsville,2025-12-01,0.0
Burrsville,2026-01-01,0.0
Burrsville,2026-02-01,0.0
Burrsville,2026-03-01,0.0
Bush Fair,2025-04-01,0.0
Bush Fair,2025-05-01,0.0
Bush Fair,2025-06-01,0.0
Bush Fair,2025-07-01,0.0
Bush Fair,2025-08-01,0.0
Bush Fair,2025-09-01,0.0
Bush Fair,2025-10-01,0.0
Bush Fair,2025-11-01,0.0
Bush Fair,2025-12-01,0.0
Bush Fair,2026-01-01,0.0
Bush Fair,2026-02-01,0.0
Bush Fair,2026-03-01,0.0
Bush Hill Park,2025-04-01,5.981635261813196
Bush Hill Park,2025-05-01,5.673460043065504
Bush Hill Park,2025-06-01,5.709335882033141
Bush Hill Park,2025-07-01,5.707708967533311
Bush Hill Park,2025-08-01,6.097994440193023
Bush Hill Park,2025-09-01,5.7450526432961615
Bush Hill Park,2025-10-01,5.827648420208023
Bush Hill Park,2025-11-01,5.915827955654212
Bush Hill Park,2025-12-01,6.346577332300974
Bush Hill Park,2026-01-01,6.60965784757882
Bush Hill Park,2026-02-01,6.009182412570144
Bush Hill Park,2026-03-01,6.1005341047546064
Bushey Heath,2025-04-01,0.049410500179290634
Bushey Heath,2025-05-01,0.059690413814948794
Bushey Heath,2025-06-01,0.061829162137129974
Bushey Heath,2025-07-01,0.06227413128256773
Bushey Heath,2025-08-01,0.06236670764526463
Bushey Heath,2025-09-01,0.06238596826820457
Bushey Heath,2025-10-01,0.06238997546383451
Bushey Heath,2025-11-01,0.06239080916567617
Bushey Heath,2025-12-01,0.06239098261834107
Bushey Heath,2026-01-01,0.062391018705375376
Bushey Heath,2026-02-01,0.06239102621332601
Bushey Heath,2026-03-01,0.062391027775364115
Bushey North,2025-04-01,0.018742621387872496
Bushey North,2025-05-01,0.018742621387872496
Bushey North,2025-06-01,0.018742621387872496
Bushey North,2025-07-01,0.018742621387872496
Bushey North,2025-08-01,0.018742621387872496
Bushey North,2025-09-01,0.018742621387872496
Bushey North,2025-10-01,0.018742621387872496
Bushey North,2025-11-01,0.018742621387872496
Bushey North,2025-12-01,0.018742621387872496
Bushey North,2026-01-01,0.018742621387872496
Bushey North,2026-02-01,0.018742621387872496
Bushey North,2026-03-01,0.018742621387872496
Caledonian,2025-04-01,7.888535741494127
Caledonian,2025-05-01,7.9224088813944045
Caledonian,2025-06-01,7.953848793881706
Caledonian,2025-07-01,7.98303026628489
Caledonian,2025-08-01,8.010115530340945
Caledonian,2025-09-01,8.035255164107546
Caledonian,2025-10-01,8.05858892908805
Caledonian,2025-11-01,8.080246547222831
Caledonian,2025-12-01,8.100348422066602
Caledonian,2026-01-01,8.119006308160994
Caledonian,2026-02-01,8.136323932323759
Caledonian,2026-03-01,8.152397570308551
Camberwell Green,2025-04-01,12.607529139628245
Camberwell Green,2025-05-01,11.345808680013986
Camberwell Green,2025-06-01,10.983384302297232
Camberwell Green,2025-07-01,10.87927928556196
Camberwell Green,2025-08-01,10.849375517560125
Camberwell Green,2025-09-01,10.84078577454148
Camberwell Green,2025-10-01,10.83831840370307
Camberwell Green,2025-11-01,10.837609660863961
Camberwell Green,2025-12-01,10.837406077193373
Camberwell Green,2026-01-01,10.837347598562419
Camberwell Green,2026-02-01,10.837330800799275
Camberwell Green,2026-03-01,10.83732597570604
Camden Square,2025-04-01,4.887247041157781
Camden Square,2025-05-01,4.472832092054292
Camden Square,2025-06-01,5.010640564556646
Camden Square,2025-07-01,4.877158961212673
Camden Square,2025-08-01,4.993940859598858
Camden Square,2025-09-01,4.356398414897127
Camden Square,2025-10-01,4.393283369586865
Camden Square,2025-11-01,3.657944154999349
Camden Square,2025-12-01,4.021947594838464
Camden Square,2026-01-01,3.834521647947216
Camden Square,2026-02-01,3.991991440431094
Camden Square,2026-03-01,3.4465969813829345
Camden Town,2025-04-01,7.353117552924571
Camden Town,2025-05-01,7.353117552924571
Camden Town,2025-06-01,7.353117552924571
Camden Town,2025-07-01,7.353117552924571
Camden Town,2025-08-01,7.353117552924571
Camden Town,2025-09-01,7.353117552924571
Camden Town,2025-10-01,7.353117552924571
Camden Town,2025-11-01,7.353117552924571
Camden Town,2025-12-01,7.353117552924571
Camden Town,2026-01-01,7.353117552924571
Camden Town,2026-02-01,7.353117552924571
Camden Town,2026-03-01,7.353117552924571
Campden,2025-04-01,7.471899430863166
Campden,2025-05-01,7.638197016893226
Campden,2025-06-01,7.865486289444874
Campden,2025-07-01,7.778082665547053
Campden,2025-08-01,7.779837909069895
Campden,2025-09-01,7.875628342439587
Campden,2025-10-01,7.971118209282074
Campden,2025-11-01,7.7803259169462935
Campden,2025-12-01,7.6849245714910035
Campden,2026-01-01,7.780330872246648
Campden,2026-02-01,7.684925658468271
Campden,2026-03-01,7.780331110682161
Canary Wharf,2025-04-01,13.894534610892663
Canary Wharf,2025-05-01,13.894534610892663
Canary Wharf,2025-06-01,13.894534610892663
Canary Wharf,2025-07-01,13.894534610892663
Canary Wharf,2025-08-01,13.894534610892663
Canary Wharf,2025-09-01,13.894534610892663
Canary Wharf,2025-10-01,13.894534610892663
Canary Wharf,2025-11-01,13.894534610892663
Canary Wharf,2025-12-01,13.894534610892663
Canary Wharf,2026-01-01,13.894534610892663
Canary Wharf,2026-02-01,13.894534610892663
Canary Wharf,2026-03-01,13.894534610892663
Canbury,2025-04-01,0.6499360336123408
Canbury,2025-05-01,0.8506936959756614
Canbury,2025-06-01,0.916981471121977
Canbury,2025-07-01,0.9352302841118513
Canbury,2025-08-01,0.9421728553355676
Canbury,2025-09-01,0.9511198911097987
Canbury,2025-10-01,0.9546329155904623
Canbury,2025-11-01,0.9513715131236212
Canbury,2025-12-01,0.9445603447118434
Canbury,2026-01-01,0.9456029620891716
Canbury,2026-02-01,0.9449976448226326
Canbury,2026-03-01,0.9438898832083147
Canbury Gardens,2025-04-01,2.977749619458356
Canbury Gardens,2025-05-01,2.977749619458356
Canbury Gardens,2025-06-01,2.977749619458356
Canbury Gardens,2025-07-01,2.977749619458356
Canbury Gardens,2025-08-01,2.977749619458356
Canbury Gardens,2025-09-01,2.977749619458356
Canbury Gardens,2025-10-01,2.977749619458356
Canbury Gardens,2025-11-01,2.977749619458356
Canbury Gardens,2025-12-01,2.977749619458356
Canbury Gardens,2026-01-01,2.977749619458356
Canbury Gardens,2026-02-01,2.977749619458356
Canbury Gardens,2026-03-01,2.977749619458356
Cann Hall,2025-04-01,4.860560560683923
Cann Hall,2025-05-01,6.947972962551768
Cann Hall,2025-06-01,6.152306642606802
Cann Hall,2025-07-01,6.44058175785709
Cann Hall,2025-08-01,5.773246593525531
Cann Hall,2025-09-01,6.1222772773114436
Cann Hall,2025-10-01,5.420215402484397
Cann Hall,2025-11-01,4.96290030910813
Cann Hall,2025-12-01,5.31705808367272
Cann Hall,2026-01-01,5.546909611799428
Cann Hall,2026-02-01,6.579347624454905
Cann Hall,2026-03-01,5.68539646827538
Canning Town North,2025-04-01,7.302194693621694
Canning Town North,2025-05-01,7.302194693621694
Canning Town North,2025-06-01,7.302194693621694
Canning Town North,2025-07-01,7.302194693621694
Canning Town North,2025-08-01,7.302194693621694
Canning Town North,2025-09-01,7.302194693621694
Canning Town North,2025-10-01,7.302194693621694
Canning Town North,2025-11-01,7.302194693621694
Canning Town North,2025-12-01,7.302194693621694
Canning Town North,2026-01-01,7.302194693621694
Canning Town North,2026-02-01,7.302194693621694
Canning Town North,2026-03-01,7.302194693621694
Canning Town South,2025-04-01,7.05666141506955
Canning Town South,2025-05-01,5.669399208511794
Canning Town South,2025-06-01,5.669399208511794
Canning Town South,2025-07-01,5.669399208511794
Canning Town South,2025-08-01,5.669399208511794
Canning Town South,2025-09-01,5.669399208511794
Canning Town South,2025-10-01,5.669399208511794
Canning Town South,2025-11-01,5.669399208511794
Canning Town South,2025-12-01,5.669399208511794
Canning Town South,2026-01-01,5.669399208511794
Canning Town South,2026-02-01,5.669399208511794
Canning Town South,2026-03-01,5.669399208511794
Cannon Hill,2025-04-01,0.6412976350994954
Cannon Hill,2025-05-01,1.4223643422553707
Cannon Hill,2025-06-01,1.369724838212063
Cannon Hill,2025-07-01,1.6463750694190944
Cannon Hill,2025-08-01,1.2590195055157196
Cannon Hill,2025-09-01,1.3648835271485211
Cannon Hill,2025-10-01,1.4035363348199794
Cannon Hill,2025-11-01,2.017729424566168
Cannon Hill,2025-12-01,1.6248108495828382
Cannon Hill,2026-01-01,1.558740537433308
Cannon Hill,2026-02-01,1.5255817100653881
Cannon Hill,2026-03-01,1.3964665819183981
Canonbury,2025-04-01,6.515141830766944
Canonbury,2025-05-01,6.8310378497058
Canonbury,2025-06-01,7.113979213266269
Canonbury,2025-07-01,7.3674037910193455
Canonbury,2025-08-01,7.594390809817675
Canonbury,2025-09-01,7.797698267838399
Canonbury,2025-10-01,7.979796445547725
Canonbury,2025-11-01,8.142897920761081
Canonbury,2025-12-01,8.288984452495827
Canonbury,2026-01-01,8.419831060267889
Canonbury,2026-02-01,8.537027591407
Canonbury,2026-03-01,8.641998038443484
Canons,2025-04-01,2.117032196528488
Canons,2025-05-01,2.286854161412149
Canons,2025-06-01,2.286854161412149
Canons,2025-07-01,2.7963200560631307
Canons,2025-08-01,2.4566761262958092
Canons,2025-09-01,2.4566761262958092
Canons,2025-10-01,2.7963200560631307
Canons,2025-11-01,2.2868541614121485
Canons,2025-12-01,2.7963200560631307
Canons,2026-01-01,2.4566761262958092
Canons,2026-02-01,2.7963200560631307
Canons,2026-03-01,2.4566761262958092
Cantelowes,2025-04-01,0.06911063978548788
Cantelowes,2025-05-01,0.06911063978548788
Cantelowes,2025-06-01,0.06911063978548788
Cantelowes,2025-07-01,0.06911063978548788
Cantelowes,2025-08-01,0.0691106397854879
Cantelowes,2025-09-01,0.06911063978548788
Cantelowes,2025-10-01,0.06911063978548788
Cantelowes,2025-11-01,0.06911063978548788
Cantelowes,2025-12-01,0.06911063978548788
Cantelowes,2026-01-01,0.06911063978548788
Cantelowes,2026-02-01,0.06911063978548788
Cantelowes,2026-03-01,0.06911063978548788
Canvey Island East,2025-04-01,0.0
Canvey Island East,2025-05-01,0.0
Canvey Island East,2025-06-01,0.0
Canvey Island East,2025-07-01,0.0
Canvey Island East,2025-08-01,0.0
Canvey Island East,2025-09-01,0.0
Canvey Island East,2025-10-01,0.0
Canvey Island East,2025-11-01,0.0
Canvey Island East,2025-12-01,0.0
Canvey Island East,2026-01-01,0.0
Canvey Island East,2026-02-01,0.0
Canvey Island East,2026-03-01,0.0
Carshalton Central,2025-04-01,6.248897075154778
Carshalton Central,2025-05-01,6.135642758714965
Carshalton Central,2025-06-01,5.330518372099289
Carshalton Central,2025-07-01,5.148200179194425
Carshalton Central,2025-08-01,4.944248486713319
Carshalton Central,2025-09-01,4.866003970342172
Carshalton Central,2025-10-01,4.808020726365409
Carshalton Central,2025-11-01,4.780264152037053
Carshalton Central,2025-12-01,4.76269325823735
Carshalton Central,2026-01-01,4.753437765235612
Carshalton Central,2026-02-01,4.747946780891974
Carshalton Central,2026-03-01,4.7449330593589725
Carshalton South & Clockhouse,2025-04-01,2.964241334791062
Carshalton South & Clockhouse,2025-05-01,3.3254632763994927
Carshalton South & Clockhouse,2025-06-01,3.3254632763994927
Carshalton South & Clockhouse,2025-07-01,3.3254632763994927
Carshalton South & Clockhouse,2025-08-01,3.3254632763994927
Carshalton South & Clockhouse,2025-09-01,3.3254632763994927
Carshalton South & Clockhouse,2025-10-01,3.3254632763994927
Carshalton South & Clockhouse,2025-11-01,3.3254632763994927
Carshalton South & Clockhouse,2025-12-01,3.3254632763994927
Carshalton South & Clockhouse,2026-01-01,3.3254632763994927
Carshalton South & Clockhouse,2026-02-01,3.3254632763994927
Carshalton South & Clockhouse,2026-03-01,3.3254632763994927
Carterhatch,2025-04-01,6.5996245117740955
Carterhatch,2025-05-01,6.4974123092415335
Carterhatch,2025-06-01,6.471318468200338
Carterhatch,2025-07-01,6.46465694909193
Carterhatch,2025-08-01,6.462956324152826
Carterhatch,2025-09-01,6.462522170150347
Carterhatch,2025-10-01,6.462411334601876
Carterhatch,2025-11-01,6.462383039299438
Carterhatch,2025-12-01,6.462375815767357
Carterhatch,2026-01-01,6.462373971665643
Carterhatch,2026-02-01,6.462373500883332
Carterhatch,2026-03-01,6.462373380696911
Castle,2025-04-01,0.0
Castle,2025-05-01,0.0
Castle,2025-06-01,0.0
Castle,2025-07-01,0.0
Castle,2025-08-01,0.0
Castle,2025-09-01,0.0
Castle,2025-10-01,0.0
Castle,2025-11-01,0.0
Castle,2025-12-01,0.0
Castle,2026-01-01,0.0
Castle,2026-02-01,0.0
Castle,2026-03-01,0.0
Catford South,2025-04-01,6.538295303857371
Catford South,2025-05-01,6.538295303857371
Catford South,2025-06-01,6.538295303857371
Catford South,2025-07-01,6.538295303857371
Catford South,2025-08-01,6.538295303857371
Catford South,2025-09-01,6.538295303857371
Catford South,2025-10-01,6.538295303857371
Catford South,2025-11-01,6.538295303857371
Catford South,2025-12-01,6.538295303857371
Catford South,2026-01-01,6.538295303857371
Catford South,2026-02-01,6.538295303857371
Catford South,2026-03-01,6.538295303857371
Cathall,2025-04-01,2.8195589550893327
Cathall,2025-05-01,2.8195589550893327
Cathall,2025-06-01,2.8195589550893327
Cathall,2025-07-01,2.8195589550893327
Cathall,2025-08-01,2.8195589550893327
Cathall,2025-09-01,2.8195589550893327
Cathall,2025-10-01,2.8195589550893327
Cathall,2025-11-01,2.8195589550893327
Cathall,2025-12-01,2.8195589550893327
Cathall,2026-01-01,2.8195589550893327
Cathall,2026-02-01,2.8195589550893327
Cathall,2026-03-01,2.8195589550893327
Cazenove,2025-04-01,5.222257840353855
Cazenove,2025-05-01,5.596387562583357
Cazenove,2025-06-01,5.5741822271949735
Cazenove,2025-07-01,5.620633834051944
Cazenove,2025-08-01,5.628109718880058
Cazenove,2025-09-01,5.636197145589294
Cazenove,2025-10-01,5.6390595561453
Cazenove,2025-11-01,5.640821488829603
Cazenove,2025-12-01,5.641614873259617
Cazenove,2026-01-01,5.642037221819254
Cazenove,2026-02-01,5.642242160366161
Cazenove,2026-03-01,5.642346746563671
Centenary,2025-04-01,3.949078526416647
Centenary,2025-05-01,3.6112948000773053
Centenary,2025-06-01,3.9149687699259568
Centenary,2025-07-01,3.918054869915263
Centenary,2025-08-01,3.97803113344506
Centenary,2025-09-01,3.9922649024996235
Centenary,2025-10-01,4.007206860674606
Centenary,2025-11-01,4.013381187852063
Centenary,2025-12-01,4.017701043842191
Centenary,2026-01-01,4.019888041148368
Centenary,2026-02-01,4.021228304313214
Centenary,2026-03-01,4.0219598041781435
Central,2025-04-01,0.028120065783495185
Central,2025-05-01,0.028120065783495185
Central,2025-06-01,0.028120065783495185
Central,2025-07-01,0.028120065783495185
Central,2025-08-01,0.028120065783495185
Central,2025-09-01,0.028120065783495185
Central,2025-10-01,0.028120065783495185
Central,2025-11-01,0.028120065783495185
Central,2025-12-01,0.028120065783495185
Central,2026-01-01,0.028120065783495185
Central,2026-02-01,0.028120065783495185
Central,2026-03-01,0.028120065783495185
Central Greenford,2025-04-01,5.50371883528404
Central Greenford,2025-05-01,5.721083727225775
Central Greenford,2025-06-01,5.718397051747816
Central Greenford,2025-07-01,5.678067010247246
Central Greenford,2025-08-01,5.631297464488069
Central Greenford,2025-09-01,5.583426337773786
Central Greenford,2025-10-01,5.535366767888736
Central Greenford,2025-11-01,5.487274961763179
Central Greenford,2025-12-01,5.4391776411093
Central Greenford,2026-01-01,5.391079377106503
Central Greenford,2026-02-01,5.342980951728674
Central Greenford,2026-03-01,5.2948824987450465
Central Harbour,2025-04-01,0.0
Central Harbour,2025-05-01,0.0
Central Harbour,2025-06-01,0.0
Central Harbour,2025-07-01,0.0
Central Harbour,2025-08-01,0.0
Central Harbour,2025-09-01,0.0
Central Harbour,2025-10-01,0.0
Central Harbour,2025-11-01,0.0
Central Harbour,2025-12-01,0.0
Central Harbour,2026-01-01,0.0
Central Harbour,2026-02-01,0.0
Central Harbour,2026-03-01,0.0
Chadwell,2025-04-01,3.94257277424724
Chadwell,2025-05-01,4.57242054584819
Chadwell,2025-06-01,4.502650226530392
Chadwell,2025-07-01,4.785265945206977
Chadwell,2025-08-01,4.047682160333402
Chadwell,2025-09-01,4.576190000372743
Chadwell,2025-10-01,4.719684772829143
Chadwell,2025-11-01,4.730422741988266
Chadwell,2025-12-01,5.0118970325701975
Chadwell,2026-01-01,4.520942533574584
Chadwell,2026-02-01,4.275807208969858
Chadwell,2026-03-01,4.5230801010189365
Chadwell Heath,2025-04-01,3.7950912031395014
Chadwell Heath,2025-05-01,3.7370407616892294
Chadwell Heath,2025-06-01,3.6985642257006877
Chadwell Heath,2025-07-01,3.6626965829818174
Chadwell Heath,2025-08-01,3.6271766646404786
Chadwell Heath,2025-09-01,3.5917030924813065
Chadwell Heath,2025-10-01,3.5562356975381717
Chadwell Heath,2025-11-01,3.520769125920631
Chadwell Heath,2025-12-01,3.485302664039423
Chadwell Heath,2026-01-01,3.4498362167843393
Chadwell Heath,2026-02-01,3.414369771478688
Chadwell Heath,2026-03-01,3.378903326432865
Chalfont St Giles,2025-04-01,0.0
Chalfont St Giles,2025-05-01,0.0
Chalfont St Giles,2025-06-01,0.0
Chalfont St Giles,2025-07-01,0.0
Chalfont St Giles,2025-08-01,0.0
Chalfont St Giles,2025-09-01,0.0
Chalfont St Giles,2025-10-01,0.0
Chalfont St Giles,2025-11-01,0.0
Chalfont St Giles,2025-12-01,0.0
Chalfont St Giles,2026-01-01,0.0
Chalfont St Giles,2026-02-01,0.0
Chalfont St Giles,2026-03-01,0.0
Chalkwell,2025-04-01,0.0
Chalkwell,2025-05-01,0.0
Chalkwell,2025-06-01,0.0
Chalkwell,2025-07-01,0.0
Chalkwell,2025-08-01,0.0
Chalkwell,2025-09-01,0.0
Chalkwell,2025-10-01,0.0
Chalkwell,2025-11-01,0.0
Chalkwell,2025-12-01,0.0
Chalkwell,2026-01-01,0.0
Chalkwell,2026-02-01,0.0
Chalkwell,2026-03-01,0.0
Chalvey,2025-04-01,0.0
Chalvey,2025-05-01,0.0
Chalvey,2025-06-01,0.0
Chalvey,2025-07-01,0.0
Chalvey,2025-08-01,0.0
Chalvey,2025-09-01,0.0
Chalvey,2025-10-01,0.0
Chalvey,2025-11-01,0.0
Chalvey,2025-12-01,0.0
Chalvey,2026-01-01,0.0
Chalvey,2026-02-01,0.0
Chalvey,2026-03-01,0.0
Champion Hill,2025-04-01,3.3895801896632
Champion Hill,2025-05-01,3.429959020536432
Champion Hill,2025-06-01,3.467715354958887
Champion Hill,2025-07-01,3.5030195170208267
Champion Hill,2025-08-01,3.536030768721004
Champion Hill,2025-09-01,3.5668980284197485
Champion Hill,2025-10-01,3.5957605426304595
Champion Hill,2025-11-01,3.6227485141800493
Champion Hill,2025-12-01,3.6479836895720514
Champion Hill,2026-01-01,3.67157990820208
Champion Hill,2026-02-01,3.6936436159032193
Champion Hill,2026-03-01,3.7142743451380213
Chapel End,2025-04-01,5.960955361702318
Chapel End,2025-05-01,5.941194827751686
Chapel End,2025-06-01,5.921434293801054
Chapel End,2025-07-01,5.901673759850422
Chapel End,2025-08-01,5.88191322589979
Chapel End,2025-09-01,5.8621526919491584
Chapel End,2025-10-01,5.8423921579985265
Chapel End,2025-11-01,5.822631624047895
Chapel End,2025-12-01,5.802871090097263
Chapel End,2026-01-01,5.783110556146631
Chapel End,2026-02-01,5.763350022195999
Chapel End,2026-03-01,5.743589488245367
Charlton Hornfair,2025-04-01,2.658387127606788
Charlton Hornfair,2025-05-01,2.9155306154437914
Charlton Hornfair,2025-06-01,2.4051350116044814
Charlton Hornfair,2025-07-01,3.1655578127738737
Charlton Hornfair,2025-08-01,3.0312541241167943
Charlton Hornfair,2025-09-01,2.7345550131414975
Charlton Hornfair,2025-10-01,2.9945613124743033
Charlton Hornfair,2025-11-01,3.0787930638165952
Charlton Hornfair,2025-12-01,2.6855420931870793
Charlton Hornfair,2026-01-01,2.4843251953407983
Charlton Hornfair,2026-02-01,3.2270741164490273
Charlton Hornfair,2026-03-01,1.6243119937227968
Charlton Village & Riverside,2025-04-01,3.0325752793654486
Charlton Village & Riverside,2025-05-01,3.5641503852165917
Charlton Village & Riverside,2025-06-01,3.756684125668973
Charlton Village & Riverside,2025-07-01,4.124015764499953
Charlton Village & Riverside,2025-08-01,4.316405666755887
Charlton Village & Riverside,2025-09-01,4.44368892945237
Charlton Village & Riverside,2025-10-01,4.549283457466929
Charlton Village & Riverside,2025-11-01,4.6191629372851875
Charlton Village & Riverside,2025-12-01,4.668342235002015
Charlton Village & Riverside,2026-01-01,4.704235454316786
Charlton Village & Riverside,2026-02-01,4.729331941377803
Charlton Village & Riverside,2026-03-01,4.747124501134103
Charville,2025-04-01,3.5318994996333
Charville,2025-05-01,3.4218670804440983
Charville,2025-06-01,3.3792384193181966
Charville,2025-07-01,3.3492980340813814
Charville,2025-08-01,3.321746126129266
Charville,2025-09-01,3.2946438319615123
Charville,2025-10-01,3.267626174376398
Charville,2025-11-01,3.2406244490232794
Charville,2025-12-01,3.213625722799006
Charville,2026-01-01,3.1866275611393107
Charville,2026-02-01,3.1596295057548636
Charville,2026-03-01,3.132631470375973
Chaucer,2025-04-01,11.721311852159904
Chaucer,2025-05-01,12.786645702298625
Chaucer,2025-06-01,13.203700517736475
Chaucer,2025-07-01,13.366968322525793
Chaucer,2025-08-01,13.430884083941322
Chaucer,2025-09-01,13.455905701415741
Chaucer,2025-10-01,13.465701115366393
Chaucer,2025-11-01,13.46953580489287
Chaucer,2025-12-01,13.471037001660923
Chaucer,2026-01-01,13.471624687240382
Chaucer,2026-02-01,13.471854753243491
Chaucer,2026-03-01,13.471944819033151
Cheam,2025-04-01,4.318258024187131
Cheam,2025-05-01,4.753998684031435
Cheam,2025-06-01,4.533958790264076
Cheam,2025-07-01,4.342341209417264
Cheam,2025-08-01,6.37996979259106
Cheam,2025-09-01,4.974465782746394
Cheam,2025-10-01,4.882755017461529
Cheam,2025-11-01,5.046499236708761
Cheam,2025-12-01,6.106653736378028
Cheam,2026-01-01,5.581554008820734
Cheam,2026-02-01,4.854382822283164
Cheam,2026-03-01,5.012737569986355
Chelsea Riverside,2025-04-01,4.854259423337176
Chelsea Riverside,2025-05-01,4.771821804499504
Chelsea Riverside,2025-06-01,5.0376617948158895
Chelsea Riverside,2025-07-01,5.031993070682146
Chelsea Riverside,2025-08-01,5.137528810591213
Chelsea Riverside,2025-09-01,5.337889917314314
Chelsea Riverside,2025-10-01,5.018250020791905
Chelsea Riverside,2025-11-01,5.470055354254647
Chelsea Riverside,2025-12-01,5.784344879805815
Chelsea Riverside,2026-01-01,5.287415510213856
Chelsea Riverside,2026-02-01,4.930975641630997
Chelsea Riverside,2026-03-01,4.5743795708065464
Chelsfield,2025-04-01,4.683285147248618
Chelsfield,2025-05-01,4.153225200706662
Chelsfield,2025-06-01,3.964637603091113
Chelsfield,2025-07-01,3.9136077297411855
Chelsfield,2025-08-01,4.423065536937549
Chelsfield,2025-09-01,4.172934264732456
Chelsfield,2025-10-01,4.8735722728294
Chelsfield,2025-11-01,5.07563223068822
Chelsfield,2025-12-01,5.209569884430637
Chelsfield,2026-01-01,5.4599038144679435
Chelsfield,2026-02-01,4.200462332696353
Chelsfield,2026-03-01,4.215608970501539
Cheshunt North,2025-04-01,0.0
Cheshunt North,2025-05-01,0.0
Cheshunt North,2025-06-01,0.0
Cheshunt North,2025-07-01,0.0
Cheshunt North,2025-08-01,0.0
Cheshunt North,2025-09-01,0.0
Cheshunt North,2025-10-01,0.0
Cheshunt North,2025-11-01,0.0
Cheshunt North,2025-12-01,0.0
Cheshunt North,2026-01-01,0.0
Cheshunt North,2026-02-01,0.0
Cheshunt North,2026-03-01,0.0
Cheshunt South and Theobalds,2025-04-01,0.0
Cheshunt South and Theobalds,2025-05-01,0.0
Cheshunt South and Theobalds,2025-06-01,0.0
Cheshunt South and Theobalds,2025-07-01,0.0
Cheshunt South and Theobalds,2025-08-01,0.0
Cheshunt South and Theobalds,2025-09-01,0.0
Cheshunt South and Theobalds,2025-10-01,0.0
Cheshunt South and Theobalds,2025-11-01,0.0
Cheshunt South and Theobalds,2025-12-01,0.0
Cheshunt South and Theobalds,2026-01-01,0.0
Cheshunt South and Theobalds,2026-02-01,0.0
Cheshunt South and Theobalds,2026-03-01,0.0
Chessington South & Malden Rushett,2025-04-01,1.8845225945443984
Chessington South & Malden Rushett,2025-05-01,0.9177307887323332
Chessington South & Malden Rushett,2025-06-01,1.9290695399041973
Chessington South & Malden Rushett,2025-07-01,0.9648186754421337
Chessington South & Malden Rushett,2025-08-01,1.795560635182914
Chessington South & Malden Rushett,2025-09-01,1.2161102946785975
Chessington South & Malden Rushett,2025-10-01,1.5851905558411028
Chessington South & Malden Rushett,2025-11-01,1.3871742024266154
Chessington South & Malden Rushett,2025-12-01,1.4558997048250646
Chessington South & Malden Rushett,2026-01-01,1.4655503355295152
Chessington South & Malden Rushett,2026-02-01,1.4145039232890249
Chessington South & Malden Rushett,2026-03-01,1.4804610547774109
Chigwell with Lambourne,2025-04-01,0.1218695835701225
Chigwell with Lambourne,2025-05-01,0.1218695835701225
Chigwell with Lambourne,2025-06-01,0.1218695835701225
Chigwell with Lambourne,2025-07-01,0.1218695835701225
Chigwell with Lambourne,2025-08-01,0.1218695835701225
Chigwell with Lambourne,2025-09-01,0.1218695835701225
Chigwell with Lambourne,2025-10-01,0.1218695835701225
Chigwell with Lambourne,2025-11-01,0.1218695835701225
Chigwell with Lambourne,2025-12-01,0.1218695835701225
Chigwell with Lambourne,2026-01-01,0.1218695835701225
Chigwell with Lambourne,2026-02-01,0.1218695835701225
Chigwell with Lambourne,2026-03-01,0.1218695835701225
Childs Hill,2025-04-01,14.494323541278742
Childs Hill,2025-05-01,14.494323541278742
Childs Hill,2025-06-01,14.494323541278742
Childs Hill,2025-07-01,14.494323541278742
Childs Hill,2025-08-01,14.494323541278742
Childs Hill,2025-09-01,14.494323541278742
Childs Hill,2025-10-01,14.494323541278742
Childs Hill,2025-11-01,14.494323541278742
Childs Hill,2025-12-01,14.494323541278742
Childs Hill,2026-01-01,14.494323541278742
Childs Hill,2026-02-01,14.494323541278742
Childs Hill,2026-03-01,14.494323541278742
Chingford Green,2025-04-01,3.955793703208155
Chingford Green,2025-05-01,3.948252455748582
Chingford Green,2025-06-01,3.9469659780887523
Chingford Green,2025-07-01,3.9467465150916667
Chingford Green,2025-08-01,3.946709076425926
Chingford Green,2025-09-01,3.946702689683235
Chingford Green,2025-10-01,3.9467016001550324
Chingford Green,2025-11-01,3.9467014142900676
Chingford Green,2025-12-01,3.9467013825829627
Chingford Green,2026-01-01,3.946701377173979
Chingford Green,2026-02-01,3.946701376251249
Chingford Green,2026-03-01,3.9467013760938383
"Chipstead, Kingswood & Woodmansterne",2025-04-01,0.07499569333220307
"Chipstead, Kingswood & Woodmansterne",2025-05-01,0.07499569333220307
"Chipstead, Kingswood & Woodmansterne",2025-06-01,0.07499569333220307
"Chipstead, Kingswood & Woodmansterne",2025-07-01,0.07499569333220307
"Chipstead, Kingswood & Woodmansterne",2025-08-01,0.07499569333220307
"Chipstead, Kingswood & Woodmansterne",2025-09-01,0.07499569333220307
"Chipstead, Kingswood & Woodmansterne",2025-10-01,0.07499569333220307
"Chipstead, Kingswood & Woodmansterne",2025-11-01,0.07499569333220307
"Chipstead, Kingswood & Woodmansterne",2025-12-01,0.07499569333220307
"Chipstead, Kingswood & Woodmansterne",2026-01-01,0.07499569333220307
"Chipstead, Kingswood & Woodmansterne",2026-02-01,0.07499569333220307
"Chipstead, Kingswood & Woodmansterne",2026-03-01,0.07499569333220307
Chislehurst,2025-04-01,9.63206364744102
Chislehurst,2025-05-01,9.63206364744102
Chislehurst,2025-06-01,9.63206364744102
Chislehurst,2025-07-01,9.63206364744102
Chislehurst,2025-08-01,9.63206364744102
Chislehurst,2025-09-01,9.63206364744102
Chislehurst,2025-10-01,9.63206364744102
Chislehurst,2025-11-01,9.63206364744102
Chislehurst,2025-12-01,9.63206364744102
Chislehurst,2026-01-01,9.63206364744102
Chislehurst,2026-02-01,9.63206364744102
Chislehurst,2026-03-01,9.63206364744102
Chiswick Gunnersbury,2025-04-01,9.244213114870197
Chiswick Gunnersbury,2025-05-01,10.823380080054557
Chiswick Gunnersbury,2025-06-01,11.410949138543236
Chiswick Gunnersbury,2025-07-01,11.629569085708207
Chiswick Gunnersbury,2025-08-01,11.710912173142644
Chiswick Gunnersbury,2025-09-01,11.741177928665737
Chiswick Gunnersbury,2025-10-01,11.752439069424895
Chiswick Gunnersbury,2025-11-01,11.756629062009115
Chiswick Gunnersbury,2025-12-01,11.758188054852848
Chiswick Gunnersbury,2026-01-01,11.758768117618583
Chiswick Gunnersbury,2026-02-01,11.758983944659448
Chiswick Gunnersbury,2026-03-01,11.75906424857537
Chiswick Homefields,2025-04-01,6.92008360297398
Chiswick Homefields,2025-05-01,7.001152728111477
Chiswick Homefields,2025-06-01,7.034429507467935
Chiswick Homefields,2025-07-01,6.520459689944367
Chiswick Homefields,2025-08-01,6.690974857612068
Chiswick Homefields,2025-09-01,7.677144431357879
Chiswick Homefields,2025-10-01,7.578228975306894
Chiswick Homefields,2025-11-01,7.4794936613453205
Chiswick Homefields,2025-12-01,6.969810402962626
Chiswick Homefields,2026-01-01,6.878513261106771
Chiswick Homefields,2026-02-01,6.965187019178637
Chiswick Homefields,2026-03-01,7.186358398894614
Chiswick Riverside,2025-04-01,4.205775005815714
Chiswick Riverside,2025-05-01,4.205775005815714
Chiswick Riverside,2025-06-01,4.205775005815714
Chiswick Riverside,2025-07-01,4.205775005815714
Chiswick Riverside,2025-08-01,4.205775005815714
Chiswick Riverside,2025-09-01,4.205775005815714
Chiswick Riverside,2025-10-01,4.205775005815714
Chiswick Riverside,2025-11-01,4.205775005815714
Chiswick Riverside,2025-12-01,4.205775005815714
Chiswick Riverside,2026-01-01,4.205775005815714
Chiswick Riverside,2026-02-01,4.205775005815714
Chiswick Riverside,2026-03-01,4.205775005815714
Chorleywood South & Maple Cross,2025-04-01,0.0
Chorleywood South & Maple Cross,2025-05-01,0.0
Chorleywood South & Maple Cross,2025-06-01,0.0
Chorleywood South & Maple Cross,2025-07-01,0.0
Chorleywood South & Maple Cross,2025-08-01,0.0
Chorleywood South & Maple Cross,2025-09-01,0.0
Chorleywood South & Maple Cross,2025-10-01,0.0
Chorleywood South & Maple Cross,2025-11-01,0.0
Chorleywood South & Maple Cross,2025-12-01,0.0
Chorleywood South & Maple Cross,2026-01-01,0.0
Chorleywood South & Maple Cross,2026-02-01,0.0
Chorleywood South & Maple Cross,2026-03-01,0.0
Church Street,2025-04-01,8.279530046100776
Church Street,2025-05-01,8.127375705012673
Church Street,2025-06-01,8.006334756600097
Church Street,2025-07-01,7.910044955810699
Church Street,2025-08-01,7.833445045964828
Church Street,2025-09-01,7.772508725188457
Church Street,2025-10-01,7.724033012916312
Church Street,2025-11-01,7.685469892426716
Church Street,2025-12-01,7.654792380076896
Church Street,2026-01-01,7.630387981469494
Church Street,2026-02-01,7.610973934313468
Church Street,2026-03-01,7.595529782911102
Churchfields,2025-04-01,5.511557218863137
Churchfields,2025-05-01,5.824888536389969
Churchfields,2025-06-01,5.889839114057773
Churchfields,2025-07-01,5.903302746013491
Churchfields,2025-08-01,5.906093627818517
Churchfields,2025-09-01,5.906672150855633
Churchfields,2025-10-01,5.906792073133915
Churchfields,2025-11-01,5.9068169318722985
Churchfields,2025-12-01,5.906822084850401
Churchfields,2026-01-01,5.9068231530133515
Churchfields,2026-02-01,5.906823374433289
Churchfields,2026-03-01,5.906823420331519
Churchill,2025-04-01,2.1885367293980105
Churchill,2025-05-01,3.0082009659066977
Churchill,2025-06-01,2.905647179674665
Churchill,2025-07-01,2.8099526802706483
Churchill,2025-08-01,2.7206586858444823
Churchill,2025-09-01,2.6373371000664236
Churchill,2025-10-01,2.5595884597330483
Churchill,2025-11-01,2.4870400196470657
Churchill,2025-12-01,2.419343965589513
Churchill,2026-01-01,2.3561757468169007
Churchill,2026-02-01,2.2972325200889103
Churchill,2026-03-01,2.2422316977669485
Cippenham Manor,2025-04-01,0.0
Cippenham Manor,2025-05-01,0.0
Cippenham Manor,2025-06-01,0.0
Cippenham Manor,2025-07-01,0.0
Cippenham Manor,2025-08-01,0.0
Cippenham Manor,2025-09-01,0.0
Cippenham Manor,2025-10-01,0.0
Cippenham Manor,2025-11-01,0.0
Cippenham Manor,2025-12-01,0.0
Cippenham Manor,2026-01-01,0.0
Cippenham Manor,2026-02-01,0.0
Cippenham Manor,2026-03-01,0.0
City Centre South,2025-04-01,0.0
City Centre South,2025-05-01,0.0
City Centre South,2025-06-01,0.0
City Centre South,2025-07-01,0.0
City Centre South,2025-08-01,0.0
City Centre South,2025-09-01,0.0
City Centre South,2025-10-01,0.0
City Centre South,2025-11-01,0.0
City Centre South,2025-12-01,0.0
City Centre South,2026-01-01,0.0
City Centre South,2026-02-01,0.0
City Centre South,2026-03-01,0.0
Clapham Common & Abbeville,2025-04-01,5.560560137496486
Clapham Common & Abbeville,2025-05-01,8.007392011028443
Clapham Common & Abbeville,2025-06-01,5.919101243095064
Clapham Common & Abbeville,2025-07-01,7.701388934623628
Clapham Common & Abbeville,2025-08-01,6.180264834401797
Clapham Common & Abbeville,2025-09-01,7.478494373478762
Clapham Common & Abbeville,2025-10-01,6.370498033215531
Clapham Common & Abbeville,2025-11-01,7.31613657638839
Clapham Common & Abbeville,2025-12-01,6.509065089020805
Clapham Common & Abbeville,2026-01-01,7.1978741381277
Clapham Common & Abbeville,2026-02-01,6.609998202033021
Clapham Common & Abbeville,2026-03-01,7.11173103595455
Clapham East,2025-04-01,8.005621661954388
Clapham East,2025-05-01,8.601082175389752
Clapham East,2025-06-01,9.716166916732943
Clapham East,2025-07-01,10.390767663415739
Clapham East,2025-08-01,10.390767663415739
Clapham East,2025-09-01,10.390767663415739
Clapham East,2025-10-01,10.390767663415739
Clapham East,2025-11-01,10.390767663415739
Clapham East,2025-12-01,10.390767663415739
Clapham East,2026-01-01,10.390767663415739
Clapham East,2026-02-01,10.390767663415739
Clapham East,2026-03-01,10.390767663415739
Clapham Park,2025-04-01,6.679521832582667
Clapham Park,2025-05-01,6.456002563141126
Clapham Park,2025-06-01,6.567762197861897
Clapham Park,2025-07-01,6.456002563141126
Clapham Park,2025-08-01,6.567762197861897
Clapham Park,2025-09-01,6.232483293699587
Clapham Park,2025-10-01,6.679521832582667
Clapham Park,2025-11-01,6.232483293699587
Clapham Park,2025-12-01,6.456002563141126
Clapham Park,2026-01-01,6.567762197861897
Clapham Park,2026-02-01,6.232483293699587
Clapham Park,2026-03-01,6.679521832582667
Clapham Town,2025-04-01,10.260015763721984
Clapham Town,2025-05-01,10.260015763721984
Clapham Town,2025-06-01,10.260015763721984
Clapham Town,2025-07-01,10.260015763721984
Clapham Town,2025-08-01,10.260015763721984
Clapham Town,2025-09-01,10.260015763721984
Clapham Town,2025-10-01,10.260015763721984
Clapham Town,2025-11-01,10.260015763721984
Clapham Town,2025-12-01,10.260015763721984
Clapham Town,2026-01-01,10.260015763721984
Clapham Town,2026-02-01,10.260015763721984
Clapham Town,2026-03-01,10.260015763721984
Claygate,2025-04-01,0.0
Claygate,2025-05-01,0.0
Claygate,2025-06-01,0.0
Claygate,2025-07-01,0.0
Claygate,2025-08-01,0.0
Claygate,2025-09-01,0.0
Claygate,2025-10-01,0.0
Claygate,2025-11-01,0.0
Claygate,2025-12-01,0.0
Claygate,2026-01-01,0.0
Claygate,2026-02-01,0.0
Claygate,2026-03-01,0.0
Clayhall,2025-04-01,6.319880093682939
Clayhall,2025-05-01,5.556355255838558
Clayhall,2025-06-01,5.760002616717431
Clayhall,2025-07-01,5.520045995221621
Clayhall,2025-08-01,4.662815193592741
Clayhall,2025-09-01,5.310966361542836
Clayhall,2025-10-01,5.15936066948767
Clayhall,2025-11-01,5.414224418488986
Clayhall,2025-12-01,5.174696233446298
Clayhall,2026-01-01,5.250684751583123
Clayhall,2026-02-01,5.014357179201023
Clayhall,2026-03-01,5.6191258556092905
Cleeve Hill,2025-04-01,0.0
Cleeve Hill,2025-05-01,0.0
Cleeve Hill,2025-06-01,0.0
Cleeve Hill,2025-07-01,0.0
Cleeve Hill,2025-08-01,0.0
Cleeve Hill,2025-09-01,0.0
Cleeve Hill,2025-10-01,0.0
Cleeve Hill,2025-11-01,0.0
Cleeve Hill,2025-12-01,0.0
Cleeve Hill,2026-01-01,0.0
Cleeve Hill,2026-02-01,0.0
Cleeve Hill,2026-03-01,0.0
Clementswood,2025-04-01,5.706292263460268
Clementswood,2025-05-01,6.681239127697279
Clementswood,2025-06-01,6.883207330026201
Clementswood,2025-07-01,6.925046691993788
Clementswood,2025-08-01,6.933714057399179
Clementswood,2025-09-01,6.935509572902708
Clementswood,2025-10-01,6.935881528597735
Clementswood,2025-11-01,6.935958582256582
Clementswood,2025-12-01,6.9359745445510725
Clementswood,2026-01-01,6.9359778512706916
Clementswood,2026-02-01,6.935978536284657
Clementswood,2026-03-01,6.935978678190892
Clerkenwell,2025-04-01,9.43980809740503
Clerkenwell,2025-05-01,9.27705756379105
Clerkenwell,2025-06-01,9.27705756379105
Clerkenwell,2025-07-01,9.27705756379105
Clerkenwell,2025-08-01,9.27705756379105
Clerkenwell,2025-09-01,9.27705756379105
Clerkenwell,2025-10-01,9.27705756379105
Clerkenwell,2025-11-01,9.27705756379105
Clerkenwell,2025-12-01,9.27705756379105
Clerkenwell,2026-01-01,9.27705756379105
Clerkenwell,2026-02-01,9.27705756379105
Clerkenwell,2026-03-01,9.27705756379105
Clissold,2025-04-01,7.382919500914248
Clissold,2025-05-01,8.004383980561945
Clissold,2025-06-01,8.517355094173531
Clissold,2025-07-01,8.940773281402965
Clissold,2025-08-01,9.290272417941889
Clissold,2025-09-01,9.578757065332026
Clissold,2025-10-01,9.816878946272759
Clissold,2025-11-01,10.01343023832842
Clissold,2025-12-01,10.175668207624343
Clissold,2026-01-01,10.309583168986238
Clissold,2026-02-01,10.420119666418893
Clissold,2026-03-01,10.51135904057411
Clock House,2025-04-01,3.653606315987905
Clock House,2025-05-01,3.614188706247843
Clock House,2025-06-01,3.5747710965077806
Clock House,2025-07-01,3.5353534867677183
Clock House,2025-08-01,3.495935877027656
Clock House,2025-09-01,3.456518267287594
Clock House,2025-10-01,3.4171006575475316
Clock House,2025-11-01,3.3776830478074693
Clock House,2025-12-01,3.338265438067407
Clock House,2026-01-01,3.298847828327345
Clock House,2026-02-01,3.2594302185872825
Clock House,2026-03-01,3.2200126088472203
Cockfosters,2025-04-01,9.927538339928919
Cockfosters,2025-05-01,9.654625285485526
Cockfosters,2025-06-01,9.611228515318635
Cockfosters,2025-07-01,8.37448798090178
Cockfosters,2025-08-01,9.001431776831788
Cockfosters,2025-09-01,8.424786204896671
Cockfosters,2025-10-01,9.248239896686606
Cockfosters,2025-11-01,9.769808905179517
Cockfosters,2025-12-01,9.15911816815376
Cockfosters,2026-01-01,9.286878098566728
Cockfosters,2026-02-01,8.439628769062304
Cockfosters,2026-03-01,9.560982772540886
Coleford,2025-04-01,0.0
Coleford,2025-05-01,0.0
Coleford,2025-06-01,0.0
Coleford,2025-07-01,0.0
Coleford,2025-08-01,0.0
Coleford,2025-09-01,0.0
Coleford,2025-10-01,0.0
Coleford,2025-11-01,0.0
Coleford,2025-12-01,0.0
Coleford,2026-01-01,0.0
Coleford,2026-02-01,0.0
Coleford,2026-03-01,0.0
Colham & Cowley,2025-04-01,6.076581645563163
Colham & Cowley,2025-05-01,6.5842419767739795
Colham & Cowley,2025-06-01,6.708349310784044
Colham & Cowley,2025-07-01,6.738689736080519
Colham & Cowley,2025-08-01,6.746107036713988
Colham & Cowley,2025-09-01,6.747920338543136
Colham & Cowley,2025-10-01,6.748363635058416
Colham & Cowley,2025-11-01,6.748472007419432
Colham & Cowley,2025-12-01,6.74849850112788
Colham & Cowley,2026-01-01,6.748504978024579
Colham & Cowley,2026-02-01,6.748506561426575
Colham & Cowley,2026-03-01,6.748506948519654
Colindale,2025-04-01,0.08036975480087107
Colindale,2025-05-01,0.09977300513524175
Colindale,2025-06-01,0.1010080564560836
Colindale,2025-07-01,0.11002223750596256
Colindale,2025-08-01,0.10443751066657429
Colindale,2025-09-01,0.10571959133831398
Colindale,2025-10-01,0.10450067336558934
Colindale,2025-11-01,0.09785663130957949
Colindale,2025-12-01,0.10333859644383114
Colindale,2026-01-01,0.10464640880809949
Colindale,2026-02-01,0.10412581696867172
Colindale,2026-03-01,0.10246295901609331
Colindale North,2025-04-01,5.425151620513869
Colindale North,2025-05-01,5.282817445368619
Colindale North,2025-06-01,5.282817445368619
Colindale North,2025-07-01,5.282817445368619
Colindale North,2025-08-01,5.282817445368619
Colindale North,2025-09-01,5.282817445368619
Colindale North,2025-10-01,5.282817445368619
Colindale North,2025-11-01,5.282817445368619
Colindale North,2025-12-01,5.282817445368619
Colindale North,2026-01-01,5.282817445368619
Colindale North,2026-02-01,5.282817445368619
Colindale North,2026-03-01,5.282817445368619
Colindale South,2025-04-01,10.920385661405227
Colindale South,2025-05-01,10.274672294802134
Colindale South,2025-06-01,9.681654531529427
Colindale South,2025-07-01,10.383693983911783
Colindale South,2025-08-01,10.275161506942123
Colindale South,2025-09-01,11.373994841999144
Colindale South,2025-10-01,11.283788497249647
Colindale South,2025-11-01,10.877585819006372
Colindale South,2025-12-01,10.395685987040151
Colindale South,2026-01-01,11.288952579963027
Colindale South,2026-02-01,10.403412661735764
Colindale South,2026-03-01,11.5911531752097
College Park & Old Oak,2025-04-01,7.028735282949237
College Park & Old Oak,2025-05-01,7.028735282949237
College Park & Old Oak,2025-06-01,7.028735282949237
College Park & Old Oak,2025-07-01,7.028735282949237
College Park & Old Oak,2025-08-01,7.028735282949237
College Park & Old Oak,2025-09-01,7.028735282949237
College Park & Old Oak,2025-10-01,7.028735282949237
College Park & Old Oak,2025-11-01,7.028735282949237
College Park & Old Oak,2025-12-01,7.028735282949237
College Park & Old Oak,2026-01-01,7.028735282949237
College Park & Old Oak,2026-02-01,7.028735282949237
College Park & Old Oak,2026-03-01,7.028735282949237
College Park and Old Oak,2025-04-01,1.5219267458065537
College Park and Old Oak,2025-05-01,1.5219267458065537
College Park and Old Oak,2025-06-01,1.5219267458065537
College Park and Old Oak,2025-07-01,1.5219267458065537
College Park and Old Oak,2025-08-01,1.5219267458065537
College Park and Old Oak,2025-09-01,1.5219267458065537
College Park and Old Oak,2025-10-01,1.5219267458065537
College Park and Old Oak,2025-11-01,1.5219267458065537
College Park and Old Oak,2025-12-01,1.5219267458065537
College Park and Old Oak,2026-01-01,1.5219267458065537
College Park and Old Oak,2026-02-01,1.5219267458065537
College Park and Old Oak,2026-03-01,1.5219267458065537
Colliers Wood,2025-04-01,3.737550893184638
Colliers Wood,2025-05-01,3.737550893184638
Colliers Wood,2025-06-01,3.737550893184638
Colliers Wood,2025-07-01,3.737550893184638
Colliers Wood,2025-08-01,3.737550893184638
Colliers Wood,2025-09-01,3.737550893184638
Colliers Wood,2025-10-01,3.737550893184638
Colliers Wood,2025-11-01,3.737550893184638
Colliers Wood,2025-12-01,3.737550893184638
Colliers Wood,2026-01-01,3.737550893184638
Colliers Wood,2026-02-01,3.737550893184638
Colliers Wood,2026-03-01,3.737550893184638
Colnbrook & Poyle,2025-04-01,0.0
Colnbrook & Poyle,2025-05-01,0.0
Colnbrook & Poyle,2025-06-01,0.0
Colnbrook & Poyle,2025-07-01,0.0
Colnbrook & Poyle,2025-08-01,0.0
Colnbrook & Poyle,2025-09-01,0.0
Colnbrook & Poyle,2025-10-01,0.0
Colnbrook & Poyle,2025-11-01,0.0
Colnbrook & Poyle,2025-12-01,0.0
Colnbrook & Poyle,2026-01-01,0.0
Colnbrook & Poyle,2026-02-01,0.0
Colnbrook & Poyle,2026-03-01,0.0
Colville,2025-04-01,8.595718800495597
Colville,2025-05-01,7.696244585819807
Colville,2025-06-01,8.317692194846554
Colville,2025-07-01,8.867478419952116
Colville,2025-08-01,8.840942905167815
Colville,2025-09-01,8.835961807029353
Colville,2025-10-01,8.994041023852713
Colville,2025-11-01,9.096264473038538
Colville,2025-12-01,9.123180421764733
Colville,2026-01-01,9.15662648211266
Colville,2026-02-01,9.20080290856222
Colville,2026-03-01,9.22951233336191
Coningham,2025-04-01,7.310266265382035
Coningham,2025-05-01,8.821892763652667
Coningham,2025-06-01,9.252194099984912
Coningham,2025-07-01,9.374684172936893
Coningham,2025-08-01,9.409552337883044
Coningham,2025-09-01,9.419477949791109
Coningham,2025-10-01,9.42230338588451
Coningham,2025-11-01,9.423107677770172
Coningham,2025-12-01,9.42333662842273
Coningham,2026-01-01,9.423401801778622
Coningham,2026-02-01,9.423420354101015
Coningham,2026-03-01,9.423425635226431
Coombe Hill,2025-04-01,4.646918266619801
Coombe Hill,2025-05-01,5.23684795734355
Coombe Hill,2025-06-01,5.448162050490201
Coombe Hill,2025-07-01,5.523855216412413
Coombe Hill,2025-08-01,5.550968672415326
Coombe Hill,2025-09-01,5.560680771089828
Coombe Hill,2025-10-01,5.564159665873773
Coombe Hill,2025-11-01,5.5654058135215045
Coombe Hill,2025-12-01,5.565852186308376
Coombe Hill,2026-01-01,5.566012078007585
Coombe Hill,2026-02-01,5.566069351560605
Coombe Hill,2026-03-01,5.566089867071366
Coombe Vale,2025-04-01,2.6199921973225204
Coombe Vale,2025-05-01,2.9476377672461354
Coombe Vale,2025-06-01,3.1623422846049007
Coombe Vale,2025-07-01,3.743657881054007
Coombe Vale,2025-08-01,3.2334347880526133
Coombe Vale,2025-09-01,3.2504882217791695
Coombe Vale,2025-10-01,3.5808637880626346
Coombe Vale,2025-11-01,4.225593482216502
Coombe Vale,2025-12-01,3.750582892114236
Coombe Vale,2026-01-01,3.7153586281504585
Coombe Vale,2026-02-01,3.5532697117376317
Coombe Vale,2026-03-01,3.515902760637986
Coulsdon Town,2025-04-01,2.6565092099193084
Coulsdon Town,2025-05-01,2.90869145418123
Coulsdon Town,2025-06-01,2.80995214901458
Coulsdon Town,2025-07-01,2.8746421195067606
Coulsdon Town,2025-08-01,2.846963140798166
Coulsdon Town,2025-09-01,2.8637696749277683
Coulsdon Town,2025-10-01,2.8561304718575733
Coulsdon Town,2025-11-01,2.860537296920927
Coulsdon Town,2025-12-01,2.8584498480424356
Coulsdon Town,2026-01-01,2.859612976403447
Coulsdon Town,2026-02-01,2.8590462782222654
Coulsdon Town,2026-03-01,2.859354693259743
Courtfield,2025-04-01,9.360477098982143
Courtfield,2025-05-01,10.061526322733785
Courtfield,2025-06-01,10.061526322733785
Courtfield,2025-07-01,10.061526322733785
Courtfield,2025-08-01,10.061526322733785
Courtfield,2025-09-01,10.061526322733785
Courtfield,2025-10-01,10.061526322733785
Courtfield,2025-11-01,10.061526322733785
Courtfield,2025-12-01,10.061526322733785
Courtfield,2026-01-01,10.061526322733785
Courtfield,2026-02-01,10.061526322733785
Courtfield,2026-03-01,10.061526322733785
Cranbrook,2025-04-01,4.89797505589645
Cranbrook,2025-05-01,4.84548135843095
Cranbrook,2025-06-01,4.8090377319914515
Cranbrook,2025-07-01,4.777794959506268
Cranbrook,2025-08-01,4.748237468152259
Cranbrook,2025-09-01,4.719226074134579
Cranbrook,2025-10-01,4.69039163712142
Cranbrook,2025-11-01,4.661614541134054
Cranbrook,2025-12-01,4.63285602589317
Cranbrook,2026-01-01,4.60410353154457
Cranbrook,2026-02-01,4.575352988201758
Cranbrook,2026-03-01,4.5466030770615165
Cranford,2025-04-01,5.097806033840117
Cranford,2025-05-01,4.925996451832168
Cranford,2025-06-01,4.925996451832168
Cranford,2025-07-01,4.925996451832168
Cranford,2025-08-01,4.925996451832168
Cranford,2025-09-01,4.925996451832168
Cranford,2025-10-01,4.925996451832168
Cranford,2025-11-01,4.925996451832168
Cranford,2025-12-01,4.925996451832168
Cranford,2026-01-01,4.925996451832168
Cranford,2026-02-01,4.925996451832168
Cranford,2026-03-01,4.925996451832168
Cranham,2025-04-01,1.9614274707356003
Cranham,2025-05-01,1.9234525419883743
Cranham,2025-06-01,2.0791114057942317
Cranham,2025-07-01,2.085234452620798
Cranham,2025-08-01,1.9168849142728757
Cranham,2025-09-01,2.5414804387477856
Cranham,2025-10-01,2.312268379352434
Cranham,2025-11-01,2.5493002099696396
Cranham,2025-12-01,2.2025409978522887
Cranham,2026-01-01,2.566485572417532
Cranham,2026-02-01,2.195831615366984
Cranham,2026-03-01,2.487383056178829
Crayford,2025-04-01,5.334291981633961
Crayford,2025-05-01,6.323356225456944
Crayford,2025-06-01,6.742433224438183
Crayford,2025-07-01,6.920000588916231
Crayford,2025-08-01,6.99523776252473
Crayford,2025-09-01,7.027116550100558
Crayford,2025-10-01,7.04062393014374
Crayford,2025-11-01,7.046347150175146
Crayford,2025-12-01,7.0487721391384515
Crayford,2026-01-01,7.049799632654319
Crayford,2026-02-01,7.050234992543014
Crayford,2026-03-01,7.050419459140376
Cricket Green,2025-04-01,6.774865792417341
Cricket Green,2025-05-01,6.699344022611274
Cricket Green,2025-06-01,6.674010077246501
Cricket Green,2025-07-01,6.665511749024143
Cricket Green,2025-08-01,6.662660965952851
Cricket Green,2025-09-01,6.661704664441904
Cricket Green,2025-10-01,6.66138387097675
Cricket Green,2025-11-01,6.661276260096597
Cricket Green,2025-12-01,6.661240161787918
Cricket Green,2026-01-01,6.661228052530121
Cricket Green,2026-02-01,6.661223990452706
Cricket Green,2026-03-01,6.661222627819819
Cricklewood,2025-04-01,9.233607926096482
Cricklewood,2025-05-01,9.417139850661812
Cricklewood,2025-06-01,9.417139850661812
Cricklewood,2025-07-01,9.417139850661812
Cricklewood,2025-08-01,9.417139850661812
Cricklewood,2025-09-01,9.417139850661812
Cricklewood,2025-10-01,9.417139850661812
Cricklewood,2025-11-01,9.417139850661812
Cricklewood,2025-12-01,9.417139850661812
Cricklewood,2026-01-01,9.417139850661812
Cricklewood,2026-02-01,9.417139850661812
Cricklewood,2026-03-01,9.417139850661812
Cricklewood & Mapesbury,2025-04-01,10.061824947360284
Cricklewood & Mapesbury,2025-05-01,9.19379656536753
Cricklewood & Mapesbury,2025-06-01,8.66733603934209
Cricklewood & Mapesbury,2025-07-01,9.314402511345847
Cricklewood & Mapesbury,2025-08-01,10.527717973435731
Cricklewood & Mapesbury,2025-09-01,10.093402794998992
Cricklewood & Mapesbury,2025-10-01,9.782682286536424
Cricklewood & Mapesbury,2025-11-01,11.161805014502793
Cricklewood & Mapesbury,2025-12-01,10.410593459641824
Cricklewood & Mapesbury,2026-01-01,11.427269975874207
Cricklewood & Mapesbury,2026-02-01,11.306046353452253
Cricklewood & Mapesbury,2026-03-01,12.433670341103147
Cringleford,2025-04-01,0.0
Cringleford,2025-05-01,0.0
Cringleford,2025-06-01,0.0
Cringleford,2025-07-01,0.0
Cringleford,2025-08-01,0.0
Cringleford,2025-09-01,0.0
Cringleford,2025-10-01,0.0
Cringleford,2025-11-01,0.0
Cringleford,2025-12-01,0.0
Cringleford,2026-01-01,0.0
Cringleford,2026-02-01,0.0
Cringleford,2026-03-01,0.0
Cripplegate,2025-04-01,1.6045895514522703
Cripplegate,2025-05-01,1.6756263967345353
Cripplegate,2025-06-01,1.628035612485295
Cripplegate,2025-07-01,1.5807246368426164
Cripplegate,2025-08-01,1.5926579142231287
Cripplegate,2025-09-01,1.580310721935153
Cripplegate,2025-10-01,1.6041706976422374
Cripplegate,2025-11-01,1.5929376832421631
Cripplegate,2025-12-01,1.59279695920389
Cripplegate,2026-01-01,1.5926562544992802
Cripplegate,2026-02-01,1.5929359852963763
Cripplegate,2026-03-01,1.5927953390676002
Crockenhill and Well Hill,2025-04-01,0.02499500290098829
Crockenhill and Well Hill,2025-05-01,0.02499500290098829
Crockenhill and Well Hill,2025-06-01,0.02499500290098829
Crockenhill and Well Hill,2025-07-01,0.02499500290098829
Crockenhill and Well Hill,2025-08-01,0.02499500290098829
Crockenhill and Well Hill,2025-09-01,0.02499500290098829
Crockenhill and Well Hill,2025-10-01,0.02499500290098829
Crockenhill and Well Hill,2025-11-01,0.02499500290098829
Crockenhill and Well Hill,2025-12-01,0.02499500290098829
Crockenhill and Well Hill,2026-01-01,0.02499500290098829
Crockenhill and Well Hill,2026-02-01,0.02499500290098829
Crockenhill and Well Hill,2026-03-01,0.02499500290098829
Crofton Park,2025-04-01,5.150647688128254
Crofton Park,2025-05-01,5.895587895917809
Crofton Park,2025-06-01,5.1977712923734
Crofton Park,2025-07-01,5.180095253168453
Crofton Park,2025-08-01,5.457693142969864
Crofton Park,2025-09-01,5.3651245313453195
Crofton Park,2025-10-01,5.295255106383002
Crofton Park,2025-11-01,5.357320377600301
Crofton Park,2025-12-01,5.361666116219566
Crofton Park,2026-01-01,5.3367695144343275
Crofton Park,2026-02-01,5.344498784022354
Crofton Park,2026-03-01,5.351256047661786
Crook Log,2025-04-01,8.162015620693923
Crook Log,2025-05-01,5.592366078054836
Crook Log,2025-06-01,6.746732231618128
Crook Log,2025-07-01,6.772781612060949
Crook Log,2025-08-01,4.74784959400782
Crook Log,2025-09-01,6.992160750342832
Crook Log,2025-10-01,5.627736632265323
Crook Log,2025-11-01,7.362019105358978
Crook Log,2025-12-01,7.1892738759161166
Crook Log,2026-01-01,6.564351939046551
Crook Log,2026-02-01,6.389194989652615
Crook Log,2026-03-01,6.679169764835376
Crouch End,2025-04-01,16.371075506742162
Crouch End,2025-05-01,16.371075506742162
Crouch End,2025-06-01,16.371075506742162
Crouch End,2025-07-01,16.371075506742162
Crouch End,2025-08-01,16.371075506742162
Crouch End,2025-09-01,16.371075506742162
Crouch End,2025-10-01,16.371075506742162
Crouch End,2025-11-01,16.371075506742162
Crouch End,2025-12-01,16.371075506742162
Crouch End,2026-01-01,16.371075506742162
Crouch End,2026-02-01,16.371075506742162
Crouch End,2026-03-01,16.371075506742162
Crystal Palace,2025-04-01,1.7023876396626625
Crystal Palace,2025-05-01,2.14776418001344
Crystal Palace,2025-06-01,2.2642830374542364
Crystal Palace,2025-07-01,2.294766556250749
Crystal Palace,2025-08-01,2.3027416165854206
Crystal Palace,2025-09-01,2.3048280419671556
Crystal Palace,2025-10-01,2.3053738899847094
Crystal Palace,2025-11-01,2.3055166940652554
Crystal Palace,2025-12-01,2.3055540542914814
Crystal Palace,2026-01-01,2.3055638284274744
Crystal Palace,2026-02-01,2.305566385524796
Crystal Palace,2026-03-01,2.305567054509422
Crystal Palace & Anerley,2025-04-01,6.506080805512644
Crystal Palace & Anerley,2025-05-01,5.477869428721891
Crystal Palace & Anerley,2025-06-01,6.062331183398696
Crystal Palace & Anerley,2025-07-01,6.130780273429878
Crystal Palace & Anerley,2025-08-01,6.416918101374627
Crystal Palace & Anerley,2025-09-01,6.134940177138064
Crystal Palace & Anerley,2025-10-01,5.94010816879831
Crystal Palace & Anerley,2025-11-01,5.973739868977246
Crystal Palace & Anerley,2025-12-01,5.508860145593322
Crystal Palace & Anerley,2026-01-01,5.7639848610643964
Crystal Palace & Anerley,2026-02-01,6.185184497344292
Crystal Palace & Anerley,2026-03-01,5.6469062951463185
Crystal Palace & Upper Norwood,2025-04-01,4.883644791659853
Crystal Palace & Upper Norwood,2025-05-01,5.2993384651893125
Crystal Palace & Upper Norwood,2025-06-01,5.391076159566471
Crystal Palace & Upper Norwood,2025-07-01,5.411321366808098
Crystal Palace & Upper Norwood,2025-08-01,5.415789196733835
Crystal Palace & Upper Norwood,2025-09-01,5.416775183392656
Crystal Palace & Upper Norwood,2025-10-01,5.4169927766555
Crystal Palace & Upper Norwood,2025-11-01,5.417040796400607
Crystal Palace & Upper Norwood,2025-12-01,5.417051393676873
Crystal Palace & Upper Norwood,2026-01-01,5.4170537323453525
Crystal Palace & Upper Norwood,2026-02-01,5.417054248456297
Crystal Palace & Upper Norwood,2026-03-01,5.417054362354658
Cuddington,2025-04-01,0.20311928753332756
Cuddington,2025-05-01,0.20311928753332756
Cuddington,2025-06-01,0.20311928753332756
Cuddington,2025-07-01,0.20311928753332756
Cuddington,2025-08-01,0.20311928753332756
Cuddington,2025-09-01,0.20311928753332756
Cuddington,2025-10-01,0.20311928753332756
Cuddington,2025-11-01,0.20311928753332756
Cuddington,2025-12-01,0.20311928753332756
Cuddington,2026-01-01,0.20311928753332756
Cuddington,2026-02-01,0.20311928753332756
Cuddington,2026-03-01,0.20311928753332756
Custom House,2025-04-01,3.8796692939129462
Custom House,2025-05-01,3.7342195171920496
Custom House,2025-06-01,4.025119070633842
Custom House,2025-07-01,4.461468400796531
Custom House,2025-08-01,4.025119070633842
Custom House,2025-09-01,4.170568847354739
Custom House,2025-10-01,3.879669293912946
Custom House,2025-11-01,4.170568847354739
Custom House,2025-12-01,3.879669293912946
Custom House,2026-01-01,3.4433199637502567
Custom House,2026-02-01,3.879669293912946
Custom House,2026-03-01,3.588769740471153
Dalgarno,2025-04-01,4.256244620455344
Dalgarno,2025-05-01,4.256244620455344
Dalgarno,2025-06-01,4.256244620455344
Dalgarno,2025-07-01,4.256244620455344
Dalgarno,2025-08-01,4.256244620455344
Dalgarno,2025-09-01,4.256244620455344
Dalgarno,2025-10-01,4.256244620455344
Dalgarno,2025-11-01,4.256244620455344
Dalgarno,2025-12-01,4.256244620455344
Dalgarno,2026-01-01,4.256244620455344
Dalgarno,2026-02-01,4.256244620455344
Dalgarno,2026-03-01,4.256244620455344
Dallow,2025-04-01,0.0
Dallow,2025-05-01,0.0
Dallow,2025-06-01,0.0
Dallow,2025-07-01,0.0
Dallow,2025-08-01,0.0
Dallow,2025-09-01,0.0
Dallow,2025-10-01,0.0
Dallow,2025-11-01,0.0
Dallow,2025-12-01,0.0
Dallow,2026-01-01,0.0
Dallow,2026-02-01,0.0
Dallow,2026-03-01,0.0
Dalston,2025-04-01,9.1174723456802
Dalston,2025-05-01,9.1174723456802
Dalston,2025-06-01,9.1174723456802
Dalston,2025-07-01,9.1174723456802
Dalston,2025-08-01,9.1174723456802
Dalston,2025-09-01,9.1174723456802
Dalston,2025-10-01,9.1174723456802
Dalston,2025-11-01,9.1174723456802
Dalston,2025-12-01,9.1174723456802
Dalston,2026-01-01,9.1174723456802
Dalston,2026-02-01,9.1174723456802
Dalston,2026-03-01,9.1174723456802
Danehill & Fletching,2025-04-01,0.0
Danehill & Fletching,2025-05-01,0.0
Danehill & Fletching,2025-06-01,0.0
Danehill & Fletching,2025-07-01,0.0
Danehill & Fletching,2025-08-01,0.0
Danehill & Fletching,2025-09-01,0.0
Danehill & Fletching,2025-10-01,0.0
Danehill & Fletching,2025-11-01,0.0
Danehill & Fletching,2025-12-01,0.0
Danehill & Fletching,2026-01-01,0.0
Danehill & Fletching,2026-02-01,0.0
Danehill & Fletching,2026-03-01,0.0
Darwin,2025-04-01,1.0760337348477689
Darwin,2025-05-01,1.0760337348477689
Darwin,2025-06-01,1.0760337348477689
Darwin,2025-07-01,1.0760337348477689
Darwin,2025-08-01,1.0760337348477689
Darwin,2025-09-01,1.0760337348477689
Darwin,2025-10-01,1.0760337348477689
Darwin,2025-11-01,1.0760337348477689
Darwin,2025-12-01,1.0760337348477689
Darwin,2026-01-01,1.0760337348477689
Darwin,2026-02-01,1.0760337348477689
Darwin,2026-03-01,1.0760337348477689
De Beauvoir,2025-04-01,11.097345441502679
De Beauvoir,2025-05-01,9.783214221457008
De Beauvoir,2025-06-01,12.256413566682262
De Beauvoir,2025-07-01,13.125867594746621
De Beauvoir,2025-08-01,10.331459311532557
De Beauvoir,2025-09-01,11.504040316121628
De Beauvoir,2025-10-01,9.422501837437842
De Beauvoir,2025-11-01,12.23245951273757
De Beauvoir,2025-12-01,11.636748837704758
De Beauvoir,2026-01-01,10.945826369325726
De Beauvoir,2026-02-01,12.11291038599193
De Beauvoir,2026-03-01,10.421651497998436
Denham,2025-04-01,0.05624493635447782
Denham,2025-05-01,0.05624493635447782
Denham,2025-06-01,0.05624493635447782
Denham,2025-07-01,0.05624493635447782
Denham,2025-08-01,0.05624493635447782
Denham,2025-09-01,0.05624493635447782
Denham,2025-10-01,0.05624493635447782
Denham,2025-11-01,0.05624493635447782
Denham,2025-12-01,0.05624493635447782
Denham,2026-01-01,0.05624493635447782
Denham,2026-02-01,0.05624493635447782
Denham,2026-03-01,0.05624493635447782
Denne,2025-04-01,0.0
Denne,2025-05-01,0.0
Denne,2025-06-01,0.0
Denne,2025-07-01,0.0
Denne,2025-08-01,0.0
Denne,2025-09-01,0.0
Denne,2025-10-01,0.0
Denne,2025-11-01,0.0
Denne,2025-12-01,0.0
Denne,2026-01-01,0.0
Denne,2026-02-01,0.0
Denne,2026-03-01,0.0
Deptford,2025-04-01,10.820427142613024
Deptford,2025-05-01,10.951260792591043
Deptford,2025-06-01,11.074129233245344
Deptford,2025-07-01,11.189517389972268
Deptford,2025-08-01,11.297880665699829
Deptford,2025-09-01,11.399646738228373
Deptford,2025-10-01,11.495217248148379
Deptford,2025-11-01,11.58496938399707
Deptford,2025-12-01,11.669257370910026
Deptford,2026-01-01,11.748413868643025
Deptford,2026-02-01,11.822751284481711
Deptford,2026-03-01,11.89256300622076
Dickinsons,2025-04-01,0.0
Dickinsons,2025-05-01,0.0
Dickinsons,2025-06-01,0.0
Dickinsons,2025-07-01,0.0
Dickinsons,2025-08-01,0.0
Dickinsons,2025-09-01,0.0
Dickinsons,2025-10-01,0.0
Dickinsons,2025-11-01,0.0
Dickinsons,2025-12-01,0.0
Dickinsons,2026-01-01,0.0
Dickinsons,2026-02-01,0.0
Dickinsons,2026-03-01,0.0
Dollis Hill,2025-04-01,10.046172450463473
Dollis Hill,2025-05-01,10.532094720371612
Dollis Hill,2025-06-01,10.705417996253567
Dollis Hill,2025-07-01,11.140328358071274
Dollis Hill,2025-08-01,9.58826944003721
Dollis Hill,2025-09-01,9.78653218346339
Dollis Hill,2025-10-01,8.810210964977442
Dollis Hill,2025-11-01,10.569080347550889
Dollis Hill,2025-12-01,10.959946149925354
Dollis Hill,2026-01-01,9.201273366335618
Dollis Hill,2026-02-01,9.59209523567034
Dollis Hill,2026-03-01,9.201277179412344
Dorchester East,2025-04-01,0.0
Dorchester East,2025-05-01,0.0
Dorchester East,2025-06-01,0.0
Dorchester East,2025-07-01,0.0
Dorchester East,2025-08-01,0.0
Dorchester East,2025-09-01,0.0
Dorchester East,2025-10-01,0.0
Dorchester East,2025-11-01,0.0
Dorchester East,2025-12-01,0.0
Dorchester East,2026-01-01,0.0
Dorchester East,2026-02-01,0.0
Dorchester East,2026-03-01,0.0
Dore and Totley,2025-04-01,0.0
Dore and Totley,2025-05-01,0.0
Dore and Totley,2025-06-01,0.0
Dore and Totley,2025-07-01,0.0
Dore and Totley,2025-08-01,0.0
Dore and Totley,2025-09-01,0.0
Dore and Totley,2025-10-01,0.0
Dore and Totley,2025-11-01,0.0
Dore and Totley,2025-12-01,0.0
Dore and Totley,2026-01-01,0.0
Dore and Totley,2026-02-01,0.0
Dore and Totley,2026-03-01,0.0
Dormers Wells,2025-04-01,4.600438418106324
Dormers Wells,2025-05-01,4.600438418106324
Dormers Wells,2025-06-01,4.600438418106324
Dormers Wells,2025-07-01,4.600438418106324
Dormers Wells,2025-08-01,4.600438418106324
Dormers Wells,2025-09-01,4.600438418106324
Dormers Wells,2025-10-01,4.600438418106324
Dormers Wells,2025-11-01,4.600438418106324
Dormers Wells,2025-12-01,4.600438418106324
Dormers Wells,2026-01-01,4.600438418106324
Dormers Wells,2026-02-01,4.600438418106324
Dormers Wells,2026-03-01,4.600438418106324
Downhall and Rawreth,2025-04-01,0.0
Downhall and Rawreth,2025-05-01,0.0
Downhall and Rawreth,2025-06-01,0.0
Downhall and Rawreth,2025-07-01,0.0
Downhall and Rawreth,2025-08-01,0.0
Downhall and Rawreth,2025-09-01,0.0
Downhall and Rawreth,2025-10-01,0.0
Downhall and Rawreth,2025-11-01,0.0
Downhall and Rawreth,2025-12-01,0.0
Downhall and Rawreth,2026-01-01,0.0
Downhall and Rawreth,2026-02-01,0.0
Downhall and Rawreth,2026-03-01,0.0
Downham,2025-04-01,7.842406055385285
Downham,2025-05-01,6.9652302906697825
Downham,2025-06-01,6.9652302906697825
Downham,2025-07-01,6.9652302906697825
Downham,2025-08-01,6.9652302906697825
Downham,2025-09-01,6.9652302906697825
Downham,2025-10-01,6.9652302906697825
Downham,2025-11-01,6.9652302906697825
Downham,2025-12-01,6.9652302906697825
Downham,2026-01-01,6.9652302906697825
Downham,2026-02-01,6.9652302906697825
Downham,2026-03-01,6.9652302906697825
Dulwich Hill,2025-04-01,3.399310391959858
Dulwich Hill,2025-05-01,3.2144721323150214
Dulwich Hill,2025-06-01,3.814944625149362
Dulwich Hill,2025-07-01,4.046895766620791
Dulwich Hill,2025-08-01,3.4257151019262864
Dulwich Hill,2025-09-01,3.6991266428976335
Dulwich Hill,2025-10-01,3.92792713915189
Dulwich Hill,2025-11-01,3.74794400720255
Dulwich Hill,2025-12-01,3.389328567979327
Dulwich Hill,2026-01-01,3.3984112115743255
Dulwich Hill,2026-02-01,3.4340352876707345
Dulwich Hill,2026-03-01,3.5593785677316334
Dulwich Village,2025-04-01,3.998917021242475
Dulwich Village,2025-05-01,4.334648545170301
Dulwich Village,2025-06-01,4.334648545170301
Dulwich Village,2025-07-01,4.334648545170301
Dulwich Village,2025-08-01,4.334648545170301
Dulwich Village,2025-09-01,4.334648545170301
Dulwich Village,2025-10-01,4.334648545170301
Dulwich Village,2025-11-01,4.334648545170301
Dulwich Village,2025-12-01,4.334648545170301
Dulwich Village,2026-01-01,4.334648545170301
Dulwich Village,2026-02-01,4.334648545170301
Dulwich Village,2026-03-01,4.334648545170301
Dulwich Wood,2025-04-01,5.462734057541418
Dulwich Wood,2025-05-01,5.462734057541418
Dulwich Wood,2025-06-01,5.462734057541418
Dulwich Wood,2025-07-01,5.462734057541418
Dulwich Wood,2025-08-01,5.462734057541418
Dulwich Wood,2025-09-01,5.462734057541418
Dulwich Wood,2025-10-01,5.462734057541418
Dulwich Wood,2025-11-01,5.462734057541418
Dulwich Wood,2025-12-01,5.462734057541418
Dulwich Wood,2026-01-01,5.462734057541418
Dulwich Wood,2026-02-01,5.462734057541418
Dulwich Wood,2026-03-01,5.462734057541418
Eaglescliffe West,2025-04-01,0.0
Eaglescliffe West,2025-05-01,0.0
Eaglescliffe West,2025-06-01,0.0
Eaglescliffe West,2025-07-01,0.0
Eaglescliffe West,2025-08-01,0.0
Eaglescliffe West,2025-09-01,0.0
Eaglescliffe West,2025-10-01,0.0
Eaglescliffe West,2025-11-01,0.0
Eaglescliffe West,2025-12-01,0.0
Eaglescliffe West,2026-01-01,0.0
Eaglescliffe West,2026-02-01,0.0
Eaglescliffe West,2026-03-01,0.0
Ealing Broadway,2025-04-01,9.259996934380666
Ealing Broadway,2025-05-01,9.634498684503619
Ealing Broadway,2025-06-01,9.56871874386288
Ealing Broadway,2025-07-01,9.61915442622162
Ealing Broadway,2025-08-01,9.615682733446683
Ealing Broadway,2025-09-01,9.62322151895959
Ealing Broadway,2025-10-01,9.623714003082739
Ealing Broadway,2025-11-01,9.62498098341134
Ealing Broadway,2025-12-01,9.625234837103916
Ealing Broadway,2026-01-01,9.625471472277939
Ealing Broadway,2026-02-01,9.625544624106807
Ealing Broadway,2026-03-01,9.62559238694688
Ealing Common,2025-04-01,8.114337995804132
Ealing Common,2025-05-01,8.114337995804132
Ealing Common,2025-06-01,8.114337995804132
Ealing Common,2025-07-01,8.114337995804132
Ealing Common,2025-08-01,8.114337995804132
Ealing Common,2025-09-01,8.114337995804132
Ealing Common,2025-10-01,8.114337995804132
Ealing Common,2025-11-01,8.114337995804132
Ealing Common,2025-12-01,8.114337995804132
Ealing Common,2026-01-01,8.114337995804132
Ealing Common,2026-02-01,8.114337995804132
Ealing Common,2026-03-01,8.114337995804132
Earl's Court,2025-04-01,10.185359893855594
Earl's Court,2025-05-01,9.645647277276789
Earl's Court,2025-06-01,9.542156352146272
Earl's Court,2025-07-01,9.522311769575158
Earl's Court,2025-08-01,9.518506532962139
Earl's Court,2025-09-01,9.517776871573236
Earl's Court,2025-10-01,9.517636957608191
Earl's Court,2025-11-01,9.517610128838147
Earl's Court,2025-12-01,9.517604984370244
Earl's Court,2026-01-01,9.517603997908697
Earl's Court,2026-02-01,9.517603808752812
Earl's Court,2026-03-01,9.51760377248181
East Acton,2025-04-01,6.639431047440211
East Acton,2025-05-01,7.076307220149501
East Acton,2025-06-01,7.192726139126988
East Acton,2025-07-01,7.223749494353333
East Acton,2025-08-01,7.232016609165541
East Acton,2025-09-01,7.234219632881692
East Acton,2025-10-01,7.234806695430619
East Acton,2025-11-01,7.234963136068922
East Acton,2025-12-01,7.235004824426249
East Acton,2026-01-01,7.2350159335546405
East Acton,2026-02-01,7.235018893919153
East Acton,2026-03-01,7.235019682798149
East Barnet,2025-04-01,7.318867999461073
East Barnet,2025-05-01,6.878225959751755
East Barnet,2025-06-01,6.762729135530371
East Barnet,2025-07-01,6.732456226449737
East Barnet,2025-08-01,6.7245213846877885
East Barnet,2025-09-01,6.7224415808070495
East Barnet,2025-10-01,6.721896442754885
East Barnet,2025-11-01,6.721753556447831
East Barnet,2025-12-01,6.721716104472753
East Barnet,2026-01-01,6.721706287923735
East Barnet,2026-02-01,6.7217037149049705
East Barnet,2026-03-01,6.721703040490209
East Cliff & Springbourne,2025-04-01,0.0
East Cliff & Springbourne,2025-05-01,0.0
East Cliff & Springbourne,2025-06-01,0.0
East Cliff & Springbourne,2025-07-01,0.0
East Cliff & Springbourne,2025-08-01,0.0
East Cliff & Springbourne,2025-09-01,0.0
East Cliff & Springbourne,2025-10-01,0.0
East Cliff & Springbourne,2025-11-01,0.0
East Cliff & Springbourne,2025-12-01,0.0
East Cliff & Springbourne,2026-01-01,0.0
East Cliff & Springbourne,2026-02-01,0.0
East Cliff & Springbourne,2026-03-01,0.0
East Finchley,2025-04-01,9.466215429246839
East Finchley,2025-05-01,7.022717786714463
East Finchley,2025-06-01,8.801145785979331
East Finchley,2025-07-01,7.5067691950154884
East Finchley,2025-08-01,8.448843183913397
East Finchley,2025-09-01,7.763182297619752
East Finchley,2025-10-01,8.262220437440353
East Finchley,2025-11-01,7.899010182963402
East Finchley,2025-12-01,8.163362100042598
East Finchley,2026-01-01,7.970961320598524
East Finchley,2026-02-01,8.110994577552727
East Finchley,2026-03-01,8.00907548393023
East Greenwich,2025-04-01,3.4499946527961134
East Greenwich,2025-05-01,3.4499946527961134
East Greenwich,2025-06-01,3.4499946527961134
East Greenwich,2025-07-01,3.4499946527961134
East Greenwich,2025-08-01,3.4499946527961134
East Greenwich,2025-09-01,3.4499946527961134
East Greenwich,2025-10-01,3.4499946527961134
East Greenwich,2025-11-01,3.4499946527961134
East Greenwich,2025-12-01,3.4499946527961134
East Greenwich,2026-01-01,3.4499946527961134
East Greenwich,2026-02-01,3.4499946527961134
East Greenwich,2026-03-01,3.4499946527961134
East Ham,2025-04-01,8.794313722396657
East Ham,2025-05-01,8.911217027707645
East Ham,2025-06-01,9.013738212035433
East Ham,2025-07-01,9.10364664711357
East Ham,2025-08-01,9.182494026327939
East Ham,2025-09-01,9.251641144766511
East Ham,2025-10-01,9.312281384632424
East Ham,2025-11-01,9.36546131134567
East Ham,2025-12-01,9.412098735793196
East Ham,2026-01-01,9.45299855445648
East Ham,2026-02-01,9.48886664079499
East Ham,2026-03-01,9.520322027631257
East Ham South,2025-04-01,4.47684731646438
East Ham South,2025-05-01,4.712919236654319
East Ham South,2025-06-01,4.723129867378336
East Ham South,2025-07-01,4.692226431662625
East Ham South,2025-08-01,4.653838904878421
East Ham South,2025-09-01,4.614089031238946
East Ham South,2025-10-01,4.574091166368864
East Ham South,2025-11-01,4.5340481590666455
East Ham South,2025-12-01,4.493996934380393
East Ham South,2026-01-01,4.453944213864226
East Ham South,2026-02-01,4.4138912210585906
East Ham South,2026-03-01,4.373838178687458
East Putney,2025-04-01,9.12431008521122
East Putney,2025-05-01,5.094961934466583
East Putney,2025-06-01,7.3970494143672285
East Putney,2025-07-01,5.917659667608118
East Putney,2025-08-01,6.945371300780135
East Putney,2025-09-01,6.1993100291188785
East Putney,2025-10-01,6.753304782222109
East Putney,2025-11-01,6.337353497918896
East Putney,2025-12-01,6.65131114890284
East Putney,2026-01-01,6.41374776159112
East Putney,2026-02-01,6.593715162935885
East Putney,2026-03-01,6.4573056811440175
East Sheen,2025-04-01,6.18366621994427
East Sheen,2025-05-01,7.100848920412244
East Sheen,2025-06-01,7.301922347835174
East Sheen,2025-07-01,7.346003557821991
East Sheen,2025-08-01,7.355667455726385
East Sheen,2025-09-01,7.357786066416392
East Sheen,2025-10-01,7.358250528199849
East Sheen,2025-11-01,7.358352351885205
East Sheen,2025-12-01,7.35837467463224
East Sheen,2026-01-01,7.358379568435027
East Sheen,2026-02-01,7.358380641300553
East Sheen,2026-03-01,7.358380876504235
East Tilbury,2025-04-01,0.0
East Tilbury,2025-05-01,0.0
East Tilbury,2025-06-01,0.0
East Tilbury,2025-07-01,0.0
East Tilbury,2025-08-01,0.0
East Tilbury,2025-09-01,0.0
East Tilbury,2025-10-01,0.0
East Tilbury,2025-11-01,0.0
East Tilbury,2025-12-01,0.0
East Tilbury,2026-01-01,0.0
East Tilbury,2026-02-01,0.0
East Tilbury,2026-03-01,0.0
East Wickham,2025-04-01,6.081230709270985
East Wickham,2025-05-01,5.025896618486264
East Wickham,2025-06-01,4.338152955327268
East Wickham,2025-07-01,4.334206081327933
East Wickham,2025-08-01,3.957912740576238
East Wickham,2025-09-01,3.775106827230508
East Wickham,2025-10-01,4.227801724786697
East Wickham,2025-11-01,4.687314483794222
East Wickham,2025-12-01,4.220795037016007
East Wickham,2026-01-01,4.3747408610321346
East Wickham,2026-02-01,4.529191383599555
East Wickham,2026-03-01,5.14830127421554
Eastbrook & Rush Green,2025-04-01,1.6112337579678155
Eastbrook & Rush Green,2025-05-01,1.6112337579678155
Eastbrook & Rush Green,2025-06-01,1.6112337579678155
Eastbrook & Rush Green,2025-07-01,1.6112337579678155
Eastbrook & Rush Green,2025-08-01,1.6112337579678155
Eastbrook & Rush Green,2025-09-01,1.6112337579678155
Eastbrook & Rush Green,2025-10-01,1.6112337579678155
Eastbrook & Rush Green,2025-11-01,1.6112337579678155
Eastbrook & Rush Green,2025-12-01,1.6112337579678155
Eastbrook & Rush Green,2026-01-01,1.6112337579678155
Eastbrook & Rush Green,2026-02-01,1.6112337579678155
Eastbrook & Rush Green,2026-03-01,1.6112337579678155
Eastbury,2025-04-01,5.771847304003069
Eastbury,2025-05-01,6.685655669517497
Eastbury,2025-06-01,6.907044729461126
Eastbury,2025-07-01,6.9606808283549375
Eastbury,2025-08-01,6.973675287544923
Eastbury,2025-09-01,6.976823465229779
Eastbury,2025-10-01,6.977586176673981
Eastbury,2025-11-01,6.977770959365858
Eastbury,2025-12-01,6.97781572681163
Eastbury,2026-01-01,6.977826572655364
Eastbury,2026-02-01,6.97782920028632
Eastbury,2026-03-01,6.977829836884505
Eastcote,2025-04-01,4.334750167508812
Eastcote,2025-05-01,3.36848377865125
Eastcote,2025-06-01,4.165690944988975
Eastcote,2025-07-01,4.330009813370274
Eastcote,2025-08-01,4.594565167036901
Eastcote,2025-09-01,4.050524495288087
Eastcote,2025-10-01,5.44556982369721
Eastcote,2025-11-01,4.740262358705099
Eastcote,2025-12-01,5.1019967423231005
Eastcote,2026-01-01,4.835250554151972
Eastcote,2026-02-01,4.3259233616615465
Eastcote,2026-03-01,3.989328589330308
Edgware,2025-04-01,20.673716624946856
Edgware,2025-05-01,19.00527647312582
Edgware,2025-06-01,17.668301439255224
Edgware,2025-07-01,16.132699485069786
Edgware,2025-08-01,16.31915501034103
Edgware,2025-09-01,15.375521376635634
Edgware,2025-10-01,17.974300687119847
Edgware,2025-11-01,19.607049589165047
Edgware,2025-12-01,17.34817018651568
Edgware,2026-01-01,18.836379933380478
Edgware,2026-02-01,21.420488961588262
Edgware,2026-03-01,20.73822401154357
Edgwarebury,2025-04-01,7.691622437050611
Edgwarebury,2025-05-01,6.458005217440176
Edgwarebury,2025-06-01,6.780032422789903
Edgwarebury,2025-07-01,6.4603487099113135
Edgwarebury,2025-08-01,6.68488743095708
Edgwarebury,2025-09-01,7.12055803521795
Edgwarebury,2025-10-01,7.155978935973499
Edgwarebury,2025-11-01,7.64937784880083
Edgwarebury,2025-12-01,7.491169210526958
Edgwarebury,2026-01-01,7.42799191847212
Edgwarebury,2026-02-01,6.794465726540432
Edgwarebury,2026-03-01,7.200025142285469
Edmonton Green,2025-04-01,12.498501391030228
Edmonton Green,2025-05-01,12.291959835224427
Edmonton Green,2025-06-01,11.15598127829252
Edmonton Green,2025-07-01,11.982147501515724
Edmonton Green,2025-08-01,11.878876723612823
Edmonton Green,2025-09-01,12.601772168933127
Edmonton Green,2025-10-01,12.808313724738928
Edmonton Green,2025-11-01,12.085418279418624
Edmonton Green,2025-12-01,11.672335167807022
Edmonton Green,2026-01-01,12.291959835224425
Edmonton Green,2026-02-01,11.878876723612823
Edmonton Green,2026-03-01,12.188689057321525
Egham Town,2025-04-01,0.0
Egham Town,2025-05-01,0.0
Egham Town,2025-06-01,0.0
Egham Town,2025-07-01,0.0
Egham Town,2025-08-01,0.0
Egham Town,2025-09-01,0.0
Egham Town,2025-10-01,0.0
Egham Town,2025-11-01,0.0
Egham Town,2025-12-01,0.0
Egham Town,2026-01-01,0.0
Egham Town,2026-02-01,0.0
Egham Town,2026-03-01,0.0
Elliman,2025-04-01,0.0
Elliman,2025-05-01,0.0
Elliman,2025-06-01,0.0
Elliman,2025-07-01,0.0
Elliman,2025-08-01,0.0
Elliman,2025-09-01,0.0
Elliman,2025-10-01,0.0
Elliman,2025-11-01,0.0
Elliman,2025-12-01,0.0
Elliman,2026-01-01,0.0
Elliman,2026-02-01,0.0
Elliman,2026-03-01,0.0
Elm Park,2025-04-01,3.954496870686429
Elm Park,2025-05-01,3.184756133379091
Elm Park,2025-06-01,5.122361424263907
Elm Park,2025-07-01,3.044559655525607
Elm Park,2025-08-01,4.42511436556765
Elm Park,2025-09-01,4.189050510922014
Elm Park,2025-10-01,6.593975918944488
Elm Park,2025-11-01,4.2809935098112355
Elm Park,2025-12-01,4.304458074062194
Elm Park,2026-01-01,3.134997995351264
Elm Park,2026-02-01,3.346392612396325
Elm Park,2026-03-01,3.9140612452948904
Elstree,2025-04-01,0.0
Elstree,2025-05-01,0.0
Elstree,2025-06-01,0.0
Elstree,2025-07-01,0.0
Elstree,2025-08-01,0.0
Elstree,2025-09-01,0.0
Elstree,2025-10-01,0.0
Elstree,2025-11-01,0.0
Elstree,2025-12-01,0.0
Elstree,2026-01-01,0.0
Elstree,2026-02-01,0.0
Elstree,2026-03-01,0.0
Eltham Page,2025-04-01,3.7360430594071494
Eltham Page,2025-05-01,3.1656774566948758
Eltham Page,2025-06-01,3.0486944896855785
Eltham Page,2025-07-01,3.8544697719765715
Eltham Page,2025-08-01,3.212033084770263
Eltham Page,2025-09-01,3.318846640893374
Eltham Page,2025-10-01,3.177542601804466
Eltham Page,2025-11-01,2.3354240327997395
Eltham Page,2025-12-01,3.808465296311639
Eltham Page,2026-01-01,3.1870965543589267
Eltham Page,2026-02-01,3.307323562178268
Eltham Page,2026-03-01,2.986643557689229
Eltham Park & Progress,2025-04-01,2.144487097643513
Eltham Park & Progress,2025-05-01,3.2310125505417355
Eltham Park & Progress,2025-06-01,2.309865619960526
Eltham Park & Progress,2025-07-01,2.7024597730801805
Eltham Park & Progress,2025-08-01,2.5819572423482193
Eltham Park & Progress,2025-09-01,2.6240590467184908
Eltham Park & Progress,2025-10-01,3.56765904938052
Eltham Park & Progress,2025-11-01,3.7587562620137094
Eltham Park & Progress,2025-12-01,3.4296241505812683
Eltham Park & Progress,2026-01-01,3.7275967533803684
Eltham Park & Progress,2026-02-01,2.8071041568527155
Eltham Park & Progress,2026-03-01,3.4957268188772255
Eltham Town & Avery Hill,2025-04-01,8.93973947205944
Eltham Town & Avery Hill,2025-05-01,8.93973947205944
Eltham Town & Avery Hill,2025-06-01,8.93973947205944
Eltham Town & Avery Hill,2025-07-01,8.93973947205944
Eltham Town & Avery Hill,2025-08-01,8.93973947205944
Eltham Town & Avery Hill,2025-09-01,8.93973947205944
Eltham Town & Avery Hill,2025-10-01,8.93973947205944
Eltham Town & Avery Hill,2025-11-01,8.93973947205944
Eltham Town & Avery Hill,2025-12-01,8.93973947205944
Eltham Town & Avery Hill,2026-01-01,8.93973947205944
Eltham Town & Avery Hill,2026-02-01,8.93973947205944
Eltham Town & Avery Hill,2026-03-01,8.93973947205944
Eltham West,2025-04-01,2.6625002465874528
Eltham West,2025-05-01,2.6625002465874528
Eltham West,2025-06-01,2.6625002465874528
Eltham West,2025-07-01,2.6625002465874528
Eltham West,2025-08-01,2.6625002465874528
Eltham West,2025-09-01,2.6625002465874528
Eltham West,2025-10-01,2.6625002465874528
Eltham West,2025-11-01,2.6625002465874528
Eltham West,2025-12-01,2.6625002465874528
Eltham West,2026-01-01,2.6625002465874528
Eltham West,2026-02-01,2.6625002465874528
Eltham West,2026-03-01,2.6625002465874528
Emerson Park,2025-04-01,2.8712281953649335
Emerson Park,2025-05-01,2.8541545422930024
Emerson Park,2025-06-01,2.8370808892210713
Emerson Park,2025-07-01,2.82000723614914
Emerson Park,2025-08-01,2.802933583077209
Emerson Park,2025-09-01,2.785859930005278
Emerson Park,2025-10-01,2.768786276933347
Emerson Park,2025-11-01,2.751712623861416
Emerson Park,2025-12-01,2.7346389707894847
Emerson Park,2026-01-01,2.7175653177175536
Emerson Park,2026-02-01,2.7004916646456225
Emerson Park,2026-03-01,2.6834180115736914
Endlebury,2025-04-01,2.4897630453864625
Endlebury,2025-05-01,2.4897630453864625
Endlebury,2025-06-01,2.4897630453864625
Endlebury,2025-07-01,2.4897630453864625
Endlebury,2025-08-01,2.4897630453864625
Endlebury,2025-09-01,2.4897630453864625
Endlebury,2025-10-01,2.4897630453864625
Endlebury,2025-11-01,2.4897630453864625
Endlebury,2025-12-01,2.4897630453864625
Endlebury,2026-01-01,2.4897630453864625
Endlebury,2026-02-01,2.4897630453864625
Endlebury,2026-03-01,2.4897630453864625
Enfield Lock,2025-04-01,7.62658251035523
Enfield Lock,2025-05-01,8.43197379993865
Enfield Lock,2025-06-01,9.097667388789244
Enfield Lock,2025-07-01,9.647894290878039
Enfield Lock,2025-08-01,10.102682573134096
Enfield Lock,2025-09-01,10.478586370080828
Enfield Lock,2025-10-01,10.789288448546897
Enfield Lock,2025-11-01,11.046098255596583
Enfield Lock,2025-12-01,11.258363578450222
Enfield Lock,2026-01-01,11.433810800671928
Enfield Lock,2026-02-01,11.578826139830918
Enfield Lock,2026-03-01,11.698688103589014
Erith,2025-04-01,5.794155899257955
Erith,2025-05-01,6.074683742545126
Erith,2025-06-01,6.327117547622431
Erith,2025-07-01,6.554270849765688
Erith,2025-08-01,6.758675416970085
Erith,2025-09-01,6.942609468114396
Erith,2025-10-01,7.108123065159062
Erith,2025-11-01,7.257060962390341
Erith,2025-12-01,7.391083167379873
Erith,2026-01-01,7.511683442824635
Erith,2026-02-01,7.620205955482062
Erith,2026-03-01,7.717860257763283
Eton & Castle,2025-04-01,0.0
Eton & Castle,2025-05-01,0.0
Eton & Castle,2025-06-01,0.0
Eton & Castle,2025-07-01,0.0
Eton & Castle,2025-08-01,0.0
Eton & Castle,2025-09-01,0.0
Eton & Castle,2025-10-01,0.0
Eton & Castle,2025-11-01,0.0
Eton & Castle,2025-12-01,0.0
Eton & Castle,2026-01-01,0.0
Eton & Castle,2026-02-01,0.0
Eton & Castle,2026-03-01,0.0
Evelyn,2025-04-01,6.207834868340614
Evelyn,2025-05-01,6.359825078317321
Evelyn,2025-06-01,6.4987688855747106
Evelyn,2025-07-01,6.625786155819531
Evelyn,2025-08-01,6.741900628705388
Evelyn,2025-09-01,6.848048169016822
Evelyn,2025-10-01,6.945084309595469
Evelyn,2025-11-01,7.033791146803119
Evelyn,2025-12-01,7.114883644098051
Evelyn,2026-01-01,7.189015394530491
Evelyn,2026-02-01,7.256783888602026
Evelyn,2026-03-01,7.318735329947109
Ewell Court,2025-04-01,0.043745037318104606
Ewell Court,2025-05-01,0.043745037318104606
Ewell Court,2025-06-01,0.043745037318104606
Ewell Court,2025-07-01,0.043745037318104606
Ewell Court,2025-08-01,0.043745037318104606
Ewell Court,2025-09-01,0.043745037318104606
Ewell Court,2025-10-01,0.043745037318104606
Ewell Court,2025-11-01,0.043745037318104606
Ewell Court,2025-12-01,0.043745037318104606
Ewell Court,2026-01-01,0.043745037318104606
Ewell Court,2026-02-01,0.043745037318104606
Ewell Court,2026-03-01,0.043745037318104606
Ewell Village,2025-04-01,0.0
Ewell Village,2025-05-01,0.0
Ewell Village,2025-06-01,0.0
Ewell Village,2025-07-01,0.0
Ewell Village,2025-08-01,0.0
Ewell Village,2025-09-01,0.0
Ewell Village,2025-10-01,0.0
Ewell Village,2025-11-01,0.0
Ewell Village,2025-12-01,0.0
Ewell Village,2026-01-01,0.0
Ewell Village,2026-02-01,0.0
Ewell Village,2026-03-01,0.0
Fairfield,2025-04-01,19.290503706377116
Fairfield,2025-05-01,19.38921942343424
Fairfield,2025-06-01,21.43072785685624
Fairfield,2025-07-01,21.660253903688517
Fairfield,2025-08-01,22.18360931935466
Fairfield,2025-09-01,22.292493774493998
Fairfield,2025-10-01,22.43169313932133
Fairfield,2025-11-01,22.47237590142802
Fairfield,2025-12-01,22.51057845618922
Fairfield,2026-01-01,22.524390156541973
Fairfield,2026-02-01,22.535140841200565
Fairfield,2026-03-01,22.539606693246867
Fairlop,2025-04-01,0.8332002959489947
Fairlop,2025-05-01,1.3085573443901337
Fairlop,2025-06-01,1.5234353184905565
Fairlop,2025-07-01,0.7814287077450026
Fairlop,2025-08-01,1.650277865933572
Fairlop,2025-09-01,1.6468257990955384
Fairlop,2025-10-01,1.624425966697257
Fairlop,2025-11-01,3.017857711606922
Fairlop,2025-12-01,2.4775024402265178
Fairlop,2026-01-01,2.991132344317143
Fairlop,2026-02-01,2.034259719803849
Fairlop,2026-03-01,2.183942585374817
Falconbrook,2025-04-01,6.865616762219244
Falconbrook,2025-05-01,6.865616762219244
Falconbrook,2025-06-01,6.865616762219244
Falconbrook,2025-07-01,6.865616762219244
Falconbrook,2025-08-01,6.865616762219244
Falconbrook,2025-09-01,6.865616762219244
Falconbrook,2025-10-01,6.865616762219244
Falconbrook,2025-11-01,6.865616762219244
Falconbrook,2025-12-01,6.865616762219244
Falconbrook,2026-01-01,6.865616762219244
Falconbrook,2026-02-01,6.865616762219244
Falconbrook,2026-03-01,6.865616762219244
Falconwood & Welling,2025-04-01,4.392539391223027
Falconwood & Welling,2025-05-01,4.5736772892288515
Falconwood & Welling,2025-06-01,4.657263647254577
Falconwood & Welling,2025-07-01,4.695834699060534
Falconwood & Welling,2025-08-01,4.713633369472277
Falconwood & Welling,2025-09-01,4.721846592954478
Falconwood & Welling,2025-10-01,4.725636597399083
Falconwood & Welling,2025-11-01,4.727385500703766
Falconwood & Welling,2025-12-01,4.728192534788776
Falconwood & Welling,2026-01-01,4.728564941892486
Falconwood & Welling,2026-02-01,4.728736789715856
Falconwood & Welling,2026-03-01,4.728816089154837
Faraday,2025-04-01,16.682775939580278
Faraday,2025-05-01,15.304468654568156
Faraday,2025-06-01,17.798612289543307
Faraday,2025-07-01,15.172257820765637
Faraday,2025-08-01,15.760372621785633
Faraday,2025-09-01,14.48197474003853
Faraday,2025-10-01,14.463697939367076
Faraday,2025-11-01,16.396880945197378
Faraday,2025-12-01,14.07751155022559
Faraday,2026-01-01,13.509013404321179
Faraday,2026-02-01,16.31817004485111
Faraday,2026-03-01,15.162303991970361
Farnborough & Crofton,2025-04-01,5.192299036802985
Farnborough & Crofton,2025-05-01,5.137465828662665
Farnborough & Crofton,2025-06-01,5.137465828662665
Farnborough & Crofton,2025-07-01,5.137465828662665
Farnborough & Crofton,2025-08-01,5.137465828662665
Farnborough & Crofton,2025-09-01,5.137465828662665
Farnborough & Crofton,2025-10-01,5.137465828662665
Farnborough & Crofton,2025-11-01,5.137465828662665
Farnborough & Crofton,2025-12-01,5.137465828662665
Farnborough & Crofton,2026-01-01,5.137465828662665
Farnborough & Crofton,2026-02-01,5.137465828662665
Farnborough & Crofton,2026-03-01,5.137465828662665
Farnham Common and Burnham Beeches,2025-04-01,0.0
Farnham Common and Burnham Beeches,2025-05-01,0.0
Farnham Common and Burnham Beeches,2025-06-01,0.0
Farnham Common and Burnham Beeches,2025-07-01,0.0
Farnham Common and Burnham Beeches,2025-08-01,0.0
Farnham Common and Burnham Beeches,2025-09-01,0.0
Farnham Common and Burnham Beeches,2025-10-01,0.0
Farnham Common and Burnham Beeches,2025-11-01,0.0
Farnham Common and Burnham Beeches,2025-12-01,0.0
Farnham Common and Burnham Beeches,2026-01-01,0.0
Farnham Common and Burnham Beeches,2026-02-01,0.0
Farnham Common and Burnham Beeches,2026-03-01,0.0
Farringdon Without,2025-04-01,7.736576873228862
Farringdon Without,2025-05-01,7.736576873228862
Farringdon Without,2025-06-01,7.736576873228862
Farringdon Without,2025-07-01,7.736576873228862
Farringdon Without,2025-08-01,7.736576873228862
Farringdon Without,2025-09-01,7.736576873228862
Farringdon Without,2025-10-01,7.736576873228862
Farringdon Without,2025-11-01,7.736576873228862
Farringdon Without,2025-12-01,7.736576873228862
Farringdon Without,2026-01-01,7.736576873228862
Farringdon Without,2026-02-01,7.736576873228862
Farringdon Without,2026-03-01,7.736576873228862
Feltham North,2025-04-01,6.796035700967247
Feltham North,2025-05-01,6.493967151843025
Feltham North,2025-06-01,6.850436722215813
Feltham North,2025-07-01,6.0727381347780796
Feltham North,2025-08-01,6.095726919595481
Feltham North,2025-09-01,5.805774747762195
Feltham North,2025-10-01,6.694703694814435
Feltham North,2025-11-01,7.428846598529178
Feltham North,2025-12-01,6.806941853159572
Feltham North,2026-01-01,6.351357117256801
Feltham North,2026-02-01,5.965368249014673
Feltham North,2026-03-01,6.556005706068725
Feltham West,2025-04-01,5.274990076658876
Feltham West,2025-05-01,5.6039952057018265
Feltham West,2025-06-01,5.6888934154355235
Feltham West,2025-07-01,5.710800994922061
Feltham West,2025-08-01,5.71645414167821
Feltham West,2025-09-01,5.717912909328292
Feltham West,2025-10-01,5.718289337386631
Feltham West,2025-11-01,5.718386472857861
Feltham West,2025-12-01,5.718411538204511
Feltham West,2026-01-01,5.718418006198074
Feltham West,2026-02-01,5.718419675233069
Feltham West,2026-03-01,5.718420105919617
Figge's Marsh,2025-04-01,2.5435591158826854
Figge's Marsh,2025-05-01,2.5435591158826854
Figge's Marsh,2025-06-01,2.5435591158826854
Figge's Marsh,2025-07-01,2.5435591158826854
Figge's Marsh,2025-08-01,2.5435591158826854
Figge's Marsh,2025-09-01,2.5435591158826854
Figge's Marsh,2025-10-01,2.5435591158826854
Figge's Marsh,2025-11-01,2.5435591158826854
Figge's Marsh,2025-12-01,2.5435591158826854
Figge's Marsh,2026-01-01,2.5435591158826854
Figge's Marsh,2026-02-01,2.5435591158826854
Figge's Marsh,2026-03-01,2.5435591158826854
Finchley Church End,2025-04-01,11.203065035782027
Finchley Church End,2025-05-01,10.588398716616798
Finchley Church End,2025-06-01,10.557072618650972
Finchley Church End,2025-07-01,11.050182879759328
Finchley Church End,2025-08-01,10.924378189400935
Finchley Church End,2025-09-01,11.637771733260251
Finchley Church End,2025-10-01,11.228531265724158
Finchley Church End,2025-11-01,11.501858542576644
Finchley Church End,2025-12-01,11.09261807504055
Finchley Church End,2026-01-01,10.89305209143511
Finchley Church End,2026-02-01,11.711533026507297
Finchley Church End,2026-03-01,11.1552702709722
Finsbury Park,2025-04-01,10.565118423742847
Finsbury Park,2025-05-01,10.897101507474508
Finsbury Park,2025-06-01,11.21096274759647
Finsbury Park,2025-07-01,11.507691354800203
Finsbury Park,2025-08-01,11.788222542081733
Finsbury Park,2025-09-01,12.053440472294815
Finsbury Park,2025-10-01,12.304181044807063
Finsbury Park,2025-11-01,12.541234530041857
Finsbury Park,2025-12-01,12.76534806020945
Finsbury Park,2026-01-01,12.977227984077398
Finsbury Park,2026-02-01,13.177542093201987
Finsbury Park,2026-03-01,13.366921726637129
Forest,2025-04-01,4.349371802781906
Forest,2025-05-01,4.529605499643985
Forest,2025-06-01,4.521496200323799
Forest,2025-07-01,4.4970333621883105
Forest,2025-08-01,4.471150570897119
Forest,2025-09-01,4.445144487211103
Forest,2025-10-01,4.419127698232056
Forest,2025-11-01,4.393109979728531
Forest,2025-12-01,4.367092180515796
Forest,2026-01-01,4.341074374295201
Forest,2026-02-01,4.315056567466124
Forest,2026-03-01,4.289038760584214
Forest Gate North,2025-04-01,4.115620265606415
Forest Gate North,2025-05-01,4.115620265606415
Forest Gate North,2025-06-01,4.115620265606415
Forest Gate North,2025-07-01,4.115620265606415
Forest Gate North,2025-08-01,4.115620265606415
Forest Gate North,2025-09-01,4.115620265606415
Forest Gate North,2025-10-01,4.115620265606415
Forest Gate North,2025-11-01,4.115620265606415
Forest Gate North,2025-12-01,4.115620265606415
Forest Gate North,2026-01-01,4.115620265606415
Forest Gate North,2026-02-01,4.115620265606415
Forest Gate North,2026-03-01,4.115620265606415
Forest Gate South,2025-04-01,6.919628522500534
Forest Gate South,2025-05-01,6.434598302810885
Forest Gate South,2025-06-01,7.4046587421901835
Forest Gate South,2025-07-01,6.919628522500535
Forest Gate South,2025-08-01,5.626214603328137
Forest Gate South,2025-09-01,6.434598302810885
Forest Gate South,2025-10-01,6.7579517826039845
Forest Gate South,2025-11-01,7.242982002293633
Forest Gate South,2025-12-01,7.566335482086733
Forest Gate South,2026-01-01,6.919628522500534
Forest Gate South,2026-02-01,6.596275042707434
Forest Gate South,2026-03-01,7.728012221983282
Forest Hill,2025-04-01,4.9802647730015215
Forest Hill,2025-05-01,4.774582081933787
Forest Hill,2025-06-01,4.871402745302545
Forest Hill,2025-07-01,4.8249226555569
Forest Hill,2025-08-01,4.778442565811256
Forest Hill,2025-09-01,4.731962476065611
Forest Hill,2025-10-01,4.685482386319967
Forest Hill,2025-11-01,4.639002296574322
Forest Hill,2025-12-01,4.5925222068286775
Forest Hill,2026-01-01,4.546042117083033
Forest Hill,2026-02-01,4.499562027337388
Forest Hill,2026-03-01,4.453081937591744
Fortis Green,2025-04-01,7.489482168361875
Fortis Green,2025-05-01,8.555863578825038
Fortis Green,2025-06-01,7.942864181001962
Fortis Green,2025-07-01,7.329864783178886
Fortis Green,2025-08-01,7.230503069962133
Fortis Green,2025-09-01,8.296884480425296
Fortis Green,2025-10-01,8.183489278465041
Fortis Green,2025-11-01,10.134703148245768
Fortis Green,2025-12-01,8.746218056855362
Fortis Green,2026-01-01,10.459675739734273
Fortis Green,2026-02-01,7.90544752466395
Fortis Green,2026-03-01,8.362877973514058
Fortune Green,2025-04-01,6.432888082062419
Fortune Green,2025-05-01,6.692992370693719
Fortune Green,2025-06-01,6.72080057176273
Fortune Green,2025-07-01,6.723773594817305
Fortune Green,2025-08-01,6.724091445873585
Fortune Green,2025-09-01,6.724125427881838
Fortune Green,2025-10-01,6.724129060957337
Fortune Green,2025-11-01,6.724129449375747
Fortune Green,2025-12-01,6.724129490902233
Fortune Green,2026-01-01,6.724129495341902
Fortune Green,2026-02-01,6.7241294958165545
Fortune Green,2026-03-01,6.724129495867301
Friern Barnet,2025-04-01,3.637705200740805
Friern Barnet,2025-05-01,6.404817368801172
Friern Barnet,2025-06-01,6.373686264156219
Friern Barnet,2025-07-01,8.898472626280112
Friern Barnet,2025-08-01,7.855457031349719
Friern Barnet,2025-09-01,8.913850854486387
Friern Barnet,2025-10-01,9.387113114903618
Friern Barnet,2025-11-01,9.888335035047655
Friern Barnet,2025-12-01,8.235648391652111
Friern Barnet,2026-01-01,9.643452334801767
Friern Barnet,2026-02-01,8.311962266513031
Friern Barnet,2026-03-01,8.61248241308374
Frognal,2025-04-01,4.042224267583654
Frognal,2025-05-01,4.520898129802065
Frognal,2025-06-01,6.272734518573293
Frognal,2025-07-01,5.805034003959376
Frognal,2025-08-01,5.307776289211184
Frognal,2025-09-01,6.1570291130590515
Frognal,2025-10-01,6.246489547970935
Frognal,2025-11-01,7.92894204880899
Frognal,2025-12-01,5.552310781910343
Frognal,2026-01-01,6.128499346889082
Frognal,2026-02-01,5.091233946764322
Frognal,2026-03-01,4.793428512476704
Fulham Reach,2025-04-01,6.986603018717483
Fulham Reach,2025-05-01,7.152823173990114
Fulham Reach,2025-06-01,7.152823173990114
Fulham Reach,2025-07-01,6.487942552899592
Fulham Reach,2025-08-01,6.487942552899592
Fulham Reach,2025-09-01,7.152823173990114
Fulham Reach,2025-10-01,7.651483639808005
Fulham Reach,2025-11-01,7.152823173990113
Fulham Reach,2025-12-01,6.155502242354331
Fulham Reach,2026-01-01,6.321722397626961
Fulham Reach,2026-02-01,6.654162708172222
Fulham Reach,2026-03-01,6.986603018717482
Fulham Town,2025-04-01,6.778250727933862
Fulham Town,2025-05-01,5.630583223862639
Fulham Town,2025-06-01,6.281944959169791
Fulham Town,2025-07-01,5.912262879022635
Fulham Town,2025-08-01,6.122076923928855
Fulham Town,2025-09-01,6.002996406359851
Fulham Town,2025-10-01,6.07058086988249
Fulham Town,2025-11-01,6.032223128390511
Fulham Town,2025-12-01,6.053993166290903
Fulham Town,2026-01-01,6.041637523550999
Fulham Town,2026-02-01,6.048650001352583
Fulham Town,2026-03-01,6.044670050980685
Fullwell,2025-04-01,2.6909145955159266
Fullwell,2025-05-01,2.345481569108945
Fullwell,2025-06-01,3.543482235638371
Fullwell,2025-07-01,2.4962719521407077
Fullwell,2025-08-01,4.262886735655293
Fullwell,2025-09-01,4.110459995229672
Fullwell,2025-10-01,4.0562666236161435
Fullwell,2025-11-01,3.1766878960444154
Fullwell,2025-12-01,4.052623183856588
Fullwell,2026-01-01,4.264049739246887
Fullwell,2026-02-01,4.804550511692207
Fullwell,2026-03-01,4.329555803346724
Fulwell & Hampton Hill,2025-04-01,2.834574183117553
Fulwell & Hampton Hill,2025-05-01,2.834574183117553
Fulwell & Hampton Hill,2025-06-01,2.834574183117553
Fulwell & Hampton Hill,2025-07-01,2.834574183117553
Fulwell & Hampton Hill,2025-08-01,2.834574183117553
Fulwell & Hampton Hill,2025-09-01,2.834574183117553
Fulwell & Hampton Hill,2025-10-01,2.834574183117553
Fulwell & Hampton Hill,2025-11-01,2.834574183117553
Fulwell & Hampton Hill,2025-12-01,2.834574183117553
Fulwell & Hampton Hill,2026-01-01,2.834574183117553
Fulwell & Hampton Hill,2026-02-01,2.834574183117553
Fulwell & Hampton Hill,2026-03-01,2.834574183117553
Furzedown,2025-04-01,3.401566426122762
Furzedown,2025-05-01,3.401566426122762
Furzedown,2025-06-01,3.401566426122762
Furzedown,2025-07-01,3.401566426122762
Furzedown,2025-08-01,3.401566426122762
Furzedown,2025-09-01,3.401566426122762
Furzedown,2025-10-01,3.401566426122762
Furzedown,2025-11-01,3.401566426122762
Furzedown,2025-12-01,3.401566426122762
Furzedown,2026-01-01,3.401566426122762
Furzedown,2026-02-01,3.401566426122762
Furzedown,2026-03-01,3.401566426122762
Gade Valley,2025-04-01,0.0
Gade Valley,2025-05-01,0.0
Gade Valley,2025-06-01,0.0
Gade Valley,2025-07-01,0.0
Gade Valley,2025-08-01,0.0
Gade Valley,2025-09-01,0.0
Gade Valley,2025-10-01,0.0
Gade Valley,2025-11-01,0.0
Gade Valley,2025-12-01,0.0
Gade Valley,2026-01-01,0.0
Gade Valley,2026-02-01,0.0
Gade Valley,2026-03-01,0.0
Garden Suburb,2025-04-01,8.018038622158778
Garden Suburb,2025-05-01,8.018038622158778
Garden Suburb,2025-06-01,8.018038622158778
Garden Suburb,2025-07-01,8.018038622158778
Garden Suburb,2025-08-01,8.018038622158778
Garden Suburb,2025-09-01,8.018038622158778
Garden Suburb,2025-10-01,8.018038622158778
Garden Suburb,2025-11-01,8.018038622158778
Garden Suburb,2025-12-01,8.018038622158778
Garden Suburb,2026-01-01,8.018038622158778
Garden Suburb,2026-02-01,8.018038622158778
Garden Suburb,2026-03-01,8.018038622158778
Gascoigne,2025-04-01,4.372385347908709
Gascoigne,2025-05-01,4.931785156343855
Gascoigne,2025-06-01,4.16897908472846
Gascoigne,2025-07-01,4.704499572927346
Gascoigne,2025-08-01,4.422215422347601
Gascoigne,2025-09-01,4.48514199718261
Gascoigne,2025-10-01,4.331431675159055
Gascoigne,2025-11-01,4.424378541077969
Gascoigne,2025-12-01,4.374274376270639
Gascoigne,2026-01-01,4.376215371979917
Gascoigne,2026-02-01,4.343022513253122
Gascoigne,2026-03-01,4.358044168013812
Gillingham South,2025-04-01,0.0
Gillingham South,2025-05-01,0.0
Gillingham South,2025-06-01,0.0
Gillingham South,2025-07-01,0.0
Gillingham South,2025-08-01,0.0
Gillingham South,2025-09-01,0.0
Gillingham South,2025-10-01,0.0
Gillingham South,2025-11-01,0.0
Gillingham South,2025-12-01,0.0
Gillingham South,2026-01-01,0.0
Gillingham South,2026-02-01,0.0
Gillingham South,2026-03-01,0.0
Gipsy Hill,2025-04-01,6.119543175116052
Gipsy Hill,2025-05-01,4.73472714558146
Gipsy Hill,2025-06-01,5.946562066743491
Gipsy Hill,2025-07-01,5.348388353813751
Gipsy Hill,2025-08-01,6.24635848021029
Gipsy Hill,2025-09-01,5.670223969570265
Gipsy Hill,2025-10-01,5.148344316162069
Gipsy Hill,2025-11-01,3.967685669823047
Gipsy Hill,2025-12-01,4.97854014837251
Gipsy Hill,2026-01-01,5.244408863361163
Gipsy Hill,2026-02-01,5.336269436720528
Gipsy Hill,2026-03-01,5.4739835224127695
Goffs Oak,2025-04-01,0.0
Goffs Oak,2025-05-01,0.0
Goffs Oak,2025-06-01,0.0
Goffs Oak,2025-07-01,0.0
Goffs Oak,2025-08-01,0.0
Goffs Oak,2025-09-01,0.0
Goffs Oak,2025-10-01,0.0
Goffs Oak,2025-11-01,0.0
Goffs Oak,2025-12-01,0.0
Goffs Oak,2026-01-01,0.0
Goffs Oak,2026-02-01,0.0
Goffs Oak,2026-03-01,0.0
Golborne,2025-04-01,7.493776016379458
Golborne,2025-05-01,7.493776016379458
Golborne,2025-06-01,7.493776016379458
Golborne,2025-07-01,7.493776016379458
Golborne,2025-08-01,7.493776016379458
Golborne,2025-09-01,7.493776016379458
Golborne,2025-10-01,7.493776016379458
Golborne,2025-11-01,7.493776016379458
Golborne,2025-12-01,7.493776016379458
Golborne,2026-01-01,7.493776016379458
Golborne,2026-02-01,7.493776016379458
Golborne,2026-03-01,7.493776016379458
Golders Green,2025-04-01,9.187274370067115
Golders Green,2025-05-01,8.885047363577755
Golders Green,2025-06-01,8.8479873544632
Golders Green,2025-07-01,8.810927345348645
Golders Green,2025-08-01,8.77386733623409
Golders Green,2025-09-01,8.736807327119536
Golders Green,2025-10-01,8.699747318004981
Golders Green,2025-11-01,8.662687308890426
Golders Green,2025-12-01,8.625627299775871
Golders Green,2026-01-01,8.588567290661317
Golders Green,2026-02-01,8.551507281546762
Golders Green,2026-03-01,8.514447272432207
Goodmayes,2025-04-01,5.3391840157303445
Goodmayes,2025-05-01,6.5824301881743645
Goodmayes,2025-06-01,5.8064925554925395
Goodmayes,2025-07-01,6.8754698170437685
Goodmayes,2025-08-01,6.028215304543802
Goodmayes,2025-09-01,6.378726604510935
Goodmayes,2025-10-01,6.898089683217858
Goodmayes,2025-11-01,6.209792293452962
Goodmayes,2025-12-01,6.2101946661613
Goodmayes,2026-01-01,5.693398864538499
Goodmayes,2026-02-01,5.5211460956135925
Goodmayes,2026-03-01,5.865813983523674
Goose Green,2025-04-01,9.02174229841493
Goose Green,2025-05-01,9.20404156299985
Goose Green,2025-06-01,10.400526714236406
Goose Green,2025-07-01,9.332485444036838
Goose Green,2025-08-01,9.919800493896425
Goose Green,2025-09-01,10.532165069868554
Goose Green,2025-10-01,10.98083430308843
Goose Green,2025-11-01,10.869230249020951
Goose Green,2025-12-01,10.121784948857158
Goose Green,2026-01-01,9.62554320520938
Goose Green,2026-02-01,10.872946760484997
Goose Green,2026-03-01,10.222585599143493
Gooshays,2025-04-01,6.1094265881305425
Gooshays,2025-05-01,7.291789948648096
Gooshays,2025-06-01,7.741385099609631
Gooshays,2025-07-01,7.912344219722796
Gooshays,2025-08-01,7.97735163959234
Gooshays,2025-09-01,8.00207079254129
Gooshays,2025-10-01,8.011470281457166
Gooshays,2025-11-01,8.015044448907894
Gooshays,2025-12-01,8.016403530564371
Gooshays,2026-01-01,8.016920323069042
Gooshays,2026-02-01,8.017116834067194
Gooshays,2026-03-01,8.01719155762074
Goresbrook,2025-04-01,2.3807208568849094
Goresbrook,2025-05-01,2.4363061326058495
Goresbrook,2025-06-01,2.4444215873310076
Goresbrook,2025-07-01,2.4456064443734866
Goresbrook,2025-08-01,2.445779433596969
Goresbrook,2025-09-01,2.4458046900375083
Goresbrook,2025-10-01,2.445808377479858
Goresbrook,2025-11-01,2.4458089158467375
Goresbrook,2025-12-01,2.4458089944483454
Goresbrook,2026-01-01,2.4458090059241866
Goresbrook,2026-02-01,2.44580900759966
Goresbrook,2026-03-01,2.4458090078442796
Gospel Oak,2025-04-01,7.712004378192413
Gospel Oak,2025-05-01,7.712004378192413
Gospel Oak,2025-06-01,7.712004378192413
Gospel Oak,2025-07-01,7.712004378192413
Gospel Oak,2025-08-01,7.712004378192413
Gospel Oak,2025-09-01,7.712004378192413
Gospel Oak,2025-10-01,7.712004378192413
Gospel Oak,2025-11-01,7.712004378192413
Gospel Oak,2025-12-01,7.712004378192413
Gospel Oak,2026-01-01,7.712004378192413
Gospel Oak,2026-02-01,7.712004378192413
Gospel Oak,2026-03-01,7.712004378192413
Grange Hill,2025-04-01,0.16663552811684754
Grange Hill,2025-05-01,0.19425750352269158
Grange Hill,2025-06-01,0.1988362001184502
Grange Hill,2025-07-01,0.19959517778778724
Grange Hill,2025-08-01,0.19972098806818142
Grange Hill,2025-09-01,0.19974184273531106
Grange Hill,2025-10-01,0.19974529966378882
Grange Hill,2025-11-01,0.19974587269400915
Grange Hill,2025-12-01,0.19974596768111563
Grange Hill,2026-01-01,0.19974598342644645
Grange Hill,2026-02-01,0.19974598603643695
Grange Hill,2026-03-01,0.19974598646907632
Grange Park,2025-04-01,4.08738139325615
Grange Park,2025-05-01,4.89987563939342
Grange Park,2025-06-01,4.929285340687602
Grange Park,2025-07-01,3.428611580520399
Grange Park,2025-08-01,3.5367106436564786
Grange Park,2025-09-01,3.832770286034092
Grange Park,2025-10-01,4.250314925019646
Grange Park,2025-11-01,4.189554938858633
Grange Park,2025-12-01,5.057856382170727
Grange Park,2026-01-01,4.391443469028673
Grange Park,2026-02-01,4.728619708531489
Grange Park,2026-03-01,4.761912026405253
Graveney,2025-04-01,3.6414332189948713
Graveney,2025-05-01,3.4480476195877805
Graveney,2025-06-01,3.449777925279525
Graveney,2025-07-01,3.6428828589427558
Graveney,2025-08-01,3.6022394429648936
Graveney,2025-09-01,3.799021659396407
Graveney,2025-10-01,3.704806138137654
Graveney,2025-11-01,3.3695583326760556
Graveney,2025-12-01,3.613908575840344
Graveney,2026-01-01,4.20298957089546
Graveney,2026-02-01,3.4433110508083438
Graveney,2026-03-01,3.6877221977508134
Grays Riverside,2025-04-01,0.0
Grays Riverside,2025-05-01,0.0
Grays Riverside,2025-06-01,0.0
Grays Riverside,2025-07-01,0.0
Grays Riverside,2025-08-01,0.0
Grays Riverside,2025-09-01,0.0
Grays Riverside,2025-10-01,0.0
Grays Riverside,2025-11-01,0.0
Grays Riverside,2025-12-01,0.0
Grays Riverside,2026-01-01,0.0
Grays Riverside,2026-02-01,0.0
Grays Riverside,2026-03-01,0.0
Green Lane & St James,2025-04-01,1.3787687587303152
Green Lane & St James,2025-05-01,1.8506994119467843
Green Lane & St James,2025-06-01,1.4719674228406525
Green Lane & St James,2025-07-01,1.7759059752416848
Green Lane & St James,2025-08-01,1.531990366598054
Green Lane & St James,2025-09-01,1.7277365911885176
Green Lane & St James,2025-10-01,1.5706470770959529
Green Lane & St James,2025-11-01,1.6967139552156567
Green Lane & St James,2025-12-01,1.5955432446774382
Green Lane & St James,2026-01-01,1.6767343776972399
Green Lane & St James,2026-02-01,1.611577179077498
Green Lane & St James,2026-03-01,1.663866885774128
Green Street East,2025-04-01,5.762086954806635
Green Street East,2025-05-01,5.762086954806635
Green Street East,2025-06-01,5.762086954806635
Green Street East,2025-07-01,5.762086954806635
Green Street East,2025-08-01,5.762086954806635
Green Street East,2025-09-01,5.762086954806635
Green Street East,2025-10-01,5.762086954806635
Green Street East,2025-11-01,5.762086954806635
Green Street East,2025-12-01,5.762086954806635
Green Street East,2026-01-01,5.762086954806635
Green Street East,2026-02-01,5.762086954806635
Green Street East,2026-03-01,5.762086954806635
Green Street West,2025-04-01,4.673385581923801
Green Street West,2025-05-01,5.099850750036466
Green Street West,2025-06-01,5.1678815424680185
Green Street West,2025-07-01,5.178733984976623
Green Street West,2025-08-01,5.180465193804171
Green Street West,2025-09-01,5.1807413605751265
Green Street West,2025-10-01,5.180785415390563
Green Street West,2025-11-01,5.180792443125132
Green Street West,2025-12-01,5.180793564206964
Green Street West,2026-01-01,5.180793743044748
Green Street West,2026-02-01,5.180793771573399
Green Street West,2026-03-01,5.180793776124362
Greenford Broadway,2025-04-01,6.691426056266415
Greenford Broadway,2025-05-01,5.8355375440784645
Greenford Broadway,2025-06-01,5.52819063434217
Greenford Broadway,2025-07-01,5.57730786168014
Greenford Broadway,2025-08-01,6.4145269307770585
Greenford Broadway,2025-09-01,7.216876151600256
Greenford Broadway,2025-10-01,6.986161988518914
Greenford Broadway,2025-11-01,6.584084785440753
Greenford Broadway,2025-12-01,6.092868617462262
Greenford Broadway,2026-01-01,6.747880129167032
Greenford Broadway,2026-02-01,6.273762191335947
Greenford Broadway,2026-03-01,6.026670639394386
Greenhill,2025-04-01,8.862344343816613
Greenhill,2025-05-01,8.341144775968122
Greenhill,2025-06-01,8.255452552935434
Greenhill,2025-07-01,9.410443204343345
Greenhill,2025-08-01,8.56335658559287
Greenhill,2025-09-01,10.475402978963967
Greenhill,2025-10-01,9.70589827628545
Greenhill,2025-11-01,8.745513906487524
Greenhill,2025-12-01,10.31760310239322
Greenhill,2026-01-01,8.505653535855608
Greenhill,2026-02-01,9.39495481863679
Greenhill,2026-03-01,9.119334737130671
Greenstead,2025-04-01,0.0
Greenstead,2025-05-01,0.0
Greenstead,2025-06-01,0.0
Greenstead,2025-07-01,0.0
Greenstead,2025-08-01,0.0
Greenstead,2025-09-01,0.0
Greenstead,2025-10-01,0.0
Greenstead,2025-11-01,0.0
Greenstead,2025-12-01,0.0
Greenstead,2026-01-01,0.0
Greenstead,2026-02-01,0.0
Greenstead,2026-03-01,0.0
Greenwich Creekside,2025-04-01,6.884588273112032
Greenwich Creekside,2025-05-01,6.838614375388973
Greenwich Creekside,2025-06-01,6.820300818102875
Greenwich Creekside,2025-07-01,6.8130056702672155
Greenwich Creekside,2025-08-01,6.810099671115182
Greenwich Creekside,2025-09-01,6.808942075510286
Greenwich Creekside,2025-10-01,6.808480950948865
Greenwich Creekside,2025-11-01,6.808297263432907
Greenwich Creekside,2025-12-01,6.808224092089757
Greenwich Creekside,2026-01-01,6.80819494451579
Greenwich Creekside,2026-02-01,6.808183333671549
Greenwich Creekside,2026-03-01,6.808178708528333
Greenwich Park,2025-04-01,4.321988634422559
Greenwich Park,2025-05-01,4.321988634422559
Greenwich Park,2025-06-01,4.321988634422559
Greenwich Park,2025-07-01,4.321988634422559
Greenwich Park,2025-08-01,4.321988634422559
Greenwich Park,2025-09-01,4.321988634422559
Greenwich Park,2025-10-01,4.321988634422559
Greenwich Park,2025-11-01,4.321988634422559
Greenwich Park,2025-12-01,4.321988634422559
Greenwich Park,2026-01-01,4.321988634422559
Greenwich Park,2026-02-01,4.321988634422559
Greenwich Park,2026-03-01,4.321988634422559
Greenwich Peninsula,2025-04-01,14.836839356229879
Greenwich Peninsula,2025-05-01,14.836839356229879
Greenwich Peninsula,2025-06-01,14.836839356229879
Greenwich Peninsula,2025-07-01,14.836839356229879
Greenwich Peninsula,2025-08-01,14.836839356229879
Greenwich Peninsula,2025-09-01,14.836839356229879
Greenwich Peninsula,2025-10-01,14.836839356229879
Greenwich Peninsula,2025-11-01,14.836839356229879
Greenwich Peninsula,2025-12-01,14.836839356229879
Greenwich Peninsula,2026-01-01,14.836839356229879
Greenwich Peninsula,2026-02-01,14.836839356229879
Greenwich Peninsula,2026-03-01,14.836839356229879
Greenwich West,2025-04-01,-0.03831342183046976
Greenwich West,2025-05-01,-0.4376142333135053
Greenwich West,2025-06-01,-0.6867518802837134
Greenwich West,2025-07-01,-0.7312663706450478
Greenwich West,2025-08-01,-0.6198759288362912
Greenwich West,2025-09-01,-0.7433739871171504
Greenwich West,2025-10-01,-0.7438651635000656
Greenwich West,2025-11-01,-0.9043149344922338
Greenwich West,2025-12-01,-0.6682454812965124
Greenwich West,2026-01-01,-0.9542987726543966
Greenwich West,2026-02-01,-0.8238083218298269
Greenwich West,2026-03-01,-0.7508741907611108
Grove,2025-04-01,6.238728533630425
Grove,2025-05-01,6.426150983831277
Grove,2025-06-01,6.591030554723316
Grove,2025-07-01,6.736078668588063
Grove,2025-08-01,6.863680622073838
Grove,2025-09-01,6.975934812077085
Grove,2025-10-01,7.074687243596011
Grove,2025-11-01,7.161561887033534
Grove,2025-12-01,7.237987384171297
Grove,2026-01-01,7.305220541990871
Grove,2026-02-01,7.364367000694877
Grove,2026-03-01,7.416399415810831
Grove Green,2025-04-01,3.746088832985145
Grove Green,2025-05-01,4.771056390236434
Grove Green,2025-06-01,4.13862030694927
Grove Green,2025-07-01,4.381661839965015
Grove Green,2025-08-01,4.675608623800919
Grove Green,2025-09-01,4.594321382592642
Grove Green,2025-10-01,4.588456084538483
Grove Green,2025-11-01,4.647374153428871
Grove Green,2025-12-01,4.645038835216542
Grove Green,2026-01-01,4.637028768177442
Grove Green,2026-02-01,4.64599701581943
Grove Green,2026-03-01,4.64817410021842
Grove Park,2025-04-01,4.38840633070756
Grove Park,2025-05-01,4.308877497171659
Grove Park,2025-06-01,4.276326678301106
Grove Park,2025-07-01,4.243775859430553
Grove Park,2025-08-01,4.21122504056
Grove Park,2025-09-01,4.178674221689446
Grove Park,2025-10-01,4.146123402818893
Grove Park,2025-11-01,4.11357258394834
Grove Park,2025-12-01,4.081021765077787
Grove Park,2026-01-01,4.0484709462072335
Grove Park,2026-02-01,4.01592012733668
Grove Park,2026-03-01,3.9833693084661275
Hackbridge,2025-04-01,1.8449244927198416
Hackbridge,2025-05-01,1.7429808200780588
Hackbridge,2025-06-01,1.9646625152840238
Hackbridge,2025-07-01,1.984293492477505
Hackbridge,2025-08-01,2.0527284438678226
Hackbridge,2025-09-01,2.0735618863906176
Hackbridge,2025-10-01,2.097960560584804
Hackbridge,2025-11-01,2.109387647253143
Hackbridge,2025-12-01,2.1189722283496955
Hackbridge,2026-01-01,2.1243986964489503
Hackbridge,2026-02-01,2.128371491494754
Hackbridge,2026-03-01,2.1308202167546977
Hackney Central,2025-04-01,9.473681184414191
Hackney Central,2025-05-01,9.849544053620546
Hackney Central,2025-06-01,9.097818315207837
Hackney Central,2025-07-01,9.849544053620546
Hackney Central,2025-08-01,9.097818315207837
Hackney Central,2025-09-01,8.721955446001482
Hackney Central,2025-10-01,9.473681184414193
Hackney Central,2025-11-01,8.534024011398305
Hackney Central,2025-12-01,8.90988688060466
Hackney Central,2026-01-01,9.097818315207837
Hackney Central,2026-02-01,8.90988688060466
Hackney Central,2026-03-01,9.097818315207837
Hackney Downs,2025-04-01,8.881806369040483
Hackney Downs,2025-05-01,9.33440160762774
Hackney Downs,2025-06-01,9.480355828665799
Hackney Downs,2025-07-01,9.559113950987472
Hackney Downs,2025-08-01,9.621801211337228
Hackney Downs,2025-09-01,9.679383234074235
Hackney Downs,2025-10-01,9.734259698346754
Hackney Downs,2025-11-01,9.787001440985504
Hackney Downs,2025-12-01,9.837787155015956
Hackney Downs,2026-01-01,9.886709829604653
Hackney Downs,2026-02-01,9.93384217134552
Hackney Downs,2026-03-01,9.979250628062216
Hackney Wick,2025-04-01,7.302962179570382
Hackney Wick,2025-05-01,7.6330917648472525
Hackney Wick,2025-06-01,7.93204214551194
Hackney Wick,2025-07-01,8.20275805249316
Hackney Wick,2025-08-01,8.447906100572968
Hackney Wick,2025-09-01,8.669901055163907
Hackney Wick,2025-10-01,8.87092961831114
Hackney Wick,2025-11-01,9.052971968217276
Hackney Wick,2025-12-01,9.217821264459213
Hackney Wick,2026-01-01,9.367101311027898
Hackney Wick,2026-02-01,9.502282551176137
Hackney Wick,2026-03-01,9.624696551627347
Hacton,2025-04-01,1.9275744952230414
Hacton,2025-05-01,1.6810184870176377
Hacton,2025-06-01,1.624334022771493
Hacton,2025-07-01,1.6113019798281485
Hacton,2025-08-01,1.60830584772148
Hacton,2025-09-01,1.6076170219065533
Hacton,2025-10-01,1.6074586573931016
Hacton,2025-11-01,1.6074222485963094
Hacton,2025-12-01,1.607413878031118
Hacton,2026-01-01,1.6074119535961517
Hacton,2026-02-01,1.6074115111588905
Hacton,2026-03-01,1.6074114094403427
Haggerston,2025-04-01,8.659730987192637
Haggerston,2025-05-01,7.5658017956270065
Haggerston,2025-06-01,8.098054083023893
Haggerston,2025-07-01,9.142271775840213
Haggerston,2025-08-01,7.611520121100126
Haggerston,2025-09-01,7.794387506539999
Haggerston,2025-10-01,8.353106151057686
Haggerston,2025-11-01,8.419150813463048
Haggerston,2025-12-01,7.907846250244358
Haggerston,2026-01-01,7.4390621583235115
Haggerston,2026-02-01,8.44352627908898
Haggerston,2026-03-01,8.82090804346248
Hainault,2025-04-01,3.2106781475135824
Hainault,2025-05-01,3.622723571437829
Hainault,2025-06-01,3.7579444038766856
Hainault,2025-07-01,3.864459287292948
Hainault,2025-08-01,3.914049058702683
Hainault,2025-09-01,3.9450301751918313
Hainault,2025-10-01,3.9613130540630057
Hainault,2025-11-01,3.9707621272170597
Hainault,2025-12-01,3.975938211101805
Hainault,2026-01-01,3.9788695605949425
Hainault,2026-02-01,3.9804979161434932
Hainault,2026-03-01,3.9814126198013033
Hale End & Highams Park South,2025-04-01,2.993961132178111
Hale End & Highams Park South,2025-05-01,2.9697200061499833
Hale End & Highams Park South,2025-06-01,2.9454788801218554
Hale End & Highams Park South,2025-07-01,2.9212377540937275
Hale End & Highams Park South,2025-08-01,2.8969966280655997
Hale End & Highams Park South,2025-09-01,2.8727555020374718
Hale End & Highams Park South,2025-10-01,2.848514376009344
Hale End & Highams Park South,2025-11-01,2.824273249981216
Hale End & Highams Park South,2025-12-01,2.800032123953088
Hale End & Highams Park South,2026-01-01,2.77579099792496
Hale End & Highams Park South,2026-02-01,2.7515498718968323
Hale End & Highams Park South,2026-03-01,2.7273087458687044
"Halstead, Knockholt and Badgers Mount",2025-04-01,0.0
"Halstead, Knockholt and Badgers Mount",2025-05-01,0.0
"Halstead, Knockholt and Badgers Mount",2025-06-01,0.0
"Halstead, Knockholt and Badgers Mount",2025-07-01,0.0
"Halstead, Knockholt and Badgers Mount",2025-08-01,0.0
"Halstead, Knockholt and Badgers Mount",2025-09-01,0.0
"Halstead, Knockholt and Badgers Mount",2025-10-01,0.0
"Halstead, Knockholt and Badgers Mount",2025-11-01,0.0
"Halstead, Knockholt and Badgers Mount",2025-12-01,0.0
"Halstead, Knockholt and Badgers Mount",2026-01-01,0.0
"Halstead, Knockholt and Badgers Mount",2026-02-01,0.0
"Halstead, Knockholt and Badgers Mount",2026-03-01,0.0
"Ham, Petersham & Richmond Riverside",2025-04-01,3.890811452079846
"Ham, Petersham & Richmond Riverside",2025-05-01,4.964310909930056
"Ham, Petersham & Richmond Riverside",2025-06-01,4.876360468289045
"Ham, Petersham & Richmond Riverside",2025-07-01,4.539104399257825
"Ham, Petersham & Richmond Riverside",2025-08-01,4.797639461113144
"Ham, Petersham & Richmond Riverside",2025-09-01,5.049497237595027
"Ham, Petersham & Richmond Riverside",2025-10-01,4.92504173333895
"Ham, Petersham & Richmond Riverside",2025-11-01,4.800227772246692
"Ham, Petersham & Richmond Riverside",2025-12-01,4.675330758152952
"Ham, Petersham & Richmond Riverside",2026-01-01,4.675336561240816
"Ham, Petersham & Richmond Riverside",2026-02-01,4.800259966019519
"Ham, Petersham & Richmond Riverside",2026-03-01,4.42549409686676
Hammersmith Broadway,2025-04-01,5.075031536542384
Hammersmith Broadway,2025-05-01,5.075031536542384
Hammersmith Broadway,2025-06-01,5.075031536542384
Hammersmith Broadway,2025-07-01,5.075031536542384
Hammersmith Broadway,2025-08-01,5.075031536542384
Hammersmith Broadway,2025-09-01,5.075031536542384
Hammersmith Broadway,2025-10-01,5.075031536542384
Hammersmith Broadway,2025-11-01,5.075031536542384
Hammersmith Broadway,2025-12-01,5.075031536542384
Hammersmith Broadway,2026-01-01,5.075031536542384
Hammersmith Broadway,2026-02-01,5.075031536542384
Hammersmith Broadway,2026-03-01,5.075031536542384
Hampstead Town,2025-04-01,3.6305578514574295
Hampstead Town,2025-05-01,3.6305578514574295
Hampstead Town,2025-06-01,3.6305578514574295
Hampstead Town,2025-07-01,3.6305578514574295
Hampstead Town,2025-08-01,3.6305578514574295
Hampstead Town,2025-09-01,3.6305578514574295
Hampstead Town,2025-10-01,3.6305578514574295
Hampstead Town,2025-11-01,3.6305578514574295
Hampstead Town,2025-12-01,3.6305578514574295
Hampstead Town,2026-01-01,3.6305578514574295
Hampstead Town,2026-02-01,3.6305578514574295
Hampstead Town,2026-03-01,3.6305578514574295
Hampton,2025-04-01,4.295098844251553
Hampton,2025-05-01,4.361897664435429
Hampton,2025-06-01,3.4873317252814693
Hampton,2025-07-01,4.652486592969163
Hampton,2025-08-01,3.4208658495135307
Hampton,2025-09-01,3.5656549581824195
Hampton,2025-10-01,5.161843017402293
Hampton,2025-11-01,4.4367259783448345
Hampton,2025-12-01,4.790445271721653
Hampton,2026-01-01,4.4317011179682595
Hampton,2026-02-01,3.557768054712329
Hampton,2026-03-01,3.9249632644085826
Hampton North,2025-04-01,4.284932021267565
Hampton North,2025-05-01,5.2349147646399015
Hampton North,2025-06-01,5.638025472443349
Hampton North,2025-07-01,5.843088062123316
Hampton North,2025-08-01,5.947403489305563
Hampton North,2025-09-01,6.000468791783197
Hampton North,2025-10-01,6.027463133877231
Hampton North,2025-11-01,6.041195167260002
Hampton North,2025-12-01,6.04818065852216
Hampton North,2026-01-01,6.051734180918551
Hampton North,2026-02-01,6.053541859283287
Hampton North,2026-03-01,6.054461426041513
Hampton Wick & South Teddington,2025-04-01,4.246497367124002
Hampton Wick & South Teddington,2025-05-01,4.3563023993616135
Hampton Wick & South Teddington,2025-06-01,4.3563023993616135
Hampton Wick & South Teddington,2025-07-01,4.3563023993616135
Hampton Wick & South Teddington,2025-08-01,4.3563023993616135
Hampton Wick & South Teddington,2025-09-01,4.3563023993616135
Hampton Wick & South Teddington,2025-10-01,4.3563023993616135
Hampton Wick & South Teddington,2025-11-01,4.3563023993616135
Hampton Wick & South Teddington,2025-12-01,4.3563023993616135
Hampton Wick & South Teddington,2026-01-01,4.3563023993616135
Hampton Wick & South Teddington,2026-02-01,4.3563023993616135
Hampton Wick & South Teddington,2026-03-01,4.3563023993616135
Hanger Hill,2025-04-01,6.672239185959976
Hanger Hill,2025-05-01,7.404085704024126
Hanger Hill,2025-06-01,7.6045166118622705
Hanger Hill,2025-07-01,7.659408652509106
Hanger Hill,2025-08-01,7.674441943326744
Hanger Hill,2025-09-01,7.678559112776895
Hanger Hill,2025-10-01,7.679686682547672
Hanger Hill,2025-11-01,7.679995490237849
Hanger Hill,2025-12-01,7.680080063442971
Hanger Hill,2026-01-01,7.680103225518438
Hanger Hill,2026-02-01,7.6801095689192715
Hanger Hill,2026-03-01,7.680111306187341
Hangleton & Knoll,2025-04-01,0.0
Hangleton & Knoll,2025-05-01,0.0
Hangleton & Knoll,2025-06-01,0.0
Hangleton & Knoll,2025-07-01,0.0
Hangleton & Knoll,2025-08-01,0.0
Hangleton & Knoll,2025-09-01,0.0
Hangleton & Knoll,2025-10-01,0.0
Hangleton & Knoll,2025-11-01,0.0
Hangleton & Knoll,2025-12-01,0.0
Hangleton & Knoll,2026-01-01,0.0
Hangleton & Knoll,2026-02-01,0.0
Hangleton & Knoll,2026-03-01,0.0
Hanwell Broadway,2025-04-01,7.999149464038594
Hanwell Broadway,2025-05-01,9.601861950486747
Hanwell Broadway,2025-06-01,8.750613308786708
Hanwell Broadway,2025-07-01,8.50941257037343
Hanwell Broadway,2025-08-01,7.934208852625661
Hanwell Broadway,2025-09-01,9.13432716527572
Hanwell Broadway,2025-10-01,8.156383216587196
Hanwell Broadway,2025-11-01,8.56723165963888
Hanwell Broadway,2025-12-01,8.529702076722986
Hanwell Broadway,2026-01-01,8.403739242610662
Hanwell Broadway,2026-02-01,7.84880518929427
Hanwell Broadway,2026-03-01,8.260310934971988
Hanworth Park,2025-04-01,4.531751846689082
Hanworth Park,2025-05-01,4.736332982582064
Hanworth Park,2025-06-01,4.855176271606137
Hanworth Park,2025-07-01,4.736332982582064
Hanworth Park,2025-08-01,4.736332982582064
Hanworth Park,2025-09-01,4.736332982582064
Hanworth Park,2025-10-01,4.6174896935579905
Hanworth Park,2025-11-01,4.736332982582063
Hanworth Park,2025-12-01,4.736332982582063
Hanworth Park,2026-01-01,4.736332982582063
Hanworth Park,2026-02-01,5.092862849654281
Hanworth Park,2026-03-01,4.855176271606136
Hanworth Village,2025-04-01,4.64079881507946
Hanworth Village,2025-05-01,5.4232312864907675
Hanworth Village,2025-06-01,5.655055297022363
Hanworth Village,2025-07-01,5.723741571969536
Hanworth Village,2025-08-01,5.744092373231667
Hanworth Village,2025-09-01,5.7501220365425585
Hanworth Village,2025-10-01,5.751908543087161
Hanworth Village,2025-11-01,5.752437860475106
Hanworth Village,2025-12-01,5.752594689957778
Hanworth Village,2026-01-01,5.752641156382641
Hanworth Village,2026-02-01,5.752654923747059
Hanworth Village,2026-03-01,5.752659002828322
Hardwicke,2025-04-01,0.0
Hardwicke,2025-05-01,0.0
Hardwicke,2025-06-01,0.0
Hardwicke,2025-07-01,0.0
Hardwicke,2025-08-01,0.0
Hardwicke,2025-09-01,0.0
Hardwicke,2025-10-01,0.0
Hardwicke,2025-11-01,0.0
Hardwicke,2025-12-01,0.0
Hardwicke,2026-01-01,0.0
Hardwicke,2026-02-01,0.0
Hardwicke,2026-03-01,0.0
Harefield Village,2025-04-01,2.289042281735939
Harefield Village,2025-05-01,2.282449555252422
Harefield Village,2025-06-01,2.282449555252422
Harefield Village,2025-07-01,2.282449555252422
Harefield Village,2025-08-01,2.282449555252422
Harefield Village,2025-09-01,2.282449555252422
Harefield Village,2025-10-01,2.282449555252422
Harefield Village,2025-11-01,2.282449555252422
Harefield Village,2025-12-01,2.282449555252422
Harefield Village,2026-01-01,2.282449555252422
Harefield Village,2026-02-01,2.282449555252422
Harefield Village,2026-03-01,2.282449555252422
Harlesden & Kensal Green,2025-04-01,7.754905068746533
Harlesden & Kensal Green,2025-05-01,8.674748267697872
Harlesden & Kensal Green,2025-06-01,8.876728927097643
Harlesden & Kensal Green,2025-07-01,8.89694049313768
Harlesden & Kensal Green,2025-08-01,8.87112652994275
Harlesden & Kensal Green,2025-09-01,8.833658498929111
Harlesden & Kensal Green,2025-10-01,8.79323955569392
Harlesden & Kensal Green,2025-11-01,8.752073415593667
Harlesden & Kensal Green,2025-12-01,8.710718078691466
Harlesden & Kensal Green,2026-01-01,8.669314835499046
Harlesden & Kensal Green,2026-02-01,8.627899462013625
Harlesden & Kensal Green,2026-03-01,8.586481017031588
Harold Wood,2025-04-01,6.5712308847910155
Harold Wood,2025-05-01,6.803513582582607
Harold Wood,2025-06-01,6.803513582582607
Harold Wood,2025-07-01,6.803513582582607
Harold Wood,2025-08-01,6.803513582582607
Harold Wood,2025-09-01,6.803513582582607
Harold Wood,2025-10-01,6.803513582582607
Harold Wood,2025-11-01,6.803513582582607
Harold Wood,2025-12-01,6.803513582582607
Harold Wood,2026-01-01,6.803513582582607
Harold Wood,2026-02-01,6.803513582582607
Harold Wood,2026-03-01,6.803513582582607
Harringay,2025-04-01,5.458349250574668
Harringay,2025-05-01,5.866130864515511
Harringay,2025-06-01,6.350965977360479
Harringay,2025-07-01,6.527570432269041
Harringay,2025-08-01,6.6453637305533295
Harringay,2025-09-01,6.700596562558298
Harringay,2025-10-01,6.732056733276017
Harringay,2025-11-01,6.748090510150225
Harringay,2025-12-01,6.756788485126421
Harringay,2026-01-01,6.761342773780178
Harringay,2026-02-01,6.763775526921063
Harringay,2026-03-01,6.76506041663497
Harrow Road,2025-04-01,6.555011253092503
Harrow Road,2025-05-01,7.368257820477585
Harrow Road,2025-06-01,7.368257820477585
Harrow Road,2025-07-01,7.368257820477585
Harrow Road,2025-08-01,7.368257820477585
Harrow Road,2025-09-01,7.368257820477585
Harrow Road,2025-10-01,7.368257820477585
Harrow Road,2025-11-01,7.368257820477585
Harrow Road,2025-12-01,7.368257820477585
Harrow Road,2026-01-01,7.368257820477585
Harrow Road,2026-02-01,7.368257820477585
Harrow Road,2026-03-01,7.368257820477585
Harrow Weald,2025-04-01,7.624488215520758
Harrow Weald,2025-05-01,6.1627872811497335
Harrow Weald,2025-06-01,6.009313732453271
Harrow Weald,2025-07-01,6.624708884566245
Harrow Weald,2025-08-01,7.751772267885773
Harrow Weald,2025-09-01,6.517828036764742
Harrow Weald,2025-10-01,6.25210872866755
Harrow Weald,2025-11-01,7.187819794212233
Harrow Weald,2025-12-01,7.41464474274185
Harrow Weald,2026-01-01,6.692033257218142
Harrow Weald,2026-02-01,7.402269928752865
Harrow Weald,2026-03-01,6.922363176787334
Harrow on the Hill,2025-04-01,3.4750034859577514
Harrow on the Hill,2025-05-01,3.4750034859577514
Harrow on the Hill,2025-06-01,3.4750034859577514
Harrow on the Hill,2025-07-01,3.4750034859577514
Harrow on the Hill,2025-08-01,3.4750034859577514
Harrow on the Hill,2025-09-01,3.4750034859577514
Harrow on the Hill,2025-10-01,3.4750034859577514
Harrow on the Hill,2025-11-01,3.4750034859577514
Harrow on the Hill,2025-12-01,3.4750034859577514
Harrow on the Hill,2026-01-01,3.4750034859577514
Harrow on the Hill,2026-02-01,3.4750034859577514
Harrow on the Hill,2026-03-01,3.4750034859577514
Haselbury,2025-04-01,5.875094185646214
Haselbury,2025-05-01,6.250907729991988
Haselbury,2025-06-01,6.250907729991988
Haselbury,2025-07-01,6.250907729991988
Haselbury,2025-08-01,6.250907729991988
Haselbury,2025-09-01,6.250907729991988
Haselbury,2025-10-01,6.250907729991988
Haselbury,2025-11-01,6.250907729991988
Haselbury,2025-12-01,6.250907729991988
Haselbury,2026-01-01,6.250907729991988
Haselbury,2026-02-01,6.250907729991988
Haselbury,2026-03-01,6.250907729991988
Hatch End,2025-04-01,3.2945300008563567
Hatch End,2025-05-01,2.8921376743364613
Hatch End,2025-06-01,3.0407234583556755
Hatch End,2025-07-01,2.9160708893299176
Hatch End,2025-08-01,2.886922618056537
Hatch End,2025-09-01,3.2059260624069763
Hatch End,2025-10-01,2.7982964397739236
Hatch End,2025-11-01,3.036607524347023
Hatch End,2025-12-01,3.28370177816035
Hatch End,2026-01-01,2.7864641006300253
Hatch End,2026-02-01,2.7100496487196133
Hatch End,2026-03-01,2.494540927676392
Hatch Lane & Highams Park North,2025-04-01,3.154113179074274
Hatch Lane & Highams Park North,2025-05-01,3.154113179074274
Hatch Lane & Highams Park North,2025-06-01,3.154113179074274
Hatch Lane & Highams Park North,2025-07-01,3.154113179074274
Hatch Lane & Highams Park North,2025-08-01,3.154113179074274
Hatch Lane & Highams Park North,2025-09-01,3.154113179074274
Hatch Lane & Highams Park North,2025-10-01,3.154113179074274
Hatch Lane & Highams Park North,2025-11-01,3.154113179074274
Hatch Lane & Highams Park North,2025-12-01,3.154113179074274
Hatch Lane & Highams Park North,2026-01-01,3.154113179074274
Hatch Lane & Highams Park North,2026-02-01,3.154113179074274
Hatch Lane & Highams Park North,2026-03-01,3.154113179074274
Havering-atte-Bower,2025-04-01,3.1209855687268018
Havering-atte-Bower,2025-05-01,3.538746606536176
Havering-atte-Bower,2025-06-01,3.5127812290147404
Havering-atte-Bower,2025-07-01,3.4868158514933048
Havering-atte-Bower,2025-08-01,3.460850473971869
Havering-atte-Bower,2025-09-01,3.4348850964504334
Havering-atte-Bower,2025-10-01,3.4089197189289977
Havering-atte-Bower,2025-11-01,3.382954341407562
Havering-atte-Bower,2025-12-01,3.3569889638861263
Havering-atte-Bower,2026-01-01,3.3310235863646906
Havering-atte-Bower,2026-02-01,3.305058208843255
Havering-atte-Bower,2026-03-01,3.2790928313218193
Haverstock,2025-04-01,9.746738551743277
Haverstock,2025-05-01,9.746738551743277
Haverstock,2025-06-01,9.746738551743277
Haverstock,2025-07-01,9.746738551743277
Haverstock,2025-08-01,9.746738551743277
Haverstock,2025-09-01,9.746738551743277
Haverstock,2025-10-01,9.746738551743277
Haverstock,2025-11-01,9.746738551743277
Haverstock,2025-12-01,9.746738551743277
Haverstock,2026-01-01,9.746738551743277
Haverstock,2026-02-01,9.746738551743277
Haverstock,2026-03-01,9.746738551743277
Hayes & Coney Hall,2025-04-01,4.471317481716776
Hayes & Coney Hall,2025-05-01,4.807234282048797
Hayes & Coney Hall,2025-06-01,4.566662981075229
Hayes & Coney Hall,2025-07-01,4.593404789541726
Hayes & Coney Hall,2025-08-01,4.551453734103073
Hayes & Coney Hall,2025-09-01,4.55001110663894
Hayes & Coney Hall,2025-10-01,4.5417391666411415
Hayes & Coney Hall,2025-11-01,4.540166697930017
Hayes & Coney Hall,2025-12-01,4.538333866659193
Hayes & Coney Hall,2026-01-01,4.537745167716599
Hayes & Coney Hall,2026-02-01,4.537301423481332
Hayes & Coney Hall,2026-03-01,4.537119003050066
Hayes Town,2025-04-01,11.264259986806396
Hayes Town,2025-05-01,11.264259986806396
Hayes Town,2025-06-01,11.264259986806396
Hayes Town,2025-07-01,11.264259986806396
Hayes Town,2025-08-01,11.264259986806396
Hayes Town,2025-09-01,11.264259986806396
Hayes Town,2025-10-01,11.264259986806396
Hayes Town,2025-11-01,11.264259986806396
Hayes Town,2025-12-01,11.264259986806396
Hayes Town,2026-01-01,11.264259986806396
Hayes Town,2026-02-01,11.264259986806396
Hayes Town,2026-03-01,11.264259986806396
Headingley & Hyde Park,2025-04-01,0.0
Headingley & Hyde Park,2025-05-01,0.0
Headingley & Hyde Park,2025-06-01,0.0
Headingley & Hyde Park,2025-07-01,0.0
Headingley & Hyde Park,2025-08-01,0.0
Headingley & Hyde Park,2025-09-01,0.0
Headingley & Hyde Park,2025-10-01,0.0
Headingley & Hyde Park,2025-11-01,0.0
Headingley & Hyde Park,2025-12-01,0.0
Headingley & Hyde Park,2026-01-01,0.0
Headingley & Hyde Park,2026-02-01,0.0
Headingley & Hyde Park,2026-03-01,0.0
Headstone,2025-04-01,6.2381836771220005
Headstone,2025-05-01,6.230549098482247
Headstone,2025-06-01,6.222914519842494
Headstone,2025-07-01,6.21527994120274
Headstone,2025-08-01,6.207645362562987
Headstone,2025-09-01,6.200010783923234
Headstone,2025-10-01,6.19237620528348
Headstone,2025-11-01,6.184741626643727
Headstone,2025-12-01,6.177107048003974
Headstone,2026-01-01,6.16947246936422
Headstone,2026-02-01,6.161837890724467
Headstone,2026-03-01,6.1542033120847135
Headstone North,2025-04-01,0.16146206116848996
Headstone North,2025-05-01,0.16146206116848996
Headstone North,2025-06-01,0.16146206116848996
Headstone North,2025-07-01,0.16146206116848996
Headstone North,2025-08-01,0.16146206116848996
Headstone North,2025-09-01,0.16146206116848996
Headstone North,2025-10-01,0.16146206116848996
Headstone North,2025-11-01,0.16146206116848996
Headstone North,2025-12-01,0.16146206116848996
Headstone North,2026-01-01,0.16146206116848996
Headstone North,2026-02-01,0.16146206116848996
Headstone North,2026-03-01,0.16146206116848996
Heath,2025-04-01,2.2063616729983764
Heath,2025-05-01,2.1833014827040724
Heath,2025-06-01,2.1602412924097685
Heath,2025-07-01,2.1371811021154645
Heath,2025-08-01,2.1141209118211606
Heath,2025-09-01,2.0910607215268566
Heath,2025-10-01,2.0680005312325527
Heath,2025-11-01,2.0449403409382487
Heath,2025-12-01,2.0218801506439448
Heath,2026-01-01,1.9988199603496408
Heath,2026-02-01,1.9757597700553369
Heath,2026-03-01,1.952699579761033
Heathfield,2025-04-01,5.763417656060698
Heathfield,2025-05-01,5.028147791571449
Heathfield,2025-06-01,5.028147791571449
Heathfield,2025-07-01,5.028147791571449
Heathfield,2025-08-01,5.028147791571449
Heathfield,2025-09-01,5.028147791571449
Heathfield,2025-10-01,5.028147791571449
Heathfield,2025-11-01,5.028147791571449
Heathfield,2025-12-01,5.028147791571449
Heathfield,2026-01-01,5.028147791571449
Heathfield,2026-02-01,5.028147791571449
Heathfield,2026-03-01,5.028147791571449
Heathrow Villages,2025-04-01,9.942404045020215
Heathrow Villages,2025-05-01,9.942404045020215
Heathrow Villages,2025-06-01,9.942404045020215
Heathrow Villages,2025-07-01,9.942404045020215
Heathrow Villages,2025-08-01,9.942404045020215
Heathrow Villages,2025-09-01,9.942404045020215
Heathrow Villages,2025-10-01,9.942404045020215
Heathrow Villages,2025-11-01,9.942404045020215
Heathrow Villages,2025-12-01,9.942404045020215
Heathrow Villages,2026-01-01,9.942404045020215
Heathrow Villages,2026-02-01,9.942404045020215
Heathrow Villages,2026-03-01,9.942404045020215
Heaton,2025-04-01,8.404796430379573
Heaton,2025-05-01,8.851421127120204
Heaton,2025-06-01,8.28941786439457
Heaton,2025-07-01,7.5869137859875275
Heaton,2025-08-01,7.8679154173503445
Heaton,2025-09-01,7.8679154173503445
Heaton,2025-10-01,8.570419495757388
Heaton,2025-11-01,7.7274146016689365
Heaton,2025-12-01,7.586913785987528
Heaton,2026-01-01,7.727414601668937
Heaton,2026-02-01,7.305912154624711
Heaton,2026-03-01,7.586913785987528
Hendon,2025-04-01,12.031589693315874
Hendon,2025-05-01,12.194976553808974
Hendon,2025-06-01,12.152839524287385
Hendon,2025-07-01,12.110702494765796
Hendon,2025-08-01,12.068565465244207
Hendon,2025-09-01,12.026428435722618
Hendon,2025-10-01,11.984291406201029
Hendon,2025-11-01,11.94215437667944
Hendon,2025-12-01,11.900017347157851
Hendon,2026-01-01,11.857880317636262
Hendon,2026-02-01,11.815743288114673
Hendon,2026-03-01,11.773606258593084
Hermitage & Gardens,2025-04-01,2.431586131511395
Hermitage & Gardens,2025-05-01,2.4033787532681923
Hermitage & Gardens,2025-06-01,2.3751713750249897
Hermitage & Gardens,2025-07-01,2.346963996781787
Hermitage & Gardens,2025-08-01,2.3187566185385844
Hermitage & Gardens,2025-09-01,2.2905492402953818
Hermitage & Gardens,2025-10-01,2.262341862052179
Hermitage & Gardens,2025-11-01,2.2341344838089765
Hermitage & Gardens,2025-12-01,2.205927105565774
Hermitage & Gardens,2026-01-01,2.1777197273225712
Hermitage & Gardens,2026-02-01,2.1495123490793686
Hermitage & Gardens,2026-03-01,2.121304970836166
Herne Hill & Loughborough Junction,2025-04-01,8.752200580155062
Herne Hill & Loughborough Junction,2025-05-01,8.752200580155062
Herne Hill & Loughborough Junction,2025-06-01,8.752200580155062
Herne Hill & Loughborough Junction,2025-07-01,8.752200580155062
Herne Hill & Loughborough Junction,2025-08-01,8.752200580155062
Herne Hill & Loughborough Junction,2025-09-01,8.752200580155062
Herne Hill & Loughborough Junction,2025-10-01,8.752200580155062
Herne Hill & Loughborough Junction,2025-11-01,8.752200580155062
Herne Hill & Loughborough Junction,2025-12-01,8.752200580155062
Herne Hill & Loughborough Junction,2026-01-01,8.752200580155062
Herne Hill & Loughborough Junction,2026-02-01,8.752200580155062
Herne Hill & Loughborough Junction,2026-03-01,8.752200580155062
Heston Central,2025-04-01,4.080975605917025
Heston Central,2025-05-01,3.6276407601101783
Heston Central,2025-06-01,4.262013828075721
Heston Central,2025-07-01,3.383199945395679
Heston Central,2025-08-01,3.7146064107300236
Heston Central,2025-09-01,4.754772157980985
Heston Central,2025-10-01,4.4482137457604445
Heston Central,2025-11-01,5.695022594054355
Heston Central,2025-12-01,4.182057322145679
Heston Central,2026-01-01,5.746276436760801
Heston Central,2026-02-01,5.567583177953103
Heston Central,2026-03-01,5.457622689024398
Heston East,2025-04-01,4.485327653942189
Heston East,2025-05-01,2.696649959110154
Heston East,2025-06-01,3.3590906946041583
Heston East,2025-07-01,3.8180737548391632
Heston East,2025-08-01,2.9001076343691534
Heston East,2025-09-01,3.9198025924686632
Heston East,2025-10-01,4.279463396878679
Heston East,2025-11-01,3.2573618569746587
Heston East,2025-12-01,4.28186997868319
Heston East,2026-01-01,3.4111584043211645
Heston East,2026-02-01,3.5128872419506645
Heston East,2026-03-01,3.818073754839164
Heston West,2025-04-01,2.7916829959506626
Heston West,2025-05-01,3.496945056391693
Heston West,2025-06-01,2.7104555802763377
Heston West,2025-07-01,3.1593487175398476
Heston West,2025-08-01,3.1950123223960096
Heston West,2025-09-01,2.8788945535285295
Heston West,2025-10-01,3.8017015194429753
Heston West,2025-11-01,3.218970386825978
Heston West,2025-12-01,3.9224532720525964
Heston West,2026-01-01,3.857005827505852
Heston West,2026-02-01,4.017527937889998
Heston West,2026-03-01,4.0300828083156475
High Barnet,2025-04-01,4.427471436986726
High Barnet,2025-05-01,4.390334230572204
High Barnet,2025-06-01,4.353197024157683
High Barnet,2025-07-01,4.316059817743161
High Barnet,2025-08-01,4.27892261132864
High Barnet,2025-09-01,4.241785404914118
High Barnet,2025-10-01,4.204648198499597
High Barnet,2025-11-01,4.1675109920850755
High Barnet,2025-12-01,4.130373785670554
High Barnet,2026-01-01,4.093236579256033
High Barnet,2026-02-01,4.056099372841511
High Barnet,2026-03-01,4.01896216642699
High Street,2025-04-01,6.692851900473551
High Street,2025-05-01,6.692851900473551
High Street,2025-06-01,6.692851900473551
High Street,2025-07-01,6.692851900473551
High Street,2025-08-01,6.692851900473551
High Street,2025-09-01,6.692851900473551
High Street,2025-10-01,6.692851900473551
High Street,2025-11-01,6.692851900473551
High Street,2025-12-01,6.692851900473551
High Street,2026-01-01,6.692851900473551
High Street,2026-02-01,6.692851900473551
High Street,2026-03-01,6.692851900473551
Higham Hill,2025-04-01,5.497416356365078
Higham Hill,2025-05-01,5.140509054756711
Higham Hill,2025-06-01,5.055733193871381
Higham Hill,2025-07-01,5.035596462130502
Higham Hill,2025-08-01,5.030813402884986
Higham Hill,2025-09-01,5.029677287251103
Higham Hill,2025-10-01,5.029407426756533
Higham Hill,2025-11-01,5.029343327043126
Higham Hill,2025-12-01,5.029328101497551
Higham Hill,2026-01-01,5.029324484987808
Higham Hill,2026-02-01,5.029323625961597
Higham Hill,2026-03-01,5.029323421917897
Highbury,2025-04-01,6.035653469462359
Highbury,2025-05-01,6.035653469462359
Highbury,2025-06-01,6.035653469462359
Highbury,2025-07-01,6.035653469462359
Highbury,2025-08-01,6.035653469462359
Highbury,2025-09-01,6.035653469462359
Highbury,2025-10-01,6.035653469462359
Highbury,2025-11-01,6.035653469462359
Highbury,2025-12-01,6.035653469462359
Highbury,2026-01-01,6.035653469462359
Highbury,2026-02-01,6.035653469462359
Highbury,2026-03-01,6.035653469462359
Highbury West,2025-04-01,0.5218683551086551
Highbury West,2025-05-01,0.5218683551086551
Highbury West,2025-06-01,0.5218683551086551
Highbury West,2025-07-01,0.5218683551086551
Highbury West,2025-08-01,0.5218683551086551
Highbury West,2025-09-01,0.5218683551086551
Highbury West,2025-10-01,0.5218683551086551
Highbury West,2025-11-01,0.5218683551086551
Highbury West,2025-12-01,0.5218683551086551
Highbury West,2026-01-01,0.5218683551086551
Highbury West,2026-02-01,0.5218683551086551
Highbury West,2026-03-01,0.5218683551086551
Highfield,2025-04-01,6.552656848097872
Highfield,2025-05-01,7.047216973016073
Highfield,2025-06-01,7.039097194756349
Highfield,2025-07-01,7.624463805428913
Highfield,2025-08-01,5.956261567019572
Highfield,2025-09-01,8.2747556541359
Highfield,2025-10-01,7.69739512551699
Highfield,2025-11-01,9.41515536498992
Highfield,2025-12-01,7.919365595069946
Highfield,2026-01-01,8.448853107091647
Highfield,2026-02-01,6.996065602136663
Highfield,2026-03-01,7.224980040811834
Highgate,2025-04-01,22.777943673218424
Highgate,2025-05-01,22.777943673218424
Highgate,2025-06-01,22.777943673218424
Highgate,2025-07-01,22.777943673218424
Highgate,2025-08-01,22.777943673218424
Highgate,2025-09-01,22.777943673218424
Highgate,2025-10-01,22.777943673218424
Highgate,2025-11-01,22.777943673218424
Highgate,2025-12-01,22.777943673218424
Highgate,2026-01-01,22.777943673218424
Highgate,2026-02-01,22.777943673218424
Highgate,2026-03-01,22.777943673218424
Hillingdon East,2025-04-01,3.662319435703784
Hillingdon East,2025-05-01,2.957875854170875
Hillingdon East,2025-06-01,2.919919619875169
Hillingdon East,2025-07-01,2.8819633855794633
Hillingdon East,2025-08-01,2.8440071512837575
Hillingdon East,2025-09-01,2.8060509169880516
Hillingdon East,2025-10-01,2.768094682692346
Hillingdon East,2025-11-01,2.73013844839664
Hillingdon East,2025-12-01,2.692182214100934
Hillingdon East,2026-01-01,2.6542259798052283
Hillingdon East,2026-02-01,2.6162697455095225
Hillingdon East,2026-03-01,2.5783135112138167
Hillingdon West,2025-04-01,3.0216660660635144
Hillingdon West,2025-05-01,2.9736864370213367
Hillingdon West,2025-06-01,2.925706807979159
Hillingdon West,2025-07-01,3.021666066063515
Hillingdon West,2025-08-01,2.973686437021337
Hillingdon West,2025-09-01,3.021666066063515
Hillingdon West,2025-10-01,2.7817679208526256
Hillingdon West,2025-11-01,2.925706807979159
Hillingdon West,2025-12-01,3.021666066063515
Hillingdon West,2026-01-01,3.0696456951056925
Hillingdon West,2026-02-01,2.925706807979159
Hillingdon West,2026-03-01,3.0696456951056925
Hillrise,2025-04-01,9.95845552838904
Hillrise,2025-05-01,9.95845552838904
Hillrise,2025-06-01,9.95845552838904
Hillrise,2025-07-01,9.95845552838904
Hillrise,2025-08-01,9.95845552838904
Hillrise,2025-09-01,9.95845552838904
Hillrise,2025-10-01,9.95845552838904
Hillrise,2025-11-01,9.95845552838904
Hillrise,2025-12-01,9.95845552838904
Hillrise,2026-01-01,9.95845552838904
Hillrise,2026-02-01,9.95845552838904
Hillrise,2026-03-01,9.95845552838904
Hillside,2025-04-01,3.5337296104478533
Hillside,2025-05-01,3.3804422324640018
Hillside,2025-06-01,3.3804422324640018
Hillside,2025-07-01,3.3804422324640018
Hillside,2025-08-01,3.3804422324640018
Hillside,2025-09-01,3.3804422324640018
Hillside,2025-10-01,3.3804422324640018
Hillside,2025-11-01,3.3804422324640018
Hillside,2025-12-01,3.3804422324640018
Hillside,2026-01-01,3.3804422324640018
Hillside,2026-02-01,3.3804422324640018
Hillside,2026-03-01,3.3804422324640018
Hinchley Wood and Weston Green,2025-04-01,0.0
Hinchley Wood and Weston Green,2025-05-01,0.0
Hinchley Wood and Weston Green,2025-06-01,0.0
Hinchley Wood and Weston Green,2025-07-01,0.0
Hinchley Wood and Weston Green,2025-08-01,0.0
Hinchley Wood and Weston Green,2025-09-01,0.0
Hinchley Wood and Weston Green,2025-10-01,0.0
Hinchley Wood and Weston Green,2025-11-01,0.0
Hinchley Wood and Weston Green,2025-12-01,0.0
Hinchley Wood and Weston Green,2026-01-01,0.0
Hinchley Wood and Weston Green,2026-02-01,0.0
Hinchley Wood and Weston Green,2026-03-01,0.0
Hither Green,2025-04-01,7.844103021919802
Hither Green,2025-05-01,7.9488467540755785
Hither Green,2025-06-01,7.9488467540755785
Hither Green,2025-07-01,7.9488467540755785
Hither Green,2025-08-01,7.9488467540755785
Hither Green,2025-09-01,7.9488467540755785
Hither Green,2025-10-01,7.9488467540755785
Hither Green,2025-11-01,7.9488467540755785
Hither Green,2025-12-01,7.9488467540755785
Hither Green,2026-01-01,7.9488467540755785
Hither Green,2026-02-01,7.9488467540755785
Hither Green,2026-03-01,7.9488467540755785
Hoe Street,2025-04-01,9.862229812632371
Hoe Street,2025-05-01,11.028523401031794
Hoe Street,2025-06-01,10.25050070209833
Hoe Street,2025-07-01,11.806415764007738
Hoe Street,2025-08-01,12.938580975496976
Hoe Street,2025-09-01,9.976006047244212
Hoe Street,2025-10-01,11.30174303195337
Hoe Street,2025-11-01,11.790058629695883
Hoe Street,2025-12-01,10.18731398295495
Hoe Street,2026-01-01,12.086325028861122
Hoe Street,2026-02-01,11.669837404133084
Hoe Street,2026-03-01,11.917085391954423
Hoe Valley,2025-04-01,0.0
Hoe Valley,2025-05-01,0.0
Hoe Valley,2025-06-01,0.0
Hoe Valley,2025-07-01,0.0
Hoe Valley,2025-08-01,0.0
Hoe Valley,2025-09-01,0.0
Hoe Valley,2025-10-01,0.0
Hoe Valley,2025-11-01,0.0
Hoe Valley,2025-12-01,0.0
Hoe Valley,2026-01-01,0.0
Hoe Valley,2026-02-01,0.0
Hoe Valley,2026-03-01,0.0
Holborn & Covent Garden,2025-04-01,21.934868851888467
Holborn & Covent Garden,2025-05-01,21.934868851888467
Holborn & Covent Garden,2025-06-01,21.934868851888467
Holborn & Covent Garden,2025-07-01,21.934868851888467
Holborn & Covent Garden,2025-08-01,21.934868851888467
Holborn & Covent Garden,2025-09-01,21.934868851888467
Holborn & Covent Garden,2025-10-01,21.934868851888467
Holborn & Covent Garden,2025-11-01,21.934868851888467
Holborn & Covent Garden,2025-12-01,21.934868851888467
Holborn & Covent Garden,2026-01-01,21.934868851888467
Holborn & Covent Garden,2026-02-01,21.934868851888467
Holborn & Covent Garden,2026-03-01,21.934868851888467
Holland,2025-04-01,7.570113830711741
Holland,2025-05-01,7.461714244164772
Holland,2025-06-01,7.434380332997058
Holland,2025-07-01,7.427487846378572
Holland,2025-08-01,7.425749845128237
Holland,2025-09-01,7.425311592794448
Holland,2025-10-01,7.425201083605783
Holland,2025-11-01,7.425173217739848
Holland,2025-12-01,7.425166191116146
Holland,2026-01-01,7.425164419291048
Holland,2026-02-01,7.425163972509733
Holland,2026-03-01,7.425163859849887
Holloway,2025-04-01,8.330346546961898
Holloway,2025-05-01,8.384673119938352
Holloway,2025-06-01,8.424926075988303
Holloway,2025-07-01,8.454751268007346
Holloway,2025-08-01,8.476850069344295
Holloway,2025-09-01,8.4932240467597
Holloway,2025-10-01,8.505356249421386
Holloway,2025-11-01,8.514345533923864
Holloway,2025-12-01,8.521006091624708
Holloway,2026-01-01,8.525941192841499
Holloway,2026-02-01,8.529597827182629
Holloway,2026-03-01,8.532307188980363
Homerton,2025-04-01,9.892604916909647
Homerton,2025-05-01,10.541087381476673
Homerton,2025-06-01,9.402162155018202
Homerton,2025-07-01,11.222348918687574
Homerton,2025-08-01,10.221648312614363
Homerton,2025-09-01,9.837719066107056
Homerton,2025-10-01,9.65643544106116
Homerton,2025-11-01,10.58370358588212
Homerton,2025-12-01,9.883442389112933
Homerton,2026-01-01,10.051155612799704
Homerton,2026-02-01,9.866269058501933
Homerton,2026-03-01,10.870313058729197
Hook & Chessington North,2025-04-01,1.5009116591633598
Hook & Chessington North,2025-05-01,2.046898542583909
Hook & Chessington North,2025-06-01,1.6887283514819842
Hook & Chessington North,2025-07-01,1.874497063350899
Hook & Chessington North,2025-08-01,1.1500139477627127
Hook & Chessington North,2025-09-01,1.5795260637097612
Hook & Chessington North,2025-10-01,1.7937959073610046
Hook & Chessington North,2025-11-01,1.5075508170916374
Hook & Chessington North,2025-12-01,1.2687233245670135
Hook & Chessington North,2026-01-01,2.0205424460804906
Hook & Chessington North,2026-02-01,1.3532967567581604
Hook & Chessington North,2026-03-01,1.6991448476884639
"Hooley, Merstham & Netherne",2025-04-01,0.04999505016703254
"Hooley, Merstham & Netherne",2025-05-01,0.04999505016703254
"Hooley, Merstham & Netherne",2025-06-01,0.04999505016703254
"Hooley, Merstham & Netherne",2025-07-01,0.04999505016703254
"Hooley, Merstham & Netherne",2025-08-01,0.04999505016703254
"Hooley, Merstham & Netherne",2025-09-01,0.04999505016703254
"Hooley, Merstham & Netherne",2025-10-01,0.04999505016703254
"Hooley, Merstham & Netherne",2025-11-01,0.04999505016703254
"Hooley, Merstham & Netherne",2025-12-01,0.04999505016703254
"Hooley, Merstham & Netherne",2026-01-01,0.04999505016703254
"Hooley, Merstham & Netherne",2026-02-01,0.04999505016703254
"Hooley, Merstham & Netherne",2026-03-01,0.04999505016703254
Horley West & Sidlow,2025-04-01,0.0
Horley West & Sidlow,2025-05-01,0.0
Horley West & Sidlow,2025-06-01,0.0
Horley West & Sidlow,2025-07-01,0.0
Horley West & Sidlow,2025-08-01,0.0
Horley West & Sidlow,2025-09-01,0.0
Horley West & Sidlow,2025-10-01,0.0
Horley West & Sidlow,2025-11-01,0.0
Horley West & Sidlow,2025-12-01,0.0
Horley West & Sidlow,2026-01-01,0.0
Horley West & Sidlow,2026-02-01,0.0
Horley West & Sidlow,2026-03-01,0.0
Hornsey,2025-04-01,8.017088980079597
Hornsey,2025-05-01,8.165689084393144
Hornsey,2025-06-01,9.21828093656703
Hornsey,2025-07-01,9.40917250811841
Hornsey,2025-08-01,9.654343794717906
Hornsey,2025-09-01,9.730888872322108
Hornsey,2025-10-01,9.792882993051785
Hornsey,2025-11-01,9.818042976286703
Hornsey,2025-12-01,9.834603321346933
Hornsey,2026-01-01,9.842291705773992
Hornsey,2026-02-01,9.846862845665768
Hornsey,2026-03-01,9.849137695082836
Hotham,2025-04-01,0.0
Hotham,2025-05-01,0.0
Hotham,2025-06-01,0.0
Hotham,2025-07-01,0.0
Hotham,2025-08-01,0.0
Hotham,2025-09-01,0.0
Hotham,2025-10-01,0.0
Hotham,2025-11-01,0.0
Hotham,2025-12-01,0.0
Hotham,2026-01-01,0.0
Hotham,2026-02-01,0.0
Hotham,2026-03-01,0.0
Hounslow Central,2025-04-01,5.861173039182365
Hounslow Central,2025-05-01,7.40670112428659
Hounslow Central,2025-06-01,7.898075745719053
Hounslow Central,2025-07-01,8.054300029777673
Hounslow Central,2025-08-01,8.103968909416755
Hounslow Central,2025-09-01,8.1197602930641
Hounslow Central,2025-10-01,8.124780897501118
Hounslow Central,2025-11-01,8.126377114113666
Hounslow Central,2025-12-01,8.126884604298588
Hounslow Central,2026-01-01,8.127045952254605
Hounslow Central,2026-02-01,8.127097250119439
Hounslow Central,2026-03-01,8.127113559411491
Hounslow East,2025-04-01,4.131109939231661
Hounslow East,2025-05-01,4.130086173814235
Hounslow East,2025-06-01,4.129253651887271
Hounslow East,2025-07-01,4.128576648398894
Hounslow East,2025-08-01,4.12802611188036
Hounslow East,2025-09-01,4.127578417793929
Hounslow East,2025-10-01,4.127214354760365
Hounslow East,2025-11-01,4.126918300163207
Hounslow East,2025-12-01,4.126677549753477
Hounslow East,2026-01-01,4.126481772486914
Hounslow East,2026-02-01,4.126322567199803
Hounslow East,2026-03-01,4.126193102099545
Hounslow Heath,2025-04-01,3.74740408130751
Hounslow Heath,2025-05-01,3.74740408130751
Hounslow Heath,2025-06-01,3.74740408130751
Hounslow Heath,2025-07-01,3.74740408130751
Hounslow Heath,2025-08-01,3.74740408130751
Hounslow Heath,2025-09-01,3.74740408130751
Hounslow Heath,2025-10-01,3.74740408130751
Hounslow Heath,2025-11-01,3.74740408130751
Hounslow Heath,2025-12-01,3.74740408130751
Hounslow Heath,2026-01-01,3.74740408130751
Hounslow Heath,2026-02-01,3.74740408130751
Hounslow Heath,2026-03-01,3.74740408130751
Hounslow South,2025-04-01,2.664646343450495
Hounslow South,2025-05-01,3.004151962069482
Hounslow South,2025-06-01,2.909725375445647
Hounslow South,2025-07-01,2.4510979998103504
Hounslow South,2025-08-01,2.793564899553465
Hounslow South,2025-09-01,3.490702184674115
Hounslow South,2025-10-01,2.9956341791133054
Hounslow South,2025-11-01,2.7784188914032053
Hounslow South,2025-12-01,3.259981739032693
Hounslow South,2026-01-01,2.752397940889187
Hounslow South,2026-02-01,2.120713805450389
Hounslow South,2026-03-01,2.3759005627726113
Hounslow West,2025-04-01,4.230427907044892
Hounslow West,2025-05-01,2.7126250056287455
Hounslow West,2025-06-01,3.521376812371898
Hounslow West,2025-07-01,2.5493943536613504
Hounslow West,2025-08-01,4.529778003681608
Hounslow West,2025-09-01,2.9849674202073517
Hounslow West,2025-10-01,5.930755916719049
Hounslow West,2025-11-01,3.8807907432345545
Hounslow West,2025-12-01,4.624289542940527
Hounslow West,2026-01-01,2.7955646558161433
Hounslow West,2026-02-01,4.597409203037734
Hounslow West,2026-03-01,3.374572650085903
Hoxton East & Shoreditch,2025-04-01,21.483035144176633
Hoxton East & Shoreditch,2025-05-01,20.770420736752214
Hoxton East & Shoreditch,2025-06-01,22.5262073527838
Hoxton East & Shoreditch,2025-07-01,21.189013518471526
Hoxton East & Shoreditch,2025-08-01,23.38478405518582
Hoxton East & Shoreditch,2025-09-01,21.61514444405117
Hoxton East & Shoreditch,2025-10-01,21.124049365358204
Hoxton East & Shoreditch,2025-11-01,22.705232531804306
Hoxton East & Shoreditch,2025-12-01,23.99799192201333
Hoxton East & Shoreditch,2026-01-01,22.981526412569636
Hoxton East & Shoreditch,2026-02-01,22.44173247799257
Hoxton East & Shoreditch,2026-03-01,21.861490747417122
Hoxton West,2025-04-01,12.088046293264956
Hoxton West,2025-05-01,12.44118756941723
Hoxton West,2025-06-01,12.555804715483905
Hoxton West,2025-07-01,12.593005380089323
Hoxton West,2025-08-01,12.605079397760989
Hoxton West,2025-09-01,12.608998196101878
Hoxton West,2025-10-01,12.610270099196121
Hoxton West,2025-11-01,12.610682913875628
Hoxton West,2025-12-01,12.610816898894132
Hoxton West,2026-01-01,12.610860385683907
Hoxton West,2026-02-01,12.610874499955084
Hoxton West,2026-03-01,12.610879080947424
Hyde Park,2025-04-01,13.099997539600153
Hyde Park,2025-05-01,13.099997539600153
Hyde Park,2025-06-01,13.099997539600153
Hyde Park,2025-07-01,13.099997539600153
Hyde Park,2025-08-01,13.099997539600153
Hyde Park,2025-09-01,13.099997539600153
Hyde Park,2025-10-01,13.099997539600153
Hyde Park,2025-11-01,13.099997539600153
Hyde Park,2025-12-01,13.099997539600153
Hyde Park,2026-01-01,13.099997539600153
Hyde Park,2026-02-01,13.099997539600153
Hyde Park,2026-03-01,13.099997539600153
Hylands & Harrow Lodge,2025-04-01,2.935055622112528
Hylands & Harrow Lodge,2025-05-01,2.912505011292505
Hylands & Harrow Lodge,2025-06-01,2.9046747715566306
Hylands & Harrow Lodge,2025-07-01,2.9019558804893064
Hylands & Harrow Lodge,2025-08-01,2.9010118010121344
Hylands & Harrow Lodge,2025-09-01,2.900683988666164
Hylands & Harrow Lodge,2025-10-01,2.900570162514056
Hylands & Harrow Lodge,2025-11-01,2.900530638703977
Hylands & Harrow Lodge,2025-12-01,2.9005169148669308
Hylands & Harrow Lodge,2026-01-01,2.9005121495443844
Hylands & Harrow Lodge,2026-02-01,2.9005104948833087
Hylands & Harrow Lodge,2026-03-01,2.9005099203359936
Ickenham & South Harefield,2025-04-01,3.2979194149938595
Ickenham & South Harefield,2025-05-01,3.359917915336443
Ickenham & South Harefield,2025-06-01,3.372820109189128
Ickenham & South Harefield,2025-07-01,3.3755051193957044
Ickenham & South Harefield,2025-08-01,3.3760638832688667
Ickenham & South Harefield,2025-09-01,3.3761801647880905
Ickenham & South Harefield,2025-10-01,3.3762043635460315
Ickenham & South Harefield,2025-11-01,3.3762093994269677
Ickenham & South Harefield,2025-12-01,3.3762104474186403
Ickenham & South Harefield,2026-01-01,3.376210665510879
Ickenham & South Harefield,2026-02-01,3.3762107108969497
Ickenham & South Harefield,2026-03-01,3.376210720342015
Ilford Town,2025-04-01,7.0718477806673405
Ilford Town,2025-05-01,7.0718477806673405
Ilford Town,2025-06-01,7.0718477806673405
Ilford Town,2025-07-01,7.0718477806673405
Ilford Town,2025-08-01,7.0718477806673405
Ilford Town,2025-09-01,7.0718477806673405
Ilford Town,2025-10-01,7.0718477806673405
Ilford Town,2025-11-01,7.0718477806673405
Ilford Town,2025-12-01,7.0718477806673405
Ilford Town,2026-01-01,7.0718477806673405
Ilford Town,2026-02-01,7.0718477806673405
Ilford Town,2026-03-01,7.0718477806673405
Irchester,2025-04-01,0.0
Irchester,2025-05-01,0.0
Irchester,2025-06-01,0.0
Irchester,2025-07-01,0.0
Irchester,2025-08-01,0.0
Irchester,2025-09-01,0.0
Irchester,2025-10-01,0.0
Irchester,2025-11-01,0.0
Irchester,2025-12-01,0.0
Irchester,2026-01-01,0.0
Irchester,2026-02-01,0.0
Irchester,2026-03-01,0.0
Island Gardens,2025-04-01,4.818834968337968
Island Gardens,2025-05-01,5.121037400762302
Island Gardens,2025-06-01,5.232569411111779
Island Gardens,2025-07-01,5.273731850582582
Island Gardens,2025-08-01,5.288923421306344
Island Gardens,2025-09-01,5.294530081747808
Island Gardens,2025-10-01,5.296599297754333
Island Gardens,2025-11-01,5.297362970697677
Island Gardens,2025-12-01,5.297644814817651
Island Gardens,2026-01-01,5.297748833309671
Island Gardens,2026-02-01,5.297787222780714
Island Gardens,2026-03-01,5.297801390948877
Isleworth,2025-04-01,2.7366597805957755
Isleworth,2025-05-01,2.7366597805957755
Isleworth,2025-06-01,2.7366597805957755
Isleworth,2025-07-01,2.7366597805957755
Isleworth,2025-08-01,2.7366597805957755
Isleworth,2025-09-01,2.7366597805957755
Isleworth,2025-10-01,2.7366597805957755
Isleworth,2025-11-01,2.7366597805957755
Isleworth,2025-12-01,2.7366597805957755
Isleworth,2026-01-01,2.7366597805957755
Isleworth,2026-02-01,2.7366597805957755
Isleworth,2026-03-01,2.7366597805957755
Iver,2025-04-01,0.018742621388853027
Iver,2025-05-01,0.018742621388853027
Iver,2025-06-01,0.018742621388853027
Iver,2025-07-01,0.018742621388853027
Iver,2025-08-01,0.018742621388853027
Iver,2025-09-01,0.018742621388853027
Iver,2025-10-01,0.018742621388853027
Iver,2025-11-01,0.018742621388853027
Iver,2025-12-01,0.018742621388853027
Iver,2026-01-01,0.018742621388853027
Iver,2026-02-01,0.018742621388853027
Iver,2026-03-01,0.018742621388853027
Joyce Green,2025-04-01,0.0
Joyce Green,2025-05-01,0.0
Joyce Green,2025-06-01,0.0
Joyce Green,2025-07-01,0.0
Joyce Green,2025-08-01,0.0
Joyce Green,2025-09-01,0.0
Joyce Green,2025-10-01,0.0
Joyce Green,2025-11-01,0.0
Joyce Green,2025-12-01,0.0
Joyce Green,2026-01-01,0.0
Joyce Green,2026-02-01,0.0
Joyce Green,2026-03-01,0.0
Jubilee,2025-04-01,9.912788617572858
Jubilee,2025-05-01,9.207241538892438
Jubilee,2025-06-01,8.968743088555508
Jubilee,2025-07-01,8.888122655799267
Jubilee,2025-08-01,8.860870259950902
Jubilee,2025-09-01,8.851658040987484
Jubilee,2025-10-01,8.848544003649184
Jubilee,2025-11-01,8.847491355141498
Jubilee,2025-12-01,8.847135524828513
Jubilee,2026-01-01,8.847015242311874
Jubilee,2026-02-01,8.846974582808508
Jubilee,2026-03-01,8.84696083853993
Junction,2025-04-01,14.088770550151892
Junction,2025-05-01,14.088770550151892
Junction,2025-06-01,14.088770550151892
Junction,2025-07-01,14.088770550151892
Junction,2025-08-01,14.088770550151892
Junction,2025-09-01,14.088770550151892
Junction,2025-10-01,14.088770550151892
Junction,2025-11-01,14.088770550151892
Junction,2025-12-01,14.088770550151892
Junction,2026-01-01,14.088770550151892
Junction,2026-02-01,14.088770550151892
Junction,2026-03-01,14.088770550151892
Kelsey & Eden Park,2025-04-01,6.533256322899962
Kelsey & Eden Park,2025-05-01,6.396616875972014
Kelsey & Eden Park,2025-06-01,6.356615608953727
Kelsey & Eden Park,2025-07-01,6.3449052178547936
Kelsey & Eden Park,2025-08-01,6.341476994953072
Kelsey & Eden Park,2025-09-01,6.340473380969167
Kelsey & Eden Park,2025-10-01,6.340179572469088
Kelsey & Eden Park,2025-11-01,6.340093559882473
Kelsey & Eden Park,2025-12-01,6.340068379654351
Kelsey & Eden Park,2026-01-01,6.340061008129866
Kelsey & Eden Park,2026-02-01,6.340058850112355
Kelsey & Eden Park,2026-03-01,6.34005821835164
Kenley,2025-04-01,2.7764343245550753
Kenley,2025-05-01,3.089823595342613
Kenley,2025-06-01,3.0884616937365963
Kenley,2025-07-01,3.141498938989356
Kenley,2025-08-01,3.1474596995551085
Kenley,2025-09-01,3.157158404191425
Kenley,2025-10-01,3.1593025072970775
Kenley,2025-11-01,3.1611991308301493
Kenley,2025-12-01,3.1617845064916694
Kenley,2026-01-01,3.1621747895618135
Kenley,2026-02-01,3.1623197184756147
Kenley,2026-03-01,3.1624028870603667
Kennington,2025-04-01,9.402744707695406
Kennington,2025-05-01,9.591280364270403
Kennington,2025-06-01,9.745673884702255
Kennington,2025-07-01,9.872108107195643
Kennington,2025-08-01,9.97564621276377
Kennington,2025-09-01,10.0604344852206
Kennington,2025-10-01,10.129868353135858
Kennington,2025-11-01,10.18672836306386
Kennington,2025-12-01,10.23329152922592
Kennington,2026-01-01,10.271422518752317
Kennington,2026-02-01,10.302648324085265
Kennington,2026-03-01,10.328219412871622
Kentish Town North,2025-04-01,5.525483420085743
Kentish Town North,2025-05-01,5.046451236163733
Kentish Town North,2025-06-01,4.9804069885813105
Kentish Town North,2025-07-01,4.971301457084415
Kentish Town North,2025-08-01,4.9700460759289635
Kentish Town North,2025-09-01,4.969872996318399
Kentish Town North,2025-10-01,4.9698491338034465
Kentish Town North,2025-11-01,4.969845843874506
Kentish Town North,2025-12-01,4.96984539029145
Kentish Town North,2026-01-01,4.969845327755878
Kentish Town North,2026-02-01,4.969845319134088
Kentish Town North,2026-03-01,4.969845317945401
Kentish Town South,2025-04-01,6.050066398423027
Kentish Town South,2025-05-01,6.337027576072312
Kentish Town South,2025-06-01,6.337027576072312
Kentish Town South,2025-07-01,6.337027576072312
Kentish Town South,2025-08-01,6.337027576072312
Kentish Town South,2025-09-01,6.337027576072312
Kentish Town South,2025-10-01,6.337027576072312
Kentish Town South,2025-11-01,6.337027576072312
Kentish Town South,2025-12-01,6.337027576072312
Kentish Town South,2026-01-01,6.337027576072312
Kentish Town South,2026-02-01,6.337027576072312
Kentish Town South,2026-03-01,6.337027576072312
Kenton,2025-04-01,8.422272920453665
Kenton,2025-05-01,8.204743422178192
Kenton,2025-06-01,7.17389701753117
Kenton,2025-07-01,7.547151505693723
Kenton,2025-08-01,7.556759159129432
Kenton,2025-09-01,7.706827098268894
Kenton,2025-10-01,8.511194085094921
Kenton,2025-11-01,9.815534879395738
Kenton,2025-12-01,8.545289391924028
Kenton,2026-01-01,8.688920089008366
Kenton,2026-02-01,7.4531206423751195
Kenton,2026-03-01,7.933191848731401
Kenton East,2025-04-01,4.859617102488298
Kenton East,2025-05-01,4.484429607932985
Kenton East,2025-06-01,4.197797627418177
Kenton East,2025-07-01,4.049804018432307
Kenton East,2025-08-01,3.9600953787375497
Kenton East,2025-09-01,3.909402452291462
Kenton East,2025-10-01,3.8798866334022177
Kenton East,2025-11-01,3.8629214650494625
Kenton East,2025-12-01,3.8531160330092677
Kenton East,2026-01-01,3.847462227911052
Kenton East,2026-02-01,3.844198909562018
Kenton East,2026-03-01,3.8423161842071933
Kenton West,2025-04-01,1.9313434271897376
Kenton West,2025-05-01,2.1103959994354673
Kenton West,2025-06-01,2.2184281453073393
Kenton West,2025-07-01,1.7066661123422764
Kenton West,2025-08-01,1.9073190170305416
Kenton West,2025-09-01,2.422485839663548
Kenton West,2025-10-01,2.283672550759249
Kenton West,2025-11-01,2.1779714777510812
Kenton West,2025-12-01,1.8166238409016728
Kenton West,2026-01-01,2.6569233575804794
Kenton West,2026-02-01,2.32531713468083
Kenton West,2026-03-01,2.1010499070273267
Kessingland,2025-04-01,0.0
Kessingland,2025-05-01,0.0
Kessingland,2025-06-01,0.0
Kessingland,2025-07-01,0.0
Kessingland,2025-08-01,0.0
Kessingland,2025-09-01,0.0
Kessingland,2025-10-01,0.0
Kessingland,2025-11-01,0.0
Kessingland,2025-12-01,0.0
Kessingland,2026-01-01,0.0
Kessingland,2026-02-01,0.0
Kessingland,2026-03-01,0.0
Kew,2025-04-01,6.654080307800282
Kew,2025-05-01,6.654080307800282
Kew,2025-06-01,6.654080307800282
Kew,2025-07-01,6.654080307800282
Kew,2025-08-01,6.654080307800282
Kew,2025-09-01,6.654080307800282
Kew,2025-10-01,6.654080307800282
Kew,2025-11-01,6.654080307800282
Kew,2025-12-01,6.654080307800282
Kew,2026-01-01,6.654080307800282
Kew,2026-02-01,6.654080307800282
Kew,2026-03-01,6.654080307800282
Kidbrooke Park,2025-04-01,3.57777551106882
Kidbrooke Park,2025-05-01,4.150464645919459
Kidbrooke Park,2025-06-01,4.358335057695465
Kidbrooke Park,2025-07-01,4.433786302467545
Kidbrooke Park,2025-08-01,4.461173030039869
Kidbrooke Park,2025-09-01,4.47111365924203
Kidbrooke Park,2025-10-01,4.47472183435802
Kidbrooke Park,2025-11-01,4.476031502730402
Kidbrooke Park,2025-12-01,4.47650687634462
Kidbrooke Park,2026-01-01,4.476679423897771
Kidbrooke Park,2026-02-01,4.476742053915946
Kidbrooke Park,2026-03-01,4.47676478689074
Kidbrooke Village & Sutcliffe,2025-04-01,7.177250500544314
Kidbrooke Village & Sutcliffe,2025-05-01,8.089176820803198
Kidbrooke Village & Sutcliffe,2025-06-01,6.974820874158705
Kidbrooke Village & Sutcliffe,2025-07-01,6.861287681837823
Kidbrooke Village & Sutcliffe,2025-08-01,7.768038562192968
Kidbrooke Village & Sutcliffe,2025-09-01,7.382345247537119
Kidbrooke Village & Sutcliffe,2025-10-01,6.893407899092578
Kidbrooke Village & Sutcliffe,2025-11-01,7.441329456757865
Kidbrooke Village & Sutcliffe,2025-12-01,7.527997067404059
Kidbrooke Village & Sutcliffe,2026-01-01,7.0660961765889905
Kidbrooke Village & Sutcliffe,2026-02-01,7.240636677410093
Kidbrooke Village & Sutcliffe,2026-03-01,7.501120481592896
Kilburn,2025-04-01,19.01919556659573
Kilburn,2025-05-01,21.30841373923906
Kilburn,2025-06-01,21.961910688956817
Kilburn,2025-07-01,22.14846270413556
Kilburn,2025-08-01,22.201717205755315
Kilburn,2025-09-01,22.21691962498435
Kilburn,2025-10-01,22.221259418680393
Kilburn,2025-11-01,22.22249828790512
Kilburn,2025-12-01,22.22285194456796
Kilburn,2026-01-01,22.222952901983543
Kilburn,2026-02-01,22.222981722025217
Kilburn,2026-03-01,22.222989949204937
King George's & Sunray,2025-04-01,3.1938812051861927
King George's & Sunray,2025-05-01,2.5725375520471
King George's & Sunray,2025-06-01,2.3587819915574966
King George's & Sunray,2025-07-01,2.285245488191949
King George's & Sunray,2025-08-01,2.259947351783964
King George's & Sunray,2025-09-01,2.2512442495636207
King George's & Sunray,2025-10-01,2.248250195494332
King George's & Sunray,2025-11-01,2.2472201765949937
King George's & Sunray,2025-12-01,2.2468658279732114
King George's & Sunray,2026-01-01,2.2467439244374225
King George's & Sunray,2026-02-01,2.2467019870031435
King George's & Sunray,2026-03-01,2.2466875596251143
King's Cross,2025-04-01,10.432094249237098
King's Cross,2025-05-01,10.093937436159408
King's Cross,2025-06-01,9.62927801452344
King's Cross,2025-07-01,9.785858806635918
King's Cross,2025-08-01,9.74197984656783
King's Cross,2025-09-01,9.449616715461005
King's Cross,2025-10-01,8.891164453030306
King's Cross,2025-11-01,9.027141767918883
King's Cross,2025-12-01,10.131460672086954
King's Cross,2026-01-01,9.302336705878899
King's Cross,2026-02-01,8.88781347801903
King's Cross,2026-03-01,9.85474683875199
King's Park,2025-04-01,5.225829453024953
King's Park,2025-05-01,5.7218746074754
King's Park,2025-06-01,6.3060325575678835
King's Park,2025-07-01,6.657915630178673
King's Park,2025-08-01,6.865805739011708
King's Park,2025-09-01,7.021875596431708
King's Park,2025-10-01,7.1247409214620365
King's Park,2025-11-01,7.191384720353575
King's Park,2025-12-01,7.237105744882802
King's Park,2026-01-01,7.267681544476538
King's Park,2026-02-01,7.287981381653669
King's Park,2026-03-01,7.301642422117368
Kingsbury,2025-04-01,5.201457514297333
Kingsbury,2025-05-01,6.1646490375005865
Kingsbury,2025-06-01,5.6332559002771605
Kingsbury,2025-07-01,5.326165498360545
Kingsbury,2025-08-01,5.811877754149986
Kingsbury,2025-09-01,5.707540616974503
Kingsbury,2025-10-01,5.770299615883191
Kingsbury,2025-11-01,5.810199031334929
Kingsbury,2025-12-01,5.725096870619504
Kingsbury,2026-01-01,5.734870351745827
Kingsbury,2026-02-01,5.729762223446499
Kingsbury,2026-03-01,5.726118046801831
Kingston Gate,2025-04-01,1.9871326834720282
Kingston Gate,2025-05-01,1.9871326834720282
Kingston Gate,2025-06-01,1.9871326834720282
Kingston Gate,2025-07-01,1.9871326834720282
Kingston Gate,2025-08-01,1.9871326834720282
Kingston Gate,2025-09-01,1.9871326834720282
Kingston Gate,2025-10-01,1.9871326834720282
Kingston Gate,2025-11-01,1.9871326834720282
Kingston Gate,2025-12-01,1.9871326834720282
Kingston Gate,2026-01-01,1.9871326834720282
Kingston Gate,2026-02-01,1.9871326834720282
Kingston Gate,2026-03-01,1.9871326834720282
Kingston Town,2025-04-01,6.302640261196668
Kingston Town,2025-05-01,8.437874197805947
Kingston Town,2025-06-01,6.509403435175962
Kingston Town,2025-07-01,8.25113272233051
Kingston Town,2025-08-01,6.678061992653105
Kingston Town,2025-09-01,8.098806042154886
Kingston Town,2025-10-01,6.815638276005768
Kingston Town,2025-11-01,7.974551816176152
Kingston Town,2025-12-01,6.927860472283578
Kingston Town,2026-01-01,7.873196540424237
Kingston Town,2026-02-01,7.019401114540444
Kingston Town,2026-03-01,7.790520141759897
Knight's Hill,2025-04-01,4.797588830463029
Knight's Hill,2025-05-01,4.758504446041029
Knight's Hill,2025-06-01,4.719420061619029
Knight's Hill,2025-07-01,4.6803356771970295
Knight's Hill,2025-08-01,4.64125129277503
Knight's Hill,2025-09-01,4.60216690835303
Knight's Hill,2025-10-01,4.56308252393103
Knight's Hill,2025-11-01,4.52399813950903
Knight's Hill,2025-12-01,4.48491375508703
Knight's Hill,2026-01-01,4.44582937066503
Knight's Hill,2026-02-01,4.40674498624303
Knight's Hill,2026-03-01,4.36766060182103
Knightsbridge & Belgravia,2025-04-01,6.506174662455605
Knightsbridge & Belgravia,2025-05-01,6.506174662455605
Knightsbridge & Belgravia,2025-06-01,6.506174662455605
Knightsbridge & Belgravia,2025-07-01,6.506174662455605
Knightsbridge & Belgravia,2025-08-01,6.506174662455605
Knightsbridge & Belgravia,2025-09-01,6.506174662455605
Knightsbridge & Belgravia,2025-10-01,6.506174662455605
Knightsbridge & Belgravia,2025-11-01,6.506174662455605
Knightsbridge & Belgravia,2025-12-01,6.506174662455605
Knightsbridge & Belgravia,2026-01-01,6.506174662455605
Knightsbridge & Belgravia,2026-02-01,6.506174662455605
Knightsbridge & Belgravia,2026-03-01,6.506174662455605
Knightsbridge and Belgravia,2025-04-01,3.156284086855588
Knightsbridge and Belgravia,2025-05-01,3.156284086855588
Knightsbridge and Belgravia,2025-06-01,3.156284086855588
Knightsbridge and Belgravia,2025-07-01,3.156284086855588
Knightsbridge and Belgravia,2025-08-01,3.156284086855588
Knightsbridge and Belgravia,2025-09-01,3.156284086855588
Knightsbridge and Belgravia,2025-10-01,3.156284086855588
Knightsbridge and Belgravia,2025-11-01,3.156284086855588
Knightsbridge and Belgravia,2025-12-01,3.156284086855588
Knightsbridge and Belgravia,2026-01-01,3.156284086855588
Knightsbridge and Belgravia,2026-02-01,3.156284086855588
Knightsbridge and Belgravia,2026-03-01,3.156284086855588
Lady Margaret,2025-04-01,3.548039579332918
Lady Margaret,2025-05-01,3.519201294175118
Lady Margaret,2025-06-01,3.490363009017318
Lady Margaret,2025-07-01,3.461524723859518
Lady Margaret,2025-08-01,3.432686438701718
Lady Margaret,2025-09-01,3.403848153543918
Lady Margaret,2025-10-01,3.375009868386118
Lady Margaret,2025-11-01,3.346171583228318
Lady Margaret,2025-12-01,3.317333298070518
Lady Margaret,2026-01-01,3.288495012912718
Lady Margaret,2026-02-01,3.259656727754918
Lady Margaret,2026-03-01,3.2308184425971183
Ladywell,2025-04-01,5.032118503360757
Ladywell,2025-05-01,5.032118503360757
Ladywell,2025-06-01,5.032118503360757
Ladywell,2025-07-01,5.032118503360757
Ladywell,2025-08-01,5.032118503360757
Ladywell,2025-09-01,5.032118503360757
Ladywell,2025-10-01,5.032118503360757
Ladywell,2025-11-01,5.032118503360757
Ladywell,2025-12-01,5.032118503360757
Ladywell,2026-01-01,5.032118503360757
Ladywell,2026-02-01,5.032118503360757
Ladywell,2026-03-01,5.032118503360757
Ladywood,2025-04-01,0.0
Ladywood,2025-05-01,0.0
Ladywood,2025-06-01,0.0
Ladywood,2025-07-01,0.0
Ladywood,2025-08-01,0.0
Ladywood,2025-09-01,0.0
Ladywood,2025-10-01,0.0
Ladywood,2025-11-01,0.0
Ladywood,2025-12-01,0.0
Ladywood,2026-01-01,0.0
Ladywood,2026-02-01,0.0
Ladywood,2026-03-01,0.0
Laleham and Shepperton Green,2025-04-01,0.0
Laleham and Shepperton Green,2025-05-01,0.0
Laleham and Shepperton Green,2025-06-01,0.0
Laleham and Shepperton Green,2025-07-01,0.0
Laleham and Shepperton Green,2025-08-01,0.0
Laleham and Shepperton Green,2025-09-01,0.0
Laleham and Shepperton Green,2025-10-01,0.0
Laleham and Shepperton Green,2025-11-01,0.0
Laleham and Shepperton Green,2025-12-01,0.0
Laleham and Shepperton Green,2026-01-01,0.0
Laleham and Shepperton Green,2026-02-01,0.0
Laleham and Shepperton Green,2026-03-01,0.0
Lancaster Gate,2025-04-01,13.64347451225374
Lancaster Gate,2025-05-01,13.757644128779235
Lancaster Gate,2025-06-01,13.777900877243017
Lancaster Gate,2025-07-01,13.781494967078935
Lancaster Gate,2025-08-01,13.782132654897971
Lancaster Gate,2025-09-01,13.7822457978001
Lancaster Gate,2025-10-01,13.782265872381924
Lancaster Gate,2025-11-01,13.782269434150518
Lancaster Gate,2025-12-01,13.782270066103683
Lancaster Gate,2026-01-01,13.782270178229103
Lancaster Gate,2026-02-01,13.782270198123156
Lancaster Gate,2026-03-01,13.782270201652894
Lanchester,2025-04-01,0.0
Lanchester,2025-05-01,0.0
Lanchester,2025-06-01,0.0
Lanchester,2025-07-01,0.0
Lanchester,2025-08-01,0.0
Lanchester,2025-09-01,0.0
Lanchester,2025-10-01,0.0
Lanchester,2025-11-01,0.0
Lanchester,2025-12-01,0.0
Lanchester,2026-01-01,0.0
Lanchester,2026-02-01,0.0
Lanchester,2026-03-01,0.0
Langley Green & Tushmore,2025-04-01,0.0
Langley Green & Tushmore,2025-05-01,0.0
Langley Green & Tushmore,2025-06-01,0.0
Langley Green & Tushmore,2025-07-01,0.0
Langley Green & Tushmore,2025-08-01,0.0
Langley Green & Tushmore,2025-09-01,0.0
Langley Green & Tushmore,2025-10-01,0.0
Langley Green & Tushmore,2025-11-01,0.0
Langley Green & Tushmore,2025-12-01,0.0
Langley Green & Tushmore,2026-01-01,0.0
Langley Green & Tushmore,2026-02-01,0.0
Langley Green & Tushmore,2026-03-01,0.0
Langley Meads,2025-04-01,0.0
Langley Meads,2025-05-01,0.0
Langley Meads,2025-06-01,0.0
Langley Meads,2025-07-01,0.0
Langley Meads,2025-08-01,0.0
Langley Meads,2025-09-01,0.0
Langley Meads,2025-10-01,0.0
Langley Meads,2025-11-01,0.0
Langley Meads,2025-12-01,0.0
Langley Meads,2026-01-01,0.0
Langley Meads,2026-02-01,0.0
Langley Meads,2026-03-01,0.0
Langley St Mary's,2025-04-01,0.0
Langley St Mary's,2025-05-01,0.0
Langley St Mary's,2025-06-01,0.0
Langley St Mary's,2025-07-01,0.0
Langley St Mary's,2025-08-01,0.0
Langley St Mary's,2025-09-01,0.0
Langley St Mary's,2025-10-01,0.0
Langley St Mary's,2025-11-01,0.0
Langley St Mary's,2025-12-01,0.0
Langley St Mary's,2026-01-01,0.0
Langley St Mary's,2026-02-01,0.0
Langley St Mary's,2026-03-01,0.0
Lansbury,2025-04-01,9.616418808494204
Lansbury,2025-05-01,12.234380110842633
Lansbury,2025-06-01,15.714693954826176
Lansbury,2025-07-01,14.541516461175096
Lansbury,2025-08-01,14.205896986267087
Lansbury,2025-09-01,13.040474901511303
Lansbury,2025-10-01,13.044318145970575
Lansbury,2025-11-01,15.383598672840964
Lansbury,2025-12-01,16.4234330932809
Lansbury,2026-01-01,14.331617706296448
Lansbury,2026-02-01,13.043656568148656
Lansbury,2026-03-01,11.48793726866489
Larkswood,2025-04-01,5.4621812215598755
Larkswood,2025-05-01,5.43894567812149
Larkswood,2025-06-01,5.4157101346831045
Larkswood,2025-07-01,5.392474591244719
Larkswood,2025-08-01,5.369239047806333
Larkswood,2025-09-01,5.346003504367948
Larkswood,2025-10-01,5.322767960929562
Larkswood,2025-11-01,5.299532417491177
Larkswood,2025-12-01,5.276296874052791
Larkswood,2026-01-01,5.253061330614406
Larkswood,2026-02-01,5.22982578717602
Larkswood,2026-03-01,5.206590243737635
Lavender,2025-04-01,8.600368853338532
Lavender,2025-05-01,9.352222879413276
Lavender,2025-06-01,10.00578164124393
Lavender,2025-07-01,10.225763401988724
Lavender,2025-08-01,10.358442694226168
Lavender,2025-09-01,10.412961564247142
Lavender,2025-10-01,10.441554975549272
Lavender,2025-11-01,10.454345340389514
Lavender,2025-12-01,10.460682519292394
Lavender,2026-01-01,10.463620813292907
Lavender,2026-02-01,10.46504274112391
Lavender,2026-03-01,10.465712047301551
Lavender Fields,2025-04-01,4.991280096011234
Lavender Fields,2025-05-01,4.703986825574507
Lavender Fields,2025-06-01,5.535810867295413
Lavender Fields,2025-07-01,6.179084745324228
Lavender Fields,2025-08-01,5.474341863048937
Lavender Fields,2025-09-01,5.036143083161733
Lavender Fields,2025-10-01,5.4958623688687815
Lavender Fields,2025-11-01,6.442906541449569
Lavender Fields,2025-12-01,6.423299268746145
Lavender Fields,2026-01-01,6.059492236200746
Lavender Fields,2026-02-01,5.957569651255332
Lavender Fields,2026-03-01,3.278305952879031
Laycock,2025-04-01,9.806474545898801
Laycock,2025-05-01,9.900053962507268
Laycock,2025-06-01,9.986484582815292
Laycock,2025-07-01,10.066312523590826
Laycock,2025-08-01,10.140042182197366
Laycock,2025-09-01,10.20813942365725
Laycock,2025-10-01,10.271034524246183
Laycock,2025-11-01,10.329124890218234
Laycock,2025-12-01,10.382777568839764
Laycock,2026-01-01,10.432331567598357
Laycock,2026-02-01,10.478099996240823
Laycock,2026-03-01,10.520372045174861
Lea Bridge,2025-04-01,14.465754598088582
Lea Bridge,2025-05-01,14.416046663230864
Lea Bridge,2025-06-01,14.366338728373146
Lea Bridge,2025-07-01,14.316630793515428
Lea Bridge,2025-08-01,14.26692285865771
Lea Bridge,2025-09-01,14.217214923799991
Lea Bridge,2025-10-01,14.167506988942273
Lea Bridge,2025-11-01,14.117799054084555
Lea Bridge,2025-12-01,14.068091119226837
Lea Bridge,2026-01-01,14.01838318436912
Lea Bridge,2026-02-01,13.968675249511401
Lea Bridge,2026-03-01,13.918967314653683
Leatherhead North,2025-04-01,0.0
Leatherhead North,2025-05-01,0.0
Leatherhead North,2025-06-01,0.0
Leatherhead North,2025-07-01,0.0
Leatherhead North,2025-08-01,0.0
Leatherhead North,2025-09-01,0.0
Leatherhead North,2025-10-01,0.0
Leatherhead North,2025-11-01,0.0
Leatherhead North,2025-12-01,0.0
Leatherhead North,2026-01-01,0.0
Leatherhead North,2026-02-01,0.0
Leatherhead North,2026-03-01,0.0
Lee Green,2025-04-01,4.678268059838526
Lee Green,2025-05-01,4.843115464431325
Lee Green,2025-06-01,4.883180253575975
Lee Green,2025-07-01,4.8929176669927665
Lee Green,2025-08-01,4.895284264248706
Lee Green,2025-09-01,4.895859446007155
Lee Green,2025-10-01,4.895999239144506
Lee Green,2025-11-01,4.896033214702602
Lee Green,2025-12-01,4.896041472179113
Lee Green,2026-01-01,4.896043479090026
Lee Green,2026-02-01,4.896043966853013
Lee Green,2026-03-01,4.896044085399747
Leverstock Green,2025-04-01,0.0
Leverstock Green,2025-05-01,0.0
Leverstock Green,2025-06-01,0.0
Leverstock Green,2025-07-01,0.0
Leverstock Green,2025-08-01,0.0
Leverstock Green,2025-09-01,0.0
Leverstock Green,2025-10-01,0.0
Leverstock Green,2025-11-01,0.0
Leverstock Green,2025-12-01,0.0
Leverstock Green,2026-01-01,0.0
Leverstock Green,2026-02-01,0.0
Leverstock Green,2026-03-01,0.0
Lewisham Central,2025-04-01,6.517072229591574
Lewisham Central,2025-05-01,6.517072229591574
Lewisham Central,2025-06-01,6.517072229591574
Lewisham Central,2025-07-01,6.517072229591574
Lewisham Central,2025-08-01,6.517072229591574
Lewisham Central,2025-09-01,6.517072229591574
Lewisham Central,2025-10-01,6.517072229591574
Lewisham Central,2025-11-01,6.517072229591574
Lewisham Central,2025-12-01,6.517072229591574
Lewisham Central,2026-01-01,6.517072229591574
Lewisham Central,2026-02-01,6.517072229591574
Lewisham Central,2026-03-01,6.517072229591574
Leyton,2025-04-01,8.920004351535102
Leyton,2025-05-01,8.888145436527854
Leyton,2025-06-01,8.875457365552537
Leyton,2025-07-01,8.870404238506683
Leyton,2025-08-01,8.868391789727731
Leyton,2025-09-01,8.867590315699639
Leyton,2025-10-01,8.867271122175596
Leyton,2025-11-01,8.867144000769015
Leyton,2025-12-01,8.867093373639094
Leyton,2026-01-01,8.867073210974496
Leyton,2026-02-01,8.867065181029993
Leyton,2026-03-01,8.867061983039548
Leytonstone,2025-04-01,7.1414473756184735
Leytonstone,2025-05-01,7.1414473756184735
Leytonstone,2025-06-01,7.1414473756184735
Leytonstone,2025-07-01,7.1414473756184735
Leytonstone,2025-08-01,7.1414473756184735
Leytonstone,2025-09-01,7.1414473756184735
Leytonstone,2025-10-01,7.1414473756184735
Leytonstone,2025-11-01,7.1414473756184735
Leytonstone,2025-12-01,7.1414473756184735
Leytonstone,2026-01-01,7.1414473756184735
Leytonstone,2026-02-01,7.1414473756184735
Leytonstone,2026-03-01,7.1414473756184735
Lillie,2025-04-01,2.909970466933075
Lillie,2025-05-01,3.1255048243011516
Lillie,2025-06-01,3.1765559967228674
Lillie,2025-07-01,3.188647907439362
Lillie,2025-08-01,3.191511980835519
Lillie,2025-09-01,3.192190361333928
Lillie,2025-10-01,3.192351041608826
Lillie,2025-11-01,3.1923891001184703
Lillie,2025-12-01,3.1923981146048925
Lillie,2026-01-01,3.192400249763789
Lillie,2026-02-01,3.192400755494598
Lillie,2026-03-01,3.1924008752813045
Limehouse,2025-04-01,6.1314227429443
Limehouse,2025-05-01,7.102307383015054
Limehouse,2025-06-01,7.102307383015054
Limehouse,2025-07-01,7.102307383015054
Limehouse,2025-08-01,7.102307383015054
Limehouse,2025-09-01,7.102307383015054
Limehouse,2025-10-01,7.102307383015054
Limehouse,2025-11-01,7.102307383015054
Limehouse,2025-12-01,7.102307383015054
Limehouse,2026-01-01,7.102307383015054
Limehouse,2026-02-01,7.102307383015054
Limehouse,2026-03-01,7.102307383015054
Little Ilford,2025-04-01,4.860458312507511
Little Ilford,2025-05-01,4.2285052319076675
Little Ilford,2025-06-01,6.193453707129673
Little Ilford,2025-07-01,4.913540474251066
Little Ilford,2025-08-01,6.406971573418902
Little Ilford,2025-09-01,5.0945786457771325
Little Ilford,2025-10-01,6.404464077911891
Little Ilford,2025-11-01,5.172760952664695
Little Ilford,2025-12-01,6.363152769740168
Little Ilford,2026-01-01,5.22723300061376
Little Ilford,2026-02-01,6.317565949402267
Little Ilford,2026-03-01,5.273835626816586
Little London & Woodhouse,2025-04-01,0.0
Little London & Woodhouse,2025-05-01,0.0
Little London & Woodhouse,2025-06-01,0.0
Little London & Woodhouse,2025-07-01,0.0
Little London & Woodhouse,2025-08-01,0.0
Little London & Woodhouse,2025-09-01,0.0
Little London & Woodhouse,2025-10-01,0.0
Little London & Woodhouse,2025-11-01,0.0
Little London & Woodhouse,2025-12-01,0.0
Little London & Woodhouse,2026-01-01,0.0
Little London & Woodhouse,2026-02-01,0.0
Little London & Woodhouse,2026-03-01,0.0
Little Venice,2025-04-01,7.004922995578087
Little Venice,2025-05-01,8.02046768467308
Little Venice,2025-06-01,8.363681476529546
Little Venice,2025-07-01,8.479674113963815
Little Venice,2025-08-01,8.518875020973358
Little Venice,2025-09-01,8.532123371423546
Little Venice,2025-10-01,8.536600787969247
Little Venice,2025-11-01,8.538113977026185
Little Venice,2025-12-01,8.538625374859885
Little Venice,2026-01-01,8.538798207027229
Little Venice,2026-02-01,8.538856617439047
Little Venice,2026-03-01,8.53887635783958
London Bridge & West Bermondsey,2025-04-01,14.062344255372011
London Bridge & West Bermondsey,2025-05-01,14.565998607978026
London Bridge & West Bermondsey,2025-06-01,14.240405835681592
London Bridge & West Bermondsey,2025-07-01,14.316052019294588
London Bridge & West Bermondsey,2025-08-01,14.389869386778548
London Bridge & West Bermondsey,2025-09-01,14.373389712723082
London Bridge & West Bermondsey,2025-10-01,14.383478519331918
London Bridge & West Bermondsey,2025-11-01,14.396035705769155
London Bridge & West Bermondsey,2025-12-01,14.398501471791356
London Bridge & West Bermondsey,2026-01-01,14.401552154386474
London Bridge & West Bermondsey,2026-02-01,14.404473162210115
London Bridge & West Bermondsey,2026-03-01,14.4059760934593
London Fields,2025-04-01,13.090129067813745
London Fields,2025-05-01,13.688072716692789
London Fields,2025-06-01,13.859132299921669
London Fields,2025-07-01,13.908068986630012
London Fields,2025-08-01,13.922068782845967
London Fields,2025-09-01,13.926073841366916
London Fields,2025-10-01,13.92721960759871
London Fields,2025-11-01,13.927547388142003
London Fields,2025-12-01,13.927641159525361
London Fields,2026-01-01,13.92766798562141
London Fields,2026-02-01,13.927675660024873
London Fields,2026-03-01,13.927677855516473
Long Ditton,2025-04-01,0.052746545795478515
Long Ditton,2025-05-01,0.06302950755387517
Long Ditton,2025-06-01,0.06503417536538732
Long Ditton,2025-07-01,0.06542498621628166
Long Ditton,2025-08-01,0.06550117495952364
Long Ditton,2025-09-01,0.06551602798774307
Long Ditton,2025-10-01,0.06551892359197409
Long Ditton,2025-11-01,0.06551948809126264
Long Ditton,2025-12-01,0.0655195981406414
Long Ditton,2026-01-01,0.06551961959481506
Long Ditton,2026-02-01,0.06551962377731542
Long Ditton,2026-03-01,0.06551962459269567
Longbridge,2025-04-01,4.89684607282914
Longbridge,2025-05-01,3.112582757719241
Longbridge,2025-06-01,3.022610799957119
Longbridge,2025-07-01,2.203111884128284
Longbridge,2025-08-01,3.5887907104690795
Longbridge,2025-09-01,2.9844310679463937
Longbridge,2025-10-01,4.180130584738233
Longbridge,2025-11-01,4.731790441217548
Longbridge,2025-12-01,5.3153394924883814
Longbridge,2026-01-01,5.00095248540849
Longbridge,2026-02-01,4.087389987283618
Longbridge,2026-03-01,3.1944426190475044
Longlands,2025-04-01,3.2311475745471876
Longlands,2025-05-01,2.687084864512992
Longlands,2025-06-01,2.519742338822089
Longlands,2025-07-01,2.468271211710932
Longlands,2025-08-01,2.452439749175304
Longlands,2025-09-01,2.4475703161536466
Longlands,2025-10-01,2.4460725784747024
Longlands,2025-11-01,2.445611905097545
Longlands,2025-12-01,2.4454702114195364
Longlands,2026-01-01,2.4454266293516698
Longlands,2026-02-01,2.445413224401878
Longlands,2026-03-01,2.445409101314385
Longsight,2025-04-01,0.0
Longsight,2025-05-01,0.0
Longsight,2025-06-01,0.0
Longsight,2025-07-01,0.0
Longsight,2025-08-01,0.0
Longsight,2025-09-01,0.0
Longsight,2025-10-01,0.0
Longsight,2025-11-01,0.0
Longsight,2025-12-01,0.0
Longsight,2026-01-01,0.0
Longsight,2026-02-01,0.0
Longsight,2026-03-01,0.0
Longthornton,2025-04-01,3.206963339457393
Longthornton,2025-05-01,3.7254193414779273
Longthornton,2025-06-01,4.419783415178754
Longthornton,2025-07-01,4.175893081190951
Longthornton,2025-08-01,3.7610673865089694
Longthornton,2025-09-01,3.565288487615738
Longthornton,2025-10-01,3.5759737932015176
Longthornton,2025-11-01,3.872758099940287
Longthornton,2025-12-01,3.7770323194885753
Longthornton,2026-01-01,3.948882505537905
Longthornton,2026-02-01,3.351877279462887
Longthornton,2026-03-01,3.5119029298331688
Loughton Fairmead,2025-04-01,0.0
Loughton Fairmead,2025-05-01,0.0
Loughton Fairmead,2025-06-01,0.0
Loughton Fairmead,2025-07-01,0.0
Loughton Fairmead,2025-08-01,0.0
Loughton Fairmead,2025-09-01,0.0
Loughton Fairmead,2025-10-01,0.0
Loughton Fairmead,2025-11-01,0.0
Loughton Fairmead,2025-12-01,0.0
Loughton Fairmead,2026-01-01,0.0
Loughton Fairmead,2026-02-01,0.0
Loughton Fairmead,2026-03-01,0.0
Lower Edmonton,2025-04-01,9.418090733518069
Lower Edmonton,2025-05-01,8.824465692173064
Lower Edmonton,2025-06-01,8.458810795560344
Lower Edmonton,2025-07-01,8.533330821320078
Lower Edmonton,2025-08-01,8.371798495523127
Lower Edmonton,2025-09-01,8.50599232782024
Lower Edmonton,2025-10-01,8.36455014301471
Lower Edmonton,2025-11-01,8.502786851082298
Lower Edmonton,2025-12-01,8.364588605423734
Lower Edmonton,2026-01-01,8.501796254607347
Lower Edmonton,2026-02-01,8.365285684150397
Lower Edmonton,2026-03-01,8.50101596154882
Lower Morden,2025-04-01,3.0569452918248956
Lower Morden,2025-05-01,2.5857267797690966
Lower Morden,2025-06-01,2.9387195961512207
Lower Morden,2025-07-01,2.9441818962705306
Lower Morden,2025-08-01,2.6053917312741457
Lower Morden,2025-09-01,2.557336953567818
Lower Morden,2025-10-01,2.613255614389331
Lower Morden,2025-11-01,2.312275628689281
Lower Morden,2025-12-01,2.6837562740314396
Lower Morden,2026-01-01,2.6438223075781586
Lower Morden,2026-02-01,2.645564406788424
Lower Morden,2026-03-01,2.9213902791130018
Loxford,2025-04-01,7.351374571829211
Loxford,2025-05-01,7.328237292355813
Loxford,2025-06-01,7.305100012882415
Loxford,2025-07-01,7.281962733409016
Loxford,2025-08-01,7.258825453935618
Loxford,2025-09-01,7.2356881744622195
Loxford,2025-10-01,7.212550894988821
Loxford,2025-11-01,7.189413615515423
Loxford,2025-12-01,7.166276336042024
Loxford,2026-01-01,7.143139056568626
Loxford,2026-02-01,7.1200017770952275
Loxford,2026-03-01,7.096864497621829
Maida Vale,2025-04-01,8.125628335053666
Maida Vale,2025-05-01,8.305909307738492
Maida Vale,2025-06-01,8.458246568103323
Maida Vale,2025-07-01,8.586971416598747
Maida Vale,2025-08-01,8.695743798224138
Maida Vale,2025-09-01,8.787656363224206
Maida Vale,2025-10-01,8.86532239828434
Maida Vale,2025-11-01,8.930950128311865
Maida Vale,2025-12-01,8.986405501374634
Maida Vale,2026-01-01,9.033265241917862
Maida Vale,2026-02-01,9.072861680684818
Maida Vale,2026-03-01,9.106320635959634
Manor Park,2025-04-01,4.723666157587298
Manor Park,2025-05-01,5.232114035588537
Manor Park,2025-06-01,5.3820962369017105
Manor Park,2025-07-01,5.426338059287073
Manor Park,2025-08-01,5.439388533482281
Manor Park,2025-09-01,5.443238168681217
Manor Park,2025-10-01,5.444373735936721
Manor Park,2025-11-01,5.4447087061157475
Manor Park,2025-12-01,5.444807515781395
Manor Park,2026-01-01,5.444836662704425
Manor Park,2026-02-01,5.444845260477898
Manor Park,2026-03-01,5.444847796653281
Markhouse,2025-04-01,1.7105963628524785
Markhouse,2025-05-01,1.8028431320462355
Markhouse,2025-06-01,1.8148182375653905
Markhouse,2025-07-01,1.816372797724497
Markhouse,2025-08-01,1.8165746044880713
Markhouse,2025-09-01,1.8166008022325495
Markhouse,2025-10-01,1.8166042031186427
Markhouse,2025-11-01,1.8166046446080324
Markhouse,2025-12-01,1.816604701920414
Markhouse,2026-01-01,1.8166047093604774
Markhouse,2026-02-01,1.8166047103263165
Markhouse,2026-03-01,1.8166047104516978
Marlborough,2025-04-01,2.019104141720996
Marlborough,2025-05-01,2.270606826071791
Marlborough,2025-06-01,2.6207285072455413
Marlborough,2025-07-01,2.854402793402827
Marlborough,2025-08-01,3.034294578427852
Marlborough,2025-09-01,2.637203224847852
Marlborough,2025-10-01,3.4221109451834866
Marlborough,2025-11-01,4.470037436595255
Marlborough,2025-12-01,3.3303644393209764
Marlborough,2026-01-01,3.8389076730358473
Marlborough,2026-02-01,4.0167748888283805
Marlborough,2026-03-01,3.9372582000023377
Marshalls & Rise Park,2025-04-01,4.9574636519156465
Marshalls & Rise Park,2025-05-01,5.547323436657974
Marshalls & Rise Park,2025-06-01,5.620848456169784
Marshalls & Rise Park,2025-07-01,5.615206922755216
Marshalls & Rise Park,2025-08-01,5.59742725043488
Marshalls & Rise Park,2025-09-01,5.577786509132132
Marshalls & Rise Park,2025-10-01,5.5578604211395675
Marshalls & Rise Park,2025-11-01,5.537890582628265
Marshalls & Rise Park,2025-12-01,5.5179140361089205
Marshalls & Rise Park,2026-01-01,5.497936461090413
Marshalls & Rise Park,2026-02-01,5.477958728378218
Marshalls & Rise Park,2026-03-01,5.457980971487784
Maryland,2025-04-01,4.369907018949553
Maryland,2025-05-01,4.369907018949553
Maryland,2025-06-01,4.369907018949553
Maryland,2025-07-01,4.369907018949553
Maryland,2025-08-01,4.369907018949553
Maryland,2025-09-01,4.369907018949553
Maryland,2025-10-01,4.369907018949553
Maryland,2025-11-01,4.369907018949553
Maryland,2025-12-01,4.369907018949553
Maryland,2026-01-01,4.369907018949553
Maryland,2026-02-01,4.369907018949553
Maryland,2026-03-01,4.369907018949553
Marylebone,2025-04-01,27.70395288190616
Marylebone,2025-05-01,29.972079068347735
Marylebone,2025-06-01,29.972079068347735
Marylebone,2025-07-01,29.972079068347735
Marylebone,2025-08-01,29.972079068347735
Marylebone,2025-09-01,29.972079068347735
Marylebone,2025-10-01,29.972079068347735
Marylebone,2025-11-01,29.972079068347735
Marylebone,2025-12-01,29.972079068347735
Marylebone,2026-01-01,29.972079068347735
Marylebone,2026-02-01,29.972079068347735
Marylebone,2026-03-01,29.972079068347735
Mawneys,2025-04-01,4.193525057873741
Mawneys,2025-05-01,4.659154155861336
Mawneys,2025-06-01,4.757995268304749
Mawneys,2025-07-01,4.778976700846819
Mawneys,2025-08-01,4.78343052072637
Mawneys,2025-09-01,4.784375952430316
Mawneys,2025-10-01,4.784576643327344
Mawneys,2025-11-01,4.78461924485634
Mawneys,2025-12-01,4.784628288068063
Mawneys,2026-01-01,4.784630207709921
Mawneys,2026-02-01,4.784630615200642
Mawneys,2026-03-01,4.784630701700469
Mayesbrook,2025-04-01,4.746675536677529
Mayesbrook,2025-05-01,4.3973380801149
Mayesbrook,2025-06-01,4.249104920823469
Mayesbrook,2025-07-01,4.91179665491632
Mayesbrook,2025-08-01,4.530691354165236
Mayesbrook,2025-09-01,4.840147771441351
Mayesbrook,2025-10-01,5.325445556827156
Mayesbrook,2025-11-01,5.772636203554687
Mayesbrook,2025-12-01,4.843832618844847
Mayesbrook,2026-01-01,4.8364121902885095
Mayesbrook,2026-02-01,4.1638013361173085
Mayesbrook,2026-03-01,5.249790082402791
Mayfield,2025-04-01,4.022277154414196
Mayfield,2025-05-01,3.9577228388408265
Mayfield,2025-06-01,3.9665351341959343
Mayfield,2025-07-01,3.2155343254965683
Mayfield,2025-08-01,3.638632706985241
Mayfield,2025-09-01,4.088483989266538
Mayfield,2025-10-01,4.566025190084748
Mayfield,2025-11-01,4.211507162397651
Mayfield,2025-12-01,5.0301516061685145
Mayfield,2026-01-01,4.304465056741459
Mayfield,2026-02-01,4.22877589148459
Mayfield,2026-03-01,3.8860846956034285
Meriden,2025-04-01,0.0
Meriden,2025-05-01,0.0
Meriden,2025-06-01,0.0
Meriden,2025-07-01,0.0
Meriden,2025-08-01,0.0
Meriden,2025-09-01,0.0
Meriden,2025-10-01,0.0
Meriden,2025-11-01,0.0
Meriden,2025-12-01,0.0
Meriden,2026-01-01,0.0
Meriden,2026-02-01,0.0
Meriden,2026-03-01,0.0
Merton Park,2025-04-01,2.343993332812804
Merton Park,2025-05-01,2.375869034031025
Merton Park,2025-06-01,2.8626744475558414
Merton Park,2025-07-01,2.716164908489124
Merton Park,2025-08-01,2.3368598890738914
Merton Park,2025-09-01,2.879978061872258
Merton Park,2025-10-01,3.484029341892737
Merton Park,2025-11-01,2.319699489163635
Merton Park,2025-12-01,2.7461511093631943
Merton Park,2026-01-01,2.8265208036218117
Merton Park,2026-02-01,2.152790322019496
Merton Park,2026-03-01,2.7170865608121066
"Mickleham, Westcott & Okewood",2025-04-01,0.0
"Mickleham, Westcott & Okewood",2025-05-01,0.0
"Mickleham, Westcott & Okewood",2025-06-01,0.0
"Mickleham, Westcott & Okewood",2025-07-01,0.0
"Mickleham, Westcott & Okewood",2025-08-01,0.0
"Mickleham, Westcott & Okewood",2025-09-01,0.0
"Mickleham, Westcott & Okewood",2025-10-01,0.0
"Mickleham, Westcott & Okewood",2025-11-01,0.0
"Mickleham, Westcott & Okewood",2025-12-01,0.0
"Mickleham, Westcott & Okewood",2026-01-01,0.0
"Mickleham, Westcott & Okewood",2026-02-01,0.0
"Mickleham, Westcott & Okewood",2026-03-01,0.0
Middle Park & Horn Park,2025-04-01,2.709642264528408
Middle Park & Horn Park,2025-05-01,2.709642264528408
Middle Park & Horn Park,2025-06-01,2.709642264528408
Middle Park & Horn Park,2025-07-01,2.709642264528408
Middle Park & Horn Park,2025-08-01,2.709642264528408
Middle Park & Horn Park,2025-09-01,2.709642264528408
Middle Park & Horn Park,2025-10-01,2.709642264528408
Middle Park & Horn Park,2025-11-01,2.709642264528408
Middle Park & Horn Park,2025-12-01,2.709642264528408
Middle Park & Horn Park,2026-01-01,2.709642264528408
Middle Park & Horn Park,2026-02-01,2.709642264528408
Middle Park & Horn Park,2026-03-01,2.709642264528408
Mildmay,2025-04-01,4.996978149732362
Mildmay,2025-05-01,5.608169620296538
Mildmay,2025-06-01,5.732813509917074
Mildmay,2025-07-01,5.7582328751536265
Mildmay,2025-08-01,5.763416796571647
Mildmay,2025-09-01,5.764473984310921
Mildmay,2025-10-01,5.764689582856105
Mildmay,2025-11-01,5.764733551141925
Mildmay,2025-12-01,5.764742517854368
Mildmay,2026-01-01,5.764744346489043
Mildmay,2026-02-01,5.764744719413322
Mildmay,2026-03-01,5.764744795465975
Mile End,2025-04-01,13.371868132104108
Mile End,2025-05-01,13.371868132104108
Mile End,2025-06-01,13.371868132104108
Mile End,2025-07-01,13.371868132104108
Mile End,2025-08-01,13.371868132104108
Mile End,2025-09-01,13.371868132104108
Mile End,2025-10-01,13.371868132104108
Mile End,2025-11-01,13.371868132104108
Mile End,2025-12-01,13.371868132104108
Mile End,2026-01-01,13.371868132104108
Mile End,2026-02-01,13.371868132104108
Mile End,2026-03-01,13.371868132104108
Mill Hill,2025-04-01,8.426162608126626
Mill Hill,2025-05-01,7.078524665423041
Mill Hill,2025-06-01,6.784838755060199
Mill Hill,2025-07-01,8.199354842175142
Mill Hill,2025-08-01,6.589592790249986
Mill Hill,2025-09-01,8.484255175105169
Mill Hill,2025-10-01,7.8975984665262216
Mill Hill,2025-11-01,8.363633199295732
Mill Hill,2025-12-01,10.47599776676194
Mill Hill,2026-01-01,8.934804477115206
Mill Hill,2026-02-01,9.317946661661763
Mill Hill,2026-03-01,8.548108264543474
Molesey East,2025-04-01,0.07499471545897857
Molesey East,2025-05-01,0.07499471545897857
Molesey East,2025-06-01,0.07499471545897857
Molesey East,2025-07-01,0.07499471545897857
Molesey East,2025-08-01,0.07499471545897857
Molesey East,2025-09-01,0.07499471545897857
Molesey East,2025-10-01,0.07499471545897857
Molesey East,2025-11-01,0.07499471545897857
Molesey East,2025-12-01,0.07499471545897857
Molesey East,2026-01-01,0.07499471545897857
Molesey East,2026-02-01,0.07499471545897857
Molesey East,2026-03-01,0.07499471545897857
Molesey West,2025-04-01,0.06874512918921767
Molesey West,2025-05-01,0.06874512918921767
Molesey West,2025-06-01,0.06874512918921767
Molesey West,2025-07-01,0.06874512918921767
Molesey West,2025-08-01,0.06874512918921767
Molesey West,2025-09-01,0.06874512918921767
Molesey West,2025-10-01,0.06874512918921767
Molesey West,2025-11-01,0.06874512918921767
Molesey West,2025-12-01,0.06874512918921767
Molesey West,2026-01-01,0.06874512918921767
Molesey West,2026-02-01,0.06874512918921767
Molesey West,2026-03-01,0.06874512918921767
Molyneux,2025-04-01,0.0
Molyneux,2025-05-01,0.0
Molyneux,2025-06-01,0.0
Molyneux,2025-07-01,0.0
Molyneux,2025-08-01,0.0
Molyneux,2025-09-01,0.0
Molyneux,2025-10-01,0.0
Molyneux,2025-11-01,0.0
Molyneux,2025-12-01,0.0
Molyneux,2026-01-01,0.0
Molyneux,2026-02-01,0.0
Molyneux,2026-03-01,0.0
Monkhams,2025-04-01,3.898429745882508
Monkhams,2025-05-01,4.032089150909982
Monkhams,2025-06-01,3.917331368794133
Monkhams,2025-07-01,3.8802281162808367
Monkhams,2025-08-01,3.8919063274921704
Monkhams,2025-09-01,3.8992041377091553
Monkhams,2025-10-01,3.898539689350056
Monkhams,2025-11-01,3.8973471601815306
Monkhams,2025-12-01,3.8972693245038377
Monkhams,2026-01-01,3.8974364621044013
Monkhams,2026-02-01,3.8974729919349906
Monkhams,2026-03-01,3.8974533785656242
Moor Park & Eastbury,2025-04-01,0.026243711564955936
Moor Park & Eastbury,2025-05-01,0.031212977662651128
Moor Park & Eastbury,2025-06-01,0.031212977662651128
Moor Park & Eastbury,2025-07-01,0.031212977662651128
Moor Park & Eastbury,2025-08-01,0.031212977662651128
Moor Park & Eastbury,2025-09-01,0.031212977662651128
Moor Park & Eastbury,2025-10-01,0.031212977662651128
Moor Park & Eastbury,2025-11-01,0.031212977662651128
Moor Park & Eastbury,2025-12-01,0.031212977662651128
Moor Park & Eastbury,2026-01-01,0.031212977662651128
Moor Park & Eastbury,2026-02-01,0.031212977662651128
Moor Park & Eastbury,2026-03-01,0.031212977662651128
Mortlake & Barnes Common,2025-04-01,5.896195078093122
Mortlake & Barnes Common,2025-05-01,6.351533610677742
Mortlake & Barnes Common,2025-06-01,6.423121737052442
Mortlake & Barnes Common,2025-07-01,6.434376791195895
Mortlake & Barnes Common,2025-08-01,6.43614630592113
Mortlake & Barnes Common,2025-09-01,6.436424508257868
Mortlake & Barnes Common,2025-10-01,6.436468247108449
Mortlake & Barnes Common,2025-11-01,6.436475123711545
Mortlake & Barnes Common,2025-12-01,6.4364762048480975
Mortlake & Barnes Common,2026-01-01,6.436476374823917
Mortlake & Barnes Common,2026-02-01,6.436476401547441
Mortlake & Barnes Common,2026-03-01,6.436476405748902
Motspur Park & Old Malden East,2025-04-01,0.9061664089502292
Motspur Park & Old Malden East,2025-05-01,2.032129198025825
Motspur Park & Old Malden East,2025-06-01,1.575109164570899
Motspur Park & Old Malden East,2025-07-01,2.6523726932193377
Motspur Park & Old Malden East,2025-08-01,2.231972506179005
Motspur Park & Old Malden East,2025-09-01,1.7895495126514471
Motspur Park & Old Malden East,2025-10-01,2.072790402263503
Motspur Park & Old Malden East,2025-11-01,1.9043248096441174
Motspur Park & Old Malden East,2025-12-01,1.396813120669119
Motspur Park & Old Malden East,2026-01-01,2.846876725994844
Motspur Park & Old Malden East,2026-02-01,1.8714353250208695
Motspur Park & Old Malden East,2026-03-01,2.516449563496186
Mottingham,2025-04-01,3.8089652514670433
Mottingham,2025-05-01,4.112538240823627
Mottingham,2025-06-01,4.226457299398476
Mottingham,2025-07-01,4.269206662357564
Mottingham,2025-08-01,4.285248824716263
Mottingham,2025-09-01,4.291268820227988
Mottingham,2025-10-01,4.293527888871658
Mottingham,2025-11-01,4.294375628895197
Mottingham,2025-12-01,4.29469375253855
Mottingham,2026-01-01,4.294813131887938
Mottingham,2026-02-01,4.294857930284279
Mottingham,2026-03-01,4.29487474136865
"Mottingham, Coldharbour & New Eltham",2025-04-01,2.608117547931413
"Mottingham, Coldharbour & New Eltham",2025-05-01,3.2044895424270763
"Mottingham, Coldharbour & New Eltham",2025-06-01,2.8260141798982343
"Mottingham, Coldharbour & New Eltham",2025-07-01,3.518418800830065
"Mottingham, Coldharbour & New Eltham",2025-08-01,3.068825790162195
"Mottingham, Coldharbour & New Eltham",2025-09-01,2.8306189421293415
"Mottingham, Coldharbour & New Eltham",2025-10-01,3.095027208947429
"Mottingham, Coldharbour & New Eltham",2025-11-01,3.205523408336133
"Mottingham, Coldharbour & New Eltham",2025-12-01,3.117738378055108
"Mottingham, Coldharbour & New Eltham",2026-01-01,3.1832123350427644
"Mottingham, Coldharbour & New Eltham",2026-02-01,2.8318010738683994
"Mottingham, Coldharbour & New Eltham",2026-03-01,2.985111085479907
Moulsecoomb & Bevendean,2025-04-01,0.0
Moulsecoomb & Bevendean,2025-05-01,0.0
Moulsecoomb & Bevendean,2025-06-01,0.0
Moulsecoomb & Bevendean,2025-07-01,0.0
Moulsecoomb & Bevendean,2025-08-01,0.0
Moulsecoomb & Bevendean,2025-09-01,0.0
Moulsecoomb & Bevendean,2025-10-01,0.0
Moulsecoomb & Bevendean,2025-11-01,0.0
Moulsecoomb & Bevendean,2025-12-01,0.0
Moulsecoomb & Bevendean,2026-01-01,0.0
Moulsecoomb & Bevendean,2026-02-01,0.0
Moulsecoomb & Bevendean,2026-03-01,0.0
Munster,2025-04-01,5.7275652893135565
Munster,2025-05-01,5.999852888687993
Munster,2025-06-01,5.947982098442583
Munster,2025-07-01,5.571952918577325
Munster,2025-08-01,5.412029331791966
Munster,2025-09-01,5.576264134626454
Munster,2025-10-01,5.416340547841095
Munster,2025-11-01,5.472522554135634
Munster,2025-12-01,5.636757356970122
Munster,2026-01-01,5.0446225840249665
Munster,2026-02-01,4.992751793779556
Munster,2026-03-01,5.697250579313789
Muswell Hill,2025-04-01,4.050176323154013
Muswell Hill,2025-05-01,3.8837330798779206
Muswell Hill,2025-06-01,3.8545662419609537
Muswell Hill,2025-07-01,3.8494551637499654
Muswell Hill,2025-08-01,3.848559519163699
Muswell Hill,2025-09-01,3.8484025700441995
Muswell Hill,2025-10-01,3.8483750669179715
Muswell Hill,2025-11-01,3.8483702473818395
Muswell Hill,2025-12-01,3.8483694028259032
Muswell Hill,2026-01-01,3.8483692548293513
Muswell Hill,2026-02-01,3.8483692288950366
Muswell Hill,2026-03-01,3.848369224350413
Myatt's Fields,2025-04-01,4.704453177206516
Myatt's Fields,2025-05-01,4.870328879056044
Myatt's Fields,2025-06-01,5.015028642881674
Myatt's Fields,2025-07-01,5.141255820326789
Myatt's Fields,2025-08-01,5.25136864915601
Myatt's Fields,2025-09-01,5.347424311004628
Myatt's Fields,2025-10-01,5.431217364650412
Myatt's Fields,2025-11-01,5.504313272836967
Myatt's Fields,2025-12-01,5.568077649013106
Myatt's Fields,2026-01-01,5.623701770390123
Myatt's Fields,2026-02-01,5.67222483396434
Myatt's Fields,2026-03-01,5.714553371302826
Neath East,2025-04-01,0.0
Neath East,2025-05-01,0.0
Neath East,2025-06-01,0.0
Neath East,2025-07-01,0.0
Neath East,2025-08-01,0.0
Neath East,2025-09-01,0.0
Neath East,2025-10-01,0.0
Neath East,2025-11-01,0.0
Neath East,2025-12-01,0.0
Neath East,2026-01-01,0.0
Neath East,2026-02-01,0.0
Neath East,2026-03-01,0.0
Nechells,2025-04-01,0.0
Nechells,2025-05-01,0.0
Nechells,2025-06-01,0.0
Nechells,2025-07-01,0.0
Nechells,2025-08-01,0.0
Nechells,2025-09-01,0.0
Nechells,2025-10-01,0.0
Nechells,2025-11-01,0.0
Nechells,2025-12-01,0.0
Nechells,2026-01-01,0.0
Nechells,2026-02-01,0.0
Nechells,2026-03-01,0.0
New Addington North,2025-04-01,1.5264609695069777
New Addington North,2025-05-01,1.5264609695069777
New Addington North,2025-06-01,1.5264609695069777
New Addington North,2025-07-01,1.5264609695069777
New Addington North,2025-08-01,1.5264609695069777
New Addington North,2025-09-01,1.5264609695069777
New Addington North,2025-10-01,1.5264609695069777
New Addington North,2025-11-01,1.5264609695069777
New Addington North,2025-12-01,1.5264609695069777
New Addington North,2026-01-01,1.5264609695069777
New Addington North,2026-02-01,1.5264609695069777
New Addington North,2026-03-01,1.5264609695069777
New Addington South,2025-04-01,4.547346800733678
New Addington South,2025-05-01,4.6350939240613975
New Addington South,2025-06-01,4.515439483469092
New Addington South,2025-07-01,5.2385436918948525
New Addington South,2025-08-01,5.263551228283294
New Addington South,2025-09-01,5.161334610523834
New Addington South,2025-10-01,5.038688632242714
New Addington South,2025-11-01,4.781766111313038
New Addington South,2025-12-01,4.985040819680179
New Addington South,2026-01-01,4.883454268347467
New Addington South,2026-02-01,4.781129094128248
New Addington South,2026-03-01,4.9098612002622435
New Cross Gate,2025-04-01,6.417941430426385
New Cross Gate,2025-05-01,6.417941430426385
New Cross Gate,2025-06-01,6.417941430426385
New Cross Gate,2025-07-01,6.417941430426385
New Cross Gate,2025-08-01,6.417941430426385
New Cross Gate,2025-09-01,6.417941430426385
New Cross Gate,2025-10-01,6.417941430426385
New Cross Gate,2025-11-01,6.417941430426385
New Cross Gate,2025-12-01,6.417941430426385
New Cross Gate,2026-01-01,6.417941430426385
New Cross Gate,2026-02-01,6.417941430426385
New Cross Gate,2026-03-01,6.417941430426385
New Malden Village,2025-04-01,3.7568671525563766
New Malden Village,2025-05-01,3.9096749483107005
New Malden Village,2025-06-01,4.051211307838972
New Malden Village,2025-07-01,4.275646739286423
New Malden Village,2025-08-01,3.197153960498781
New Malden Village,2025-09-01,3.3806350305612725
New Malden Village,2025-10-01,3.7296756924840353
New Malden Village,2025-11-01,4.379764689012126
New Malden Village,2025-12-01,4.773315110322807
New Malden Village,2026-01-01,4.881988026723825
New Malden Village,2026-02-01,4.268919642039113
New Malden Village,2026-03-01,4.09795504173
New Southgate,2025-04-01,2.7654383838138545
New Southgate,2025-05-01,2.813533927664877
New Southgate,2025-06-01,2.862555882236963
New Southgate,2025-07-01,3.5027394254644664
New Southgate,2025-08-01,4.215058284614692
New Southgate,2025-09-01,4.003132011238421
New Southgate,2025-10-01,4.087844888784826
New Southgate,2025-11-01,4.313930173051796
New Southgate,2025-12-01,3.422163817850882
New Southgate,2026-01-01,4.457056414636401
New Southgate,2026-02-01,3.840890227554675
New Southgate,2026-03-01,4.052975481491888
Newbury,2025-04-01,2.821031754621711
Newbury,2025-05-01,4.208662077754385
Newbury,2025-06-01,3.3557008572183316
Newbury,2025-07-01,4.068601126025255
Newbury,2025-08-01,3.6740195838557472
Newbury,2025-09-01,3.2743002281073985
Newbury,2025-10-01,3.59907442514677
Newbury,2025-11-01,3.379023458074021
Newbury,2025-12-01,2.7959086233708836
Newbury,2026-01-01,3.664587292075537
Newbury,2026-02-01,4.896213560901054
Newbury,2026-03-01,3.042712996366183
Newington,2025-04-01,10.861016949933036
Newington,2025-05-01,10.63888309912637
Newington,2025-06-01,9.973918931374811
Newington,2025-07-01,9.786708169871343
Newington,2025-08-01,11.303162761865208
Newington,2025-09-01,8.359151531704711
Newington,2025-10-01,11.050119532515335
Newington,2025-11-01,10.480876902897506
Newington,2025-12-01,10.987070578692828
Newington,2026-01-01,12.741836381753522
Newington,2026-02-01,11.597005568295117
Newington,2026-03-01,12.900410392170405
Newtown,2025-04-01,0.0
Newtown,2025-05-01,0.0
Newtown,2025-06-01,0.0
Newtown,2025-07-01,0.0
Newtown,2025-08-01,0.0
Newtown,2025-09-01,0.0
Newtown,2025-10-01,0.0
Newtown,2025-11-01,0.0
Newtown,2025-12-01,0.0
Newtown,2026-01-01,0.0
Newtown,2026-02-01,0.0
Newtown,2026-03-01,0.0
Nine Elms,2025-04-01,1.5300910796382658
Nine Elms,2025-05-01,3.448849860654005
Nine Elms,2025-06-01,2.559003177121744
Nine Elms,2025-07-01,4.280201108629267
Nine Elms,2025-08-01,5.727174878083181
Nine Elms,2025-09-01,1.9865944402436013
Nine Elms,2025-10-01,5.278582401221787
Nine Elms,2025-11-01,2.563429081394138
Nine Elms,2025-12-01,2.2463454606791067
Nine Elms,2026-01-01,1.9093819623761252
Nine Elms,2026-02-01,2.7409141309273632
Nine Elms,2026-03-01,5.594365380565183
Noel Park,2025-04-01,9.38082848417761
Noel Park,2025-05-01,9.38082848417761
Noel Park,2025-06-01,9.38082848417761
Noel Park,2025-07-01,9.38082848417761
Noel Park,2025-08-01,9.38082848417761
Noel Park,2025-09-01,9.38082848417761
Noel Park,2025-10-01,9.38082848417761
Noel Park,2025-11-01,9.38082848417761
Noel Park,2025-12-01,9.38082848417761
Noel Park,2026-01-01,9.38082848417761
Noel Park,2026-02-01,9.38082848417761
Noel Park,2026-03-01,9.38082848417761
Nonsuch,2025-04-01,0.12524065779233662
Nonsuch,2025-05-01,0.14438760880153187
Nonsuch,2025-06-01,0.36273103674229734
Nonsuch,2025-07-01,0.14449559626348624
Nonsuch,2025-08-01,0.14449558456460102
Nonsuch,2025-09-01,0.14449050454287532
Nonsuch,2025-10-01,0.14449564974146034
Nonsuch,2025-11-01,0.1445191726344593
Nonsuch,2025-12-01,0.1421190161329706
Nonsuch,2026-01-01,0.14458206897648274
Nonsuch,2026-02-01,0.14448617200893188
Nonsuch,2026-03-01,0.14451916096331097
Norbiton,2025-04-01,4.11733960402256
Norbiton,2025-05-01,4.326537516933926
Norbiton,2025-06-01,4.365705346131886
Norbiton,2025-07-01,4.373038683366137
Norbiton,2025-08-01,4.374411693719084
Norbiton,2025-09-01,4.374668760504516
Norbiton,2025-10-01,4.374716890754977
Norbiton,2025-11-01,4.374725902113661
Norbiton,2025-12-01,4.374727589297596
Norbiton,2026-01-01,4.374727905186656
Norbiton,2026-02-01,4.374727964330118
Norbiton,2026-03-01,4.374727975403465
Norbury & Pollards Hill,2025-04-01,8.062652119842697
Norbury & Pollards Hill,2025-05-01,8.062652119842697
Norbury & Pollards Hill,2025-06-01,8.062652119842697
Norbury & Pollards Hill,2025-07-01,8.062652119842697
Norbury & Pollards Hill,2025-08-01,8.062652119842697
Norbury & Pollards Hill,2025-09-01,8.062652119842697
Norbury & Pollards Hill,2025-10-01,8.062652119842697
Norbury & Pollards Hill,2025-11-01,8.062652119842697
Norbury & Pollards Hill,2025-12-01,8.062652119842697
Norbury & Pollards Hill,2026-01-01,8.062652119842697
Norbury & Pollards Hill,2026-02-01,8.062652119842697
Norbury & Pollards Hill,2026-03-01,8.062652119842697
Norbury Park,2025-04-01,4.293584822586231
Norbury Park,2025-05-01,3.478790085268699
Norbury Park,2025-06-01,3.0897344364748722
Norbury Park,2025-07-01,2.9039645843564026
Norbury Park,2025-08-01,2.8152614950602843
Norbury Park,2025-09-01,2.77290673210522
Norbury Park,2025-10-01,2.7526827922265196
Norbury Park,2025-11-01,2.7430260803084003
Norbury Park,2025-12-01,2.738415105116185
Norbury Park,2026-01-01,2.7362134144782635
Norbury Park,2026-02-01,2.735162131080926
Norbury Park,2026-03-01,2.7346601546622225
Nork,2025-04-01,0.14262247166262945
Nork,2025-05-01,-0.025090284682499825
Nork,2025-06-01,0.11051786791693662
Nork,2025-07-01,0.03489527056619002
Nork,2025-08-01,0.05867723800921987
Nork,2025-09-01,0.07027512456306817
Nork,2025-10-01,0.04445827429881856
Nork,2025-11-01,0.07056412462214574
Nork,2025-12-01,0.05239859632955463
Nork,2026-01-01,0.061248313467402636
Nork,2026-02-01,0.060034047972867266
Nork,2026-03-01,0.056994620345861516
Norland,2025-04-01,5.806307888618786
Norland,2025-05-01,5.806307888618786
Norland,2025-06-01,5.806307888618786
Norland,2025-07-01,5.806307888618786
Norland,2025-08-01,5.806307888618786
Norland,2025-09-01,5.806307888618786
Norland,2025-10-01,5.806307888618786
Norland,2025-11-01,5.806307888618786
Norland,2025-12-01,5.806307888618786
Norland,2026-01-01,5.806307888618786
Norland,2026-02-01,5.806307888618786
Norland,2026-03-01,5.806307888618786
Normanton,2025-04-01,0.0
Normanton,2025-05-01,0.0
Normanton,2025-06-01,0.0
Normanton,2025-07-01,0.0
Normanton,2025-08-01,0.0
Normanton,2025-09-01,0.0
Normanton,2025-10-01,0.0
Normanton,2025-11-01,0.0
Normanton,2025-12-01,0.0
Normanton,2026-01-01,0.0
Normanton,2026-02-01,0.0
Normanton,2026-03-01,0.0
North Acton,2025-04-01,12.121397576888148
North Acton,2025-05-01,8.779583528497843
North Acton,2025-06-01,10.197251617652231
North Acton,2025-07-01,9.451676152261756
North Acton,2025-08-01,8.553612263951129
North Acton,2025-09-01,9.889718307820123
North Acton,2025-10-01,10.371162597521808
North Acton,2025-11-01,11.930683441945712
North Acton,2025-12-01,10.089305309081958
North Acton,2026-01-01,9.925321754970396
North Acton,2026-02-01,9.243582222114254
North Acton,2026-03-01,9.57962853399621
North Bermondsey,2025-04-01,11.515613983033187
North Bermondsey,2025-05-01,11.515613983033187
North Bermondsey,2025-06-01,11.515613983033187
North Bermondsey,2025-07-01,11.515613983033187
North Bermondsey,2025-08-01,11.515613983033187
North Bermondsey,2025-09-01,11.515613983033187
North Bermondsey,2025-10-01,11.515613983033187
North Bermondsey,2025-11-01,11.515613983033187
North Bermondsey,2025-12-01,11.515613983033187
North Bermondsey,2026-01-01,11.515613983033187
North Bermondsey,2026-02-01,11.515613983033187
North Bermondsey,2026-03-01,11.515613983033187
North Cheam,2025-04-01,1.9585725718436566
North Cheam,2025-05-01,2.1400492147534473
North Cheam,2025-06-01,2.174406312889966
North Cheam,2025-07-01,2.1809107873690823
North Cheam,2025-08-01,2.1821422123305663
North Cheam,2025-09-01,2.1823753452978236
North Cheam,2025-10-01,2.1824194819542355
North Cheam,2025-11-01,2.1824278378914594
North Cheam,2025-12-01,2.1824294198347367
North Cheam,2026-01-01,2.182429719327716
North Cheam,2026-02-01,2.182429776027628
North Cheam,2026-03-01,2.1824297867620364
North Greenford,2025-04-01,7.115183293542122
North Greenford,2025-05-01,6.870596299429792
North Greenford,2025-06-01,6.93094598588136
North Greenford,2025-07-01,6.134308283952966
North Greenford,2025-08-01,6.593050564932685
North Greenford,2025-09-01,8.04170521615204
North Greenford,2025-10-01,9.206779433338175
North Greenford,2025-11-01,8.414044964964809
North Greenford,2025-12-01,7.661509047051932
North Greenford,2026-01-01,8.06251387468451
North Greenford,2026-02-01,9.412717354682258
North Greenford,2026-03-01,7.9067401579681515
North Hanwell,2025-04-01,4.788419301188686
North Hanwell,2025-05-01,4.699967455215236
North Hanwell,2025-06-01,4.817074065198682
North Hanwell,2025-07-01,4.843578549660802
North Hanwell,2025-08-01,4.875634881476665
North Hanwell,2025-09-01,4.892527729030794
North Hanwell,2025-10-01,4.904867251882126
North Hanwell,2025-11-01,4.912641218003827
North Hanwell,2025-12-01,4.917861323137647
North Hanwell,2026-01-01,4.9212692834658505
North Hanwell,2026-02-01,4.923521705309922
North Hanwell,2026-03-01,4.92500238570596
North Harrow,2025-04-01,1.7491193796406068
North Harrow,2025-05-01,1.772202744900879
North Harrow,2025-06-01,1.9840836811460627
North Harrow,2025-07-01,2.325442039754211
North Harrow,2025-08-01,1.834086912157744
North Harrow,2025-09-01,2.3291473379590384
North Harrow,2025-10-01,2.329333629697675
North Harrow,2025-11-01,2.164607831280725
North Harrow,2025-12-01,2.329392060849551
North Harrow,2026-01-01,2.4941675132003835
North Harrow,2026-02-01,2.3293957352963943
North Harrow,2026-03-01,1.9998508908359285
North Richmond,2025-04-01,3.2131376024183504
North Richmond,2025-05-01,2.710974753209323
North Richmond,2025-06-01,3.578311144428171
North Richmond,2025-07-01,3.7889895654973453
North Richmond,2025-08-01,5.162105013406235
North Richmond,2025-09-01,5.480365724148112
North Richmond,2025-10-01,3.965405674850108
North Richmond,2025-11-01,4.561831736230188
North Richmond,2025-12-01,4.502997892014407
North Richmond,2026-01-01,5.696544212881295
North Richmond,2026-02-01,4.795652089925035
North Richmond,2026-03-01,5.260412224414036
North Walworth,2025-04-01,7.713853309967631
North Walworth,2025-05-01,8.444223855061086
North Walworth,2025-06-01,8.718112809471132
North Walworth,2025-07-01,8.535520173197767
North Walworth,2025-08-01,7.713853309967631
North Walworth,2025-09-01,7.896445946240995
North Walworth,2025-10-01,7.348668037420904
North Walworth,2025-11-01,8.07903858251436
North Walworth,2025-12-01,7.622556991830949
North Walworth,2026-01-01,8.07903858251436
North Walworth,2026-02-01,8.444223855061086
North Walworth,2026-03-01,8.535520173197767
Northaw and Cuffley,2025-04-01,0.0
Northaw and Cuffley,2025-05-01,0.0
Northaw and Cuffley,2025-06-01,0.0
Northaw and Cuffley,2025-07-01,0.0
Northaw and Cuffley,2025-08-01,0.0
Northaw and Cuffley,2025-09-01,0.0
Northaw and Cuffley,2025-10-01,0.0
Northaw and Cuffley,2025-11-01,0.0
Northaw and Cuffley,2025-12-01,0.0
Northaw and Cuffley,2026-01-01,0.0
Northaw and Cuffley,2026-02-01,0.0
Northaw and Cuffley,2026-03-01,0.0
Northborough & Lynch Hill Valley,2025-04-01,0.0
Northborough & Lynch Hill Valley,2025-05-01,0.0
Northborough & Lynch Hill Valley,2025-06-01,0.0
Northborough & Lynch Hill Valley,2025-07-01,0.0
Northborough & Lynch Hill Valley,2025-08-01,0.0
Northborough & Lynch Hill Valley,2025-09-01,0.0
Northborough & Lynch Hill Valley,2025-10-01,0.0
Northborough & Lynch Hill Valley,2025-11-01,0.0
Northborough & Lynch Hill Valley,2025-12-01,0.0
Northborough & Lynch Hill Valley,2026-01-01,0.0
Northborough & Lynch Hill Valley,2026-02-01,0.0
Northborough & Lynch Hill Valley,2026-03-01,0.0
Northbury,2025-04-01,4.691076674054833
Northbury,2025-05-01,4.691076674054833
Northbury,2025-06-01,4.691076674054833
Northbury,2025-07-01,4.691076674054833
Northbury,2025-08-01,4.691076674054833
Northbury,2025-09-01,4.691076674054833
Northbury,2025-10-01,4.691076674054833
Northbury,2025-11-01,4.691076674054833
Northbury,2025-12-01,4.691076674054833
Northbury,2026-01-01,4.691076674054833
Northbury,2026-02-01,4.691076674054833
Northbury,2026-03-01,4.691076674054833
Northcote,2025-04-01,3.2527580880083145
Northcote,2025-05-01,3.2527580880083145
Northcote,2025-06-01,3.2527580880083145
Northcote,2025-07-01,3.2527580880083145
Northcote,2025-08-01,3.2527580880083145
Northcote,2025-09-01,3.2527580880083145
Northcote,2025-10-01,3.2527580880083145
Northcote,2025-11-01,3.2527580880083145
Northcote,2025-12-01,3.2527580880083145
Northcote,2026-01-01,3.2527580880083145
Northcote,2026-02-01,3.2527580880083145
Northcote,2026-03-01,3.2527580880083145
Northfield,2025-04-01,3.0816780351070623
Northfield,2025-05-01,3.769801774659364
Northfield,2025-06-01,3.997269362321685
Northfield,2025-07-01,4.072461512312875
Northfield,2025-08-01,4.0973171828653365
Northfield,2025-09-01,4.105533524048357
Northfield,2025-10-01,4.1082495345576415
Northfield,2025-11-01,4.109147344534398
Northfield,2025-12-01,4.109444126432555
Northfield,2026-01-01,4.10954223126248
Northfield,2026-02-01,4.109574660995271
Northfield,2026-03-01,4.109585381033925
Northfleet South,2025-04-01,0.0
Northfleet South,2025-05-01,0.0
Northfleet South,2025-06-01,0.0
Northfleet South,2025-07-01,0.0
Northfleet South,2025-08-01,0.0
Northfleet South,2025-09-01,0.0
Northfleet South,2025-10-01,0.0
Northfleet South,2025-11-01,0.0
Northfleet South,2025-12-01,0.0
Northfleet South,2026-01-01,0.0
Northfleet South,2026-02-01,0.0
Northfleet South,2026-03-01,0.0
Northolt Mandeville,2025-04-01,7.911217780273738
Northolt Mandeville,2025-05-01,7.554644137957913
Northolt Mandeville,2025-06-01,7.468100417620941
Northolt Mandeville,2025-07-01,7.423651026866906
Northolt Mandeville,2025-08-01,7.385763622170014
Northolt Mandeville,2025-09-01,7.348899150049571
Northolt Mandeville,2025-10-01,7.3121941404831245
Northolt Mandeville,2025-11-01,7.275513989159257
Northolt Mandeville,2025-12-01,7.2388377129283725
Northolt Mandeville,2026-01-01,7.202162040776621
Northolt Mandeville,2026-02-01,7.165486462793345
Northolt Mandeville,2026-03-01,7.128810899489771
Northolt West End,2025-04-01,5.03019316178062
Northolt West End,2025-05-01,4.735776012730796
Northolt West End,2025-06-01,4.882984587255708
Northolt West End,2025-07-01,5.471818885355355
Northolt West End,2025-08-01,4.882984587255708
Northolt West End,2025-09-01,5.9134446089300905
Northolt West End,2025-10-01,5.03019316178062
Northolt West End,2025-11-01,4.735776012730796
Northolt West End,2025-12-01,4.8829845872557085
Northolt West End,2026-01-01,5.471818885355356
Northolt West End,2026-02-01,5.177401736305533
Northolt West End,2026-03-01,5.913444608930092
Northumberland Heath,2025-04-01,4.033989062106898
Northumberland Heath,2025-05-01,3.0859249638177757
Northumberland Heath,2025-06-01,3.602019735514576
Northumberland Heath,2025-07-01,3.671950309313366
Northumberland Heath,2025-08-01,3.738499602194984
Northumberland Heath,2025-09-01,3.520296281294858
Northumberland Heath,2025-10-01,4.261895770316126
Northumberland Heath,2025-11-01,3.5604810011189394
Northumberland Heath,2025-12-01,3.479044665192558
Northumberland Heath,2026-01-01,3.595190760224207
Northumberland Heath,2026-02-01,3.3683974016028198
Northumberland Heath,2026-03-01,4.085494599497284
Northumberland Park,2025-04-01,10.670404467196402
Northumberland Park,2025-05-01,11.877565533986653
Northumberland Park,2025-06-01,12.274589310030407
Northumberland Park,2025-07-01,12.40516664811766
Northumberland Park,2025-08-01,12.448112290798955
Northumberland Park,2025-09-01,12.462236703597728
Northumberland Park,2025-10-01,12.466882088425024
Northumberland Park,2025-11-01,12.468409911245066
Northumberland Park,2025-12-01,12.468912397617288
Northumberland Park,2026-01-01,12.469077660598673
Northumberland Park,2026-02-01,12.469132014019037
Northumberland Park,2026-03-01,12.46914989034125
Northwick Park,2025-04-01,2.2649704100841617
Northwick Park,2025-05-01,2.2649704100841617
Northwick Park,2025-06-01,2.2649704100841617
Northwick Park,2025-07-01,2.2649704100841617
Northwick Park,2025-08-01,2.2649704100841617
Northwick Park,2025-09-01,2.2649704100841617
Northwick Park,2025-10-01,2.2649704100841617
Northwick Park,2025-11-01,2.2649704100841617
Northwick Park,2025-12-01,2.2649704100841617
Northwick Park,2026-01-01,2.2649704100841617
Northwick Park,2026-02-01,2.2649704100841617
Northwick Park,2026-03-01,2.2649704100841617
Northwood,2025-04-01,5.184020261400576
Northwood,2025-05-01,5.239090561932584
Northwood,2025-06-01,5.255571018908373
Northwood,2025-07-01,5.260502996026838
Northwood,2025-08-01,5.261978950142236
Northwood,2025-09-01,5.262420647355835
Northwood,2025-10-01,5.2625528306171345
Northwood,2025-11-01,5.262592388065155
Northwood,2025-12-01,5.262604226112412
Northwood,2026-01-01,5.26260776879198
Northwood,2026-02-01,5.262608828981913
Northwood,2026-03-01,5.26260914625664
Northwood Hills,2025-04-01,5.5774892428347265
Northwood Hills,2025-05-01,5.474025894659797
Northwood Hills,2025-06-01,5.474025894659797
Northwood Hills,2025-07-01,5.474025894659797
Northwood Hills,2025-08-01,5.474025894659797
Northwood Hills,2025-09-01,5.474025894659797
Northwood Hills,2025-10-01,5.474025894659797
Northwood Hills,2025-11-01,5.474025894659797
Northwood Hills,2025-12-01,5.474025894659797
Northwood Hills,2026-01-01,5.474025894659797
Northwood Hills,2026-02-01,5.474025894659797
Northwood Hills,2026-03-01,5.474025894659797
Norwood Green,2025-04-01,5.576793114850801
Norwood Green,2025-05-01,5.829824931327782
Norwood Green,2025-06-01,5.829824931327782
Norwood Green,2025-07-01,5.829824931327782
Norwood Green,2025-08-01,5.829824931327782
Norwood Green,2025-09-01,5.829824931327782
Norwood Green,2025-10-01,5.829824931327782
Norwood Green,2025-11-01,5.829824931327782
Norwood Green,2025-12-01,5.829824931327782
Norwood Green,2026-01-01,5.829824931327782
Norwood Green,2026-02-01,5.829824931327782
Norwood Green,2026-03-01,5.829824931327782
Notting Dale,2025-04-01,4.535160530979531
Notting Dale,2025-05-01,5.3143875467112
Notting Dale,2025-06-01,5.3143875467112
Notting Dale,2025-07-01,5.3143875467112
Notting Dale,2025-08-01,5.3143875467112
Notting Dale,2025-09-01,5.3143875467112
Notting Dale,2025-10-01,5.3143875467112
Notting Dale,2025-11-01,5.3143875467112
Notting Dale,2025-12-01,5.3143875467112
Notting Dale,2026-01-01,5.3143875467112
Notting Dale,2026-02-01,5.3143875467112
Notting Dale,2026-03-01,5.3143875467112
Nunhead & Queen's Road,2025-04-01,9.053153927922548
Nunhead & Queen's Road,2025-05-01,8.253858165973096
Nunhead & Queen's Road,2025-06-01,8.221209414204012
Nunhead & Queen's Road,2025-07-01,8.113900968462271
Nunhead & Queen's Road,2025-08-01,8.245264392071785
Nunhead & Queen's Road,2025-09-01,8.358295617013235
Nunhead & Queen's Road,2025-10-01,8.40093603389604
Nunhead & Queen's Road,2025-11-01,8.416504394376124
Nunhead & Queen's Road,2025-12-01,8.411746453763959
Nunhead & Queen's Road,2026-01-01,8.401597413960495
Nunhead & Queen's Road,2026-02-01,8.394885151326466
Nunhead & Queen's Road,2026-03-01,8.39181754830982
Oakwood,2025-04-01,1.5980862922745205
Oakwood,2025-05-01,1.590847837916155
Oakwood,2025-06-01,2.151357502348841
Oakwood,2025-07-01,2.940059044546698
Oakwood,2025-08-01,2.9485843116759765
Oakwood,2025-09-01,2.7644594849487776
Oakwood,2025-10-01,3.655433828500326
Oakwood,2025-11-01,3.7503888387261157
Oakwood,2025-12-01,3.051751364494582
Oakwood,2026-01-01,4.671443058544418
Oakwood,2026-02-01,3.3015390145176013
Oakwood,2026-03-01,2.702258013578895
Oatlands and Burwood Park,2025-04-01,0.0
Oatlands and Burwood Park,2025-05-01,0.0
Oatlands and Burwood Park,2025-06-01,0.0
Oatlands and Burwood Park,2025-07-01,0.0
Oatlands and Burwood Park,2025-08-01,0.0
Oatlands and Burwood Park,2025-09-01,0.0
Oatlands and Burwood Park,2025-10-01,0.0
Oatlands and Burwood Park,2025-11-01,0.0
Oatlands and Burwood Park,2025-12-01,0.0
Oatlands and Burwood Park,2026-01-01,0.0
Oatlands and Burwood Park,2026-02-01,0.0
Oatlands and Burwood Park,2026-03-01,0.0
Ockendon,2025-04-01,0.0
Ockendon,2025-05-01,0.0
Ockendon,2025-06-01,0.0
Ockendon,2025-07-01,0.0
Ockendon,2025-08-01,0.0
Ockendon,2025-09-01,0.0
Ockendon,2025-10-01,0.0
Ockendon,2025-11-01,0.0
Ockendon,2025-12-01,0.0
Ockendon,2026-01-01,0.0
Ockendon,2026-02-01,0.0
Ockendon,2026-03-01,0.0
Old Coulsdon,2025-04-01,2.6027753192376735
Old Coulsdon,2025-05-01,2.5139591709600975
Old Coulsdon,2025-06-01,2.430308159320651
Old Coulsdon,2025-07-01,2.4441033530707448
Old Coulsdon,2025-08-01,2.444209546501624
Old Coulsdon,2025-09-01,2.4562963517635987
Old Coulsdon,2025-10-01,2.457391909064524
Old Coulsdon,2025-11-01,2.4595654505609934
Old Coulsdon,2025-12-01,2.4588044874618133
Old Coulsdon,2026-01-01,2.4588544313019085
Old Coulsdon,2026-02-01,2.4584875161480535
Old Coulsdon,2026-03-01,2.4585030802830725
Old Kent Road,2025-04-01,8.206049780300594
Old Kent Road,2025-05-01,8.206049780300594
Old Kent Road,2025-06-01,8.206049780300594
Old Kent Road,2025-07-01,8.206049780300594
Old Kent Road,2025-08-01,8.206049780300594
Old Kent Road,2025-09-01,8.206049780300594
Old Kent Road,2025-10-01,8.206049780300594
Old Kent Road,2025-11-01,8.206049780300594
Old Kent Road,2025-12-01,8.206049780300594
Old Kent Road,2026-01-01,8.206049780300594
Old Kent Road,2026-02-01,8.206049780300594
Old Kent Road,2026-03-01,8.206049780300594
Old Malden,2025-04-01,1.412757811304245
Old Malden,2025-05-01,1.2657567137059562
Old Malden,2025-06-01,1.2664473765798225
Old Malden,2025-07-01,0.8275160724065552
Old Malden,2025-08-01,0.9003259583318333
Old Malden,2025-09-01,0.9003259583318333
Old Malden,2025-10-01,1.3392572625051007
Old Malden,2025-11-01,1.1201369418554001
Old Malden,2025-12-01,1.0459457301823893
Old Malden,2026-01-01,0.9731358442571113
Old Malden,2026-02-01,0.9738265071309777
Old Malden,2026-03-01,0.8275160724065553
Orpington,2025-04-01,5.275130264785462
Orpington,2025-05-01,5.364992267163877
Orpington,2025-06-01,5.394342653162869
Orpington,2025-07-01,5.403928964790582
Orpington,2025-08-01,5.407060009493939
Orpington,2025-09-01,5.408082659425961
Orpington,2025-10-01,5.408416673463622
Orpington,2025-11-01,5.408525767860307
Orpington,2025-12-01,5.4085613998579065
Orpington,2026-01-01,5.408573037845663
Orpington,2026-02-01,5.408576839001033
Orpington,2026-03-01,5.408578080519967
Orsett,2025-04-01,0.024994992507116558
Orsett,2025-05-01,0.024994992507116558
Orsett,2025-06-01,0.024994992507116558
Orsett,2025-07-01,0.024994992507116558
Orsett,2025-08-01,0.024994992507116558
Orsett,2025-09-01,0.024994992507116558
Orsett,2025-10-01,0.024994992507116558
Orsett,2025-11-01,0.024994992507116558
Orsett,2025-12-01,0.024994992507116558
Orsett,2026-01-01,0.024994992507116558
Orsett,2026-02-01,0.024994992507116558
Orsett,2026-03-01,0.024994992507116558
Osterley & Spring Grove,2025-04-01,5.530638223923244
Osterley & Spring Grove,2025-05-01,5.834115444822965
Osterley & Spring Grove,2025-06-01,5.5608935939750594
Osterley & Spring Grove,2025-07-01,5.698425026064431
Osterley & Spring Grove,2025-08-01,5.057353883047398
Osterley & Spring Grove,2025-09-01,6.16384524885382
Osterley & Spring Grove,2025-10-01,5.589796003506106
Osterley & Spring Grove,2025-11-01,5.396776241654831
Osterley & Spring Grove,2025-12-01,8.294139604054322
Osterley & Spring Grove,2026-01-01,5.436169455905862
Osterley & Spring Grove,2026-02-01,6.054929941795186
Osterley & Spring Grove,2026-03-01,5.2165864119480325
Oval,2025-04-01,7.718750861195737
Oval,2025-05-01,7.718750861195737
Oval,2025-06-01,7.718750861195737
Oval,2025-07-01,7.718750861195737
Oval,2025-08-01,7.718750861195737
Oval,2025-09-01,7.718750861195737
Oval,2025-10-01,7.718750861195737
Oval,2025-11-01,7.718750861195737
Oval,2025-12-01,7.718750861195737
Oval,2026-01-01,7.718750861195737
Oval,2026-02-01,7.718750861195737
Oval,2026-03-01,7.718750861195737
Oxton,2025-04-01,0.0
Oxton,2025-05-01,0.0
Oxton,2025-06-01,0.0
Oxton,2025-07-01,0.0
Oxton,2025-08-01,0.0
Oxton,2025-09-01,0.0
Oxton,2025-10-01,0.0
Oxton,2025-11-01,0.0
Oxton,2025-12-01,0.0
Oxton,2026-01-01,0.0
Oxton,2026-02-01,0.0
Oxton,2026-03-01,0.0
Palace & Hurlingham,2025-04-01,4.050562900285899
Palace & Hurlingham,2025-05-01,3.8267781285774047
Palace & Hurlingham,2025-06-01,3.315352251540454
Palace & Hurlingham,2025-07-01,4.082375544980075
Palace & Hurlingham,2025-08-01,2.925716268115097
Palace & Hurlingham,2025-09-01,3.8903962776966496
Palace & Hurlingham,2025-10-01,3.818242011322948
Palace & Hurlingham,2025-11-01,3.589508796828912
Palace & Hurlingham,2025-12-01,3.6915294294362515
Palace & Hurlingham,2026-01-01,3.590764370356799
Palace & Hurlingham,2026-02-01,3.7995171350538475
Palace & Hurlingham,2026-03-01,3.658884741277023
Palmers Green,2025-04-01,5.559838354691539
Palmers Green,2025-05-01,5.781198446359651
Palmers Green,2025-06-01,5.800400987369311
Palmers Green,2025-07-01,5.78907058928147
Palmers Green,2025-08-01,5.773128637645936
Palmers Green,2025-09-01,5.756490178345178
Palmers Green,2025-10-01,5.739746521756197
Palmers Green,2025-11-01,5.722986976656575
Palmers Green,2025-12-01,5.706225031829978
Palmers Green,2026-01-01,5.6894627245597444
Palmers Green,2026-02-01,5.6727003625477055
Palmers Green,2026-03-01,5.6559379922677175
Park Hill & Whitgift,2025-04-01,4.65482210062456
Park Hill & Whitgift,2025-05-01,5.028128219040116
Park Hill & Whitgift,2025-06-01,4.998374619655352
Park Hill & Whitgift,2025-07-01,4.490700236613506
Park Hill & Whitgift,2025-08-01,5.811197862005409
Park Hill & Whitgift,2025-09-01,5.509966691722626
Park Hill & Whitgift,2025-10-01,5.276339101922131
Park Hill & Whitgift,2025-11-01,5.208953365561754
Park Hill & Whitgift,2025-12-01,5.273311311939395
Park Hill & Whitgift,2026-01-01,5.096953430050109
Park Hill & Whitgift,2026-02-01,5.179788624980901
Park Hill & Whitgift,2026-03-01,5.250505598525061
Park Wood,2025-04-01,0.0
Park Wood,2025-05-01,0.0
Park Wood,2025-06-01,0.0
Park Wood,2025-07-01,0.0
Park Wood,2025-08-01,0.0
Park Wood,2025-09-01,0.0
Park Wood,2025-10-01,0.0
Park Wood,2025-11-01,0.0
Park Wood,2025-12-01,0.0
Park Wood,2026-01-01,0.0
Park Wood,2026-02-01,0.0
Park Wood,2026-03-01,0.0
Parsloes,2025-04-01,4.719648483568816
Parsloes,2025-05-01,4.556543433512233
Parsloes,2025-06-01,4.282790372177025
Parsloes,2025-07-01,4.345883013458835
Parsloes,2025-08-01,4.027463045321031
Parsloes,2025-09-01,4.2052808633365695
Parsloes,2025-10-01,4.12553454050612
Parsloes,2025-11-01,4.741443876999141
Parsloes,2025-12-01,4.955688402903813
Parsloes,2026-01-01,4.949821982176502
Parsloes,2026-02-01,4.366004831860854
Parsloes,2026-03-01,4.724890092782946
Parsons Green & Sandford,2025-04-01,2.7553512155275564
Parsons Green & Sandford,2025-05-01,3.066425100898475
Parsons Green & Sandford,2025-06-01,3.1215519389373667
Parsons Green & Sandford,2025-07-01,3.1313212201759466
Parsons Green & Sandford,2025-08-01,3.133052479564543
Parsons Green & Sandford,2025-09-01,3.133359284026141
Parsons Green & Sandford,2025-10-01,3.1334136542599005
Parsons Green & Sandford,2025-11-01,3.133423289459805
Parsons Green & Sandford,2025-12-01,3.133424996958022
Parsons Green & Sandford,2026-01-01,3.1334252995516567
Parsons Green & Sandford,2026-02-01,3.1334253531756704
Parsons Green & Sandford,2026-03-01,3.1334253626786293
Paulsgrove,2025-04-01,0.0
Paulsgrove,2025-05-01,0.0
Paulsgrove,2025-06-01,0.0
Paulsgrove,2025-07-01,0.0
Paulsgrove,2025-08-01,0.0
Paulsgrove,2025-09-01,0.0
Paulsgrove,2025-10-01,0.0
Paulsgrove,2025-11-01,0.0
Paulsgrove,2025-12-01,0.0
Paulsgrove,2026-01-01,0.0
Paulsgrove,2026-02-01,0.0
Paulsgrove,2026-03-01,0.0
Peckham,2025-04-01,8.229947890815986
Peckham,2025-05-01,8.12308204836981
Peckham,2025-06-01,8.040629718505324
Peckham,2025-07-01,7.977013631788877
Peckham,2025-08-01,7.927930646556489
Peckham,2025-09-01,7.890060674295213
Peckham,2025-10-01,7.860842101050741
Peckham,2025-11-01,7.838298513837303
Peckham,2025-12-01,7.820905011416852
Peckham,2026-01-01,7.807485056394347
Peckham,2026-02-01,7.797130891462372
Peckham,2026-03-01,7.789142136562765
Peckham Rye,2025-04-01,3.536338188770638
Peckham Rye,2025-05-01,4.1522877867624235
Peckham Rye,2025-06-01,3.737742121537052
Peckham Rye,2025-07-01,3.5939265945835563
Peckham Rye,2025-08-01,3.6365602899357956
Peckham Rye,2025-09-01,3.5657015025294294
Peckham Rye,2025-10-01,3.5495630875220363
Peckham Rye,2025-11-01,3.548302731342218
Peckham Rye,2025-12-01,3.536955507526536
Peckham Rye,2026-01-01,3.5345206607375816
Peckham Rye,2026-02-01,3.5332078411073256
Peckham Rye,2026-03-01,3.5313965476945186
Pembridge,2025-04-01,6.704390217710718
Pembridge,2025-05-01,8.685604065393765
Pembridge,2025-06-01,7.03499654680792
Pembridge,2025-07-01,8.519294672055915
Pembridge,2025-08-01,7.290478784532232
Pembridge,2025-09-01,8.403051507224387
Pembridge,2025-10-01,7.488784480968347
Pembridge,2025-11-01,8.323212403526894
Pembridge,2025-12-01,7.643451888845524
Pembridge,2026-01-01,8.269695878553346
Pembridge,2026-02-01,7.764709243915808
Pembridge,2026-03-01,8.23507969890461
Penenden Heath,2025-04-01,0.0
Penenden Heath,2025-05-01,0.0
Penenden Heath,2025-06-01,0.0
Penenden Heath,2025-07-01,0.0
Penenden Heath,2025-08-01,0.0
Penenden Heath,2025-09-01,0.0
Penenden Heath,2025-10-01,0.0
Penenden Heath,2025-11-01,0.0
Penenden Heath,2025-12-01,0.0
Penenden Heath,2026-01-01,0.0
Penenden Heath,2026-02-01,0.0
Penenden Heath,2026-03-01,0.0
Penge & Cator,2025-04-01,9.468882764665903
Penge & Cator,2025-05-01,9.685869605457684
Penge & Cator,2025-06-01,10.218553160488236
Penge & Cator,2025-07-01,9.863476780478281
Penge & Cator,2025-08-01,9.93655953722694
Penge & Cator,2025-09-01,10.683721797661665
Penge & Cator,2025-10-01,10.708222374169662
Penge & Cator,2025-11-01,10.530323524855175
Penge & Cator,2025-12-01,10.585208458906418
Penge & Cator,2026-01-01,10.021374834110023
Penge & Cator,2026-02-01,10.180150661573355
Penge & Cator,2026-03-01,10.537244579882243
Peninsula,2025-04-01,0.006861508672220496
Peninsula,2025-05-01,0.006861508672220496
Peninsula,2025-06-01,0.006861508672220496
Peninsula,2025-07-01,0.006861508672220496
Peninsula,2025-08-01,0.006861508672220496
Peninsula,2025-09-01,0.006861508672220496
Peninsula,2025-10-01,0.006861508672220496
Peninsula,2025-11-01,0.006861508672220496
Peninsula,2025-12-01,0.006861508672220496
Peninsula,2026-01-01,0.006861508672220496
Peninsula,2026-02-01,0.006861508672220496
Peninsula,2026-03-01,0.006861508672220496
Pensby and Thingwall,2025-04-01,0.0
Pensby and Thingwall,2025-05-01,0.0
Pensby and Thingwall,2025-06-01,0.0
Pensby and Thingwall,2025-07-01,0.0
Pensby and Thingwall,2025-08-01,0.0
Pensby and Thingwall,2025-09-01,0.0
Pensby and Thingwall,2025-10-01,0.0
Pensby and Thingwall,2025-11-01,0.0
Pensby and Thingwall,2025-12-01,0.0
Pensby and Thingwall,2026-01-01,0.0
Pensby and Thingwall,2026-02-01,0.0
Pensby and Thingwall,2026-03-01,0.0
Perivale,2025-04-01,7.647598293658125
Perivale,2025-05-01,7.434500173315128
Perivale,2025-06-01,8.135887006922383
Perivale,2025-07-01,8.236085126009133
Perivale,2025-08-01,8.236085126009133
Perivale,2025-09-01,8.236085126009133
Perivale,2025-10-01,7.83529264966213
Perivale,2025-11-01,8.035688887835631
Perivale,2025-12-01,8.035688887835631
Perivale,2026-01-01,7.634896411488628
Perivale,2026-02-01,7.83529264966213
Perivale,2026-03-01,7.83529264966213
Perry Vale,2025-04-01,7.958053741858144
Perry Vale,2025-05-01,7.919952231931594
Perry Vale,2025-06-01,7.881850722005044
Perry Vale,2025-07-01,7.843749212078494
Perry Vale,2025-08-01,7.805647702151944
Perry Vale,2025-09-01,7.767546192225394
Perry Vale,2025-10-01,7.729444682298844
Perry Vale,2025-11-01,7.691343172372294
Perry Vale,2025-12-01,7.653241662445744
Perry Vale,2026-01-01,7.615140152519194
Perry Vale,2026-02-01,7.577038642592644
Perry Vale,2026-03-01,7.538937132666094
Petts Wood & Knoll,2025-04-01,3.8471582406549936
Petts Wood & Knoll,2025-05-01,4.043737905864801
Petts Wood & Knoll,2025-06-01,4.089353427168262
Petts Wood & Knoll,2025-07-01,4.099938325568438
Petts Wood & Knoll,2025-08-01,4.1023945087039255
Petts Wood & Knoll,2025-09-01,4.10296445612968
Petts Wood & Knoll,2025-10-01,4.103096710139338
Petts Wood & Knoll,2025-11-01,4.1031273991507815
Petts Wood & Knoll,2025-12-01,4.103134520412555
Petts Wood & Knoll,2026-01-01,4.1031361728727305
Petts Wood & Knoll,2026-02-01,4.103136556319473
Petts Wood & Knoll,2026-03-01,4.103136645296749
Piccadilly,2025-04-01,0.0
Piccadilly,2025-05-01,0.0
Piccadilly,2025-06-01,0.0
Piccadilly,2025-07-01,0.0
Piccadilly,2025-08-01,0.0
Piccadilly,2025-09-01,0.0
Piccadilly,2025-10-01,0.0
Piccadilly,2025-11-01,0.0
Piccadilly,2025-12-01,0.0
Piccadilly,2026-01-01,0.0
Piccadilly,2026-02-01,0.0
Piccadilly,2026-03-01,0.0
Pilgrims Hatch,2025-04-01,0.0
Pilgrims Hatch,2025-05-01,0.0
Pilgrims Hatch,2025-06-01,0.0
Pilgrims Hatch,2025-07-01,0.0
Pilgrims Hatch,2025-08-01,0.0
Pilgrims Hatch,2025-09-01,0.0
Pilgrims Hatch,2025-10-01,0.0
Pilgrims Hatch,2025-11-01,0.0
Pilgrims Hatch,2025-12-01,0.0
Pilgrims Hatch,2026-01-01,0.0
Pilgrims Hatch,2026-02-01,0.0
Pilgrims Hatch,2026-03-01,0.0
Pimlico North,2025-04-01,9.9611306196121
Pimlico North,2025-05-01,9.95214784338503
Pimlico North,2025-06-01,9.950071909373724
Pimlico North,2025-07-01,9.949592157690018
Pimlico North,2025-08-01,9.949481286305492
Pimlico North,2025-09-01,9.94945566375048
Pimlico North,2025-10-01,9.949449742336872
Pimlico North,2025-11-01,9.949448373888679
Pimlico North,2025-12-01,9.949448057638103
Pimlico North,2026-01-01,9.949447984552087
Pimlico North,2026-02-01,9.949447967661792
Pimlico North,2026-03-01,9.949447963758416
Pimlico South,2025-04-01,2.88436969943614
Pimlico South,2025-05-01,2.88436969943614
Pimlico South,2025-06-01,2.88436969943614
Pimlico South,2025-07-01,2.88436969943614
Pimlico South,2025-08-01,2.88436969943614
Pimlico South,2025-09-01,2.88436969943614
Pimlico South,2025-10-01,2.88436969943614
Pimlico South,2025-11-01,2.88436969943614
Pimlico South,2025-12-01,2.88436969943614
Pimlico South,2026-01-01,2.88436969943614
Pimlico South,2026-02-01,2.88436969943614
Pimlico South,2026-03-01,2.88436969943614
Pinkwell,2025-04-01,11.570135197914345
Pinkwell,2025-05-01,11.55977259879353
Pinkwell,2025-06-01,11.549409999672713
Pinkwell,2025-07-01,11.539047400551897
Pinkwell,2025-08-01,11.528684801431082
Pinkwell,2025-09-01,11.518322202310266
Pinkwell,2025-10-01,11.50795960318945
Pinkwell,2025-11-01,11.497597004068634
Pinkwell,2025-12-01,11.487234404947818
Pinkwell,2026-01-01,11.476871805827003
Pinkwell,2026-02-01,11.466509206706187
Pinkwell,2026-03-01,11.45614660758537
Pinner,2025-04-01,6.979882622764828
Pinner,2025-05-01,7.229155146723054
Pinner,2025-06-01,7.4137699412462705
Pinner,2025-07-01,7.550498297086088
Pinner,2025-08-01,7.651761271913973
Pinner,2025-09-01,7.726758078596898
Pinner,2025-10-01,7.78230178568427
Pinner,2025-11-01,7.8234382491346555
Pinner,2025-12-01,7.853904502000043
Pinner,2026-01-01,7.876468244378559
Pinner,2026-02-01,7.893179274526361
Pinner,2026-03-01,7.90555570233324
Pinner South,2025-04-01,4.418022147906394
Pinner South,2025-05-01,4.57659761259383
Pinner South,2025-06-01,4.636752745824874
Pinner South,2025-07-01,4.659572417589212
Pinner South,2025-08-01,4.668228992539052
Pinner South,2025-09-01,4.671512838627465
Pinner South,2025-10-01,4.672758555922686
Pinner South,2025-11-01,4.673231115091974
Pinner South,2025-12-01,4.673410379014322
Pinner South,2026-01-01,4.67347838225274
Pinner South,2026-02-01,4.6735041790799805
Pinner South,2026-03-01,4.6735139650300495
Pitshanger,2025-04-01,6.862561496210278
Pitshanger,2025-05-01,6.511784662608232
Pitshanger,2025-06-01,6.878493799373733
Pitshanger,2025-07-01,6.793880450539113
Pitshanger,2025-08-01,6.016751282397337
Pitshanger,2025-09-01,6.826034199447132
Pitshanger,2025-10-01,6.9041994297234455
Pitshanger,2025-11-01,6.28917272216245
Pitshanger,2025-12-01,5.381230567019565
Pitshanger,2026-01-01,6.6205739758615
Pitshanger,2026-02-01,5.798067009788636
Pitshanger,2026-03-01,5.649967083694435
Plaistow,2025-04-01,4.822590905778293
Plaistow,2025-05-01,4.822590905778293
Plaistow,2025-06-01,4.822590905778293
Plaistow,2025-07-01,4.822590905778293
Plaistow,2025-08-01,4.822590905778293
Plaistow,2025-09-01,4.822590905778293
Plaistow,2025-10-01,4.822590905778293
Plaistow,2025-11-01,4.822590905778293
Plaistow,2025-12-01,4.822590905778293
Plaistow,2026-01-01,4.822590905778293
Plaistow,2026-02-01,4.822590905778293
Plaistow,2026-03-01,4.822590905778293
Plaistow North,2025-04-01,7.976794807721966
Plaistow North,2025-05-01,6.9217230246496335
Plaistow North,2025-06-01,6.9217230246496335
Plaistow North,2025-07-01,6.9217230246496335
Plaistow North,2025-08-01,6.9217230246496335
Plaistow North,2025-09-01,6.9217230246496335
Plaistow North,2025-10-01,6.9217230246496335
Plaistow North,2025-11-01,6.9217230246496335
Plaistow North,2025-12-01,6.9217230246496335
Plaistow North,2026-01-01,6.9217230246496335
Plaistow North,2026-02-01,6.9217230246496335
Plaistow North,2026-03-01,6.9217230246496335
Plaistow South,2025-04-01,5.433042474479423
Plaistow South,2025-05-01,5.5478423386145606
Plaistow South,2025-06-01,5.555769657709674
Plaistow South,2025-07-01,5.548145173919197
Plaistow South,2025-08-01,5.555478391161213
Plaistow South,2025-09-01,5.548425313655065
Plaistow South,2025-10-01,5.555208953177252
Plaistow South,2025-11-01,5.548684458709856
Plaistow South,2025-12-01,5.554959707846526
Plaistow South,2026-01-01,5.548924182500606
Plaistow South,2026-02-01,5.554729141858852
Plaistow South,2026-03-01,5.549145940526815
Plaistow West & Canning Town East,2025-04-01,7.765371269915735
Plaistow West & Canning Town East,2025-05-01,7.3876308496617655
Plaistow West & Canning Town East,2025-06-01,7.272059405699088
Plaistow West & Canning Town East,2025-07-01,7.236699783208495
Plaistow West & Canning Town East,2025-08-01,7.2258813417336185
Plaistow West & Canning Town East,2025-09-01,7.222571389089851
Plaistow West & Canning Town East,2025-10-01,7.221558693635574
Plaistow West & Canning Town East,2025-11-01,7.221248854736505
Plaistow West & Canning Town East,2025-12-01,7.22115405807975
Plaistow West & Canning Town East,2026-01-01,7.221125054600333
Plaistow West & Canning Town East,2026-02-01,7.221116180850487
Plaistow West & Canning Town East,2026-03-01,7.22111346588532
Plashet,2025-04-01,2.4491531240109414
Plashet,2025-05-01,2.2779949077292847
Plashet,2025-06-01,2.224812914188669
Plashet,2025-07-01,2.208288294463141
Plashet,2025-08-01,2.203153792371474
Plashet,2025-09-01,2.2015584085038133
Plashet,2025-10-01,2.2010626935075486
Plashet,2025-11-01,2.2009086657763532
Plashet,2025-12-01,2.2008608065383717
Plashet,2026-01-01,2.2008459357963153
Plashet,2026-02-01,2.2008413151843156
Plashet,2026-03-01,2.2008398794755144
Pleck,2025-04-01,0.0
Pleck,2025-05-01,0.0
Pleck,2025-06-01,0.0
Pleck,2025-07-01,0.0
Pleck,2025-08-01,0.0
Pleck,2025-09-01,0.0
Pleck,2025-10-01,0.0
Pleck,2025-11-01,0.0
Pleck,2025-12-01,0.0
Pleck,2026-01-01,0.0
Pleck,2026-02-01,0.0
Pleck,2026-03-01,0.0
Plumstead & Glyndon,2025-04-01,7.152087017518576
Plumstead & Glyndon,2025-05-01,7.768084266670463
Plumstead & Glyndon,2025-06-01,7.896100580800777
Plumstead & Glyndon,2025-07-01,8.61876698917372
Plumstead & Glyndon,2025-08-01,8.394189271412197
Plumstead & Glyndon,2025-09-01,8.304686192865887
Plumstead & Glyndon,2025-10-01,9.278064801785636
Plumstead & Glyndon,2025-11-01,9.772017547960363
Plumstead & Glyndon,2025-12-01,9.170366372897469
Plumstead & Glyndon,2026-01-01,9.481189038387583
Plumstead & Glyndon,2026-02-01,9.624979889102288
Plumstead & Glyndon,2026-03-01,10.065885791638014
Plumstead Common,2025-04-01,6.290796977393755
Plumstead Common,2025-05-01,6.211103770373957
Plumstead Common,2025-06-01,6.194051493366915
Plumstead Common,2025-07-01,6.1769992163598735
Plumstead Common,2025-08-01,6.159946939352832
Plumstead Common,2025-09-01,6.14289466234579
Plumstead Common,2025-10-01,6.125842385338748
Plumstead Common,2025-11-01,6.108790108331706
Plumstead Common,2025-12-01,6.091737831324664
Plumstead Common,2026-01-01,6.074685554317623
Plumstead Common,2026-02-01,6.057633277310581
Plumstead Common,2026-03-01,6.040581000303539
Pocklington Provincial,2025-04-01,0.0
Pocklington Provincial,2025-05-01,0.0
Pocklington Provincial,2025-06-01,0.0
Pocklington Provincial,2025-07-01,0.0
Pocklington Provincial,2025-08-01,0.0
Pocklington Provincial,2025-09-01,0.0
Pocklington Provincial,2025-10-01,0.0
Pocklington Provincial,2025-11-01,0.0
Pocklington Provincial,2025-12-01,0.0
Pocklington Provincial,2026-01-01,0.0
Pocklington Provincial,2026-02-01,0.0
Pocklington Provincial,2026-03-01,0.0
Pollards Hill,2025-04-01,1.2636587833315878
Pollards Hill,2025-05-01,1.5285161437163683
Pollards Hill,2025-06-01,1.3232445211602701
Pollards Hill,2025-07-01,1.3679868727776106
Pollards Hill,2025-08-01,1.0185571263056545
Pollards Hill,2025-09-01,1.0928173307262072
Pollards Hill,2025-10-01,0.9726950566805579
Pollards Hill,2025-11-01,0.9522257613679577
Pollards Hill,2025-12-01,1.3976666952444097
Pollards Hill,2026-01-01,0.9120309459464231
Pollards Hill,2026-02-01,1.0773397192084395
Pollards Hill,2026-03-01,0.8707969159683978
Ponders End,2025-04-01,9.796922413723333
Ponders End,2025-05-01,9.632359265448287
Ponders End,2025-06-01,9.492429288663331
Ponders End,2025-07-01,9.373445186765181
Ponders End,2025-08-01,9.272271608166893
Ponders End,2025-09-01,9.1862425266082
Ponders End,2025-10-01,9.113090988663515
Ponders End,2025-11-01,9.050889377223296
Ponders End,2025-12-01,8.997998616831001
Ponders End,2026-01-01,8.953024982384836
Ponders End,2026-02-01,8.914783373069795
Ponders End,2026-03-01,8.882266083750991
Poplar,2025-04-01,3.955885625252547
Poplar,2025-05-01,3.7134083729894902
Poplar,2025-06-01,3.65709728362319
Poplar,2025-07-01,3.6440200206798634
Poplar,2025-08-01,3.6409830557052296
Poplar,2025-09-01,3.640277773850982
Poplar,2025-10-01,3.6401139845092922
Poplar,2025-11-01,3.6400759473071584
Poplar,2025-12-01,3.6400671138340446
Poplar,2026-01-01,3.640065062414832
Poplar,2026-02-01,3.640064586008697
Poplar,2026-03-01,3.640064475371727
Portsoken,2025-04-01,2.447114217349948
Portsoken,2025-05-01,2.9143362047872277
Portsoken,2025-06-01,2.4985599047033498
Portsoken,2025-07-01,2.755072777709944
Portsoken,2025-08-01,2.833309362463506
Portsoken,2025-09-01,2.7800898396945866
Portsoken,2025-10-01,2.8268361178783983
Portsoken,2025-11-01,2.8412157061729735
Portsoken,2025-12-01,2.83557540302239
Portsoken,2026-01-01,2.8444096569838284
Portsoken,2026-02-01,2.847321174018284
Portsoken,2026-03-01,2.8470631164039495
Potters Bar Furzefield,2025-04-01,0.0
Potters Bar Furzefield,2025-05-01,0.0
Potters Bar Furzefield,2025-06-01,0.0
Potters Bar Furzefield,2025-07-01,0.0
Potters Bar Furzefield,2025-08-01,0.0
Potters Bar Furzefield,2025-09-01,0.0
Potters Bar Furzefield,2025-10-01,0.0
Potters Bar Furzefield,2025-11-01,0.0
Potters Bar Furzefield,2025-12-01,0.0
Potters Bar Furzefield,2026-01-01,0.0
Potters Bar Furzefield,2026-02-01,0.0
Potters Bar Furzefield,2026-03-01,0.0
Potters Bar Oakmere,2025-04-01,0.018742621388164744
Potters Bar Oakmere,2025-05-01,0.018742621388164744
Potters Bar Oakmere,2025-06-01,0.018742621388164744
Potters Bar Oakmere,2025-07-01,0.018742621388164744
Potters Bar Oakmere,2025-08-01,0.018742621388164744
Potters Bar Oakmere,2025-09-01,0.018742621388164744
Potters Bar Oakmere,2025-10-01,0.018742621388164744
Potters Bar Oakmere,2025-11-01,0.018742621388164744
Potters Bar Oakmere,2025-12-01,0.018742621388164744
Potters Bar Oakmere,2026-01-01,0.018742621388164744
Potters Bar Oakmere,2026-02-01,0.018742621388164744
Potters Bar Oakmere,2026-03-01,0.018742621388164744
Preston,2025-04-01,2.2424311729746123
Preston,2025-05-01,2.2224453503250614
Preston,2025-06-01,2.1975038148956303
Preston,2025-07-01,2.172562279466199
Preston,2025-08-01,2.147620744036768
Preston,2025-09-01,2.122679208607337
Preston,2025-10-01,2.097737673177906
Preston,2025-11-01,2.0727961377484747
Preston,2025-12-01,2.0478546023190436
Preston,2026-01-01,2.0229130668896125
Preston,2026-02-01,1.9979715314601811
Preston,2026-03-01,1.9730299960307498
Primrose Hill,2025-04-01,10.143385886830124
Primrose Hill,2025-05-01,10.143385886830124
Primrose Hill,2025-06-01,10.143385886830124
Primrose Hill,2025-07-01,10.143385886830124
Primrose Hill,2025-08-01,10.143385886830124
Primrose Hill,2025-09-01,10.143385886830124
Primrose Hill,2025-10-01,10.143385886830124
Primrose Hill,2025-11-01,10.143385886830124
Primrose Hill,2025-12-01,10.143385886830124
Primrose Hill,2026-01-01,10.143385886830124
Primrose Hill,2026-02-01,10.143385886830124
Primrose Hill,2026-03-01,10.143385886830124
Prince's,2025-04-01,1.8562408279964902
Prince's,2025-05-01,1.8562408279964902
Prince's,2025-06-01,1.8562408279964902
Prince's,2025-07-01,1.8562408279964902
Prince's,2025-08-01,1.8562408279964902
Prince's,2025-09-01,1.8562408279964902
Prince's,2025-10-01,1.8562408279964902
Prince's,2025-11-01,1.8562408279964902
Prince's,2025-12-01,1.8562408279964902
Prince's,2026-01-01,1.8562408279964902
Prince's,2026-02-01,1.8562408279964902
Prince's,2026-03-01,1.8562408279964902
Prittlewell,2025-04-01,0.0
Prittlewell,2025-05-01,0.0
Prittlewell,2025-06-01,0.0
Prittlewell,2025-07-01,0.0
Prittlewell,2025-08-01,0.0
Prittlewell,2025-09-01,0.0
Prittlewell,2025-10-01,0.0
Prittlewell,2025-11-01,0.0
Prittlewell,2025-12-01,0.0
Prittlewell,2026-01-01,0.0
Prittlewell,2026-02-01,0.0
Prittlewell,2026-03-01,0.0
Purley & Woodcote,2025-04-01,9.217848568271195
Purley & Woodcote,2025-05-01,9.629799247013334
Purley & Woodcote,2025-06-01,9.769146096972696
Purley & Woodcote,2025-07-01,9.816281702266238
Purley & Woodcote,2025-08-01,9.832225839410613
Purley & Woodcote,2025-09-01,9.837619119240065
Purley & Woodcote,2025-10-01,9.839443455487011
Purley & Woodcote,2025-11-01,9.840060557296516
Purley & Woodcote,2025-12-01,9.840269298773825
Purley & Woodcote,2026-01-01,9.840339907875398
Purley & Woodcote,2026-02-01,9.840363792180948
Purley & Woodcote,2026-03-01,9.84037187131011
Purley Oaks & Riddlesdown,2025-04-01,4.2364746889547416
Purley Oaks & Riddlesdown,2025-05-01,4.2364746889547416
Purley Oaks & Riddlesdown,2025-06-01,4.2364746889547416
Purley Oaks & Riddlesdown,2025-07-01,4.2364746889547416
Purley Oaks & Riddlesdown,2025-08-01,4.2364746889547416
Purley Oaks & Riddlesdown,2025-09-01,4.2364746889547416
Purley Oaks & Riddlesdown,2025-10-01,4.2364746889547416
Purley Oaks & Riddlesdown,2025-11-01,4.2364746889547416
Purley Oaks & Riddlesdown,2025-12-01,4.2364746889547416
Purley Oaks & Riddlesdown,2026-01-01,4.2364746889547416
Purley Oaks & Riddlesdown,2026-02-01,4.2364746889547416
Purley Oaks & Riddlesdown,2026-03-01,4.2364746889547416
Queen's Gate,2025-04-01,7.227920622129076
Queen's Gate,2025-05-01,7.283095205548809
Queen's Gate,2025-06-01,7.3335193922032
Queen's Gate,2025-07-01,7.379602179642015
Queen's Gate,2025-08-01,7.421717351725732
Queen's Gate,2025-09-01,7.460206510438104
Queen's Gate,2025-10-01,7.495381846667085
Queen's Gate,2025-11-01,7.5275286724282875
Queen's Gate,2025-12-01,7.556907735070187
Queen's Gate,2026-01-01,7.583757332231917
Queen's Gate,2026-02-01,7.608295244708373
Queen's Gate,2026-03-01,7.630720502900342
Queen's Park,2025-04-01,7.485247956030566
Queen's Park,2025-05-01,7.5855089907484885
Queen's Park,2025-06-01,7.606224740207669
Queen's Park,2025-07-01,7.610504990026183
Queen's Park,2025-08-01,7.6113893673230315
Queen's Park,2025-09-01,7.611572095723556
Queen's Park,2025-10-01,7.611609850727531
Queen's Park,2025-11-01,7.611617651596586
Queen's Park,2025-12-01,7.611619263397715
Queen's Park,2026-01-01,7.611619596425081
Queen's Park,2026-02-01,7.61161966523458
Queen's Park,2026-03-01,7.611619679451871
Queens Park,2025-04-01,9.323125263744991
Queens Park,2025-05-01,9.81054601086684
Queens Park,2025-06-01,10.18827735979205
Queens Park,2025-07-01,9.81054601086684
Queens Park,2025-08-01,9.999411685329445
Queens Park,2025-09-01,10.377143034254654
Queens Park,2025-10-01,8.677351964091216
Queens Park,2025-11-01,9.999411685329447
Queens Park,2025-12-01,10.188277359792052
Queens Park,2026-01-01,9.432814661941634
Queens Park,2026-02-01,8.677351964091217
Queens Park,2026-03-01,9.055083313016425
Queens Park & Central,2025-04-01,0.0
Queens Park & Central,2025-05-01,0.0
Queens Park & Central,2025-06-01,0.0
Queens Park & Central,2025-07-01,0.0
Queens Park & Central,2025-08-01,0.0
Queens Park & Central,2025-09-01,0.0
Queens Park & Central,2025-10-01,0.0
Queens Park & Central,2025-11-01,0.0
Queens Park & Central,2025-12-01,0.0
Queens Park & Central,2026-01-01,0.0
Queens Park & Central,2026-02-01,0.0
Queens Park & Central,2026-03-01,0.0
Queensbury,2025-04-01,7.617653583646912
Queensbury,2025-05-01,7.605436200873155
Queensbury,2025-06-01,8.281620000830895
Queensbury,2025-07-01,7.872842711078632
Queensbury,2025-08-01,8.20267732227467
Queensbury,2025-09-01,8.03163878981754
Queensbury,2025-10-01,8.45582712353967
Queensbury,2025-11-01,9.918594936528129
Queensbury,2025-12-01,9.745767103674277
Queensbury,2026-01-01,8.751408640193887
Queensbury,2026-02-01,8.525091831094164
Queensbury,2026-03-01,8.508615062281619
Queenstown,2025-04-01,-0.0014625966467006445
Queenstown,2025-05-01,-0.0009077762890869138
Queenstown,2025-06-01,-0.0024658734726114087
Queenstown,2025-07-01,0.00021330462583869563
Queenstown,2025-08-01,-0.0016896045264159188
Queenstown,2025-09-01,-0.00033804703054464815
Queenstown,2025-10-01,-0.0012980022982364823
Queenstown,2025-11-01,-0.0006161858614335075
Queenstown,2025-12-01,-0.001100451815421625
Queenstown,2026-01-01,-0.0007564977809726297
Queenstown,2026-02-01,-0.0010007940748571332
Queenstown,2026-03-01,-0.0008272805433141452
Rainham & Wennington,2025-04-01,3.6666493872467494
Rainham & Wennington,2025-05-01,3.8618189532721683
Rainham & Wennington,2025-06-01,3.8618189532721683
Rainham & Wennington,2025-07-01,3.8618189532721683
Rainham & Wennington,2025-08-01,3.8618189532721683
Rainham & Wennington,2025-09-01,3.8618189532721683
Rainham & Wennington,2025-10-01,3.8618189532721683
Rainham & Wennington,2025-11-01,3.8618189532721683
Rainham & Wennington,2025-12-01,3.8618189532721683
Rainham & Wennington,2026-01-01,3.8618189532721683
Rainham & Wennington,2026-02-01,3.8618189532721683
Rainham & Wennington,2026-03-01,3.8618189532721683
Ravensbury,2025-04-01,3.2516863833670806
Ravensbury,2025-05-01,3.2516863833670806
Ravensbury,2025-06-01,3.2516863833670806
Ravensbury,2025-07-01,3.2516863833670806
Ravensbury,2025-08-01,3.2516863833670806
Ravensbury,2025-09-01,3.2516863833670806
Ravensbury,2025-10-01,3.2516863833670806
Ravensbury,2025-11-01,3.2516863833670806
Ravensbury,2025-12-01,3.2516863833670806
Ravensbury,2026-01-01,3.2516863833670806
Ravensbury,2026-02-01,3.2516863833670806
Ravensbury,2026-03-01,3.2516863833670806
Ravenscourt,2025-04-01,3.938148270320902
Ravenscourt,2025-05-01,4.344516361150716
Ravenscourt,2025-06-01,4.7508844519805296
Ravenscourt,2025-07-01,3.1254120886612746
Ravenscourt,2025-08-01,4.7508844519805296
Ravenscourt,2025-09-01,3.938148270320902
Ravenscourt,2025-10-01,4.141332315735809
Ravenscourt,2025-11-01,4.75088445198053
Ravenscourt,2025-12-01,4.75088445198053
Ravenscourt,2026-01-01,4.547700406565624
Ravenscourt,2026-02-01,5.157252542810344
Ravenscourt,2026-03-01,4.141332315735809
Rayners Lane,2025-04-01,2.780008341183918
Rayners Lane,2025-05-01,2.5860209979847175
Rayners Lane,2025-06-01,2.4395970387199686
Rayners Lane,2025-07-01,2.8521409549518477
Rayners Lane,2025-08-01,2.72465179430505
Rayners Lane,2025-09-01,2.9271821066878143
Rayners Lane,2025-10-01,3.3525324670980603
Rayners Lane,2025-11-01,3.196207019134171
Rayners Lane,2025-12-01,2.8665532498575765
Rayners Lane,2026-01-01,3.042144687682633
Rayners Lane,2026-02-01,3.233705909957035
Rayners Lane,2026-03-01,2.749395083708599
Raynes Park,2025-04-01,4.164194033985456
Raynes Park,2025-05-01,4.164194033985456
Raynes Park,2025-06-01,4.164194033985456
Raynes Park,2025-07-01,4.164194033985456
Raynes Park,2025-08-01,4.164194033985456
Raynes Park,2025-09-01,4.164194033985456
Raynes Park,2025-10-01,4.164194033985456
Raynes Park,2025-11-01,4.164194033985456
Raynes Park,2025-12-01,4.164194033985456
Raynes Park,2026-01-01,4.164194033985456
Raynes Park,2026-02-01,4.164194033985456
Raynes Park,2026-03-01,4.164194033985456
Redcliffe,2025-04-01,9.623193915742375
Redcliffe,2025-05-01,9.623193915742375
Redcliffe,2025-06-01,9.623193915742375
Redcliffe,2025-07-01,9.623193915742375
Redcliffe,2025-08-01,9.623193915742375
Redcliffe,2025-09-01,9.623193915742375
Redcliffe,2025-10-01,9.623193915742375
Redcliffe,2025-11-01,9.623193915742375
Redcliffe,2025-12-01,9.623193915742375
Redcliffe,2026-01-01,9.623193915742375
Redcliffe,2026-02-01,9.623193915742375
Redcliffe,2026-03-01,9.623193915742375
Regency,2025-04-01,0.0
Regency,2025-05-01,0.0
Regency,2025-06-01,0.0
Regency,2025-07-01,0.0
Regency,2025-08-01,0.0
Regency,2025-09-01,0.0
Regency,2025-10-01,0.0
Regency,2025-11-01,0.0
Regency,2025-12-01,0.0
Regency,2026-01-01,0.0
Regency,2026-02-01,0.0
Regency,2026-03-01,0.0
Regent's Park,2025-04-01,21.170483234109593
Regent's Park,2025-05-01,24.04837939397137
Regent's Park,2025-06-01,20.16346321140747
Regent's Park,2025-07-01,23.215234561270986
Regent's Park,2025-08-01,22.12756828366663
Regent's Park,2025-09-01,23.684798529484127
Regent's Park,2025-10-01,20.684291951961097
Regent's Park,2025-11-01,21.755543451140483
Regent's Park,2025-12-01,20.902896833325016
Regent's Park,2026-01-01,22.115048915392588
Regent's Park,2026-02-01,21.96037818854384
Regent's Park,2026-03-01,23.36835287552051
Reigate,2025-04-01,0.0
Reigate,2025-05-01,0.0
Reigate,2025-06-01,0.0
Reigate,2025-07-01,0.0
Reigate,2025-08-01,0.0
Reigate,2025-09-01,0.0
Reigate,2025-10-01,0.0
Reigate,2025-11-01,0.0
Reigate,2025-12-01,0.0
Reigate,2026-01-01,0.0
Reigate,2026-02-01,0.0
Reigate,2026-03-01,0.0
Rickmansworth Town,2025-04-01,0.09584564027281689
Rickmansworth Town,2025-05-01,0.09584564027313885
Rickmansworth Town,2025-06-01,0.0957770634875709
Rickmansworth Town,2025-07-01,0.09584566351776165
Rickmansworth Town,2025-08-01,0.09577706368006937
Rickmansworth Town,2025-09-01,0.29816110033557575
Rickmansworth Town,2025-10-01,0.054914048444170756
Rickmansworth Town,2025-11-01,0.09584564027313937
Rickmansworth Town,2025-12-01,0.09584722904881866
Rickmansworth Town,2026-01-01,0.09584565976645193
Rickmansworth Town,2026-02-01,0.06353410078965496
Rickmansworth Town,2026-03-01,0.09584563652182965
Ridgeway,2025-04-01,6.441252257585333
Ridgeway,2025-05-01,6.4682498109427105
Ridgeway,2025-06-01,6.804100880083521
Ridgeway,2025-07-01,5.950461411489533
Ridgeway,2025-08-01,6.397343020262141
Ridgeway,2025-09-01,6.093507976751739
Ridgeway,2025-10-01,6.086322267606058
Ridgeway,2025-11-01,6.102877906308443
Ridgeway,2025-12-01,5.947440752541091
Ridgeway,2026-01-01,6.004788788617285
Ridgeway,2026-02-01,5.940914652555711
Ridgeway,2026-03-01,5.932470964334872
Riverside Park,2025-04-01,0.0
Riverside Park,2025-05-01,0.0
Riverside Park,2025-06-01,0.0
Riverside Park,2025-07-01,0.0
Riverside Park,2025-08-01,0.0
Riverside Park,2025-09-01,0.0
Riverside Park,2025-10-01,0.0
Riverside Park,2025-11-01,0.0
Riverside Park,2025-12-01,0.0
Riverside Park,2026-01-01,0.0
Riverside Park,2026-02-01,0.0
Riverside Park,2026-03-01,0.0
Roehampton,2025-04-01,6.156473990568902
Roehampton,2025-05-01,6.156473990568902
Roehampton,2025-06-01,6.156473990568902
Roehampton,2025-07-01,6.156473990568902
Roehampton,2025-08-01,6.156473990568902
Roehampton,2025-09-01,6.156473990568902
Roehampton,2025-10-01,6.156473990568902
Roehampton,2025-11-01,6.156473990568902
Roehampton,2025-12-01,6.156473990568902
Roehampton,2026-01-01,6.156473990568902
Roehampton,2026-02-01,6.156473990568902
Roehampton,2026-03-01,6.156473990568902
Rotherhithe,2025-04-01,9.537735064709265
Rotherhithe,2025-05-01,10.485341010130622
Rotherhithe,2025-06-01,10.683227624265825
Rotherhithe,2025-07-01,10.724551881720206
Rotherhithe,2025-08-01,10.733181542001267
Rotherhithe,2025-09-01,10.734983656332027
Rotherhithe,2025-10-01,10.735359988186971
Rotherhithe,2025-11-01,10.735438576799597
Rotherhithe,2025-12-01,10.735454988299058
Rotherhithe,2026-01-01,10.73545841547897
Rotherhithe,2026-02-01,10.735459131169952
Rotherhithe,2026-03-01,10.735459280626237
Round Green,2025-04-01,0.0
Round Green,2025-05-01,0.0
Round Green,2025-06-01,0.0
Round Green,2025-07-01,0.0
Round Green,2025-08-01,0.0
Round Green,2025-09-01,0.0
Round Green,2025-10-01,0.0
Round Green,2025-11-01,0.0
Round Green,2025-12-01,0.0
Round Green,2026-01-01,0.0
Round Green,2026-02-01,0.0
Round Green,2026-03-01,0.0
Roundwood,2025-04-01,7.265013976806888
Roundwood,2025-05-01,7.265013976806888
Roundwood,2025-06-01,7.265013976806888
Roundwood,2025-07-01,7.265013976806888
Roundwood,2025-08-01,7.265013976806888
Roundwood,2025-09-01,7.265013976806888
Roundwood,2025-10-01,7.265013976806888
Roundwood,2025-11-01,7.265013976806888
Roundwood,2025-12-01,7.265013976806888
Roundwood,2026-01-01,7.265013976806888
Roundwood,2026-02-01,7.265013976806888
Roundwood,2026-03-01,7.265013976806888
Roxbourne,2025-04-01,4.752888952266865
Roxbourne,2025-05-01,3.932289196109206
Roxbourne,2025-06-01,3.7249097902597788
Roxbourne,2025-07-01,3.672501514912694
Roxbourne,2025-08-01,3.659257059352578
Roxbourne,2025-09-01,3.6559099619348108
Roxbourne,2025-10-01,3.655064093935694
Roxbourne,2025-11-01,3.654850328818452
Roxbourne,2025-12-01,3.6547963067660785
Roxbourne,2026-01-01,3.6547826544818314
Roxbourne,2026-02-01,3.6547792043192224
Roxbourne,2026-03-01,3.65477833240491
Roxeth,2025-04-01,7.205565123225477
Roxeth,2025-05-01,6.439281809929412
Roxeth,2025-06-01,5.019245181719866
Roxeth,2025-07-01,4.789347524820232
Roxeth,2025-08-01,4.857282413161603
Roxeth,2025-09-01,5.250960374149091
Roxeth,2025-10-01,5.667516221079041
Roxeth,2025-11-01,6.013595739620068
Roxeth,2025-12-01,6.219983041199922
Roxeth,2026-01-01,6.295233343320631
Roxeth,2026-02-01,6.273570726563184
Roxeth,2026-03-01,6.201751779712123
Royal Albert,2025-04-01,5.151913751126189
Royal Albert,2025-05-01,5.151913751126189
Royal Albert,2025-06-01,5.151913751126189
Royal Albert,2025-07-01,5.151913751126189
Royal Albert,2025-08-01,5.151913751126189
Royal Albert,2025-09-01,5.151913751126189
Royal Albert,2025-10-01,5.151913751126189
Royal Albert,2025-11-01,5.151913751126189
Royal Albert,2025-12-01,5.151913751126189
Royal Albert,2026-01-01,5.151913751126189
Royal Albert,2026-02-01,5.151913751126189
Royal Albert,2026-03-01,5.151913751126189
Royal Docks,2025-04-01,3.007290051295774
Royal Docks,2025-05-01,3.9839153457635277
Royal Docks,2025-06-01,4.301076959550418
Royal Docks,2025-07-01,4.404076021554771
Royal Docks,2025-08-01,4.437525235812159
Royal Docks,2025-09-01,4.448387955458959
Royal Docks,2025-10-01,4.451915652020588
Royal Docks,2025-11-01,4.45306128068777
Royal Docks,2025-12-01,4.453433326588016
Royal Docks,2026-01-01,4.453554149465319
Royal Docks,2026-02-01,4.453593387010123
Royal Docks,2026-03-01,4.453606129505225
Royal Hospital,2025-04-01,4.962562624031941
Royal Hospital,2025-05-01,4.962562624031941
Royal Hospital,2025-06-01,4.962562624031941
Royal Hospital,2025-07-01,4.962562624031941
Royal Hospital,2025-08-01,4.962562624031941
Royal Hospital,2025-09-01,4.962562624031941
Royal Hospital,2025-10-01,4.962562624031941
Royal Hospital,2025-11-01,4.962562624031941
Royal Hospital,2025-12-01,4.962562624031941
Royal Hospital,2026-01-01,4.962562624031941
Royal Hospital,2026-02-01,4.962562624031941
Royal Hospital,2026-03-01,4.962562624031941
Royal Victoria,2025-04-01,6.558429356139406
Royal Victoria,2025-05-01,7.374277869178213
Royal Victoria,2025-06-01,7.238375866742245
Royal Victoria,2025-07-01,7.189634319218616
Royal Victoria,2025-08-01,6.873611053659577
Royal Victoria,2025-09-01,6.872544521896748
Royal Victoria,2025-10-01,6.509350703315128
Royal Victoria,2025-11-01,6.594641550394045
Royal Victoria,2025-12-01,6.140805416339423
Royal Victoria,2026-01-01,7.013371659453346
Royal Victoria,2026-02-01,7.081838801807519
Royal Victoria,2026-03-01,7.073332823793799
Roydon & Lower Nazeing,2025-04-01,0.0
Roydon & Lower Nazeing,2025-05-01,0.0
Roydon & Lower Nazeing,2025-06-01,0.0
Roydon & Lower Nazeing,2025-07-01,0.0
Roydon & Lower Nazeing,2025-08-01,0.0
Roydon & Lower Nazeing,2025-09-01,0.0
Roydon & Lower Nazeing,2025-10-01,0.0
Roydon & Lower Nazeing,2025-11-01,0.0
Roydon & Lower Nazeing,2025-12-01,0.0
Roydon & Lower Nazeing,2026-01-01,0.0
Roydon & Lower Nazeing,2026-02-01,0.0
Roydon & Lower Nazeing,2026-03-01,0.0
Royston Meridian,2025-04-01,0.0
Royston Meridian,2025-05-01,0.0
Royston Meridian,2025-06-01,0.0
Royston Meridian,2025-07-01,0.0
Royston Meridian,2025-08-01,0.0
Royston Meridian,2025-09-01,0.0
Royston Meridian,2025-10-01,0.0
Royston Meridian,2025-11-01,0.0
Royston Meridian,2025-12-01,0.0
Royston Meridian,2026-01-01,0.0
Royston Meridian,2026-02-01,0.0
Royston Meridian,2026-03-01,0.0
Royston Palace,2025-04-01,0.0
Royston Palace,2025-05-01,0.0
Royston Palace,2025-06-01,0.0
Royston Palace,2025-07-01,0.0
Royston Palace,2025-08-01,0.0
Royston Palace,2025-09-01,0.0
Royston Palace,2025-10-01,0.0
Royston Palace,2025-11-01,0.0
Royston Palace,2025-12-01,0.0
Royston Palace,2026-01-01,0.0
Royston Palace,2026-02-01,0.0
Royston Palace,2026-03-01,0.0
Ruislip,2025-04-01,6.8623608573990795
Ruislip,2025-05-01,6.426829781225263
Ruislip,2025-06-01,6.338092952574977
Ruislip,2025-07-01,6.3200133592010985
Ruislip,2025-08-01,6.316329751148651
Ruislip,2025-09-01,6.315579238235919
Ruislip,2025-10-01,6.315426325758761
Ruislip,2025-11-01,6.3153951707642575
Ruislip,2025-12-01,6.315388823122126
Ruislip,2026-01-01,6.315387529828345
Ruislip,2026-02-01,6.315387266327542
Ruislip,2026-03-01,6.315387212640843
Ruislip Manor,2025-04-01,2.890164320880749
Ruislip Manor,2025-05-01,2.4186649479228173
Ruislip Manor,2025-06-01,2.218354520998945
Ruislip Manor,2025-07-01,2.133255219842496
Ruislip Manor,2025-08-01,2.097101879407211
Ruislip Manor,2025-09-01,2.0817425990504117
Ruislip Manor,2025-10-01,2.0752174069038922
Ruislip Manor,2025-11-01,2.0724452631862245
Ruislip Manor,2025-12-01,2.0712675536845198
Ruislip Manor,2026-01-01,2.070767218993513
Ruislip Manor,2026-02-01,2.070554658253651
Ruislip Manor,2026-03-01,2.0704643545650545
Rush Green & Crowlands,2025-04-01,6.26981847661427
Rush Green & Crowlands,2025-05-01,5.411616676615306
Rush Green & Crowlands,2025-06-01,4.725055236616136
Rush Green & Crowlands,2025-07-01,5.411616676615306
Rush Green & Crowlands,2025-08-01,6.26981847661427
Rush Green & Crowlands,2025-09-01,5.754897396614892
Rush Green & Crowlands,2025-10-01,6.784739556613648
Rush Green & Crowlands,2025-11-01,7.299660636613026
Rush Green & Crowlands,2025-12-01,5.583257036615099
Rush Green & Crowlands,2026-01-01,5.583257036615099
Rush Green & Crowlands,2026-02-01,5.411616676615306
Rush Green & Crowlands,2026-03-01,5.068335956615721
Rushey Green,2025-04-01,19.09611993129774
Rushey Green,2025-05-01,18.225880630311813
Rushey Green,2025-06-01,17.965085961433175
Rushey Green,2025-07-01,17.886930608947416
Rushey Green,2025-08-01,17.863508891208944
Rushey Green,2025-09-01,17.856489834364176
Rushey Green,2025-10-01,17.854386352478677
Rushey Green,2025-11-01,17.853755977751632
Rushey Green,2025-12-01,17.853567066071797
Rushey Green,2026-01-01,17.853510452725406
Rushey Green,2026-02-01,17.8534934867496
Rushey Green,2026-03-01,17.853488402359552
Ruxley,2025-04-01,0.024994982367183127
Ruxley,2025-05-01,0.024994982367183127
Ruxley,2025-06-01,0.024994982367183127
Ruxley,2025-07-01,0.024994982367183127
Ruxley,2025-08-01,0.024994982367183127
Ruxley,2025-09-01,0.024994982367183127
Ruxley,2025-10-01,0.024994982367183127
Ruxley,2025-11-01,0.024994982367183127
Ruxley,2025-12-01,0.024994982367183127
Ruxley,2026-01-01,0.024994982367183127
Ruxley,2026-02-01,0.024994982367183127
Ruxley,2026-03-01,0.024994982367183127
Rye Lane,2025-04-01,14.600465335487776
Rye Lane,2025-05-01,12.80789505153898
Rye Lane,2025-06-01,13.662609764319026
Rye Lane,2025-07-01,13.703182359182618
Rye Lane,2025-08-01,15.04242861400278
Rye Lane,2025-09-01,14.883012203343732
Rye Lane,2025-10-01,14.910692114955962
Rye Lane,2025-11-01,15.100261742394366
Rye Lane,2025-12-01,13.855130622968058
Rye Lane,2026-01-01,13.51283059019142
Rye Lane,2026-02-01,14.597619556610947
Rye Lane,2026-03-01,14.131409459417068
Sanderstead,2025-04-01,4.390372598815728
Sanderstead,2025-05-01,4.960536297687829
Sanderstead,2025-06-01,4.715583063421369
Sanderstead,2025-07-01,4.793750997500567
Sanderstead,2025-08-01,4.754753716094
Sanderstead,2025-09-01,4.7643871428932325
Sanderstead,2025-10-01,4.757616316843374
Sanderstead,2025-11-01,4.758410502021377
Sanderstead,2025-12-01,4.75705921481351
Sanderstead,2026-01-01,4.756966036109288
Sanderstead,2026-02-01,4.7566460071020344
Sanderstead,2026-03-01,4.756561205726189
Sands End,2025-04-01,4.058908600212916
Sands End,2025-05-01,5.0119527447032715
Sands End,2025-06-01,6.078536819186592
Sands End,2025-07-01,5.917090065783916
Sands End,2025-08-01,5.321865919695866
Sands End,2025-09-01,5.394941854902296
Sands End,2025-10-01,5.798896702439585
Sands End,2025-11-01,5.801752991339999
Sands End,2025-12-01,5.5431883870448395
Sands End,2026-01-01,5.51243217627335
Sands End,2026-02-01,5.675662708344275
Sands End,2026-03-01,5.714064304257825
Selhurst,2025-04-01,6.071634428905147
Selhurst,2025-05-01,6.498829319267572
Selhurst,2025-06-01,6.5869218281607615
Selhurst,2025-07-01,6.605087518570853
Selhurst,2025-08-01,6.608833493253846
Selhurst,2025-09-01,6.609605956397765
Selhurst,2025-10-01,6.609765247199014
Selhurst,2025-11-01,6.609798094797714
Selhurst,2025-12-01,6.609804868351064
Selhurst,2026-01-01,6.609806265135815
Selhurst,2026-02-01,6.609806553168926
Selhurst,2026-03-01,6.609806612564672
Selsdon & Addington Village,2025-04-01,3.656569717283779
Selsdon & Addington Village,2025-05-01,3.656569717283779
Selsdon & Addington Village,2025-06-01,3.656569717283779
Selsdon & Addington Village,2025-07-01,3.656569717283779
Selsdon & Addington Village,2025-08-01,3.656569717283779
Selsdon & Addington Village,2025-09-01,3.656569717283779
Selsdon & Addington Village,2025-10-01,3.656569717283779
Selsdon & Addington Village,2025-11-01,3.656569717283779
Selsdon & Addington Village,2025-12-01,3.656569717283779
Selsdon & Addington Village,2026-01-01,3.656569717283779
Selsdon & Addington Village,2026-02-01,3.656569717283779
Selsdon & Addington Village,2026-03-01,3.656569717283779
Selsdon Vale & Forestdale,2025-04-01,2.0864488978411906
Selsdon Vale & Forestdale,2025-05-01,2.4629253366242794
Selsdon Vale & Forestdale,2025-06-01,2.1893354990545006
Selsdon Vale & Forestdale,2025-07-01,2.6631637480225474
Selsdon Vale & Forestdale,2025-08-01,1.8910302446536946
Selsdon Vale & Forestdale,2025-09-01,2.4868706708469768
Selsdon Vale & Forestdale,2025-10-01,2.136621197605495
Selsdon Vale & Forestdale,2025-11-01,2.534470123655857
Selsdon Vale & Forestdale,2025-12-01,2.5750887809694256
Selsdon Vale & Forestdale,2026-01-01,3.158203991316296
Selsdon Vale & Forestdale,2026-02-01,1.9207819406128146
Selsdon Vale & Forestdale,2026-03-01,2.15447247174873
Seven Kings,2025-04-01,7.572931524334736
Seven Kings,2025-05-01,5.930017825090524
Seven Kings,2025-06-01,6.642545233677387
Seven Kings,2025-07-01,7.151465285573363
Seven Kings,2025-08-01,6.604190984834872
Seven Kings,2025-09-01,5.704776215573973
Seven Kings,2025-10-01,5.850429884734055
Seven Kings,2025-11-01,7.5650290204326
Seven Kings,2025-12-01,5.792070308254586
Seven Kings,2026-01-01,6.285890763267563
Seven Kings,2026-02-01,6.25658208830257
Seven Kings,2026-03-01,6.052896917836078
Seven Sisters,2025-04-01,5.635012414514698
Seven Sisters,2025-05-01,5.713346980160049
Seven Sisters,2025-06-01,5.723010262380342
Seven Sisters,2025-07-01,5.724202316264853
Seven Sisters,2025-08-01,5.724349366969902
Seven Sisters,2025-09-01,5.724367507013851
Seven Sisters,2025-10-01,5.72436974475351
Seven Sisters,2025-11-01,5.72437002079908
Seven Sisters,2025-12-01,5.724370054851816
Seven Sisters,2026-01-01,5.724370059052531
Seven Sisters,2026-02-01,5.724370059570727
Seven Sisters,2026-03-01,5.724370059634652
Shacklewell,2025-04-01,5.163362799326517
Shacklewell,2025-05-01,5.546631323182174
Shacklewell,2025-06-01,6.158706494231625
Shacklewell,2025-07-01,6.387429681550928
Shacklewell,2025-08-01,6.548095395925389
Shacklewell,2025-09-01,6.62868141536804
Shacklewell,2025-10-01,6.676469918065396
Shacklewell,2025-11-01,6.702452971046119
Shacklewell,2025-12-01,6.717217414917097
Shacklewell,2026-01-01,6.725419104394363
Shacklewell,2026-02-01,6.730028217499623
Shacklewell,2026-03-01,6.732603089419243
Shadwell,2025-04-01,8.114392842549487
Shadwell,2025-05-01,7.330945873274007
Shadwell,2025-06-01,8.247810801596856
Shadwell,2025-07-01,7.702798701279909
Shadwell,2025-08-01,6.4449019095185225
Shadwell,2025-09-01,6.840127743431307
Shadwell,2025-10-01,7.423753196316445
Shadwell,2025-11-01,6.930710828863426
Shadwell,2025-12-01,8.467512037426353
Shadwell,2026-01-01,7.266451604142065
Shadwell,2026-02-01,7.455658268091748
Shadwell,2026-03-01,7.61973337608768
Shaftesbury & Queenstown,2025-04-01,6.010004792024444
Shaftesbury & Queenstown,2025-05-01,6.010004792024444
Shaftesbury & Queenstown,2025-06-01,6.010004792024444
Shaftesbury & Queenstown,2025-07-01,6.010004792024444
Shaftesbury & Queenstown,2025-08-01,6.010004792024444
Shaftesbury & Queenstown,2025-09-01,6.010004792024444
Shaftesbury & Queenstown,2025-10-01,6.010004792024444
Shaftesbury & Queenstown,2025-11-01,6.010004792024444
Shaftesbury & Queenstown,2025-12-01,6.010004792024444
Shaftesbury & Queenstown,2026-01-01,6.010004792024444
Shaftesbury & Queenstown,2026-02-01,6.010004792024444
Shaftesbury & Queenstown,2026-03-01,6.010004792024444
Shenley,2025-04-01,0.0
Shenley,2025-05-01,0.0
Shenley,2025-06-01,0.0
Shenley,2025-07-01,0.0
Shenley,2025-08-01,0.0
Shenley,2025-09-01,0.0
Shenley,2025-10-01,0.0
Shenley,2025-11-01,0.0
Shenley,2025-12-01,0.0
Shenley,2026-01-01,0.0
Shenley,2026-02-01,0.0
Shenley,2026-03-01,0.0
Shepherd's Bush Green,2025-04-01,6.63702402023261
Shepherd's Bush Green,2025-05-01,7.302515293883509
Shepherd's Bush Green,2025-06-01,7.398024532863746
Shepherd's Bush Green,2025-07-01,7.411731721961119
Shepherd's Bush Green,2025-08-01,7.413698935132925
Shepherd's Bush Green,2025-09-01,7.413981263452454
Shepherd's Bush Green,2025-10-01,7.414021782335284
Shepherd's Bush Green,2025-11-01,7.414027597479398
Shepherd's Bush Green,2025-12-01,7.414028432050806
Shepherd's Bush Green,2026-01-01,7.4140285518259
Shepherd's Bush Green,2026-02-01,7.414028569015649
Shepherd's Bush Green,2026-03-01,7.414028571482668
Shildon and Dene Valley,2025-04-01,0.0
Shildon and Dene Valley,2025-05-01,0.0
Shildon and Dene Valley,2025-06-01,0.0
Shildon and Dene Valley,2025-07-01,0.0
Shildon and Dene Valley,2025-08-01,0.0
Shildon and Dene Valley,2025-09-01,0.0
Shildon and Dene Valley,2025-10-01,0.0
Shildon and Dene Valley,2025-11-01,0.0
Shildon and Dene Valley,2025-12-01,0.0
Shildon and Dene Valley,2026-01-01,0.0
Shildon and Dene Valley,2026-02-01,0.0
Shildon and Dene Valley,2026-03-01,0.0
Shirley North,2025-04-01,3.3695737272300317
Shirley North,2025-05-01,3.3695737272300317
Shirley North,2025-06-01,3.3695737272300317
Shirley North,2025-07-01,3.3695737272300317
Shirley North,2025-08-01,3.3695737272300317
Shirley North,2025-09-01,3.3695737272300317
Shirley North,2025-10-01,3.3695737272300317
Shirley North,2025-11-01,3.3695737272300317
Shirley North,2025-12-01,3.3695737272300317
Shirley North,2026-01-01,3.3695737272300317
Shirley North,2026-02-01,3.3695737272300317
Shirley North,2026-03-01,3.3695737272300317
Shirley South,2025-04-01,1.7234642444972104
Shirley South,2025-05-01,2.342609293371548
Shirley South,2025-06-01,2.342609293371548
Shirley South,2025-07-01,2.342609293371548
Shirley South,2025-08-01,2.342609293371548
Shirley South,2025-09-01,2.342609293371548
Shirley South,2025-10-01,2.342609293371548
Shirley South,2025-11-01,2.342609293371548
Shirley South,2025-12-01,2.342609293371548
Shirley South,2026-01-01,2.342609293371548
Shirley South,2026-02-01,2.342609293371548
Shirley South,2026-03-01,2.342609293371548
Shooters Hill,2025-04-01,4.533445324151977
Shooters Hill,2025-05-01,3.9134757863445966
Shooters Hill,2025-06-01,3.7576461866310003
Shooters Hill,2025-07-01,3.7184783523003335
Shooters Hill,2025-08-01,3.7086335009436326
Shooters Hill,2025-09-01,3.70615899348383
Shooters Hill,2025-10-01,3.705537025010487
Shooters Hill,2025-11-01,3.7053806929774997
Shooters Hill,2025-12-01,3.705341398856358
Shooters Hill,2026-01-01,3.705331522262759
Shooters Hill,2026-02-01,3.7053290397768737
Shooters Hill,2026-03-01,3.7053284158030197
Shortlands & Park Langley,2025-04-01,4.109998770740415
Shortlands & Park Langley,2025-05-01,3.32017963626492
Shortlands & Park Langley,2025-06-01,3.822035541548519
Shortlands & Park Langley,2025-07-01,4.298649104228411
Shortlands & Park Langley,2025-08-01,3.601539390918193
Shortlands & Park Langley,2025-09-01,3.601539390918193
Shortlands & Park Langley,2025-10-01,4.531019008665151
Shortlands & Park Langley,2025-11-01,5.692868530848847
Shortlands & Park Langley,2025-12-01,5.460498626412108
Shortlands & Park Langley,2026-01-01,5.692868530848847
Shortlands & Park Langley,2026-02-01,4.531019008665151
Shortlands & Park Langley,2026-03-01,4.298649104228412
Sidcup,2025-04-01,4.56499911681027
Sidcup,2025-05-01,4.56499911681027
Sidcup,2025-06-01,4.56499911681027
Sidcup,2025-07-01,4.56499911681027
Sidcup,2025-08-01,4.56499911681027
Sidcup,2025-09-01,4.56499911681027
Sidcup,2025-10-01,4.56499911681027
Sidcup,2025-11-01,4.56499911681027
Sidcup,2025-12-01,4.56499911681027
Sidcup,2026-01-01,4.56499911681027
Sidcup,2026-02-01,4.56499911681027
Sidcup,2026-03-01,4.56499911681027
Singlewell,2025-04-01,0.0
Singlewell,2025-05-01,0.0
Singlewell,2025-06-01,0.0
Singlewell,2025-07-01,0.0
Singlewell,2025-08-01,0.0
Singlewell,2025-09-01,0.0
Singlewell,2025-10-01,0.0
Singlewell,2025-11-01,0.0
Singlewell,2025-12-01,0.0
Singlewell,2026-01-01,0.0
Singlewell,2026-02-01,0.0
Singlewell,2026-03-01,0.0
Slade Green & Northend,2025-04-01,4.455085201518991
Slade Green & Northend,2025-05-01,4.455085201518991
Slade Green & Northend,2025-06-01,4.455085201518991
Slade Green & Northend,2025-07-01,4.455085201518991
Slade Green & Northend,2025-08-01,4.455085201518991
Slade Green & Northend,2025-09-01,4.455085201518991
Slade Green & Northend,2025-10-01,4.455085201518991
Slade Green & Northend,2025-11-01,4.455085201518991
Slade Green & Northend,2025-12-01,4.455085201518991
Slade Green & Northend,2026-01-01,4.455085201518991
Slade Green & Northend,2026-02-01,4.455085201518991
Slade Green & Northend,2026-03-01,4.455085201518991
Somerton,2025-04-01,0.0
Somerton,2025-05-01,0.0
Somerton,2025-06-01,0.0
Somerton,2025-07-01,0.0
Somerton,2025-08-01,0.0
Somerton,2025-09-01,0.0
Somerton,2025-10-01,0.0
Somerton,2025-11-01,0.0
Somerton,2025-12-01,0.0
Somerton,2026-01-01,0.0
Somerton,2026-02-01,0.0
Somerton,2026-03-01,0.0
South Acton,2025-04-01,10.65451555645672
South Acton,2025-05-01,11.636657424261182
South Acton,2025-06-01,11.807247219065617
South Acton,2025-07-01,11.836877233878521
South Acton,2025-08-01,11.84202371863055
South Acton,2025-09-01,11.842917619813864
South Acton,2025-10-01,11.843072882942783
South Acton,2025-11-01,11.843099850844439
South Acton,2025-12-01,11.84310453494249
South Acton,2026-01-01,11.843105348530987
South Acton,2026-02-01,11.843105489844477
South Acton,2026-03-01,11.843105514389444
South Balham,2025-04-01,4.608001120783937
South Balham,2025-05-01,4.608001120783937
South Balham,2025-06-01,4.608001120783937
South Balham,2025-07-01,4.608001120783937
South Balham,2025-08-01,4.608001120783937
South Balham,2025-09-01,4.608001120783937
South Balham,2025-10-01,4.608001120783937
South Balham,2025-11-01,4.608001120783937
South Balham,2025-12-01,4.608001120783937
South Balham,2026-01-01,4.608001120783937
South Balham,2026-02-01,4.608001120783937
South Balham,2026-03-01,4.608001120783937
South Beddington & Roundshaw,2025-04-01,4.256679693327358
South Beddington & Roundshaw,2025-05-01,3.7206948267853357
South Beddington & Roundshaw,2025-06-01,3.9886872600563468
South Beddington & Roundshaw,2025-07-01,3.9886872600563468
South Beddington & Roundshaw,2025-08-01,4.390675909962864
South Beddington & Roundshaw,2025-09-01,4.52467212659837
South Beddington & Roundshaw,2025-10-01,4.1226834766918525
South Beddington & Roundshaw,2025-11-01,4.256679693327358
South Beddington & Roundshaw,2025-12-01,3.8546910434208415
South Beddington & Roundshaw,2026-01-01,4.1226834766918525
South Beddington & Roundshaw,2026-02-01,4.1226834766918525
South Beddington & Roundshaw,2026-03-01,4.256679693327358
South Bermondsey,2025-04-01,12.30832141081017
South Bermondsey,2025-05-01,13.521868246307998
South Bermondsey,2025-06-01,13.237866064117327
South Bermondsey,2025-07-01,14.033996425595227
South Bermondsey,2025-08-01,13.556474947529008
South Bermondsey,2025-09-01,14.1949837484016
South Bermondsey,2025-10-01,13.671487010503661
South Bermondsey,2025-11-01,14.23966052615831
South Bermondsey,2025-12-01,13.718366822622034
South Bermondsey,2026-01-01,14.246087868476756
South Bermondsey,2026-02-01,13.742178033606953
South Bermondsey,2026-03-01,14.240201206529681
South Chafford,2025-04-01,0.0
South Chafford,2025-05-01,0.0
South Chafford,2025-06-01,0.0
South Chafford,2025-07-01,0.0
South Chafford,2025-08-01,0.0
South Chafford,2025-09-01,0.0
South Chafford,2025-10-01,0.0
South Chafford,2025-11-01,0.0
South Chafford,2025-12-01,0.0
South Chafford,2026-01-01,0.0
South Chafford,2026-02-01,0.0
South Chafford,2026-03-01,0.0
South Croydon,2025-04-01,8.4803254232131
South Croydon,2025-05-01,8.445114645430834
South Croydon,2025-06-01,8.409903867648568
South Croydon,2025-07-01,8.374693089866302
South Croydon,2025-08-01,8.339482312084035
South Croydon,2025-09-01,8.304271534301769
South Croydon,2025-10-01,8.269060756519503
South Croydon,2025-11-01,8.233849978737236
South Croydon,2025-12-01,8.19863920095497
South Croydon,2026-01-01,8.163428423172704
South Croydon,2026-02-01,8.128217645390437
South Croydon,2026-03-01,8.093006867608171
South Ham,2025-04-01,0.0
South Ham,2025-05-01,0.0
South Ham,2025-06-01,0.0
South Ham,2025-07-01,0.0
South Ham,2025-08-01,0.0
South Ham,2025-09-01,0.0
South Ham,2025-10-01,0.0
South Ham,2025-11-01,0.0
South Ham,2025-12-01,0.0
South Ham,2026-01-01,0.0
South Ham,2026-02-01,0.0
South Ham,2026-03-01,0.0
South Hampstead,2025-04-01,8.915684473229625
South Hampstead,2025-05-01,8.895021237683178
South Hampstead,2025-06-01,8.87435800213673
South Hampstead,2025-07-01,8.853694766590284
South Hampstead,2025-08-01,8.833031531043837
South Hampstead,2025-09-01,8.81236829549739
South Hampstead,2025-10-01,8.791705059950942
South Hampstead,2025-11-01,8.771041824404495
South Hampstead,2025-12-01,8.750378588858048
South Hampstead,2026-01-01,8.729715353311601
South Hampstead,2026-02-01,8.709052117765154
South Hampstead,2026-03-01,8.688388882218707
South Hornchurch,2025-04-01,2.395722794218779
South Hornchurch,2025-05-01,2.5580107126578193
South Hornchurch,2025-06-01,2.8905731165215673
South Hornchurch,2025-07-01,2.738489362083886
South Hornchurch,2025-08-01,3.0792537999110534
South Hornchurch,2025-09-01,2.213413346236445
South Hornchurch,2025-10-01,2.7520724033468698
South Hornchurch,2025-11-01,3.19573620739767
South Hornchurch,2025-12-01,3.201368320163138
South Hornchurch,2026-01-01,2.55223710777487
South Hornchurch,2026-02-01,2.8262566528085715
South Hornchurch,2026-03-01,3.197369507697619
South Norwood,2025-04-01,7.166667484738762
South Norwood,2025-05-01,6.10496301856758
South Norwood,2025-06-01,6.073577421284768
South Norwood,2025-07-01,6.618557613056627
South Norwood,2025-08-01,6.349245060500125
South Norwood,2025-09-01,6.806793915351543
South Norwood,2025-10-01,6.660414069611952
South Norwood,2025-11-01,7.060539014684074
South Norwood,2025-12-01,6.595178463418459
South Norwood,2026-01-01,6.727114021105766
South Norwood,2026-02-01,6.086019421222048
South Norwood,2026-03-01,6.930529478336723
South Richmond,2025-04-01,9.502292861123314
South Richmond,2025-05-01,9.559289505136789
South Richmond,2025-06-01,9.611273782255147
South Richmond,2025-07-01,9.658686487236148
South Richmond,2025-08-01,9.701929650712238
South Richmond,2025-09-01,9.741369948163506
South Richmond,2025-10-01,9.777341809100658
South Richmond,2025-11-01,9.810150252821972
South Richmond,2025-12-01,9.8400734747897
South Richmond,2026-01-01,9.867365205556807
South Richmond,2026-02-01,9.892256862246303
South Richmond,2026-03-01,9.914959510826382
South Ruislip,2025-04-01,8.56440474293328
South Ruislip,2025-05-01,7.5765217181692
South Ruislip,2025-06-01,7.175834096617351
South Ruislip,2025-07-01,7.013314277934142
South Ruislip,2025-08-01,6.947395866572873
South Ruislip,2025-09-01,6.9206592076742846
South Ruislip,2025-10-01,6.909814757477484
South Ruislip,2025-11-01,6.905416223594962
South Ruislip,2025-12-01,6.903632168159731
South Ruislip,2026-01-01,6.9029085511816675
South Ruislip,2026-02-01,6.902615050475019
South Ruislip,2026-03-01,6.902496005914962
South Tottenham,2025-04-01,10.516551770952683
South Tottenham,2025-05-01,10.74404568882765
South Tottenham,2025-06-01,10.072050434208068
South Tottenham,2025-07-01,9.962511020250608
South Tottenham,2025-08-01,9.79705474651514
South Tottenham,2025-09-01,9.73562325091447
South Tottenham,2025-10-01,9.68683938799891
South Tottenham,2025-11-01,9.662662077531063
South Tottenham,2025-12-01,9.646862498818669
South Tottenham,2026-01-01,9.638140976130119
South Tottenham,2026-02-01,9.632815900100065
South Tottenham,2026-03-01,9.629757167745286
South Twickenham,2025-04-01,3.349976276681846
South Twickenham,2025-05-01,3.349976276681846
South Twickenham,2025-06-01,4.118253461752167
South Twickenham,2025-07-01,3.657287150709975
South Twickenham,2025-08-01,3.657287150709975
South Twickenham,2025-09-01,3.657287150709975
South Twickenham,2025-10-01,3.964598024738103
South Twickenham,2025-11-01,3.964598024738103
South Twickenham,2025-12-01,3.657287150709975
South Twickenham,2026-01-01,4.271908898766232
South Twickenham,2026-02-01,3.9645980247381036
South Twickenham,2026-03-01,4.57921977279436
South Woodford,2025-04-01,2.6251134154860125
South Woodford,2025-05-01,4.1398348377734875
South Woodford,2025-06-01,5.372085849822267
South Woodford,2025-07-01,5.500773863040905
South Woodford,2025-08-01,4.723821084216187
South Woodford,2025-09-01,4.150758769258356
South Woodford,2025-10-01,6.315776578790795
South Woodford,2025-11-01,4.725702916927262
South Woodford,2025-12-01,3.7340000003400644
South Woodford,2026-01-01,4.281151456470097
South Woodford,2026-02-01,5.977337275517063
South Woodford,2026-03-01,4.489754374515741
Southall Broadway,2025-04-01,7.8249986091313835
Southall Broadway,2025-05-01,7.8249986091313835
Southall Broadway,2025-06-01,7.8249986091313835
Southall Broadway,2025-07-01,7.8249986091313835
Southall Broadway,2025-08-01,7.8249986091313835
Southall Broadway,2025-09-01,7.8249986091313835
Southall Broadway,2025-10-01,7.8249986091313835
Southall Broadway,2025-11-01,7.8249986091313835
Southall Broadway,2025-12-01,7.8249986091313835
Southall Broadway,2026-01-01,7.8249986091313835
Southall Broadway,2026-02-01,7.8249986091313835
Southall Broadway,2026-03-01,7.8249986091313835
Southall Green,2025-04-01,5.50790487779261
Southall Green,2025-05-01,6.687953609068178
Southall Green,2025-06-01,8.124097028524048
Southall Green,2025-07-01,8.124097028524048
Southall Green,2025-08-01,8.124097028524048
Southall Green,2025-09-01,8.124097028524048
Southall Green,2025-10-01,8.124097028524048
Southall Green,2025-11-01,8.124097028524048
Southall Green,2025-12-01,8.124097028524048
Southall Green,2026-01-01,8.124097028524048
Southall Green,2026-02-01,8.124097028524048
Southall Green,2026-03-01,8.124097028524048
Southall West,2025-04-01,1.5922935671889569
Southall West,2025-05-01,1.0185326571099513
Southall West,2025-06-01,0.7687135681140974
Southall West,2025-07-01,0.7570746942113538
Southall West,2025-08-01,1.3708552419284112
Southall West,2025-09-01,0.7589945018403309
Southall West,2025-10-01,1.0647775066970764
Southall West,2025-11-01,0.7590778505902498
Southall West,2025-12-01,1.6761155764465085
Southall West,2026-01-01,0.7590814691893263
Southall West,2026-02-01,0.7590816676414651
Southall West,2026-03-01,0.7590816262913739
Southbury,2025-04-01,7.083458418391026
Southbury,2025-05-01,6.713510512235834
Southbury,2025-06-01,7.796263415717734
Southbury,2025-07-01,7.705583859882604
Southbury,2025-08-01,7.608824866165879
Southbury,2025-09-01,7.426040383158812
Southbury,2025-10-01,8.160137838594874
Southbury,2025-11-01,8.4976554480342
Southbury,2025-12-01,8.192924445864465
Southbury,2026-01-01,8.910966775714641
Southbury,2026-02-01,7.3068313891256285
Southbury,2026-03-01,7.616937807039679
Southcote,2025-04-01,0.0
Southcote,2025-05-01,0.0
Southcote,2025-06-01,0.0
Southcote,2025-07-01,0.0
Southcote,2025-08-01,0.0
Southcote,2025-09-01,0.0
Southcote,2025-10-01,0.0
Southcote,2025-11-01,0.0
Southcote,2025-12-01,0.0
Southcote,2026-01-01,0.0
Southcote,2026-02-01,0.0
Southcote,2026-03-01,0.0
Southfield,2025-04-01,5.1937214376676835
Southfield,2025-05-01,5.171043839744056
Southfield,2025-06-01,5.148366241820428
Southfield,2025-07-01,5.1256886438968
Southfield,2025-08-01,5.103011045973172
Southfield,2025-09-01,5.080333448049545
Southfield,2025-10-01,5.057655850125917
Southfield,2025-11-01,5.034978252202289
Southfield,2025-12-01,5.012300654278661
Southfield,2026-01-01,4.9896230563550334
Southfield,2026-02-01,4.966945458431406
Southfield,2026-03-01,4.944267860507778
Southfields,2025-04-01,6.523964603861401
Southfields,2025-05-01,8.040221486391902
Southfields,2025-06-01,8.040221486391902
Southfields,2025-07-01,8.040221486391902
Southfields,2025-08-01,8.040221486391902
Southfields,2025-09-01,8.040221486391902
Southfields,2025-10-01,8.040221486391902
Southfields,2025-11-01,8.040221486391902
Southfields,2025-12-01,8.040221486391902
Southfields,2026-01-01,8.040221486391902
Southfields,2026-02-01,8.040221486391902
Southfields,2026-03-01,8.040221486391902
Southgate,2025-04-01,4.066706484552022
Southgate,2025-05-01,4.998713843410989
Southgate,2025-06-01,4.198243932964896
Southgate,2025-07-01,5.311304283620264
Southgate,2025-08-01,4.198801724703809
Southgate,2025-09-01,5.638070686721781
Southgate,2025-10-01,5.720508550367755
Southgate,2025-11-01,5.757345176056382
Southgate,2025-12-01,7.182492851996754
Southgate,2026-01-01,6.16345159398859
Southgate,2026-02-01,4.606010652424228
Southgate,2026-03-01,6.109646634834727
Southwater North,2025-04-01,0.0
Southwater North,2025-05-01,0.0
Southwater North,2025-06-01,0.0
Southwater North,2025-07-01,0.0
Southwater North,2025-08-01,0.0
Southwater North,2025-09-01,0.0
Southwater North,2025-10-01,0.0
Southwater North,2025-11-01,0.0
Southwater North,2025-12-01,0.0
Southwater North,2026-01-01,0.0
Southwater North,2026-02-01,0.0
Southwater North,2026-03-01,0.0
Spitalfields & Banglatown,2025-04-01,13.834004851301405
Spitalfields & Banglatown,2025-05-01,15.68254792165746
Spitalfields & Banglatown,2025-06-01,15.022108255690114
Spitalfields & Banglatown,2025-07-01,15.885733343101247
Spitalfields & Banglatown,2025-08-01,14.548444761523005
Spitalfields & Banglatown,2025-09-01,15.3963853836777
Spitalfields & Banglatown,2025-10-01,15.75406511153274
Spitalfields & Banglatown,2025-11-01,15.998684763370267
Spitalfields & Banglatown,2025-12-01,15.908293509681808
Spitalfields & Banglatown,2026-01-01,15.612800967905716
Spitalfields & Banglatown,2026-02-01,14.469316321419498
Spitalfields & Banglatown,2026-03-01,16.239012879235318
Springfield,2025-04-01,8.43065484923889
Springfield,2025-05-01,8.760363095430195
Springfield,2025-06-01,9.042483966387515
Springfield,2025-07-01,9.283885832276956
Springfield,2025-08-01,9.49044573923159
Springfield,2025-09-01,9.667192488905215
Springfield,2025-10-01,9.818429067100672
Springfield,2025-11-01,9.947837402057361
Springfield,2025-12-01,10.058568002789544
Springfield,2026-01-01,10.153316659764489
Springfield,2026-02-01,10.234390075235869
Springfield,2026-03-01,10.30376202103488
Squirrels Heath,2025-04-01,3.4811316661082965
Squirrels Heath,2025-05-01,3.4811316661082965
Squirrels Heath,2025-06-01,3.4811316661082965
Squirrels Heath,2025-07-01,3.4811316661082965
Squirrels Heath,2025-08-01,3.4811316661082965
Squirrels Heath,2025-09-01,3.4811316661082965
Squirrels Heath,2025-10-01,3.4811316661082965
Squirrels Heath,2025-11-01,3.4811316661082965
Squirrels Heath,2025-12-01,3.4811316661082965
Squirrels Heath,2026-01-01,3.4811316661082965
Squirrels Heath,2026-02-01,3.4811316661082965
Squirrels Heath,2026-03-01,3.4811316661082965
St Alban's,2025-04-01,3.716208424553571
St Alban's,2025-05-01,3.9253458253594884
St Alban's,2025-06-01,3.9864152723477977
St Alban's,2025-07-01,4.0042479380550615
St Alban's,2025-08-01,4.009455189502547
St Alban's,2025-09-01,4.010975739939731
St Alban's,2025-10-01,4.011419750307837
St Alban's,2025-11-01,4.011549404150396
St Alban's,2025-12-01,4.011587263894443
St Alban's,2026-01-01,4.011598319179739
St Alban's,2026-02-01,4.011601547393137
St Alban's,2026-03-01,4.011602490051916
St Andrew's,2025-04-01,3.8349689805405487
St Andrew's,2025-05-01,3.182208460517582
St Andrew's,2025-06-01,3.641361550950702
St Andrew's,2025-07-01,3.2217937999019957
St Andrew's,2025-08-01,3.496659780029407
St Andrew's,2025-09-01,3.2227300741663
St Andrew's,2025-10-01,3.38250151420191
St Andrew's,2025-11-01,3.19952848893735
St Andrew's,2025-12-01,3.2874188672048925
St Andrew's,2026-01-01,3.1612518622007872
St Andrew's,2026-02-01,3.2042496935518248
St Andrew's,2026-03-01,3.1135602798207973
St Ann's,2025-04-01,5.757928258385452
St Ann's,2025-05-01,5.376629592256275
St Ann's,2025-06-01,5.259576230585795
St Ann's,2025-07-01,5.223642484429656
St Ann's,2025-08-01,5.212611326551006
St Ann's,2025-09-01,5.209224915247966
St Ann's,2025-10-01,5.20818533430465
St Ann's,2025-11-01,5.207866197483693
St Ann's,2025-12-01,5.2077682269397485
St Ann's,2026-01-01,5.2077381513519425
St Ann's,2026-02-01,5.207728918566807
St Ann's,2026-03-01,5.207726084230803
St Dunstan's,2025-04-01,8.000335061865371
St Dunstan's,2025-05-01,8.824324810391719
St Dunstan's,2025-06-01,9.05061923807287
St Dunstan's,2025-07-01,9.112767059803812
St Dunstan's,2025-08-01,9.129834876212191
St Dunstan's,2025-09-01,9.134522254608353
St Dunstan's,2025-10-01,9.135809561414513
St Dunstan's,2025-11-01,9.136163097799487
St Dunstan's,2025-12-01,9.136260190407794
St Dunstan's,2026-01-01,9.136286855200977
St Dunstan's,2026-02-01,9.136294178221831
St Dunstan's,2026-03-01,9.136296189361916
St Edward's,2025-04-01,6.1855745638525494
St Edward's,2025-05-01,6.1855745638525494
St Edward's,2025-06-01,6.1855745638525494
St Edward's,2025-07-01,6.1855745638525494
St Edward's,2025-08-01,6.1855745638525494
St Edward's,2025-09-01,6.1855745638525494
St Edward's,2025-10-01,6.1855745638525494
St Edward's,2025-11-01,6.1855745638525494
St Edward's,2025-12-01,6.1855745638525494
St Edward's,2026-01-01,6.1855745638525494
St Edward's,2026-02-01,6.1855745638525494
St Edward's,2026-03-01,6.1855745638525494
St George's,2025-04-01,6.341628546129274
St George's,2025-05-01,6.058951806428716
St George's,2025-06-01,6.058951806428716
St George's,2025-07-01,6.058951806428716
St George's,2025-08-01,6.058951806428716
St George's,2025-09-01,6.058951806428716
St George's,2025-10-01,6.058951806428716
St George's,2025-11-01,6.058951806428716
St George's,2025-12-01,6.058951806428716
St George's,2026-01-01,6.058951806428716
St George's,2026-02-01,6.058951806428716
St George's,2026-03-01,6.058951806428716
St Giles,2025-04-01,8.696954939704364
St Giles,2025-05-01,8.696954939704364
St Giles,2025-06-01,8.696954939704364
St Giles,2025-07-01,8.696954939704364
St Giles,2025-08-01,8.696954939704364
St Giles,2025-09-01,8.696954939704364
St Giles,2025-10-01,8.696954939704364
St Giles,2025-11-01,8.696954939704364
St Giles,2025-12-01,8.696954939704364
St Giles,2026-01-01,8.696954939704364
St Giles,2026-02-01,8.696954939704364
St Giles,2026-03-01,8.696954939704364
St Helier,2025-04-01,2.8740992169462656
St Helier,2025-05-01,3.3195476527307477
St Helier,2025-06-01,3.3885864346116557
St Helier,2025-07-01,3.399286558398611
St Helier,2025-08-01,3.4009449400492846
St Helier,2025-09-01,3.4012019678887797
St Helier,2025-10-01,3.40124180390014
St Helier,2025-11-01,3.4012479779698603
St Helier,2025-12-01,3.4012489348713073
St Helier,2026-01-01,3.401249083178732
St Helier,2026-02-01,3.4012491061644763
St Helier,2026-03-01,3.401249109726971
St Helier East,2025-04-01,2.2725135182836356
St Helier East,2025-05-01,2.0419268726909614
St Helier East,2025-06-01,1.70895168674631
St Helier East,2025-07-01,1.6384672741960542
St Helier East,2025-08-01,1.290554772328902
St Helier East,2025-09-01,1.1225233096480045
St Helier East,2025-10-01,1.064249707516077
St Helier East,2025-11-01,1.01784989303103
St Helier East,2025-12-01,1.4650047654890912
St Helier East,2026-01-01,1.355536085357882
St Helier East,2026-02-01,1.6501195951527432
St Helier East,2026-03-01,2.002060139341462
St Helier West,2025-04-01,2.882723804308639
St Helier West,2025-05-01,3.2974492967018074
St Helier West,2025-06-01,3.2733738702321213
St Helier West,2025-07-01,3.2572553984020387
St Helier West,2025-08-01,3.240992639893385
St Helier West,2025-09-01,3.2247324977934646
St Helier West,2025-10-01,3.208472308249146
St Helier West,2025-11-01,3.192212119565156
St Helier West,2025-12-01,3.175951930865565
St Helier West,2026-01-01,3.159691742166257
St Helier West,2026-02-01,3.143431553466944
St Helier West,2026-03-01,3.127171364767631
St James,2025-04-01,5.5254221932303995
St James,2025-05-01,5.582636533725133
St James,2025-06-01,5.56425488670218
St James,2025-07-01,5.545873239679227
St James,2025-08-01,5.527491592656274
St James,2025-09-01,5.509109945633321
St James,2025-10-01,5.490728298610367
St James,2025-11-01,5.472346651587414
St James,2025-12-01,5.453965004564461
St James,2026-01-01,5.435583357541508
St James,2026-02-01,5.417201710518555
St James,2026-03-01,5.398820063495601
St James's,2025-04-01,31.61064630678416
St James's,2025-05-01,33.39157608659253
St James's,2025-06-01,33.3245740844625
St James's,2025-07-01,34.32592079937884
St James's,2025-08-01,31.700281577188512
St James's,2025-09-01,31.428320652120437
St James's,2025-10-01,31.893643232183283
St James's,2025-11-01,32.47700077541647
St James's,2025-12-01,33.795201031976354
St James's,2026-01-01,30.971701230201493
St James's,2026-02-01,30.908810101506255
St James's,2026-03-01,33.877858143365316
St Katharine's & Wapping,2025-04-01,9.68676524190948
St Katharine's & Wapping,2025-05-01,8.882094186300938
St Katharine's & Wapping,2025-06-01,8.882094186300938
St Katharine's & Wapping,2025-07-01,8.882094186300938
St Katharine's & Wapping,2025-08-01,8.882094186300938
St Katharine's & Wapping,2025-09-01,8.882094186300938
St Katharine's & Wapping,2025-10-01,8.882094186300938
St Katharine's & Wapping,2025-11-01,8.882094186300938
St Katharine's & Wapping,2025-12-01,8.882094186300938
St Katharine's & Wapping,2026-01-01,8.882094186300938
St Katharine's & Wapping,2026-02-01,8.882094186300938
St Katharine's & Wapping,2026-03-01,8.882094186300938
St Margarets & North Twickenham,2025-04-01,4.12150519269479
St Margarets & North Twickenham,2025-05-01,5.039734277906881
St Margarets & North Twickenham,2025-06-01,4.094402539002609
St Margarets & North Twickenham,2025-07-01,4.982215879815336
St Margarets & North Twickenham,2025-08-01,4.141443331876779
St Margarets & North Twickenham,2025-09-01,4.937042683626822
St Margarets & North Twickenham,2025-10-01,4.184133962835029
St Margarets & North Twickenham,2025-11-01,4.8966378341922026
St Margarets & North Twickenham,2025-12-01,4.222370047594284
St Margarets & North Twickenham,2026-01-01,4.860453626602063
St Margarets & North Twickenham,2026-02-01,4.256612446249139
St Margarets & North Twickenham,2026-03-01,4.828048826826001
St Mark's & Seething Wells,2025-04-01,3.3071083719758616
St Mark's & Seething Wells,2025-05-01,3.3071083719758616
St Mark's & Seething Wells,2025-06-01,3.3071083719758616
St Mark's & Seething Wells,2025-07-01,3.3071083719758616
St Mark's & Seething Wells,2025-08-01,3.3071083719758616
St Mark's & Seething Wells,2025-09-01,3.3071083719758616
St Mark's & Seething Wells,2025-10-01,3.3071083719758616
St Mark's & Seething Wells,2025-11-01,3.3071083719758616
St Mark's & Seething Wells,2025-12-01,3.3071083719758616
St Mark's & Seething Wells,2026-01-01,3.3071083719758616
St Mark's & Seething Wells,2026-02-01,3.3071083719758616
St Mark's & Seething Wells,2026-03-01,3.3071083719758616
St Martin's,2025-04-01,5.481103216993993
St Martin's,2025-05-01,5.156599629651616
St Martin's,2025-06-01,4.70024919733841
St Martin's,2025-07-01,5.758694562996546
St Martin's,2025-08-01,5.487414184724219
St Martin's,2025-09-01,6.423680127910241
St Martin's,2025-10-01,7.741608480424199
St Martin's,2025-11-01,5.7490444497498014
St Martin's,2025-12-01,5.173016846621625
St Martin's,2026-01-01,4.978255642625788
St Martin's,2026-02-01,5.87502255314354
St Martin's,2026-03-01,5.221012073351552
St Mary Cray,2025-04-01,7.11227866660221
St Mary Cray,2025-05-01,7.209618757724679
St Mary Cray,2025-06-01,7.076045690338033
St Mary Cray,2025-07-01,7.053258008307682
St Mary Cray,2025-08-01,7.021757482192694
St Mary Cray,2025-09-01,7.007972796712833
St Mary Cray,2025-10-01,6.997982210475456
St Mary Cray,2025-11-01,6.992404621650405
St Mary Cray,2025-12-01,6.988868802193417
St Mary Cray,2026-01-01,6.9867662902814365
St Mary Cray,2026-02-01,6.985475764540365
St Mary Cray,2026-03-01,6.984696100012206
St Mary's,2025-04-01,10.047025990725816
St Mary's,2025-05-01,9.787797760894348
St Mary's,2025-06-01,9.787797760894348
St Mary's,2025-07-01,9.787797760894348
St Mary's,2025-08-01,9.787797760894348
St Mary's,2025-09-01,9.787797760894348
St Mary's,2025-10-01,9.787797760894348
St Mary's,2025-11-01,9.787797760894348
St Mary's,2025-12-01,9.787797760894348
St Mary's,2026-01-01,9.787797760894348
St Mary's,2026-02-01,9.787797760894348
St Mary's,2026-03-01,9.787797760894348
St Mary's & St James,2025-04-01,4.406805066304493
St Mary's & St James,2025-05-01,4.854992695976684
St Mary's & St James,2025-06-01,5.190791673043067
St Mary's & St James,2025-07-01,5.442384857534359
St Mary's & St James,2025-08-01,5.6308879049095015
St Mary's & St James,2025-09-01,5.772121455975528
St Mary's & St James,2025-10-01,5.87793892802426
St Mary's & St James,2025-11-01,5.957221345737807
St Mary's & St James,2025-12-01,6.016622705804419
St Mary's & St James,2026-01-01,6.061128432036332
St Mary's & St James,2026-02-01,6.094473790883482
St Mary's & St James,2026-03-01,6.119457384024985
St Mary's & St James',2025-04-01,9.037308758308104
St Mary's & St James',2025-05-01,9.733931435063777
St Mary's & St James',2025-06-01,10.065858527204272
St Mary's & St James',2025-07-01,10.252153248346342
St Mary's & St James',2025-08-01,10.348500376307218
St Mary's & St James',2025-09-01,10.400363022436643
St Mary's & St James',2025-10-01,10.42773322412199
St Mary's & St James',2025-11-01,10.442318958052248
St Mary's & St James',2025-12-01,10.450054555955603
St Mary's & St James',2026-01-01,10.454166870696586
St Mary's & St James',2026-02-01,10.456350468713733
St Mary's & St James',2026-03-01,10.45751060340114
St Mary's Park,2025-04-01,0.0017193863299564997
St Mary's Park,2025-05-01,0.0017193863299564997
St Mary's Park,2025-06-01,0.0017193863299564997
St Mary's Park,2025-07-01,0.0017193863299564997
St Mary's Park,2025-08-01,0.0017193863299564997
St Mary's Park,2025-09-01,0.0017193863299564997
St Mary's Park,2025-10-01,0.0017193863299564997
St Mary's Park,2025-11-01,0.0017193863299564997
St Mary's Park,2025-12-01,0.0017193863299564997
St Mary's Park,2026-01-01,0.0017193863299564997
St Mary's Park,2026-02-01,0.0017193863299564997
St Mary's Park,2026-03-01,0.0017193863299564997
St Matthew's,2025-04-01,0.0
St Matthew's,2025-05-01,0.0
St Matthew's,2025-06-01,0.0
St Matthew's,2025-07-01,0.0
St Matthew's,2025-08-01,0.0
St Matthew's,2025-09-01,0.0
St Matthew's,2025-10-01,0.0
St Matthew's,2025-11-01,0.0
St Matthew's,2025-12-01,0.0
St Matthew's,2026-01-01,0.0
St Matthew's,2026-02-01,0.0
St Matthew's,2026-03-01,0.0
St Osyth,2025-04-01,0.0
St Osyth,2025-05-01,0.0
St Osyth,2025-06-01,0.0
St Osyth,2025-07-01,0.0
St Osyth,2025-08-01,0.0
St Osyth,2025-09-01,0.0
St Osyth,2025-10-01,0.0
St Osyth,2025-11-01,0.0
St Osyth,2025-12-01,0.0
St Osyth,2026-01-01,0.0
St Osyth,2026-02-01,0.0
St Osyth,2026-03-01,0.0
St Pancras & Somers Town,2025-04-01,9.443745072392936
St Pancras & Somers Town,2025-05-01,9.443745072392936
St Pancras & Somers Town,2025-06-01,9.443745072392936
St Pancras & Somers Town,2025-07-01,9.443745072392936
St Pancras & Somers Town,2025-08-01,9.443745072392936
St Pancras & Somers Town,2025-09-01,9.443745072392936
St Pancras & Somers Town,2025-10-01,9.443745072392936
St Pancras & Somers Town,2025-11-01,9.443745072392936
St Pancras & Somers Town,2025-12-01,9.443745072392936
St Pancras & Somers Town,2026-01-01,9.443745072392936
St Pancras & Somers Town,2026-02-01,9.443745072392936
St Pancras & Somers Town,2026-03-01,9.443745072392936
St Pancras and Somers Town,2025-04-01,0.8250003970901758
St Pancras and Somers Town,2025-05-01,0.8250003970901758
St Pancras and Somers Town,2025-06-01,0.8250003970901758
St Pancras and Somers Town,2025-07-01,0.8250003970901758
St Pancras and Somers Town,2025-08-01,0.8250003970901758
St Pancras and Somers Town,2025-09-01,0.8250003970901758
St Pancras and Somers Town,2025-10-01,0.8250003970901758
St Pancras and Somers Town,2025-11-01,0.8250003970901758
St Pancras and Somers Town,2025-12-01,0.8250003970901758
St Pancras and Somers Town,2026-01-01,0.8250003970901758
St Pancras and Somers Town,2026-02-01,0.8250003970901758
St Pancras and Somers Town,2026-03-01,0.8250003970901758
St Paul's Cray,2025-04-01,10.368170588613115
St Paul's Cray,2025-05-01,8.641426702493515
St Paul's Cray,2025-06-01,8.597981879048888
St Paul's Cray,2025-07-01,8.55453705560426
St Paul's Cray,2025-08-01,8.511092232159633
St Paul's Cray,2025-09-01,8.467647408715006
St Paul's Cray,2025-10-01,8.424202585270379
St Paul's Cray,2025-11-01,8.380757761825752
St Paul's Cray,2025-12-01,8.337312938381125
St Paul's Cray,2026-01-01,8.293868114936497
St Paul's Cray,2026-02-01,8.25042329149187
St Paul's Cray,2026-03-01,8.206978468047243
St Peter's,2025-04-01,6.037496857164897
St Peter's,2025-05-01,6.037496857164897
St Peter's,2025-06-01,6.037496857164897
St Peter's,2025-07-01,6.037496857164897
St Peter's,2025-08-01,6.037496857164897
St Peter's,2025-09-01,6.037496857164897
St Peter's,2025-10-01,6.037496857164897
St Peter's,2025-11-01,6.037496857164897
St Peter's,2025-12-01,6.037496857164897
St Peter's,2026-01-01,6.037496857164897
St Peter's,2026-02-01,6.037496857164897
St Peter's,2026-03-01,6.037496857164897
St Peter's & Canalside,2025-04-01,7.9593629042172465
St Peter's & Canalside,2025-05-01,7.9593629042172465
St Peter's & Canalside,2025-06-01,7.9593629042172465
St Peter's & Canalside,2025-07-01,7.9593629042172465
St Peter's & Canalside,2025-08-01,7.9593629042172465
St Peter's & Canalside,2025-09-01,7.9593629042172465
St Peter's & Canalside,2025-10-01,7.9593629042172465
St Peter's & Canalside,2025-11-01,7.9593629042172465
St Peter's & Canalside,2025-12-01,7.9593629042172465
St Peter's & Canalside,2026-01-01,7.9593629042172465
St Peter's & Canalside,2026-02-01,7.9593629042172465
St Peter's & Canalside,2026-03-01,7.9593629042172465
St Peters,2025-04-01,0.0
St Peters,2025-05-01,0.0
St Peters,2025-06-01,0.0
St Peters,2025-07-01,0.0
St Peters,2025-08-01,0.0
St Peters,2025-09-01,0.0
St Peters,2025-10-01,0.0
St Peters,2025-11-01,0.0
St Peters,2025-12-01,0.0
St Peters,2026-01-01,0.0
St Peters,2026-02-01,0.0
St Peters,2026-03-01,0.0
St. Helen's,2025-04-01,3.475655725047516
St. Helen's,2025-05-01,3.475655725047516
St. Helen's,2025-06-01,3.7540698422579792
St. Helen's,2025-07-01,2.7796204320213582
St. Helen's,2025-08-01,3.475655725047516
St. Helen's,2025-09-01,3.475655725047516
St. Helen's,2025-10-01,3.058034549231821
St. Helen's,2025-11-01,4.032483959468442
St. Helen's,2025-12-01,3.7540698422579784
St. Helen's,2026-01-01,3.475655725047515
St. Helen's,2026-02-01,3.7540698422579784
St. Helen's,2026-03-01,3.6148627836527467
Staines South,2025-04-01,0.0
Staines South,2025-05-01,0.0
Staines South,2025-06-01,0.0
Staines South,2025-07-01,0.0
Staines South,2025-08-01,0.0
Staines South,2025-09-01,0.0
Staines South,2025-10-01,0.0
Staines South,2025-11-01,0.0
Staines South,2025-12-01,0.0
Staines South,2026-01-01,0.0
Staines South,2026-02-01,0.0
Staines South,2026-03-01,0.0
Stamford,2025-04-01,0.0
Stamford,2025-05-01,-0.0015720202447115823
Stamford,2025-06-01,0.0
Stamford,2025-07-01,0.0
Stamford,2025-08-01,0.0
Stamford,2025-09-01,0.0
Stamford,2025-10-01,-2.826869270253131e-10
Stamford,2025-11-01,0.0
Stamford,2025-12-01,0.0
Stamford,2026-01-01,3.5813723532458103e-09
Stamford,2026-02-01,-4.567574410761461e-05
Stamford,2026-03-01,0.0
Stamford Hill West,2025-04-01,3.8429203929014615
Stamford Hill West,2025-05-01,4.362307299649094
Stamford Hill West,2025-06-01,3.8429203929014615
Stamford Hill West,2025-07-01,3.8429203929014615
Stamford Hill West,2025-08-01,3.8429203929014615
Stamford Hill West,2025-09-01,3.8429203929014615
Stamford Hill West,2025-10-01,3.713073666214553
Stamford Hill West,2025-11-01,4.6220007530229115
Stamford Hill West,2025-12-01,4.102613846275278
Stamford Hill West,2026-01-01,4.102613846275278
Stamford Hill West,2026-02-01,3.9727671195883696
Stamford Hill West,2026-03-01,4.362307299649094
Standish with Langtree,2025-04-01,0.0
Standish with Langtree,2025-05-01,0.0
Standish with Langtree,2025-06-01,0.0
Standish with Langtree,2025-07-01,0.0
Standish with Langtree,2025-08-01,0.0
Standish with Langtree,2025-09-01,0.0
Standish with Langtree,2025-10-01,0.0
Standish with Langtree,2025-11-01,0.0
Standish with Langtree,2025-12-01,0.0
Standish with Langtree,2026-01-01,0.0
Standish with Langtree,2026-02-01,0.0
Standish with Langtree,2026-03-01,0.0
Stanley,2025-04-01,7.3053519823742405
Stanley,2025-05-01,6.203804962598128
Stanley,2025-06-01,7.681221002618555
Stanley,2025-07-01,8.07094892677567
Stanley,2025-08-01,7.81305084540425
Stanley,2025-09-01,8.240201331621082
Stanley,2025-10-01,8.187413769104566
Stanley,2025-11-01,8.124618970549282
Stanley,2025-12-01,8.222991381290111
Stanley,2026-01-01,8.17076011078992
Stanley,2026-02-01,8.165453183422166
Stanley,2026-03-01,8.185781722101623
Stanmore,2025-04-01,9.344436140571066
Stanmore,2025-05-01,8.326396103046196
Stanmore,2025-06-01,8.14314195832007
Stanmore,2025-07-01,8.110154963387188
Stanmore,2025-08-01,8.104217079491965
Stanmore,2025-09-01,8.103148219923979
Stanmore,2025-10-01,8.102955817917433
Stanmore,2025-11-01,8.10292118424503
Stanmore,2025-12-01,8.102914949947968
Stanmore,2026-01-01,8.10291382773201
Stanmore,2026-02-01,8.10291362572549
Stanmore,2026-03-01,8.10291358936294
Stanwell North,2025-04-01,0.0
Stanwell North,2025-05-01,0.0
Stanwell North,2025-06-01,0.0
Stanwell North,2025-07-01,0.0
Stanwell North,2025-08-01,0.0
Stanwell North,2025-09-01,0.0
Stanwell North,2025-10-01,0.0
Stanwell North,2025-11-01,0.0
Stanwell North,2025-12-01,0.0
Stanwell North,2026-01-01,0.0
Stanwell North,2026-02-01,0.0
Stanwell North,2026-03-01,0.0
Stepney Green,2025-04-01,5.83559684560722
Stepney Green,2025-05-01,5.83559684560722
Stepney Green,2025-06-01,5.83559684560722
Stepney Green,2025-07-01,5.83559684560722
Stepney Green,2025-08-01,5.83559684560722
Stepney Green,2025-09-01,5.83559684560722
Stepney Green,2025-10-01,5.83559684560722
Stepney Green,2025-11-01,5.83559684560722
Stepney Green,2025-12-01,5.83559684560722
Stepney Green,2026-01-01,5.83559684560722
Stepney Green,2026-02-01,5.83559684560722
Stepney Green,2026-03-01,5.83559684560722
Stockwell East,2025-04-01,7.142501348488894
Stockwell East,2025-05-01,7.718135214210237
Stockwell East,2025-06-01,7.872792921940038
Stockwell East,2025-07-01,7.914345387812181
Stockwell East,2025-08-01,7.925509444524261
Stockwell East,2025-09-01,7.928508933475266
Stockwell East,2025-10-01,7.929314817411476
Stockwell East,2025-11-01,7.9295313372684415
Stockwell East,2025-12-01,7.929589510469761
Stockwell East,2026-01-01,7.929605140081746
Stockwell East,2026-02-01,7.929609339348166
Stockwell East,2026-03-01,7.92961046758081
Stockwell West & Larkhall,2025-04-01,7.450221510398142
Stockwell West & Larkhall,2025-05-01,7.450221510398142
Stockwell West & Larkhall,2025-06-01,7.450221510398142
Stockwell West & Larkhall,2025-07-01,7.450221510398142
Stockwell West & Larkhall,2025-08-01,7.450221510398142
Stockwell West & Larkhall,2025-09-01,7.450221510398142
Stockwell West & Larkhall,2025-10-01,7.450221510398142
Stockwell West & Larkhall,2025-11-01,7.450221510398142
Stockwell West & Larkhall,2025-12-01,7.450221510398142
Stockwell West & Larkhall,2026-01-01,7.450221510398142
Stockwell West & Larkhall,2026-02-01,7.450221510398142
Stockwell West & Larkhall,2026-03-01,7.450221510398142
Stockwood,2025-04-01,0.0
Stockwood,2025-05-01,0.0
Stockwood,2025-06-01,0.0
Stockwood,2025-07-01,0.0
Stockwood,2025-08-01,0.0
Stockwood,2025-09-01,0.0
Stockwood,2025-10-01,0.0
Stockwood,2025-11-01,0.0
Stockwood,2025-12-01,0.0
Stockwood,2026-01-01,0.0
Stockwood,2026-02-01,0.0
Stockwood,2026-03-01,0.0
Stoke Newington,2025-04-01,6.345993040532674
Stoke Newington,2025-05-01,7.0603239987868935
Stoke Newington,2025-06-01,8.291040455147112
Stoke Newington,2025-07-01,9.462927335446985
Stoke Newington,2025-08-01,10.173395823370877
Stoke Newington,2025-09-01,10.290608596396549
Stoke Newington,2025-10-01,9.929140636675386
Stoke Newington,2025-11-01,9.34414309357806
Stoke Newington,2025-12-01,8.80325377727286
Stoke Newington,2026-01-01,8.487819543254808
Stoke Newington,2026-02-01,8.450944573562252
Stoke Newington,2026-03-01,8.632351417586381
Stoke Poges and Wexham,2025-04-01,0.0
Stoke Poges and Wexham,2025-05-01,0.0
Stoke Poges and Wexham,2025-06-01,0.0
Stoke Poges and Wexham,2025-07-01,0.0
Stoke Poges and Wexham,2025-08-01,0.0
Stoke Poges and Wexham,2025-09-01,0.0
Stoke Poges and Wexham,2025-10-01,0.0
Stoke Poges and Wexham,2025-11-01,0.0
Stoke Poges and Wexham,2025-12-01,0.0
Stoke Poges and Wexham,2026-01-01,0.0
Stoke Poges and Wexham,2026-02-01,0.0
Stoke Poges and Wexham,2026-03-01,0.0
Stonebridge,2025-04-01,12.35857064882106
Stonebridge,2025-05-01,11.241733799768014
Stonebridge,2025-06-01,11.020632998932482
Stonebridge,2025-07-01,10.97686155266299
Stonebridge,2025-08-01,10.968196095544416
Stonebridge,2025-09-01,10.966480590267036
Stonebridge,2025-10-01,10.966140970750553
Stonebridge,2025-11-01,10.966073736089431
Stonebridge,2025-12-01,10.966060425606857
Stonebridge,2026-01-01,10.966057790523354
Stonebridge,2026-02-01,10.966057268854435
Stonebridge,2026-03-01,10.966057165579354
Stonecot,2025-04-01,2.436837966886962
Stonecot,2025-05-01,2.843737024939996
Stonecot,2025-06-01,2.804997967325255
Stonecot,2025-07-01,2.864892025328841
Stonecot,2025-08-01,2.8662148730044787
Stonecot,2025-09-01,2.875909117005594
Stonecot,2025-10-01,2.8773312468942573
Stonecot,2025-11-01,2.87905131207074
Stonecot,2025-12-01,2.8794925557700015
Stonecot,2026-01-01,2.8798213616432866
Stonecot,2026-02-01,2.8799326587280887
Stonecot,2026-03-01,2.8799988812853714
Stoneleigh,2025-04-01,0.014424813261453843
Stoneleigh,2025-05-01,0.1122822229213602
Stoneleigh,2025-06-01,0.016194665741697242
Stoneleigh,2025-07-01,0.11054438005400875
Stoneleigh,2025-08-01,0.017901077923117542
Stoneleigh,2025-09-01,0.10886883010205171
Stoneleigh,2025-10-01,0.019546323820955946
Stoneleigh,2025-11-01,0.1072533401781658
Stoneleigh,2025-12-01,0.02113259593845873
Stoneleigh,2026-01-01,0.10569575743279397
Stoneleigh,2026-02-01,0.02266200818867173
Stoneleigh,2026-03-01,0.10419400618519448
Stratford,2025-04-01,13.665009791924795
Stratford,2025-05-01,13.665009791924795
Stratford,2025-06-01,13.665009791924795
Stratford,2025-07-01,13.665009791924795
Stratford,2025-08-01,13.665009791924795
Stratford,2025-09-01,13.665009791924795
Stratford,2025-10-01,13.665009791924795
Stratford,2025-11-01,13.665009791924795
Stratford,2025-12-01,13.665009791924795
Stratford,2026-01-01,13.665009791924795
Stratford,2026-02-01,13.665009791924795
Stratford,2026-03-01,13.665009791924795
Stratford Olympic Park,2025-04-01,1.9637931277445735
Stratford Olympic Park,2025-05-01,4.017161821255916
Stratford Olympic Park,2025-06-01,-1.7447707305449431
Stratford Olympic Park,2025-07-01,7.628582188206058
Stratford Olympic Park,2025-08-01,3.2968077703388423
Stratford Olympic Park,2025-09-01,3.3762550021185556
Stratford Olympic Park,2025-10-01,7.461713783319192
Stratford Olympic Park,2025-11-01,2.3851894959550326
Stratford Olympic Park,2025-12-01,3.3933974926044743
Stratford Olympic Park,2026-01-01,-0.5764502899620615
Stratford Olympic Park,2026-02-01,0.4003277830256573
Stratford Olympic Park,2026-03-01,-1.5971095264723527
Stratford and New Town,2025-04-01,0.0009744123838719863
Stratford and New Town,2025-05-01,0.0009744123838719863
Stratford and New Town,2025-06-01,0.0009744123838719863
Stratford and New Town,2025-07-01,0.0009744123838719863
Stratford and New Town,2025-08-01,0.0009744123838719863
Stratford and New Town,2025-09-01,0.0009744123838719863
Stratford and New Town,2025-10-01,0.0009744123838719863
Stratford and New Town,2025-11-01,0.0009744123838719863
Stratford and New Town,2025-12-01,0.0009744123838719863
Stratford and New Town,2026-01-01,0.0009744123838719863
Stratford and New Town,2026-02-01,0.0009744123838719863
Stratford and New Town,2026-03-01,0.0009744123838719863
Streatham Common & Vale,2025-04-01,3.563020748990687
Streatham Common & Vale,2025-05-01,3.5308542696948786
Streatham Common & Vale,2025-06-01,4.664464418546299
Streatham Common & Vale,2025-07-01,4.744696043276007
Streatham Common & Vale,2025-08-01,5.080842271746201
Streatham Common & Vale,2025-09-01,5.3909546054644295
Streatham Common & Vale,2025-10-01,5.662027820359385
Streatham Common & Vale,2025-11-01,5.738238692951331
Streatham Common & Vale,2025-12-01,5.10492729978427
Streatham Common & Vale,2026-01-01,6.119204662141061
Streatham Common & Vale,2026-02-01,5.756396846413428
Streatham Common & Vale,2026-03-01,6.135387742174661
Streatham Hill East,2025-04-01,4.664374322780384
Streatham Hill East,2025-05-01,4.664374322780384
Streatham Hill East,2025-06-01,4.664374322780384
Streatham Hill East,2025-07-01,4.664374322780384
Streatham Hill East,2025-08-01,4.664374322780384
Streatham Hill East,2025-09-01,4.664374322780384
Streatham Hill East,2025-10-01,4.664374322780384
Streatham Hill East,2025-11-01,4.664374322780384
Streatham Hill East,2025-12-01,4.664374322780384
Streatham Hill East,2026-01-01,4.664374322780384
Streatham Hill East,2026-02-01,4.664374322780384
Streatham Hill East,2026-03-01,4.664374322780384
Streatham Hill West & Thornton,2025-04-01,4.533220971716664
Streatham Hill West & Thornton,2025-05-01,5.41454304285696
Streatham Hill West & Thornton,2025-06-01,5.509794155449002
Streatham Hill West & Thornton,2025-07-01,5.509794155449002
Streatham Hill West & Thornton,2025-08-01,5.509794155449002
Streatham Hill West & Thornton,2025-09-01,5.509794155449002
Streatham Hill West & Thornton,2025-10-01,5.509794155449002
Streatham Hill West & Thornton,2025-11-01,5.509794155449002
Streatham Hill West & Thornton,2025-12-01,5.509794155449002
Streatham Hill West & Thornton,2026-01-01,5.509794155449002
Streatham Hill West & Thornton,2026-02-01,5.509794155449002
Streatham Hill West & Thornton,2026-03-01,5.509794155449002
Streatham St Leonard's,2025-04-01,7.56770491486388
Streatham St Leonard's,2025-05-01,7.6776959060931205
Streatham St Leonard's,2025-06-01,7.674201429301205
Streatham St Leonard's,2025-07-01,7.642569395867555
Streatham St Leonard's,2025-08-01,7.603960944152584
Streatham St Leonard's,2025-09-01,7.563622761151574
Streatham St Leonard's,2025-10-01,7.522855709037323
Streatham St Leonard's,2025-11-01,7.481982323229639
Streatham St Leonard's,2025-12-01,7.441082573074395
Streatham St Leonard's,2026-01-01,7.400176286149856
Streatham St Leonard's,2026-02-01,7.359268378500483
Streatham St Leonard's,2026-03-01,7.318360069009027
Streatham Wells,2025-04-01,2.9820354819959087
Streatham Wells,2025-05-01,2.9820354819959087
Streatham Wells,2025-06-01,2.9820354819959087
Streatham Wells,2025-07-01,2.9820354819959087
Streatham Wells,2025-08-01,2.9820354819959087
Streatham Wells,2025-09-01,2.9820354819959087
Streatham Wells,2025-10-01,2.9820354819959087
Streatham Wells,2025-11-01,2.9820354819959087
Streatham Wells,2025-12-01,2.9820354819959087
Streatham Wells,2026-01-01,2.9820354819959087
Streatham Wells,2026-02-01,2.9820354819959087
Streatham Wells,2026-03-01,2.9820354819959087
Streetly,2025-04-01,0.0
Streetly,2025-05-01,0.0
Streetly,2025-06-01,0.0
Streetly,2025-07-01,0.0
Streetly,2025-08-01,0.0
Streetly,2025-09-01,0.0
Streetly,2025-10-01,0.0
Streetly,2025-11-01,0.0
Streetly,2025-12-01,0.0
Streetly,2026-01-01,0.0
Streetly,2026-02-01,0.0
Streetly,2026-03-01,0.0
Stroud Green,2025-04-01,6.2586939511561805
Stroud Green,2025-05-01,6.2586939511561805
Stroud Green,2025-06-01,6.2586939511561805
Stroud Green,2025-07-01,6.2586939511561805
Stroud Green,2025-08-01,6.2586939511561805
Stroud Green,2025-09-01,6.2586939511561805
Stroud Green,2025-10-01,6.2586939511561805
Stroud Green,2025-11-01,6.2586939511561805
Stroud Green,2025-12-01,6.2586939511561805
Stroud Green,2026-01-01,6.2586939511561805
Stroud Green,2026-02-01,6.2586939511561805
Stroud Green,2026-03-01,6.2586939511561805
Sudbury,2025-04-01,0.8929303184794313
Sudbury,2025-05-01,1.207910448827823
Sudbury,2025-06-01,1.4977076979010318
Sudbury,2025-07-01,1.6705233248693703
Sudbury,2025-08-01,1.7011463346553808
Sudbury,2025-09-01,1.3670052935302592
Sudbury,2025-10-01,2.4018425053981822
Sudbury,2025-11-01,2.3585242798516255
Sudbury,2025-12-01,1.8412963819122752
Sudbury,2026-01-01,2.0068175111890016
Sudbury,2026-02-01,2.2357390400233315
Sudbury,2026-03-01,2.1902383546082587
Sunbury Common,2025-04-01,0.06249470085011851
Sunbury Common,2025-05-01,0.06249470085011851
Sunbury Common,2025-06-01,0.06249470085011851
Sunbury Common,2025-07-01,0.06249470085011851
Sunbury Common,2025-08-01,0.06249470085011851
Sunbury Common,2025-09-01,0.06249470085011851
Sunbury Common,2025-10-01,0.06249470085011851
Sunbury Common,2025-11-01,0.06249470085011851
Sunbury Common,2025-12-01,0.06249470085011851
Sunbury Common,2026-01-01,0.06249470085011851
Sunbury Common,2026-02-01,0.06249470085011851
Sunbury Common,2026-03-01,0.06249470085011851
Sunbury East,2025-04-01,0.027051931839528764
Sunbury East,2025-05-01,0.026133209309440963
Sunbury East,2025-06-01,0.02532321313815961
Sunbury East,2025-07-01,0.023980647748164073
Sunbury East,2025-08-01,0.0232495422449785
Sunbury East,2025-09-01,0.02347866356597465
Sunbury East,2025-10-01,0.023676891842995807
Sunbury East,2025-11-01,0.023828407798477832
Sunbury East,2025-12-01,0.02390881674751334
Sunbury East,2026-01-01,0.023961820965774438
Sunbury East,2026-02-01,0.02402189954777757
Sunbury East,2026-03-01,0.024088174066113032
Surbiton Hill,2025-04-01,5.425001734282335
Surbiton Hill,2025-05-01,5.425001734282335
Surbiton Hill,2025-06-01,5.425001734282335
Surbiton Hill,2025-07-01,5.425001734282335
Surbiton Hill,2025-08-01,5.425001734282335
Surbiton Hill,2025-09-01,5.425001734282335
Surbiton Hill,2025-10-01,5.425001734282335
Surbiton Hill,2025-11-01,5.425001734282335
Surbiton Hill,2025-12-01,5.425001734282335
Surbiton Hill,2026-01-01,5.425001734282335
Surbiton Hill,2026-02-01,5.425001734282335
Surbiton Hill,2026-03-01,5.425001734282335
Surrey Docks,2025-04-01,5.6495136752351796
Surrey Docks,2025-05-01,5.710623743601054
Surrey Docks,2025-06-01,5.695402420858675
Surrey Docks,2025-07-01,5.670278913288569
Surrey Docks,2025-08-01,5.643870832452618
Surrey Docks,2025-09-01,5.617296108749054
Surrey Docks,2025-10-01,5.590699767091835
Surrey Docks,2025-11-01,5.564100621018642
Surrey Docks,2025-12-01,5.537501111139091
Surrey Docks,2026-01-01,5.510901554064307
Surrey Docks,2026-02-01,5.4843019908670625
Surrey Docks,2026-03-01,5.457702426875574
Sutton Central,2025-04-01,5.381664654398398
Sutton Central,2025-05-01,5.540781327164317
Sutton Central,2025-06-01,5.674283548636532
Sutton Central,2025-07-01,5.786294708926667
Sutton Central,2025-08-01,5.880274418711149
Sutton Central,2025-09-01,5.9591253638160655
Sutton Central,2025-10-01,6.0252829584521495
Sutton Central,2025-11-01,6.080790566156898
Sutton Central,2025-12-01,6.127362611740668
Sutton Central,2026-01-01,6.166437533531455
Sutton Central,2026-02-01,6.1992222114174576
Sutton Central,2026-03-01,6.226729242905423
Sutton North,2025-04-01,4.6655115431078915
Sutton North,2025-05-01,4.013089164563716
Sutton North,2025-06-01,3.88543691279315
Sutton North,2025-07-01,3.860460612289085
Sutton North,2025-08-01,3.855573776544185
Sutton North,2025-09-01,3.8546176235865546
Sutton North,2025-10-01,3.854430543740595
Sutton North,2025-11-01,3.8543939399017586
Sutton North,2025-12-01,3.854386778034532
Sutton North,2026-01-01,3.854385376751393
Sutton North,2026-02-01,3.8543851025778606
Sutton North,2026-03-01,3.854385048933366
Sutton South,2025-04-01,4.462522524178806
Sutton South,2025-05-01,4.791976720409334
Sutton South,2025-06-01,4.866191008134473
Sutton South,2025-07-01,4.8829088419504245
Sutton South,2025-08-01,4.886674774037961
Sutton South,2025-09-01,4.887523104308741
Sutton South,2025-10-01,4.887714202881842
Sutton South,2025-11-01,4.887757250579064
Sutton South,2025-12-01,4.887766947690905
Sutton South,2026-01-01,4.88776913210457
Sutton South,2026-02-01,4.88776962417511
Sutton South,2026-03-01,4.887769735021064
Sutton West & East Cheam,2025-04-01,4.371876526372244
Sutton West & East Cheam,2025-05-01,4.371876526372244
Sutton West & East Cheam,2025-06-01,4.371876526372244
Sutton West & East Cheam,2025-07-01,4.371876526372244
Sutton West & East Cheam,2025-08-01,4.371876526372244
Sutton West & East Cheam,2025-09-01,4.371876526372244
Sutton West & East Cheam,2025-10-01,4.371876526372244
Sutton West & East Cheam,2025-11-01,4.371876526372244
Sutton West & East Cheam,2025-12-01,4.371876526372244
Sutton West & East Cheam,2026-01-01,4.371876526372244
Sutton West & East Cheam,2026-02-01,4.371876526372244
Sutton West & East Cheam,2026-03-01,4.371876526372244
Swanley St Mary's,2025-04-01,0.0
Swanley St Mary's,2025-05-01,0.0
Swanley St Mary's,2025-06-01,0.0
Swanley St Mary's,2025-07-01,0.0
Swanley St Mary's,2025-08-01,0.0
Swanley St Mary's,2025-09-01,0.0
Swanley St Mary's,2025-10-01,0.0
Swanley St Mary's,2025-11-01,0.0
Swanley St Mary's,2025-12-01,0.0
Swanley St Mary's,2026-01-01,0.0
Swanley St Mary's,2026-02-01,0.0
Swanley St Mary's,2026-03-01,0.0
Sydenham,2025-04-01,8.322966071746214
Sydenham,2025-05-01,7.845031433136475
Sydenham,2025-06-01,7.759705088792375
Sydenham,2025-07-01,7.744471656329085
Sydenham,2025-08-01,7.741752010170593
Sydenham,2025-09-01,7.741266467910487
Sydenham,2025-10-01,7.74117978336676
Sydenham,2025-11-01,7.741164307453047
Sydenham,2025-12-01,7.74116154451637
Sydenham,2026-01-01,7.741161051245392
Sydenham,2026-02-01,7.741160963181029
Sydenham,2026-03-01,7.741160947458774
Syon,2025-04-01,0.8095585855345097
Syon,2025-05-01,0.9149326737485104
Syon,2025-06-01,1.015810831142152
Syon,2025-07-01,1.1123848828053031
Syon,2025-08-01,1.2048384693457805
Syon,2025-09-01,1.2933473960915662
Syon,2025-10-01,1.3780799673938284
Syon,2025-11-01,1.4591973066664434
Syon,2025-12-01,1.5368536627705909
Syon,2026-01-01,1.6111967033270262
Syon,2026-02-01,1.682367795513782
Syon,2026-03-01,1.750502274883246
Syon & Brentford Lock,2025-04-01,6.674989597375855
Syon & Brentford Lock,2025-05-01,6.674989597375855
Syon & Brentford Lock,2025-06-01,6.674989597375855
Syon & Brentford Lock,2025-07-01,6.674989597375855
Syon & Brentford Lock,2025-08-01,6.674989597375855
Syon & Brentford Lock,2025-09-01,6.674989597375855
Syon & Brentford Lock,2025-10-01,6.674989597375855
Syon & Brentford Lock,2025-11-01,6.674989597375855
Syon & Brentford Lock,2025-12-01,6.674989597375855
Syon & Brentford Lock,2026-01-01,6.674989597375855
Syon & Brentford Lock,2026-02-01,6.674989597375855
Syon & Brentford Lock,2026-03-01,6.674989597375855
Tachbrook,2025-04-01,1.2437439664920071
Tachbrook,2025-05-01,1.2437439664920071
Tachbrook,2025-06-01,1.2437439664920071
Tachbrook,2025-07-01,1.2437439664920071
Tachbrook,2025-08-01,1.2437439664920071
Tachbrook,2025-09-01,1.2437439664920071
Tachbrook,2025-10-01,1.2437439664920071
Tachbrook,2025-11-01,1.2437439664920071
Tachbrook,2025-12-01,1.2437439664920071
Tachbrook,2026-01-01,1.2437439664920071
Tachbrook,2026-02-01,1.2437439664920071
Tachbrook,2026-03-01,1.2437439664920071
Tatsfield & Titsey,2025-04-01,0.043745037317981024
Tatsfield & Titsey,2025-05-01,0.043745037317981024
Tatsfield & Titsey,2025-06-01,0.043745037317981024
Tatsfield & Titsey,2025-07-01,0.043745037317981024
Tatsfield & Titsey,2025-08-01,0.043745037317981024
Tatsfield & Titsey,2025-09-01,0.043745037317981024
Tatsfield & Titsey,2025-10-01,0.043745037317981024
Tatsfield & Titsey,2025-11-01,0.043745037317981024
Tatsfield & Titsey,2025-12-01,0.043745037317981024
Tatsfield & Titsey,2026-01-01,0.043745037317981024
Tatsfield & Titsey,2026-02-01,0.043745037317981024
Tatsfield & Titsey,2026-03-01,0.043745037317981024
Tattenham Corner & Preston,2025-04-01,0.0
Tattenham Corner & Preston,2025-05-01,0.0
Tattenham Corner & Preston,2025-06-01,0.0
Tattenham Corner & Preston,2025-07-01,0.0
Tattenham Corner & Preston,2025-08-01,0.0
Tattenham Corner & Preston,2025-09-01,0.0
Tattenham Corner & Preston,2025-10-01,0.0
Tattenham Corner & Preston,2025-11-01,0.0
Tattenham Corner & Preston,2025-12-01,0.0
Tattenham Corner & Preston,2026-01-01,0.0
Tattenham Corner & Preston,2026-02-01,0.0
Tattenham Corner & Preston,2026-03-01,0.0
Teddington,2025-04-01,4.498198806621621
Teddington,2025-05-01,4.2855237965381825
Teddington,2025-06-01,3.976906524065968
Teddington,2025-07-01,4.148355562550407
Teddington,2025-08-01,4.292434371606912
Teddington,2025-09-01,4.381334145492538
Teddington,2025-10-01,4.631132730487896
Teddington,2025-11-01,4.263786426025167
Teddington,2025-12-01,4.280728115094749
Teddington,2026-01-01,3.972507931789197
Teddington,2026-02-01,4.082616995279601
Teddington,2026-03-01,4.672493083376651
Telegraph Hill,2025-04-01,5.553791475972906
Telegraph Hill,2025-05-01,5.411854159180509
Telegraph Hill,2025-06-01,5.444905948982485
Telegraph Hill,2025-07-01,5.628526220882671
Telegraph Hill,2025-08-01,4.9134461898379085
Telegraph Hill,2025-09-01,5.544396857895688
Telegraph Hill,2025-10-01,4.9241153364417904
Telegraph Hill,2025-11-01,4.483400096895908
Telegraph Hill,2025-12-01,4.38183630701569
Telegraph Hill,2026-01-01,5.400213138517563
Telegraph Hill,2026-02-01,6.046018059504522
Telegraph Hill,2026-03-01,5.7622060107742765
Temple Hill,2025-04-01,0.0
Temple Hill,2025-05-01,0.0
Temple Hill,2025-06-01,0.0
Temple Hill,2025-07-01,0.0
Temple Hill,2025-08-01,0.0
Temple Hill,2025-09-01,0.0
Temple Hill,2025-10-01,0.0
Temple Hill,2025-11-01,0.0
Temple Hill,2025-12-01,0.0
Temple Hill,2026-01-01,0.0
Temple Hill,2026-02-01,0.0
Temple Hill,2026-03-01,0.0
Temple Newsam,2025-04-01,0.0
Temple Newsam,2025-05-01,0.0
Temple Newsam,2025-06-01,0.0
Temple Newsam,2025-07-01,0.0
Temple Newsam,2025-08-01,0.0
Temple Newsam,2025-09-01,0.0
Temple Newsam,2025-10-01,0.0
Temple Newsam,2025-11-01,0.0
Temple Newsam,2025-12-01,0.0
Temple Newsam,2026-01-01,0.0
Temple Newsam,2026-02-01,0.0
Temple Newsam,2026-03-01,0.0
Tewkesbury North & Twyning,2025-04-01,0.0
Tewkesbury North & Twyning,2025-05-01,0.0
Tewkesbury North & Twyning,2025-06-01,0.0
Tewkesbury North & Twyning,2025-07-01,0.0
Tewkesbury North & Twyning,2025-08-01,0.0
Tewkesbury North & Twyning,2025-09-01,0.0
Tewkesbury North & Twyning,2025-10-01,0.0
Tewkesbury North & Twyning,2025-11-01,0.0
Tewkesbury North & Twyning,2025-12-01,0.0
Tewkesbury North & Twyning,2026-01-01,0.0
Tewkesbury North & Twyning,2026-02-01,0.0
Tewkesbury North & Twyning,2026-03-01,0.0
Thames,2025-04-01,3.4187450061157127
Thames,2025-05-01,3.4187450061157127
Thames,2025-06-01,3.4187450061157127
Thames,2025-07-01,3.4187450061157127
Thames,2025-08-01,3.4187450061157127
Thames,2025-09-01,3.4187450061157127
Thames,2025-10-01,3.4187450061157127
Thames,2025-11-01,3.4187450061157127
Thames,2025-12-01,3.4187450061157127
Thames,2026-01-01,3.4187450061157127
Thames,2026-02-01,3.4187450061157127
Thames,2026-03-01,3.4187450061157127
Thames Ditton,2025-04-01,0.0
Thames Ditton,2025-05-01,0.0
Thames Ditton,2025-06-01,0.0
Thames Ditton,2025-07-01,0.0
Thames Ditton,2025-08-01,0.0
Thames Ditton,2025-09-01,0.0
Thames Ditton,2025-10-01,0.0
Thames Ditton,2025-11-01,0.0
Thames Ditton,2025-12-01,0.0
Thames Ditton,2026-01-01,0.0
Thames Ditton,2026-02-01,0.0
Thames Ditton,2026-03-01,0.0
Thames View,2025-04-01,1.7304753949592087
Thames View,2025-05-01,1.8085570004762022
Thames View,2025-06-01,2.290453646367423
Thames View,2025-07-01,1.8879673262011272
Thames View,2025-08-01,2.0929688177553256
Thames View,2025-09-01,2.0262009336803564
Thames View,2025-10-01,2.0302273325244453
Thames View,2025-11-01,2.043027253254312
Thames View,2025-12-01,2.0318685329426645
Thames View,2026-01-01,2.0376864389728246
Thames View,2026-02-01,2.0357283440034686
Thames View,2026-03-01,2.035892970290934
Thamesfield,2025-04-01,9.079017212631852
Thamesfield,2025-05-01,9.079017212631852
Thamesfield,2025-06-01,9.079017212631852
Thamesfield,2025-07-01,9.079017212631852
Thamesfield,2025-08-01,9.079017212631852
Thamesfield,2025-09-01,9.079017212631852
Thamesfield,2025-10-01,9.079017212631852
Thamesfield,2025-11-01,9.079017212631852
Thamesfield,2025-12-01,9.079017212631852
Thamesfield,2026-01-01,9.079017212631852
Thamesfield,2026-02-01,9.079017212631852
Thamesfield,2026-03-01,9.079017212631852
Thamesmead East,2025-04-01,3.954565938862266
Thamesmead East,2025-05-01,3.2138186043682695
Thamesmead East,2025-06-01,2.851430123206345
Thamesmead East,2025-07-01,3.3797585334877307
Thamesmead East,2025-08-01,2.9943836099769046
Thamesmead East,2025-09-01,2.96337856148335
Thamesmead East,2025-10-01,3.0815451659335538
Thamesmead East,2025-11-01,3.3175588211250844
Thamesmead East,2025-12-01,3.718416862259683
Thamesmead East,2026-01-01,3.4408234289429487
Thamesmead East,2026-02-01,3.1502807105651707
Thamesmead East,2026-03-01,3.686817800201939
Thamesmead Moorings,2025-04-01,1.617430792761555
Thamesmead Moorings,2025-05-01,2.4465851868464887
Thamesmead Moorings,2025-06-01,2.4465851868464887
Thamesmead Moorings,2025-07-01,2.4465851868464887
Thamesmead Moorings,2025-08-01,2.4465851868464887
Thamesmead Moorings,2025-09-01,2.4465851868464887
Thamesmead Moorings,2025-10-01,2.4465851868464887
Thamesmead Moorings,2025-11-01,2.4465851868464887
Thamesmead Moorings,2025-12-01,2.4465851868464887
Thamesmead Moorings,2026-01-01,2.4465851868464887
Thamesmead Moorings,2026-02-01,2.4465851868464887
Thamesmead Moorings,2026-03-01,2.4465851868464887
The Wrythe,2025-04-01,5.280221422063465
The Wrythe,2025-05-01,3.8211756702857844
The Wrythe,2025-06-01,4.245589732083554
The Wrythe,2025-07-01,4.41617249313713
The Wrythe,2025-08-01,4.132820214158403
The Wrythe,2025-09-01,4.179007407434181
The Wrythe,2025-10-01,4.230883747496633
The Wrythe,2025-11-01,4.1794761774448554
The Wrythe,2025-12-01,4.180893794417666
The Wrythe,2026-01-01,4.193646863653915
The Wrythe,2026-02-01,4.184993871687411
The Wrythe,2026-03-01,4.183812955412224
Theydon Bois with Passingford,2025-04-01,-0.0007117321298609317
Theydon Bois with Passingford,2025-05-01,-6.81148507706901e-20
Theydon Bois with Passingford,2025-06-01,-2.3404035339524674e-21
Theydon Bois with Passingford,2025-07-01,9.704199993443929e-22
Theydon Bois with Passingford,2025-08-01,1.268569141850268e-21
Theydon Bois with Passingford,2025-09-01,2.034377674781553e-21
Theydon Bois with Passingford,2025-10-01,9.435564112711555e-21
Theydon Bois with Passingford,2025-11-01,1.160149661422764e-21
Theydon Bois with Passingford,2025-12-01,3.707584416407705e-23
Theydon Bois with Passingford,2026-01-01,-1.5373047651712828e-23
Theydon Bois with Passingford,2026-02-01,-7.69170070968932e-23
Theydon Bois with Passingford,2026-03-01,3.815155569673694e-23
Thornton Heath,2025-04-01,4.198202636301726
Thornton Heath,2025-05-01,3.8815770496465594
Thornton Heath,2025-06-01,4.822573372366254
Thornton Heath,2025-07-01,4.222899348117581
Thornton Heath,2025-08-01,5.190445906879553
Thornton Heath,2025-09-01,4.401225398511539
Thornton Heath,2025-10-01,4.667033808034182
Thornton Heath,2025-11-01,4.143821655017577
Thornton Heath,2025-12-01,4.757708742143486
Thornton Heath,2026-01-01,5.493667400418064
Thornton Heath,2026-02-01,4.71173366165663
Thornton Heath,2026-03-01,4.229022908632137
Thorpe,2025-04-01,0.0
Thorpe,2025-05-01,0.0
Thorpe,2025-06-01,0.0
Thorpe,2025-07-01,0.0
Thorpe,2025-08-01,0.0
Thorpe,2025-09-01,0.0
Thorpe,2025-10-01,0.0
Thorpe,2025-11-01,0.0
Thorpe,2025-12-01,0.0
Thorpe,2026-01-01,0.0
Thorpe,2026-02-01,0.0
Thorpe,2026-03-01,0.0
"Tilney, Mershe Lande & Wiggenhall",2025-04-01,0.0
"Tilney, Mershe Lande & Wiggenhall",2025-05-01,0.0
"Tilney, Mershe Lande & Wiggenhall",2025-06-01,0.0
"Tilney, Mershe Lande & Wiggenhall",2025-07-01,0.0
"Tilney, Mershe Lande & Wiggenhall",2025-08-01,0.0
"Tilney, Mershe Lande & Wiggenhall",2025-09-01,0.0
"Tilney, Mershe Lande & Wiggenhall",2025-10-01,0.0
"Tilney, Mershe Lande & Wiggenhall",2025-11-01,0.0
"Tilney, Mershe Lande & Wiggenhall",2025-12-01,0.0
"Tilney, Mershe Lande & Wiggenhall",2026-01-01,0.0
"Tilney, Mershe Lande & Wiggenhall",2026-02-01,0.0
"Tilney, Mershe Lande & Wiggenhall",2026-03-01,0.0
Tokyngton,2025-04-01,3.391298284052621
Tokyngton,2025-05-01,4.127550719039704
Tokyngton,2025-06-01,3.9663043920672347
Tokyngton,2025-07-01,3.523452152637114
Tokyngton,2025-08-01,3.8878628587554553
Tokyngton,2025-09-01,3.7338459137779814
Tokyngton,2025-10-01,3.503962892864469
Tokyngton,2025-11-01,3.791369138633888
Tokyngton,2025-12-01,4.318390843254756
Tokyngton,2026-01-01,4.10335528469695
Tokyngton,2026-02-01,3.6346688739101367
Tokyngton,2026-03-01,4.137398765943705
Tollington,2025-04-01,12.050183214725916
Tollington,2025-05-01,11.985389320537546
Tollington,2025-06-01,12.02588570561413
Tollington,2025-07-01,12.000575339185108
Tollington,2025-08-01,12.016394396801235
Tollington,2025-09-01,12.00650743666717
Tollington,2025-10-01,12.012686817453606
Tollington,2025-11-01,12.008824685272835
Tollington,2025-12-01,12.011238529879156
Tollington,2026-01-01,12.00972986950433
Tollington,2026-02-01,12.010672786923541
Tollington,2026-03-01,12.01008346060843
Tolworth,2025-04-01,4.504826613383144
Tolworth,2025-05-01,4.169011093461276
Tolworth,2025-06-01,3.9839009445365807
Tolworth,2025-07-01,3.867218939212914
Tolworth,2025-08-01,3.799858872502039
Tolworth,2025-09-01,3.758684831725555
Tolworth,2025-10-01,3.7344400955363475
Tolworth,2025-11-01,3.7198121568939184
Tolworth,2025-12-01,3.711125636718764
Tolworth,2026-01-01,3.7059135775550294
Tolworth,2026-02-01,3.7028073344019026
Tolworth,2026-03-01,3.7009479147572297
Tooting Bec,2025-04-01,5.97075528215005
Tooting Bec,2025-05-01,5.965604974921967
Tooting Bec,2025-06-01,5.964697950799534
Tooting Bec,2025-07-01,5.96453821416204
Tooting Bec,2025-08-01,5.964510082833747
Tooting Bec,2025-09-01,5.964505128606314
Tooting Bec,2025-10-01,5.964504256113938
Tooting Bec,2025-11-01,5.96450410245871
Tooting Bec,2025-12-01,5.9645040753983825
Tooting Bec,2026-01-01,5.96450407063277
Tooting Bec,2026-02-01,5.964504069793494
Tooting Bec,2026-03-01,5.964504069645689
Tooting Broadway,2025-04-01,8.823955577616491
Tooting Broadway,2025-05-01,9.159025094412495
Tooting Broadway,2025-06-01,9.713452454575988
Tooting Broadway,2025-07-01,10.101233742595253
Tooting Broadway,2025-08-01,9.79908153871076
Tooting Broadway,2025-09-01,8.519821344116965
Tooting Broadway,2025-10-01,9.484891221827386
Tooting Broadway,2025-11-01,9.485334140197693
Tooting Broadway,2025-12-01,9.164287676768575
Tooting Broadway,2026-01-01,9.324910266364794
Tooting Broadway,2026-02-01,9.967266467402801
Tooting Broadway,2026-03-01,9.967269412629626
Tottenham Central,2025-04-01,6.614995428317794
Tottenham Central,2025-05-01,6.51398403539105
Tottenham Central,2025-06-01,7.204030497404378
Tottenham Central,2025-07-01,7.105428879345473
Tottenham Central,2025-08-01,7.343707281433585
Tottenham Central,2025-09-01,7.270091870067845
Tottenham Central,2025-10-01,7.232905875888155
Tottenham Central,2025-11-01,7.341580656745239
Tottenham Central,2025-12-01,7.333115511772655
Tottenham Central,2026-01-01,7.388621684953263
Tottenham Central,2026-02-01,7.378897453003136
Tottenham Central,2026-03-01,7.37018822892754
Tottenham Hale,2025-04-01,7.524425355540281
Tottenham Hale,2025-05-01,7.524425355540281
Tottenham Hale,2025-06-01,7.524425355540281
Tottenham Hale,2025-07-01,7.524425355540281
Tottenham Hale,2025-08-01,7.524425355540281
Tottenham Hale,2025-09-01,7.524425355540281
Tottenham Hale,2025-10-01,7.524425355540281
Tottenham Hale,2025-11-01,7.524425355540281
Tottenham Hale,2025-12-01,7.524425355540281
Tottenham Hale,2026-01-01,7.524425355540281
Tottenham Hale,2026-02-01,7.524425355540281
Tottenham Hale,2026-03-01,7.524425355540281
Totteridge & Woodside,2025-04-01,9.226053015755022
Totteridge & Woodside,2025-05-01,9.521763086406988
Totteridge & Woodside,2025-06-01,9.521763086406988
Totteridge & Woodside,2025-07-01,9.521763086406988
Totteridge & Woodside,2025-08-01,9.521763086406988
Totteridge & Woodside,2025-09-01,9.521763086406988
Totteridge & Woodside,2025-10-01,9.521763086406988
Totteridge & Woodside,2025-11-01,9.521763086406988
Totteridge & Woodside,2025-12-01,9.521763086406988
Totteridge & Woodside,2026-01-01,9.521763086406988
Totteridge & Woodside,2026-02-01,9.521763086406988
Totteridge & Woodside,2026-03-01,9.521763086406988
Town,2025-04-01,7.842399071324629
Town,2025-05-01,8.956282934428705
Town,2025-06-01,9.279189857278842
Town,2025-07-01,9.372798252443108
Town,2025-08-01,9.399934653136802
Town,2025-09-01,9.407801300581365
Town,2025-10-01,9.410081785112663
Town,2025-11-01,9.410742881181115
Town,2025-12-01,9.410934528177936
Town,2026-01-01,9.410990085264332
Town,2026-02-01,9.41100619086421
Town,2026-03-01,9.411010859761813
Townfield,2025-04-01,-0.07620889675705024
Townfield,2025-05-01,-0.08867028107420533
Townfield,2025-06-01,-0.10113166539136041
Townfield,2025-07-01,-0.1135930497085155
Townfield,2025-08-01,-0.1260544340256706
Townfield,2025-09-01,-0.1385158183428257
Townfield,2025-10-01,-0.1509772026599808
Townfield,2025-11-01,-0.1634385869771359
Townfield,2025-12-01,-0.175899971294291
Townfield,2026-01-01,-0.1883613556114461
Townfield,2026-02-01,-0.2008227399286012
Townfield,2026-03-01,-0.2132841242457563
Trinity,2025-04-01,4.932152733847234
Trinity,2025-05-01,4.932152733847234
Trinity,2025-06-01,4.932152733847234
Trinity,2025-07-01,4.932152733847234
Trinity,2025-08-01,4.932152733847234
Trinity,2025-09-01,4.932152733847234
Trinity,2025-10-01,4.932152733847234
Trinity,2025-11-01,4.932152733847234
Trinity,2025-12-01,4.932152733847234
Trinity,2026-01-01,4.932152733847234
Trinity,2026-02-01,4.932152733847234
Trinity,2026-03-01,4.932152733847234
Trumpington,2025-04-01,0.0
Trumpington,2025-05-01,0.0
Trumpington,2025-06-01,0.0
Trumpington,2025-07-01,0.0
Trumpington,2025-08-01,0.0
Trumpington,2025-09-01,0.0
Trumpington,2025-10-01,0.0
Trumpington,2025-11-01,0.0
Trumpington,2025-12-01,0.0
Trumpington,2026-01-01,0.0
Trumpington,2026-02-01,0.0
Trumpington,2026-03-01,0.0
Tudor,2025-04-01,1.7133845572969695
Tudor,2025-05-01,2.291645087170564
Tudor,2025-06-01,2.024460398543036
Tudor,2025-07-01,1.850809568559868
Tudor,2025-08-01,2.366731667535649
Tudor,2025-09-01,2.0391501107438583
Tudor,2025-10-01,2.0240315563859466
Tudor,2025-11-01,2.2153867536738234
Tudor,2025-12-01,2.6443489415277694
Tudor,2026-01-01,2.380370129631772
Tudor,2026-02-01,1.9529144556523588
Tudor,2026-03-01,2.1104671682415845
Tufnell Park,2025-04-01,6.953135111546532
Tufnell Park,2025-05-01,6.953135111546532
Tufnell Park,2025-06-01,6.953135111546532
Tufnell Park,2025-07-01,6.953135111546532
Tufnell Park,2025-08-01,6.953135111546532
Tufnell Park,2025-09-01,6.953135111546532
Tufnell Park,2025-10-01,6.953135111546532
Tufnell Park,2025-11-01,6.953135111546532
Tufnell Park,2025-12-01,6.953135111546532
Tufnell Park,2026-01-01,6.953135111546532
Tufnell Park,2026-02-01,6.953135111546532
Tufnell Park,2026-03-01,6.953135111546532
Twickenham Riverside,2025-04-01,3.734054938804415
Twickenham Riverside,2025-05-01,4.4886077727781455
Twickenham Riverside,2025-06-01,4.067270096108411
Twickenham Riverside,2025-07-01,4.516007049251973
Twickenham Riverside,2025-08-01,4.371903254771005
Twickenham Riverside,2025-09-01,4.383907559746909
Twickenham Riverside,2025-10-01,4.476556777825452
Twickenham Riverside,2025-11-01,5.429819401501954
Twickenham Riverside,2025-12-01,4.639526924182628
Twickenham Riverside,2026-01-01,5.3317857553563215
Twickenham Riverside,2026-02-01,4.930993027830041
Twickenham Riverside,2026-03-01,4.321020225491182
Underhill,2025-04-01,3.2194237375165544
Underhill,2025-05-01,2.9698044393608503
Underhill,2025-06-01,2.875437059339381
Underhill,2025-07-01,2.82646536993641
Underhill,2025-08-01,2.7907673891709623
Underhill,2025-09-01,2.758950643355205
Underhill,2025-10-01,2.728268771382626
Underhill,2025-11-01,2.697918736739306
Underhill,2025-12-01,2.667665731394662
Underhill,2026-01-01,2.637441097435548
Underhill,2026-02-01,2.6072247592750006
Underhill,2026-03-01,2.577010846807544
Upminster,2025-04-01,3.9439871941564677
Upminster,2025-05-01,4.080262547718057
Upminster,2025-06-01,4.0860513480797485
Upminster,2025-07-01,4.070759931821798
Upminster,2025-08-01,4.05206298816019
Upminster,2025-09-01,4.032815878572572
Upminster,2025-10-01,4.0134798891991625
Upminster,2025-11-01,3.994129541218742
Upminster,2025-12-01,3.9747768735928197
Upminster,2026-01-01,3.955423831226141
Upminster,2026-02-01,3.936070728319766
Upminster,2026-03-01,3.91671761563315
Upper Edmonton,2025-04-01,10.76821546649762
Upper Edmonton,2025-05-01,7.924568075191461
Upper Edmonton,2025-06-01,8.596982187568376
Upper Edmonton,2025-07-01,9.529557066612613
Upper Edmonton,2025-08-01,8.083622236707495
Upper Edmonton,2025-09-01,8.695810289529748
Upper Edmonton,2025-10-01,10.27225097984427
Upper Edmonton,2025-11-01,9.402838053710267
Upper Edmonton,2025-12-01,8.408377545128108
Upper Edmonton,2026-01-01,8.710160819592534
Upper Edmonton,2026-02-01,9.387449729171351
Upper Edmonton,2026-03-01,7.999845442003127
Upper Walthamstow,2025-04-01,4.254285205275304
Upper Walthamstow,2025-05-01,4.312061372413005
Upper Walthamstow,2025-06-01,4.299622799208111
Upper Walthamstow,2025-07-01,4.290987798571068
Upper Walthamstow,2025-08-01,4.290276416653777
Upper Walthamstow,2025-09-01,4.290982948750402
Upper Walthamstow,2025-10-01,4.29121500250594
Upper Walthamstow,2025-11-01,4.291196692538794
Upper Walthamstow,2025-12-01,4.2911692015831955
Upper Walthamstow,2026-01-01,4.291164796249354
Upper Walthamstow,2026-02-01,4.291166559260973
Upper Walthamstow,2026-03-01,4.291167402748454
Upton,2025-04-01,0.0
Upton,2025-05-01,0.0
Upton,2025-06-01,0.0
Upton,2025-07-01,0.0
Upton,2025-08-01,0.0
Upton,2025-09-01,0.0
Upton,2025-10-01,0.0
Upton,2025-11-01,0.0
Upton,2025-12-01,0.0
Upton,2026-01-01,0.0
Upton,2026-02-01,0.0
Upton,2026-03-01,0.0
Uxbridge,2025-04-01,10.321273583492294
Uxbridge,2025-05-01,10.321273583492294
Uxbridge,2025-06-01,10.321273583492294
Uxbridge,2025-07-01,10.321273583492294
Uxbridge,2025-08-01,10.321273583492294
Uxbridge,2025-09-01,10.321273583492294
Uxbridge,2025-10-01,10.321273583492294
Uxbridge,2025-11-01,10.321273583492294
Uxbridge,2025-12-01,10.321273583492294
Uxbridge,2026-01-01,10.321273583492294
Uxbridge,2026-02-01,10.321273583492294
Uxbridge,2026-03-01,10.321273583492294
Uxbridge North,2025-04-01,1.6671992300053553
Uxbridge North,2025-05-01,1.9769378289890118
Uxbridge North,2025-06-01,2.561670930183986
Uxbridge North,2025-07-01,2.76771222744272
Uxbridge North,2025-08-01,2.641934281706611
Uxbridge North,2025-09-01,3.6396162218476364
Uxbridge North,2025-10-01,3.5673183027429114
Uxbridge North,2025-11-01,3.1804605545947
Uxbridge North,2025-12-01,3.084342170048116
Uxbridge North,2026-01-01,3.1714548504292996
Uxbridge North,2026-02-01,3.012430491891073
Uxbridge North,2026-03-01,3.0533287385487093
Uxbridge South,2025-04-01,0.006815894927012838
Uxbridge South,2025-05-01,0.006815894927012838
Uxbridge South,2025-06-01,0.006815894927012838
Uxbridge South,2025-07-01,0.006815894927012838
Uxbridge South,2025-08-01,0.006815894927012838
Uxbridge South,2025-09-01,0.006815894927012838
Uxbridge South,2025-10-01,0.006815894927012838
Uxbridge South,2025-11-01,0.006815894927012838
Uxbridge South,2025-12-01,0.006815894927012838
Uxbridge South,2026-01-01,0.006815894927012838
Uxbridge South,2026-02-01,0.006815894927012838
Uxbridge South,2026-03-01,0.006815894927012838
Valence,2025-04-01,5.483210034315301
Valence,2025-05-01,6.397483769318168
Valence,2025-06-01,5.6268522445322375
Valence,2025-07-01,5.612016044772876
Valence,2025-08-01,6.633379923385959
Valence,2025-09-01,5.889964266870916
Valence,2025-10-01,5.583887781102496
Valence,2025-11-01,5.334123593515693
Valence,2025-12-01,6.020656309706091
Valence,2026-01-01,6.454813153222701
Valence,2026-02-01,5.498253546840981
Valence,2026-03-01,6.7314785732157345
Valentines,2025-04-01,3.18730540629646
Valentines,2025-05-01,2.9413377000562706
Valentines,2025-06-01,2.907980214020904
Valentines,2025-07-01,2.874622727985537
Valentines,2025-08-01,2.8412652419501705
Valentines,2025-09-01,2.807907755914804
Valentines,2025-10-01,2.774550269879437
Valentines,2025-11-01,2.7411927838440704
Valentines,2025-12-01,2.7078352978087037
Valentines,2026-01-01,2.674477811773337
Valentines,2026-02-01,2.6411203257379703
Valentines,2026-03-01,2.6077628397026036
Valley,2025-04-01,6.013218322435648
Valley,2025-05-01,6.461560339315891
Valley,2025-06-01,6.422303580002359
Valley,2025-07-01,6.383046820688827
Valley,2025-08-01,6.343790061375295
Valley,2025-09-01,6.304533302061763
Valley,2025-10-01,6.265276542748231
Valley,2025-11-01,6.226019783434699
Valley,2025-12-01,6.186763024121167
Valley,2026-01-01,6.147506264807635
Valley,2026-02-01,6.108249505494103
Valley,2026-03-01,6.068992746180571
Vauxhall,2025-04-01,7.438394205325163
Vauxhall,2025-05-01,7.438394205325163
Vauxhall,2025-06-01,7.438394205325163
Vauxhall,2025-07-01,7.438394205325163
Vauxhall,2025-08-01,7.438394205325163
Vauxhall,2025-09-01,7.438394205325163
Vauxhall,2025-10-01,7.438394205325163
Vauxhall,2025-11-01,7.438394205325163
Vauxhall,2025-12-01,7.438394205325163
Vauxhall,2026-01-01,7.438394205325163
Vauxhall,2026-02-01,7.438394205325163
Vauxhall,2026-03-01,7.438394205325163
Victoria,2025-04-01,11.519609915688601
Victoria,2025-05-01,8.925114445697602
Victoria,2025-06-01,11.617466941768715
Victoria,2025-07-01,15.699085488328882
Victoria,2025-08-01,13.365322072736085
Victoria,2025-09-01,13.369558244197805
Victoria,2025-10-01,14.284057922114348
Victoria,2025-11-01,14.345261981609308
Victoria,2025-12-01,11.815535623267415
Victoria,2026-01-01,13.019533542365819
Victoria,2026-02-01,14.895583587852691
Victoria,2026-03-01,13.441871422543645
Village,2025-04-01,12.214627898846853
Village,2025-05-01,12.214627898846853
Village,2025-06-01,12.214627898846853
Village,2025-07-01,12.214627898846853
Village,2025-08-01,12.214627898846853
Village,2025-09-01,12.214627898846853
Village,2025-10-01,12.214627898846853
Village,2025-11-01,12.214627898846853
Village,2025-12-01,12.214627898846853
Village,2026-01-01,12.214627898846853
Village,2026-02-01,12.214627898846853
Village,2026-03-01,12.214627898846853
Vincent Square,2025-04-01,5.516171609936729
Vincent Square,2025-05-01,5.516171609936729
Vincent Square,2025-06-01,5.516171609936729
Vincent Square,2025-07-01,5.516171609936729
Vincent Square,2025-08-01,5.516171609936729
Vincent Square,2025-09-01,5.516171609936729
Vincent Square,2025-10-01,5.516171609936729
Vincent Square,2025-11-01,5.516171609936729
Vincent Square,2025-12-01,5.516171609936729
Vincent Square,2026-01-01,5.516171609936729
Vincent Square,2026-02-01,5.516171609936729
Vincent Square,2026-03-01,5.516171609936729
Waddon,2025-04-01,8.672459095023513
Waddon,2025-05-01,8.90934045877531
Waddon,2025-06-01,8.869682433144682
Waddon,2025-07-01,8.830024407514054
Waddon,2025-08-01,8.790366381883427
Waddon,2025-09-01,8.7507083562528
Waddon,2025-10-01,8.711050330622172
Waddon,2025-11-01,8.671392304991544
Waddon,2025-12-01,8.631734279360916
Waddon,2026-01-01,8.592076253730289
Waddon,2026-02-01,8.552418228099661
Waddon,2026-03-01,8.512760202469034
Wakefield North,2025-04-01,0.0
Wakefield North,2025-05-01,0.0
Wakefield North,2025-06-01,0.0
Wakefield North,2025-07-01,0.0
Wakefield North,2025-08-01,0.0
Wakefield North,2025-09-01,0.0
Wakefield North,2025-10-01,0.0
Wakefield North,2025-11-01,0.0
Wakefield North,2025-12-01,0.0
Wakefield North,2026-01-01,0.0
Wakefield North,2026-02-01,0.0
Wakefield North,2026-03-01,0.0
Walbrook,2025-04-01,13.977350138019695
Walbrook,2025-05-01,14.381923119171493
Walbrook,2025-06-01,12.584161437708993
Walbrook,2025-07-01,15.73971725666633
Walbrook,2025-08-01,12.764452418749142
Walbrook,2025-09-01,13.880914914335856
Walbrook,2025-10-01,14.955474216960521
Walbrook,2025-11-01,13.245394231822125
Walbrook,2025-12-01,15.981886264805384
Walbrook,2026-01-01,12.62485865481532
Walbrook,2026-02-01,12.646031243956099
Walbrook,2026-03-01,14.175130456990885
Walham Green,2025-04-01,5.708182338133025
Walham Green,2025-05-01,5.6137931251846735
Walham Green,2025-06-01,5.683317656170887
Walham Green,2025-07-01,5.857721183152519
Walham Green,2025-08-01,6.0911567297179765
Walham Green,2025-09-01,6.349412284473557
Walham Green,2025-10-01,6.608153242405344
Walham Green,2025-11-01,6.851137666457834
Walham Green,2025-12-01,7.068524357576583
Walham Green,2026-01-01,7.255347901921361
Walham Green,2026-02-01,7.410199729526575
Walham Green,2026-03-01,7.534128386192797
Wall End,2025-04-01,2.918501101442789
Wall End,2025-05-01,4.33039713335774
Wall End,2025-06-01,3.0638437134967345
Wall End,2025-07-01,3.02613658638203
Wall End,2025-08-01,3.4332361276881196
Wall End,2025-09-01,3.1145927014004817
Wall End,2025-10-01,2.83939630192302
Wall End,2025-11-01,3.505557606051102
Wall End,2025-12-01,3.276028041545773
Wall End,2026-01-01,3.9210828985643906
Wall End,2026-02-01,2.6422199539958315
Wall End,2026-03-01,3.918576157218708
Wallington North,2025-04-01,3.13298909216667
Wallington North,2025-05-01,3.36111017944076
Wallington North,2025-06-01,3.7906718931574432
Wallington North,2025-07-01,3.9455311116664284
Wallington North,2025-08-01,4.061320156476377
Wallington North,2025-09-01,4.119181810312793
Wallington North,2025-10-01,4.154726138261008
Wallington North,2025-11-01,4.174270497335321
Wallington North,2025-12-01,4.18566083450462
Wallington North,2026-01-01,4.192096953208385
Wallington North,2026-02-01,4.195793555137971
Wallington North,2026-03-01,4.197898416887655
Wallington South,2025-04-01,5.183143205050367
Wallington South,2025-05-01,5.089256904754797
Wallington South,2025-06-01,4.618626016711222
Wallington South,2025-07-01,5.153654491944664
Wallington South,2025-08-01,5.033418941150164
Wallington South,2025-09-01,5.180804469528723
Wallington South,2025-10-01,5.862520516499525
Wallington South,2025-11-01,4.8871987256902845
Wallington South,2025-12-01,5.370875630274382
Wallington South,2026-01-01,5.0425773113826
Wallington South,2026-02-01,5.534270366440253
Wallington South,2026-03-01,5.5346957395136815
Walpole,2025-04-01,7.237964164913683
Walpole,2025-05-01,6.5333803514793605
Walpole,2025-06-01,6.0611566374599635
Walpole,2025-07-01,6.477199122513076
Walpole,2025-08-01,6.08912385341368
Walpole,2025-09-01,6.356118683941891
Walpole,2025-10-01,6.636774216266538
Walpole,2025-11-01,6.253701310159118
Walpole,2025-12-01,6.217429609615325
Walpole,2026-01-01,5.881634488075115
Walpole,2026-02-01,6.159053102919958
Walpole,2026-03-01,6.082145620098203
Waltham Abbey North,2025-04-01,0.0
Waltham Abbey North,2025-05-01,0.0
Waltham Abbey North,2025-06-01,0.0
Waltham Abbey North,2025-07-01,0.0
Waltham Abbey North,2025-08-01,0.0
Waltham Abbey North,2025-09-01,0.0
Waltham Abbey North,2025-10-01,0.0
Waltham Abbey North,2025-11-01,0.0
Waltham Abbey North,2025-12-01,0.0
Waltham Abbey North,2026-01-01,0.0
Waltham Abbey North,2026-02-01,0.0
Waltham Abbey North,2026-03-01,0.0
Waltham Abbey South & Rural,2025-04-01,0.04374503055656354
Waltham Abbey South & Rural,2025-05-01,0.04374503055656354
Waltham Abbey South & Rural,2025-06-01,0.04374503055656354
Waltham Abbey South & Rural,2025-07-01,0.04374503055656354
Waltham Abbey South & Rural,2025-08-01,0.04374503055656354
Waltham Abbey South & Rural,2025-09-01,0.04374503055656354
Waltham Abbey South & Rural,2025-10-01,0.04374503055656354
Waltham Abbey South & Rural,2025-11-01,0.04374503055656354
Waltham Abbey South & Rural,2025-12-01,0.04374503055656354
Waltham Abbey South & Rural,2026-01-01,0.04374503055656354
Waltham Abbey South & Rural,2026-02-01,0.04374503055656354
Waltham Abbey South & Rural,2026-03-01,0.04374503055656354
Waltham Abbey West,2025-04-01,0.05624498927335612
Waltham Abbey West,2025-05-01,0.05624498927335612
Waltham Abbey West,2025-06-01,0.05624498927335612
Waltham Abbey West,2025-07-01,0.05624498927335612
Waltham Abbey West,2025-08-01,0.05624498927335612
Waltham Abbey West,2025-09-01,0.05624498927335612
Waltham Abbey West,2025-10-01,0.05624498927335612
Waltham Abbey West,2025-11-01,0.05624498927335612
Waltham Abbey West,2025-12-01,0.05624498927335612
Waltham Abbey West,2026-01-01,0.05624498927335612
Waltham Abbey West,2026-02-01,0.05624498927335612
Waltham Abbey West,2026-03-01,0.05624498927335612
Waltham Cross,2025-04-01,0.08437000561685792
Waltham Cross,2025-05-01,0.08437000561685792
Waltham Cross,2025-06-01,0.08437000561685792
Waltham Cross,2025-07-01,0.08437000561685792
Waltham Cross,2025-08-01,0.08437000561685792
Waltham Cross,2025-09-01,0.08437000561685792
Waltham Cross,2025-10-01,0.08437000561685792
Waltham Cross,2025-11-01,0.08437000561685792
Waltham Cross,2025-12-01,0.08437000561685792
Waltham Cross,2026-01-01,0.08437000561685792
Waltham Cross,2026-02-01,0.08437000561685792
Waltham Cross,2026-03-01,0.08437000561685792
Walton Central,2025-04-01,0.0
Walton Central,2025-05-01,0.0
Walton Central,2025-06-01,0.0
Walton Central,2025-07-01,0.0
Walton Central,2025-08-01,0.0
Walton Central,2025-09-01,0.0
Walton Central,2025-10-01,0.0
Walton Central,2025-11-01,0.0
Walton Central,2025-12-01,0.0
Walton Central,2026-01-01,0.0
Walton Central,2026-02-01,0.0
Walton Central,2026-03-01,0.0
Walton South,2025-04-01,0.0
Walton South,2025-05-01,0.0
Walton South,2025-06-01,0.0
Walton South,2025-07-01,0.0
Walton South,2025-08-01,0.0
Walton South,2025-09-01,0.0
Walton South,2025-10-01,0.0
Walton South,2025-11-01,0.0
Walton South,2025-12-01,0.0
Walton South,2026-01-01,0.0
Walton South,2026-02-01,0.0
Walton South,2026-03-01,0.0
Wandle,2025-04-01,4.836880836303789
Wandle,2025-05-01,5.1616101560673355
Wandle,2025-06-01,5.219016782033494
Wandle,2025-07-01,5.229165298056679
Wandle,2025-08-01,5.230959383247011
Wandle,2025-09-01,5.231276547023747
Wandle,2025-10-01,5.231332616190258
Wandle,2025-11-01,5.231342528266175
Wandle,2025-12-01,5.231344280552773
Wandle,2026-01-01,5.231344590327269
Wandle,2026-02-01,5.231344645090136
Wandle,2026-03-01,5.231344654771281
Wandle Valley,2025-04-01,0.20029944322286192
Wandle Valley,2025-05-01,0.1793294795384643
Wandle Valley,2025-06-01,0.20108814038136336
Wandle Valley,2025-07-01,0.19862539985550534
Wandle Valley,2025-08-01,0.20040205166495087
Wandle Valley,2025-09-01,0.20108904293236066
Wandle Valley,2025-10-01,0.19628285836438789
Wandle Valley,2025-11-01,0.18931396927533303
Wandle Valley,2025-12-01,0.2037868008814599
Wandle Valley,2026-01-01,0.20439401889701184
Wandle Valley,2026-02-01,0.20485113046376752
Wandle Valley,2026-03-01,0.20420062787309165
Wandsworth Common,2025-04-01,5.794643316434112
Wandsworth Common,2025-05-01,5.7660042742459625
Wandsworth Common,2025-06-01,5.7373652320578135
Wandsworth Common,2025-07-01,5.708726189869664
Wandsworth Common,2025-08-01,5.680087147681515
Wandsworth Common,2025-09-01,5.651448105493366
Wandsworth Common,2025-10-01,5.622809063305217
Wandsworth Common,2025-11-01,5.594170021117068
Wandsworth Common,2025-12-01,5.565530978928919
Wandsworth Common,2026-01-01,5.53689193674077
Wandsworth Common,2026-02-01,5.508252894552621
Wandsworth Common,2026-03-01,5.479613852364472
Wandsworth Town,2025-04-01,8.477692035745207
Wandsworth Town,2025-05-01,8.94576769668171
Wandsworth Town,2025-06-01,9.463241776212406
Wandsworth Town,2025-07-01,8.96683209454416
Wandsworth Town,2025-08-01,8.955275516735671
Wandsworth Town,2025-09-01,8.86684193146248
Wandsworth Town,2025-10-01,8.913758672174152
Wandsworth Town,2025-11-01,8.9086537581815
Wandsworth Town,2025-12-01,8.92082546111865
Wandsworth Town,2026-01-01,8.915959295869932
Wandsworth Town,2026-02-01,8.917333827826159
Wandsworth Town,2026-03-01,8.915785662643199
Wanstead Park,2025-04-01,4.380132937106589
Wanstead Park,2025-05-01,2.9934274748020506
Wanstead Park,2025-06-01,2.6101990576417786
Wanstead Park,2025-07-01,3.051063428948087
Wanstead Park,2025-08-01,3.6857234105858825
Wanstead Park,2025-09-01,3.1370806280901125
Wanstead Park,2025-10-01,3.6426535480537128
Wanstead Park,2025-11-01,3.7346090713164655
Wanstead Park,2025-12-01,4.521044880626031
Wanstead Park,2026-01-01,3.4358999757199524
Wanstead Park,2026-02-01,3.052741073268022
Wanstead Park,2026-03-01,3.3988990912060224
Wanstead Village,2025-04-01,5.794205435467745
Wanstead Village,2025-05-01,6.279286520378678
Wanstead Village,2025-06-01,6.392258201612954
Wanstead Village,2025-07-01,6.399460397889056
Wanstead Village,2025-08-01,6.376598360803192
Wanstead Village,2025-09-01,6.345190776502078
Wanstead Village,2025-10-01,6.311354180413806
Wanstead Village,2025-11-01,6.276827154782109
Wanstead Village,2025-12-01,6.2421038794010455
Wanstead Village,2026-01-01,6.207324821406836
Wanstead Village,2026-02-01,6.172529907596557
Wanstead Village,2026-03-01,6.137730486881904
Warley,2025-04-01,0.0
Warley,2025-05-01,0.0
Warley,2025-06-01,0.0
Warley,2025-07-01,0.0
Warley,2025-08-01,0.0
Warley,2025-09-01,0.0
Warley,2025-10-01,0.0
Warley,2025-11-01,0.0
Warley,2025-12-01,0.0
Warley,2026-01-01,0.0
Warley,2026-02-01,0.0
Warley,2026-03-01,0.0
Warlingham East & Chelsham & Farleigh,2025-04-01,0.026129869030707437
Warlingham East & Chelsham & Farleigh,2025-05-01,0.0250158574642661
Warlingham East & Chelsham & Farleigh,2025-06-01,0.026129869030707437
Warlingham East & Chelsham & Farleigh,2025-07-01,0.026129869030707437
Warlingham East & Chelsham & Farleigh,2025-08-01,0.026129867648194832
Warlingham East & Chelsham & Farleigh,2025-09-01,0.026129869030937405
Warlingham East & Chelsham & Farleigh,2025-10-01,0.026129869030707437
Warlingham East & Chelsham & Farleigh,2025-11-01,0.026129869030707447
Warlingham East & Chelsham & Farleigh,2025-12-01,0.026129869030707437
Warlingham East & Chelsham & Farleigh,2026-01-01,0.02629620923425518
Warlingham East & Chelsham & Farleigh,2026-02-01,0.026129869030707437
Warlingham East & Chelsham & Farleigh,2026-03-01,0.026129876598107164
Warlingham West,2025-04-01,0.06874470016917113
Warlingham West,2025-05-01,0.06874470016917113
Warlingham West,2025-06-01,0.06874470016917113
Warlingham West,2025-07-01,0.06874470016917113
Warlingham West,2025-08-01,0.06874470016917113
Warlingham West,2025-09-01,0.06874470016917113
Warlingham West,2025-10-01,0.06874470016917113
Warlingham West,2025-11-01,0.06874470016917113
Warlingham West,2025-12-01,0.06874470016917113
Warlingham West,2026-01-01,0.06874470016917113
Warlingham West,2026-02-01,0.06874470016917113
Warlingham West,2026-03-01,0.06874470016917113
Waterloo & South Bank,2025-04-01,12.782214679491021
Waterloo & South Bank,2025-05-01,12.658021115703145
Waterloo & South Bank,2025-06-01,11.693033072321445
Waterloo & South Bank,2025-07-01,11.693033072321445
Waterloo & South Bank,2025-08-01,11.693033072321445
Waterloo & South Bank,2025-09-01,11.693033072321445
Waterloo & South Bank,2025-10-01,11.693033072321445
Waterloo & South Bank,2025-11-01,11.693033072321445
Waterloo & South Bank,2025-12-01,11.693033072321445
Waterloo & South Bank,2026-01-01,11.693033072321445
Waterloo & South Bank,2026-02-01,11.693033072321445
Waterloo & South Bank,2026-03-01,11.693033072321445
Wealdstone North,2025-04-01,5.313959580147208
Wealdstone North,2025-05-01,5.6859693063230194
Wealdstone North,2025-06-01,5.791293121804388
Wealdstone North,2025-07-01,5.821112519865801
Wealdstone North,2025-08-01,5.829555021655933
Wealdstone North,2025-09-01,5.831945272335359
Wealdstone North,2025-10-01,5.832622002817924
Wealdstone North,2025-11-01,5.832813599519465
Wealdstone North,2025-12-01,5.832867844594849
Wealdstone North,2026-01-01,5.8328832025220985
Wealdstone North,2026-02-01,5.832887550675875
Wealdstone North,2026-03-01,5.8328887817301025
Wealdstone South,2025-04-01,4.32972098612549
Wealdstone South,2025-05-01,4.415036458279481
Wealdstone South,2025-06-01,4.437111879909114
Wealdstone South,2025-07-01,4.442823906436336
Wealdstone South,2025-08-01,4.444301896193229
Wealdstone South,2025-09-01,4.444684326791384
Wealdstone South,2025-10-01,4.444783280902346
Wealdstone South,2025-11-01,4.4448088853286745
Wealdstone South,2025-12-01,4.444815510486955
Wealdstone South,2026-01-01,4.4448172247500155
Wealdstone South,2026-02-01,4.444817668316451
Wealdstone South,2026-03-01,4.444817783089491
Weavers,2025-04-01,12.137545713914268
Weavers,2025-05-01,13.358556822480045
Weavers,2025-06-01,12.932249882220866
Weavers,2025-07-01,13.492146293506403
Weavers,2025-08-01,13.141036371389463
Weavers,2025-09-01,13.522652789731465
Weavers,2025-10-01,13.440264154113814
Weavers,2025-11-01,14.409866932974042
Weavers,2025-12-01,14.20994886985562
Weavers,2026-01-01,14.523894109530923
Weavers,2026-02-01,13.088127126837618
Weavers,2026-03-01,13.336978812546384
Welsh Harp,2025-04-01,7.264722526944625
Welsh Harp,2025-05-01,8.361038320127829
Welsh Harp,2025-06-01,8.648653037943388
Welsh Harp,2025-07-01,7.965826465317775
Welsh Harp,2025-08-01,7.929960752986277
Welsh Harp,2025-09-01,6.761913535140078
Welsh Harp,2025-10-01,6.72604782280858
Welsh Harp,2025-11-01,7.984103831065312
Welsh Harp,2025-12-01,8.109978333807343
Welsh Harp,2026-01-01,7.265411546108201
Welsh Harp,2026-02-01,7.229545833776703
Welsh Harp,2026-03-01,6.384979046077561
Wembley Central,2025-04-01,4.791003621946805
Wembley Central,2025-05-01,5.0312301400230695
Wembley Central,2025-06-01,5.104186544249151
Wembley Central,2025-07-01,5.126343285978678
Wembley Central,2025-08-01,5.133072252534482
Wembley Central,2025-09-01,5.135115828772443
Wembley Central,2025-10-01,5.135736459564071
Wembley Central,2025-11-01,5.1359249441296875
Wembley Central,2025-12-01,5.135982186586805
Wembley Central,2026-01-01,5.135999571028264
Wembley Central,2026-02-01,5.136004850654961
Wembley Central,2026-03-01,5.136006454069033
Wembley Hill,2025-04-01,5.0150990639236035
Wembley Hill,2025-05-01,5.0150990639236035
Wembley Hill,2025-06-01,5.0150990639236035
Wembley Hill,2025-07-01,5.0150990639236035
Wembley Hill,2025-08-01,5.0150990639236035
Wembley Hill,2025-09-01,5.0150990639236035
Wembley Hill,2025-10-01,5.0150990639236035
Wembley Hill,2025-11-01,5.0150990639236035
Wembley Hill,2025-12-01,5.0150990639236035
Wembley Hill,2026-01-01,5.0150990639236035
Wembley Hill,2026-02-01,5.0150990639236035
Wembley Hill,2026-03-01,5.0150990639236035
Wembley Park,2025-04-01,1.9343698673044607
Wembley Park,2025-05-01,1.9343698673044607
Wembley Park,2025-06-01,1.9343698673044607
Wembley Park,2025-07-01,1.9343698673044607
Wembley Park,2025-08-01,1.9343698673044607
Wembley Park,2025-09-01,1.9343698673044607
Wembley Park,2025-10-01,1.9343698673044607
Wembley Park,2025-11-01,1.9343698673044607
Wembley Park,2025-12-01,1.9343698673044607
Wembley Park,2026-01-01,1.9343698673044607
Wembley Park,2026-02-01,1.9343698673044607
Wembley Park,2026-03-01,1.9343698673044607
Wendell Park,2025-04-01,1.3741154030782472
Wendell Park,2025-05-01,1.3550891759182797
Wendell Park,2025-06-01,1.5792685033037948
Wendell Park,2025-07-01,1.5998879917957853
Wendell Park,2025-08-01,1.6389750753381025
Wendell Park,2025-09-01,1.6465104900269498
Wendell Park,2025-10-01,1.6537430359214307
Wendell Park,2025-11-01,1.6557497275253108
Wendell Park,2025-12-01,1.657152892972653
Wendell Park,2026-01-01,1.657631880403087
Wendell Park,2026-02-01,1.6579136054109764
Wendell Park,2026-03-01,1.658022300516249
West Barnes,2025-04-01,2.840953263165521
West Barnes,2025-05-01,3.1123118610035307
West Barnes,2025-06-01,3.087743699009005
West Barnes,2025-07-01,3.0631755370144793
West Barnes,2025-08-01,3.0386073750199536
West Barnes,2025-09-01,3.014039213025428
West Barnes,2025-10-01,2.989471051030902
West Barnes,2025-11-01,2.9649028890363764
West Barnes,2025-12-01,2.9403347270418507
West Barnes,2026-01-01,2.915766565047325
West Barnes,2026-02-01,2.8911984030527993
West Barnes,2026-03-01,2.8666302410582736
West Drayton,2025-04-01,7.002939613350776
West Drayton,2025-05-01,6.723920833496331
West Drayton,2025-06-01,6.696704480102615
West Drayton,2025-07-01,6.669488126708899
West Drayton,2025-08-01,6.642271773315183
West Drayton,2025-09-01,6.615055419921466
West Drayton,2025-10-01,6.58783906652775
West Drayton,2025-11-01,6.560622713134034
West Drayton,2025-12-01,6.533406359740318
West Drayton,2026-01-01,6.506190006346602
West Drayton,2026-02-01,6.478973652952885
West Drayton,2026-03-01,6.451757299559169
West Dulwich,2025-04-01,3.7869910976806276
West Dulwich,2025-05-01,3.4259203898060817
West Dulwich,2025-06-01,3.666634195055779
West Dulwich,2025-07-01,3.907348000305476
West Dulwich,2025-08-01,3.4259203898060813
West Dulwich,2025-09-01,4.749846318679416
West Dulwich,2025-10-01,3.3055634871812325
West Dulwich,2025-11-01,3.4259203898060813
West Dulwich,2025-12-01,3.6666341950557784
West Dulwich,2026-01-01,3.5462772924309296
West Dulwich,2026-02-01,3.6666341950557784
West Dulwich,2026-03-01,3.4259203898060813
West End,2025-04-01,47.447280354176314
West End,2025-05-01,49.937805793192545
West End,2025-06-01,50.66275800797323
West End,2025-07-01,51.34424457638956
West End,2025-08-01,51.98487154939959
West End,2025-09-01,52.587088728091324
West End,2025-10-01,53.15319903188859
West End,2025-11-01,53.685367305071445
West End,2025-12-01,54.18562859528785
West End,2026-01-01,54.655895935714206
West End,2026-02-01,55.097967660624214
West End,2026-03-01,55.51353428234141
West Finchley,2025-04-01,9.14387457529173
West Finchley,2025-05-01,9.14387457529173
West Finchley,2025-06-01,9.14387457529173
West Finchley,2025-07-01,9.14387457529173
West Finchley,2025-08-01,9.14387457529173
West Finchley,2025-09-01,9.14387457529173
West Finchley,2025-10-01,9.14387457529173
West Finchley,2025-11-01,9.14387457529173
West Finchley,2025-12-01,9.14387457529173
West Finchley,2026-01-01,9.14387457529173
West Finchley,2026-02-01,9.14387457529173
West Finchley,2026-03-01,9.14387457529173
West Green,2025-04-01,4.001800825088355
West Green,2025-05-01,5.247343177085424
West Green,2025-06-01,5.635012583541739
West Green,2025-07-01,5.755672927576788
West Green,2025-08-01,5.793227912262682
West Green,2025-09-01,5.804916730871952
West Green,2025-10-01,5.808554822635886
West Green,2025-11-01,5.809687162192623
West Green,2025-12-01,5.810039597742618
West Green,2026-01-01,5.810149291708673
West Green,2026-02-01,5.810183433457964
West Green,2026-03-01,5.810194059922541
West Ham,2025-04-01,4.782967834460548
West Ham,2025-05-01,4.782967834460548
West Ham,2025-06-01,4.782967834460548
West Ham,2025-07-01,4.782967834460548
West Ham,2025-08-01,4.782967834460548
West Ham,2025-09-01,4.782967834460548
West Ham,2025-10-01,4.782967834460548
West Ham,2025-11-01,4.782967834460548
West Ham,2025-12-01,4.782967834460548
West Ham,2026-01-01,4.782967834460548
West Ham,2026-02-01,4.782967834460548
West Ham,2026-03-01,4.782967834460548
West Hampstead,2025-04-01,10.058089493079402
West Hampstead,2025-05-01,7.762303377086011
West Hampstead,2025-06-01,11.835679784650319
West Hampstead,2025-07-01,12.298615545499578
West Hampstead,2025-08-01,11.162014838649066
West Hampstead,2025-09-01,9.91535743151948
West Hampstead,2025-10-01,8.865034750977552
West Hampstead,2025-11-01,10.774257099890294
West Hampstead,2025-12-01,8.98011807064596
West Hampstead,2026-01-01,10.015924301646441
West Hampstead,2026-02-01,9.685572333145354
West Hampstead,2026-03-01,10.632637525413777
West Harrow,2025-04-01,2.732066556648026
West Harrow,2025-05-01,1.694781453816695
West Harrow,2025-06-01,1.8965422631834774
West Harrow,2025-07-01,1.8256948720532533
West Harrow,2025-08-01,1.875192911443019
West Harrow,2025-09-01,1.8096845991845116
West Harrow,2025-10-01,2.1347198866418937
West Harrow,2025-11-01,1.9750192541230722
West Harrow,2025-12-01,2.0742700101416185
West Harrow,2026-01-01,1.9714464597987829
West Harrow,2026-02-01,1.711405524939373
West Harrow,2026-03-01,2.1483126378711552
West Heath,2025-04-01,4.070225263317349
West Heath,2025-05-01,3.6221530375665134
West Heath,2025-06-01,4.613062944990213
West Heath,2025-07-01,3.873839414550981
West Heath,2025-08-01,3.691276118746332
West Heath,2025-09-01,3.882880760465623
West Heath,2025-10-01,3.6947129617601293
West Heath,2025-11-01,4.073301592559166
West Heath,2025-12-01,3.884323970460626
West Heath,2026-01-01,4.262604767017163
West Heath,2026-02-01,3.8843957277680845
West Heath,2026-03-01,3.8844032405517352
West Hendon,2025-04-01,12.06820477268656
West Hendon,2025-05-01,12.06820477268656
West Hendon,2025-06-01,12.06820477268656
West Hendon,2025-07-01,12.06820477268656
West Hendon,2025-08-01,12.06820477268656
West Hendon,2025-09-01,12.06820477268656
West Hendon,2025-10-01,12.06820477268656
West Hendon,2025-11-01,12.06820477268656
West Hendon,2025-12-01,12.06820477268656
West Hendon,2026-01-01,12.06820477268656
West Hendon,2026-02-01,12.06820477268656
West Hendon,2026-03-01,12.06820477268656
West Hill,2025-04-01,6.595627733117398
West Hill,2025-05-01,7.0963980736321055
West Hill,2025-06-01,7.61003181965069
West Hill,2025-07-01,7.813608234142341
West Hill,2025-08-01,7.941425493854441
West Hill,2025-09-01,8.003893568550339
West Hill,2025-10-01,8.038659257561575
West Hill,2025-11-01,8.056711503282177
West Hill,2025-12-01,8.06643348906394
West Hill,2026-01-01,8.071568932984936
West Hill,2026-02-01,8.074309481250816
West Hill,2026-03-01,8.075764099285486
West Kensington,2025-04-01,5.017752868872129
West Kensington,2025-05-01,5.9313488360834965
West Kensington,2025-06-01,6.969640942460513
West Kensington,2025-07-01,7.533522071204789
West Kensington,2025-08-01,7.622571623750677
West Kensington,2025-09-01,7.179119794707491
West Kensington,2025-10-01,7.244643877106908
West Kensington,2025-11-01,7.161831467113181
West Kensington,2025-12-01,7.401515721651123
West Kensington,2026-01-01,6.624713599315438
West Kensington,2026-02-01,7.05962448325454
West Kensington,2026-03-01,6.645975650329187
West Middleton,2025-04-01,0.0
West Middleton,2025-05-01,0.0
West Middleton,2025-06-01,0.0
West Middleton,2025-07-01,0.0
West Middleton,2025-08-01,0.0
West Middleton,2025-09-01,0.0
West Middleton,2025-10-01,0.0
West Middleton,2025-11-01,0.0
West Middleton,2025-12-01,0.0
West Middleton,2026-01-01,0.0
West Middleton,2026-02-01,0.0
West Middleton,2026-03-01,0.0
West Putney,2025-04-01,5.963988818557559
West Putney,2025-05-01,6.240848622114552
West Putney,2025-06-01,5.946569029605205
West Putney,2025-07-01,6.475227095509127
West Putney,2025-08-01,6.157686819171501
West Putney,2025-09-01,6.240032660560468
West Putney,2025-10-01,6.241069451970448
West Putney,2025-11-01,6.16888839310127
West Putney,2025-12-01,5.745564166067143
West Putney,2026-01-01,6.348080879397494
West Putney,2026-02-01,6.555613594093101
West Putney,2026-03-01,6.4893140247063
West Thamesmead,2025-04-01,4.206851566748499
West Thamesmead,2025-05-01,4.040827908343068
West Thamesmead,2025-06-01,5.132619933802839
West Thamesmead,2025-07-01,4.849173415711512
West Thamesmead,2025-08-01,4.264180389119687
West Thamesmead,2025-09-01,4.085911996207621
West Thamesmead,2025-10-01,4.004902965134387
West Thamesmead,2025-11-01,5.009731798734725
West Thamesmead,2025-12-01,4.714226287185273
West Thamesmead,2026-01-01,4.276655985551566
West Thamesmead,2026-02-01,5.275265758884868
West Thamesmead,2026-03-01,4.5817110079902745
West Thornton,2025-04-01,9.353453599335168
West Thornton,2025-05-01,9.30513628751625
West Thornton,2025-06-01,9.256818975697332
West Thornton,2025-07-01,9.208501663878414
West Thornton,2025-08-01,9.160184352059495
West Thornton,2025-09-01,9.111867040240577
West Thornton,2025-10-01,9.063549728421659
West Thornton,2025-11-01,9.01523241660274
West Thornton,2025-12-01,8.966915104783823
West Thornton,2026-01-01,8.918597792964905
West Thornton,2026-02-01,8.870280481145986
West Thornton,2026-03-01,8.821963169327068
West Thurrock and South Stifford,2025-04-01,0.0
West Thurrock and South Stifford,2025-05-01,0.0
West Thurrock and South Stifford,2025-06-01,0.0
West Thurrock and South Stifford,2025-07-01,0.0
West Thurrock and South Stifford,2025-08-01,0.0
West Thurrock and South Stifford,2025-09-01,0.0
West Thurrock and South Stifford,2025-10-01,0.0
West Thurrock and South Stifford,2025-11-01,0.0
West Thurrock and South Stifford,2025-12-01,0.0
West Thurrock and South Stifford,2026-01-01,0.0
West Thurrock and South Stifford,2026-02-01,0.0
West Thurrock and South Stifford,2026-03-01,0.0
West Twickenham,2025-04-01,4.114989806942635
West Twickenham,2025-05-01,4.66030579506139
West Twickenham,2025-06-01,3.8241399809755925
West Twickenham,2025-07-01,3.9370900598051337
West Twickenham,2025-08-01,3.742988470324431
West Twickenham,2025-09-01,3.817159726280538
West Twickenham,2025-10-01,3.7868705128034525
West Twickenham,2025-11-01,3.8170357621638966
West Twickenham,2025-12-01,3.810202245315999
West Twickenham,2026-01-01,3.8177991738205326
West Twickenham,2026-02-01,3.8147712574489976
West Twickenham,2026-03-01,3.816228405138691
West Wickham,2025-04-01,4.150230895195318
West Wickham,2025-05-01,3.9228972455163458
West Wickham,2025-06-01,4.6008101989020265
West Wickham,2025-07-01,3.940050610773152
West Wickham,2025-08-01,4.265536061471933
West Wickham,2025-09-01,5.9085608958633555
West Wickham,2025-10-01,5.318250939457107
West Wickham,2025-11-01,5.171026465325133
West Wickham,2025-12-01,4.429181450742266
West Wickham,2026-01-01,4.726243276970001
West Wickham,2026-02-01,4.280930413682088
West Wickham,2026-03-01,4.429404290727688
Westbourne,2025-04-01,7.2874788730642965
Westbourne,2025-05-01,7.2874788730642965
Westbourne,2025-06-01,7.2874788730642965
Westbourne,2025-07-01,7.2874788730642965
Westbourne,2025-08-01,7.2874788730642965
Westbourne,2025-09-01,7.2874788730642965
Westbourne,2025-10-01,7.2874788730642965
Westbourne,2025-11-01,7.2874788730642965
Westbourne,2025-12-01,7.2874788730642965
Westbourne,2026-01-01,7.2874788730642965
Westbourne,2026-02-01,7.2874788730642965
Westbourne,2026-03-01,7.2874788730642965
Westerham and Crockham Hill,2025-04-01,0.07811925413139162
Westerham and Crockham Hill,2025-05-01,0.07811925413139162
Westerham and Crockham Hill,2025-06-01,0.07811925413139162
Westerham and Crockham Hill,2025-07-01,0.07811925413139162
Westerham and Crockham Hill,2025-08-01,0.07811925413139162
Westerham and Crockham Hill,2025-09-01,0.07811925413139162
Westerham and Crockham Hill,2025-10-01,0.07811925413139162
Westerham and Crockham Hill,2025-11-01,0.07811925413139162
Westerham and Crockham Hill,2025-12-01,0.07811925413139162
Westerham and Crockham Hill,2026-01-01,0.07811925413139162
Westerham and Crockham Hill,2026-02-01,0.07811925413139162
Westerham and Crockham Hill,2026-03-01,0.07811925413139162
Westgate,2025-04-01,0.0
Westgate,2025-05-01,0.0
Westgate,2025-06-01,0.0
Westgate,2025-07-01,0.0
Westgate,2025-08-01,0.0
Westgate,2025-09-01,0.0
Westgate,2025-10-01,0.0
Westgate,2025-11-01,0.0
Westgate,2025-12-01,0.0
Westgate,2026-01-01,0.0
Westgate,2026-02-01,0.0
Westgate,2026-03-01,0.0
Westway,2025-04-01,0.01874262138752767
Westway,2025-05-01,0.01874262138752767
Westway,2025-06-01,0.01874262138752767
Westway,2025-07-01,0.01874262138752767
Westway,2025-08-01,0.01874262138752767
Westway,2025-09-01,0.01874262138752767
Westway,2025-10-01,0.01874262138752767
Westway,2025-11-01,0.01874262138752767
Westway,2025-12-01,0.01874262138752767
Westway,2026-01-01,0.01874262138752767
Westway,2026-02-01,0.01874262138752767
Westway,2026-03-01,0.01874262138752767
Whalebone,2025-04-01,4.434947002466756
Whalebone,2025-05-01,4.297903154470438
Whalebone,2025-06-01,5.230381012946657
Whalebone,2025-07-01,5.696619942184766
Whalebone,2025-08-01,5.463500477565711
Whalebone,2025-09-01,5.230381012946657
Whalebone,2025-10-01,5.696619942184766
Whalebone,2025-11-01,5.9297394068038205
Whalebone,2025-12-01,5.696619942184766
Whalebone,2026-01-01,5.463500477565711
Whalebone,2026-02-01,4.764142083708547
Whalebone,2026-03-01,5.230381012946657
Wheatley Hills & Intake,2025-04-01,0.0
Wheatley Hills & Intake,2025-05-01,0.0
Wheatley Hills & Intake,2025-06-01,0.0
Wheatley Hills & Intake,2025-07-01,0.0
Wheatley Hills & Intake,2025-08-01,0.0
Wheatley Hills & Intake,2025-09-01,0.0
Wheatley Hills & Intake,2025-10-01,0.0
Wheatley Hills & Intake,2025-11-01,0.0
Wheatley Hills & Intake,2025-12-01,0.0
Wheatley Hills & Intake,2026-01-01,0.0
Wheatley Hills & Intake,2026-02-01,0.0
Wheatley Hills & Intake,2026-03-01,0.0
Whetstone,2025-04-01,5.983143582009138
Whetstone,2025-05-01,5.983143582009138
Whetstone,2025-06-01,5.983143582009138
Whetstone,2025-07-01,5.983143582009138
Whetstone,2025-08-01,5.983143582009138
Whetstone,2025-09-01,5.983143582009138
Whetstone,2025-10-01,5.983143582009138
Whetstone,2025-11-01,5.983143582009138
Whetstone,2025-12-01,5.983143582009138
Whetstone,2026-01-01,5.983143582009138
Whetstone,2026-02-01,5.983143582009138
Whetstone,2026-03-01,5.983143582009138
White City,2025-04-01,2.7920248615066368
White City,2025-05-01,2.7920248615066368
White City,2025-06-01,2.7920248615066368
White City,2025-07-01,2.7920248615066368
White City,2025-08-01,2.7920248615066368
White City,2025-09-01,2.7920248615066368
White City,2025-10-01,2.7920248615066368
White City,2025-11-01,2.7920248615066368
White City,2025-12-01,2.7920248615066368
White City,2026-01-01,2.7920248615066368
White City,2026-02-01,2.7920248615066368
White City,2026-03-01,2.7920248615066368
White Hart Lane,2025-04-01,6.456845340036661
White Hart Lane,2025-05-01,6.149479625632247
White Hart Lane,2025-06-01,5.554326847723779
White Hart Lane,2025-07-01,6.452806221321394
White Hart Lane,2025-08-01,6.3104019607934
White Hart Lane,2025-09-01,6.582214417876195
White Hart Lane,2025-10-01,6.458668987288435
White Hart Lane,2025-11-01,6.344590321831222
White Hart Lane,2025-12-01,6.742860649127772
White Hart Lane,2026-01-01,6.0539045058909124
White Hart Lane,2026-02-01,6.48392836382219
White Hart Lane,2026-03-01,5.9281996185502965
Whitechapel,2025-04-01,12.21519489449275
Whitechapel,2025-05-01,12.653152269467608
Whitechapel,2025-06-01,14.1650641726014
Whitechapel,2025-07-01,14.510991190427385
Whitechapel,2025-08-01,14.871294132768242
Whitechapel,2025-09-01,15.001840258358763
Whitechapel,2025-10-01,15.09593571666089
Whitechapel,2025-11-01,15.138035891669569
Whitechapel,2025-12-01,15.163979648467379
Whitechapel,2026-01-01,15.17680353303809
Whitechapel,2026-02-01,15.184164771601285
Whitechapel,2026-03-01,15.187978350945322
Whitewebbs,2025-04-01,6.3229811627428125
Whitewebbs,2025-05-01,6.3229811627428125
Whitewebbs,2025-06-01,6.3229811627428125
Whitewebbs,2025-07-01,6.3229811627428125
Whitewebbs,2025-08-01,6.3229811627428125
Whitewebbs,2025-09-01,6.3229811627428125
Whitewebbs,2025-10-01,6.3229811627428125
Whitewebbs,2025-11-01,6.3229811627428125
Whitewebbs,2025-12-01,6.3229811627428125
Whitewebbs,2026-01-01,6.3229811627428125
Whitewebbs,2026-02-01,6.3229811627428125
Whitewebbs,2026-03-01,6.3229811627428125
Whitton,2025-04-01,3.1163455331647887
Whitton,2025-05-01,2.9681651213580267
Whitton,2025-06-01,2.9902005004404977
Whitton,2025-07-01,2.8345482483212776
Whitton,2025-08-01,2.8568111058408716
Whitton,2025-09-01,2.85070817512405
Whitton,2025-10-01,2.8724711737150193
Whitton,2025-11-01,2.869091589021226
Whitton,2025-12-01,2.8703609849035874
Whitton,2026-01-01,2.867308972590595
Whitton,2026-02-01,2.8678257425684537
Whitton,2026-03-01,2.867590721232093
Whyteleafe,2025-04-01,0.0
Whyteleafe,2025-05-01,0.0
Whyteleafe,2025-06-01,0.0
Whyteleafe,2025-07-01,0.0
Whyteleafe,2025-08-01,0.0
Whyteleafe,2025-09-01,0.0
Whyteleafe,2025-10-01,0.0
Whyteleafe,2025-11-01,0.0
Whyteleafe,2025-12-01,0.0
Whyteleafe,2026-01-01,0.0
Whyteleafe,2026-02-01,0.0
Whyteleafe,2026-03-01,0.0
Willesden Green,2025-04-01,9.285740066112627
Willesden Green,2025-05-01,8.899711749500337
Willesden Green,2025-06-01,8.771035643962907
Willesden Green,2025-07-01,7.741626799663471
Willesden Green,2025-08-01,8.385007327350618
Willesden Green,2025-09-01,9.285740066112623
Willesden Green,2025-10-01,9.671768382724913
Willesden Green,2025-11-01,7.998979010738329
Willesden Green,2025-12-01,8.256331221813188
Willesden Green,2026-01-01,8.642359538425476
Willesden Green,2026-02-01,9.157063960575194
Willesden Green,2026-03-01,9.028387855037764
William Morris,2025-04-01,5.844932642096583
William Morris,2025-05-01,5.81365662139832
William Morris,2025-06-01,5.7823806007000575
William Morris,2025-07-01,5.751104580001795
William Morris,2025-08-01,5.719828559303532
William Morris,2025-09-01,5.688552538605269
William Morris,2025-10-01,5.657276517907007
William Morris,2025-11-01,5.626000497208744
William Morris,2025-12-01,5.594724476510481
William Morris,2026-01-01,5.563448455812218
William Morris,2026-02-01,5.532172435113956
William Morris,2026-03-01,5.500896414415693
"Wilmington, Sutton-at-Hone & Hawley",2025-04-01,0.0
"Wilmington, Sutton-at-Hone & Hawley",2025-05-01,0.0
"Wilmington, Sutton-at-Hone & Hawley",2025-06-01,0.0
"Wilmington, Sutton-at-Hone & Hawley",2025-07-01,0.0
"Wilmington, Sutton-at-Hone & Hawley",2025-08-01,0.0
"Wilmington, Sutton-at-Hone & Hawley",2025-09-01,0.0
"Wilmington, Sutton-at-Hone & Hawley",2025-10-01,0.0
"Wilmington, Sutton-at-Hone & Hawley",2025-11-01,0.0
"Wilmington, Sutton-at-Hone & Hawley",2025-12-01,0.0
"Wilmington, Sutton-at-Hone & Hawley",2026-01-01,0.0
"Wilmington, Sutton-at-Hone & Hawley",2026-02-01,0.0
"Wilmington, Sutton-at-Hone & Hawley",2026-03-01,0.0
Wimbledon Park,2025-04-01,5.355498066167632
Wimbledon Park,2025-05-01,5.861868719022987
Wimbledon Park,2025-06-01,5.93828397333604
Wimbledon Park,2025-07-01,5.949815627192364
Wimbledon Park,2025-08-01,5.9515558430937245
Wimbledon Park,2025-09-01,5.951818455154499
Wimbledon Park,2025-10-01,5.9518580853488965
Wimbledon Park,2025-11-01,5.9518640658522415
Wimbledon Park,2025-12-01,5.951864968356527
Wimbledon Park,2026-01-01,5.951865104551415
Wimbledon Park,2026-02-01,5.951865125104279
Wimbledon Park,2026-03-01,5.951865128205865
Wimbledon Town & Dundonald,2025-04-01,3.0904074846507554
Wimbledon Town & Dundonald,2025-05-01,3.818498424585725
Wimbledon Town & Dundonald,2025-06-01,3.460524612114242
Wimbledon Town & Dundonald,2025-07-01,3.5924661812932532
Wimbledon Town & Dundonald,2025-08-01,3.525102853329413
Wimbledon Town & Dundonald,2025-09-01,3.548871709648693
Wimbledon Town & Dundonald,2025-10-01,3.536135349851328
Wimbledon Town & Dundonald,2025-11-01,3.5403832269792836
Wimbledon Town & Dundonald,2025-12-01,3.5379612447648374
Wimbledon Town & Dundonald,2026-01-01,3.5387121603110514
Wimbledon Town & Dundonald,2026-02-01,3.5382483715863517
Wimbledon Town & Dundonald,2026-03-01,3.53837909747851
Winchmore Hill,2025-04-01,6.141990672410208
Winchmore Hill,2025-05-01,5.54630011078321
Winchmore Hill,2025-06-01,5.7656231847687405
Winchmore Hill,2025-07-01,7.1366582805826155
Winchmore Hill,2025-08-01,5.704636730823441
Winchmore Hill,2025-09-01,8.069222073032586
Winchmore Hill,2025-10-01,7.366421989949895
Winchmore Hill,2025-11-01,6.66069305440489
Winchmore Hill,2025-12-01,8.957773756211587
Winchmore Hill,2026-01-01,7.3170068309039475
Winchmore Hill,2026-02-01,7.258684484867463
Winchmore Hill,2026-03-01,6.437534097991455
Wingrove,2025-04-01,0.0
Wingrove,2025-05-01,0.0
Wingrove,2025-06-01,0.0
Wingrove,2025-07-01,0.0
Wingrove,2025-08-01,0.0
Wingrove,2025-09-01,0.0
Wingrove,2025-10-01,0.0
Wingrove,2025-11-01,0.0
Wingrove,2025-12-01,0.0
Wingrove,2026-01-01,0.0
Wingrove,2026-02-01,0.0
Wingrove,2026-03-01,0.0
Woldingham,2025-04-01,0.0
Woldingham,2025-05-01,0.0
Woldingham,2025-06-01,0.0
Woldingham,2025-07-01,0.0
Woldingham,2025-08-01,0.0
Woldingham,2025-09-01,0.0
Woldingham,2025-10-01,0.0
Woldingham,2025-11-01,0.0
Woldingham,2025-12-01,0.0
Woldingham,2026-01-01,0.0
Woldingham,2026-02-01,0.0
Woldingham,2026-03-01,0.0
Wood End,2025-04-01,12.160996321694352
Wood End,2025-05-01,11.479502149402059
Wood End,2025-06-01,11.385802904476266
Wood End,2025-07-01,10.84442909900114
Wood End,2025-08-01,10.930608801863276
Wood End,2025-09-01,9.988781587298792
Wood End,2025-10-01,10.466430303341575
Wood End,2025-11-01,10.273530772447625
Wood End,2025-12-01,9.596303046082362
Wood End,2026-01-01,9.225542302302149
Wood End,2026-02-01,9.887098813692383
Wood End,2026-03-01,9.310173057034044
Wood Street,2025-04-01,5.168016782752533
Wood Street,2025-05-01,4.782622362203969
Wood Street,2025-06-01,4.701546914573435
Wood Street,2025-07-01,4.684491067737004
Wood Street,2025-08-01,4.680903028203341
Wood Street,2025-09-01,4.6801482121089775
Wood Street,2025-10-01,4.679989421401416
Wood Street,2025-11-01,4.6799560165906335
Wood Street,2025-12-01,4.679948989218563
Wood Street,2026-01-01,4.679947510869874
Wood Street,2026-02-01,4.67994719986957
Wood Street,2026-03-01,4.679947134444418
Woodberry Down,2025-04-01,6.521290888874043
Woodberry Down,2025-05-01,6.153668261834239
Woodberry Down,2025-06-01,5.676083300639825
Woodberry Down,2025-07-01,6.3180930066549
Woodberry Down,2025-08-01,6.306634477468249
Woodberry Down,2025-09-01,6.04081689762164
Woodberry Down,2025-10-01,6.155859910955757
Woodberry Down,2025-11-01,6.724260897369118
Woodberry Down,2025-12-01,6.586975266256266
Woodberry Down,2026-01-01,7.294354937759164
Woodberry Down,2026-02-01,6.541907554922142
Woodberry Down,2026-03-01,6.752787255671785
Woodford and Weedon,2025-04-01,0.0
Woodford and Weedon,2025-05-01,0.0
Woodford and Weedon,2025-06-01,0.0
Woodford and Weedon,2025-07-01,0.0
Woodford and Weedon,2025-08-01,0.0
Woodford and Weedon,2025-09-01,0.0
Woodford and Weedon,2025-10-01,0.0
Woodford and Weedon,2025-11-01,0.0
Woodford and Weedon,2025-12-01,0.0
Woodford and Weedon,2026-01-01,0.0
Woodford and Weedon,2026-02-01,0.0
Woodford and Weedon,2026-03-01,0.0
Woodhouse,2025-04-01,5.929015092184322
Woodhouse,2025-05-01,5.929015092184322
Woodhouse,2025-06-01,5.929015092184322
Woodhouse,2025-07-01,5.929015092184322
Woodhouse,2025-08-01,5.929015092184322
Woodhouse,2025-09-01,5.929015092184322
Woodhouse,2025-10-01,5.929015092184322
Woodhouse,2025-11-01,5.929015092184322
Woodhouse,2025-12-01,5.929015092184322
Woodhouse,2026-01-01,5.929015092184322
Woodhouse,2026-02-01,5.929015092184322
Woodhouse,2026-03-01,5.929015092184322
Woodside,2025-04-01,10.334310618147434
Woodside,2025-05-01,11.076039511129855
Woodside,2025-06-01,11.076039511129855
Woodside,2025-07-01,11.076039511129855
Woodside,2025-08-01,11.076039511129855
Woodside,2025-09-01,11.076039511129855
Woodside,2025-10-01,11.076039511129855
Woodside,2025-11-01,11.076039511129855
Woodside,2025-12-01,11.076039511129855
Woodside,2026-01-01,11.076039511129855
Woodside,2026-02-01,11.076039511129855
Woodside,2026-03-01,11.076039511129855
Woolwich Arsenal,2025-04-01,5.143749648911466
Woolwich Arsenal,2025-05-01,5.143749648911466
Woolwich Arsenal,2025-06-01,5.143749648911466
Woolwich Arsenal,2025-07-01,5.143749648911466
Woolwich Arsenal,2025-08-01,5.143749648911466
Woolwich Arsenal,2025-09-01,5.143749648911466
Woolwich Arsenal,2025-10-01,5.143749648911466
Woolwich Arsenal,2025-11-01,5.143749648911466
Woolwich Arsenal,2025-12-01,5.143749648911466
Woolwich Arsenal,2026-01-01,5.143749648911466
Woolwich Arsenal,2026-02-01,5.143749648911466
Woolwich Arsenal,2026-03-01,5.143749648911466
Woolwich Common,2025-04-01,5.420349589337555
Woolwich Common,2025-05-01,6.068123982651626
Woolwich Common,2025-06-01,6.795300512486696
Woolwich Common,2025-07-01,7.014317352562944
Woolwich Common,2025-08-01,7.153944008998218
Woolwich Common,2025-09-01,7.209099515385555
Woolwich Common,2025-10-01,7.238239810774117
Woolwich Common,2025-11-01,7.251058620436105
Woolwich Common,2025-12-01,7.2573728484492515
Woolwich Common,2026-01-01,7.260270575507753
Woolwich Common,2026-02-01,7.261660127260826
Woolwich Common,2026-03-01,7.262308443756333
Woolwich Dockyard,2025-04-01,6.242194959863012
Woolwich Dockyard,2025-05-01,5.771425110798998
Woolwich Dockyard,2025-06-01,5.771425110798998
Woolwich Dockyard,2025-07-01,5.771425110798998
Woolwich Dockyard,2025-08-01,5.771425110798998
Woolwich Dockyard,2025-09-01,5.771425110798998
Woolwich Dockyard,2025-10-01,5.771425110798998
Woolwich Dockyard,2025-11-01,5.771425110798998
Woolwich Dockyard,2025-12-01,5.771425110798998
Woolwich Dockyard,2026-01-01,5.771425110798998
Woolwich Dockyard,2026-02-01,5.771425110798998
Woolwich Dockyard,2026-03-01,5.771425110798998
Woolwich Riverside,2025-04-01,1.5132575405147828
Woolwich Riverside,2025-05-01,1.9640797174394131
Woolwich Riverside,2025-06-01,2.367842238309869
Woolwich Riverside,2025-07-01,2.7294574861926733
Woolwich Riverside,2025-08-01,3.0533250586940266
Woolwich Riverside,2025-09-01,3.3433852957333494
Woolwich Riverside,2025-10-01,3.6031672197509397
Woolwich Riverside,2025-11-01,3.8358314716150517
Woolwich Riverside,2025-12-01,4.0442087646087765
Woolwich Riverside,2026-01-01,4.2308343243477635
Woolwich Riverside,2026-02-01,4.397978733642586
Woolwich Riverside,2026-03-01,4.54767555758025
Worcester Park North,2025-04-01,2.294495465081493
Worcester Park North,2025-05-01,2.294495465081493
Worcester Park North,2025-06-01,2.294495465081493
Worcester Park North,2025-07-01,2.294495465081493
Worcester Park North,2025-08-01,2.294495465081493
Worcester Park North,2025-09-01,2.294495465081493
Worcester Park North,2025-10-01,2.294495465081493
Worcester Park North,2025-11-01,2.294495465081493
Worcester Park North,2025-12-01,2.294495465081493
Worcester Park North,2026-01-01,2.294495465081493
Worcester Park North,2026-02-01,2.294495465081493
Worcester Park North,2026-03-01,2.294495465081493
Worcester Park South,2025-04-01,3.190360677011942
Worcester Park South,2025-05-01,2.9082212046629055
Worcester Park South,2025-06-01,3.0492909408374236
Worcester Park South,2025-07-01,3.3314304131864603
Worcester Park South,2025-08-01,2.9082212046629055
Worcester Park South,2025-09-01,3.0492909408374236
Worcester Park South,2025-10-01,3.6135698855354965
Worcester Park South,2025-11-01,3.6135698855354965
Worcester Park South,2025-12-01,3.0492909408374236
Worcester Park South,2026-01-01,3.3314304131864603
Worcester Park South,2026-02-01,3.0492909408374236
Worcester Park South,2026-03-01,3.4725001493609784
Wormholt,2025-04-01,3.397735893155895
Wormholt,2025-05-01,3.6595835499146276
Wormholt,2025-06-01,3.9287118930255795
Wormholt,2025-07-01,3.6886944941237183
Wormholt,2025-08-01,3.828831066494653
Wormholt,2025-09-01,3.6659795366737935
Wormholt,2025-10-01,3.1808518086455093
Wormholt,2025-11-01,3.653824444583355
Wormholt,2025-12-01,2.9927041360098556
Wormholt,2026-01-01,3.408073055185959
Wormholt,2026-02-01,3.393965367499086
Wormholt,2026-03-01,3.1580221264246893
Yeading,2025-04-01,4.947168987381815
Yeading,2025-05-01,4.845540214394735
Yeading,2025-06-01,4.845540214394735
Yeading,2025-07-01,4.845540214394735
Yeading,2025-08-01,4.845540214394735
Yeading,2025-09-01,4.845540214394735
Yeading,2025-10-01,4.845540214394735
Yeading,2025-11-01,4.845540214394735
Yeading,2025-12-01,4.845540214394735
Yeading,2026-01-01,4.845540214394735
Yeading,2026-02-01,4.845540214394735
Yeading,2026-03-01,4.845540214394735
Yiewsley,2025-04-01,6.065762144292746
Yiewsley,2025-05-01,5.702708436163174
Yiewsley,2025-06-01,5.669437525719623
Yiewsley,2025-07-01,5.636166615276071
Yiewsley,2025-08-01,5.60289570483252
Yiewsley,2025-09-01,5.569624794388968
Yiewsley,2025-10-01,5.5363538839454165
Yiewsley,2025-11-01,5.503082973501865
Yiewsley,2025-12-01,5.469812063058313
Yiewsley,2026-01-01,5.436541152614762
Yiewsley,2026-02-01,5.40327024217121
Yiewsley,2026-03-01,5.369999331727659
