ward_name,forecast,tier,officers_per_shift,month_num
West End Ward,48.645725,Very High,18,1
St. James's Ward,24.274998,Very High,17,1
Marylebone Ward,23.025187,Very High,17,1
Bloomsbury Ward,22.385246,Very High,17,1
Holborn & Covent Garden Ward,19.959032,Very High,17,1
Hoxton East & Shoreditch Ward,19.602425,Very High,17,1
Bethnal Green West Ward,18.190834,Very High,17,1
Childs Hill Ward,17.644627,Very High,17,1
Fairfield Ward,17.120302,Very High,17,1
Rushey Green Ward,16.26198,Very High,17,1
Deptford Ward,15.774385,Very High,17,1
Hendon Ward,15.486537,Very High,17,1
Hyde Park Ward,15.4376,Very High,17,1
Bow East Ward,15.199837,Very High,17,1
Lancaster Gate Ward,15.086555,Very High,17,1
London Bridge & West Bermondsey Ward,14.935983,Very High,17,1
Spitalfields & Banglatown Ward,14.878888,Very High,17,1
Whitechapel Ward,14.871698,Very High,17,1
Stonebridge Ward,14.508181,Very High,17,1
Bayswater Ward,14.392576,Very High,17,1
Borough & Bankside Ward,14.170202,Very High,17,1
Bethnal Green East Ward,13.882114,Very High,17,1
London Fields Ward,13.64108,Very High,17,1
Lansbury Ward,13.434999,Very High,17,1
Dollis Hill Ward,13.328514,Very High,17,1
Weavers Ward,13.127208,Very High,17,1
Mile End Ward,13.091345,Very High,17,1
Finchley Church End Ward,12.71049,Very High,17,1
Brixton Acre Lane Ward,12.542474,Very High,17,1
Clapham Town Ward,12.419367,Very High,17,1
Finsbury Park Ward,12.395765,Very High,17,1
Queens Park Ward,12.3224745,Very High,17,1
Bunhill Ward,12.186069,Very High,17,1
Northumberland Park Ward,12.169792,Very High,17,1
Lea Bridge Ward (E05009380),12.133473,Very High,17,1
North Walworth Ward,12.129873,Very High,17,1
Clerkenwell Ward,12.079482,Very High,17,1
Brockley Ward,12.071264,Very High,17,1
Brimsdown Ward,11.941375,Very High,17,1
Rye Lane Ward,11.91563,Very High,17,1
Edmonton Green Ward,11.789833,Very High,17,1
St. Mary Cray Ward,11.502863,Very High,17,1
North Acton Ward,11.48406,Very High,17,1
Harlesden & Kensal Green Ward,11.447519,Very High,17,1
Kilburn Ward (E05013503),11.432412,Very High,17,1
Junction Ward,11.40676,Very High,17,1
Broad Green Ward,11.38877,Very High,17,1
Harringay Ward,11.176198,Very High,17,1
Balham Ward,11.131626,Very High,17,1
Wandsworth Town Ward,11.11603,Very High,17,1
Dalston Ward,10.978463,Very High,17,1
South Bermondsey Ward,10.84407,Very High,17,1
Burnt Oak Ward,10.805331,Very High,17,1
Edgware Ward (E05013637),10.764959,Very High,17,1
Upper Edmonton Ward,10.726668,Very High,17,1
Hoxton West Ward,10.688668,Very High,17,1
St. Paul's Cray Ward,10.646911,Very High,17,1
Penge & Cator Ward,10.635679,Very High,17,1
Herne Hill & Loughborough Junction Ward,10.61681,Very High,17,1
Noel Park Ward,10.5419655,Very High,17,1
Brompton & Hans Town Ward,10.515994,Very High,17,1
Hackney Central Ward,10.434851,Very High,17,1
North Bermondsey Ward,10.401896,Very High,17,1
Camberwell Green Ward,10.299202,Very High,17,1
Hither Green Ward,10.251326,Very High,17,1
West Finchley Ward,10.226677,Very High,17,1
Enfield Lock Ward,10.193899,Very High,17,1
Greenwich Peninsula Ward,10.185039,Very High,17,1
Hackney Downs Ward,10.172311,Very High,17,1
Streatham St. Leonard's Ward,10.165703,Very High,17,1
West Thornton Ward,10.088434,Very High,17,1
Sydenham Ward,10.051479,Very High,17,1
Willesden Green Ward,10.041635,Very High,17,1
Victoria Ward,10.004294,Very High,17,1
Haggerston Ward,9.996475,Very High,17,1
Mill Hill Ward,9.957916,Very High,17,1
Waddon Ward,9.861626,Very High,17,1
Chaucer Ward,9.845153,Very High,17,1
Tollington Ward,9.810222,Very High,17,1
Gooshays Ward,9.805331,Very High,17,1
Knightsbridge & Belgravia Ward,9.746482,Very High,17,1
Homerton Ward,9.7166605,Very High,17,1
Friern Barnet Ward,9.68662,Very High,17,1
St. Giles Ward,9.648275,Very High,17,1
Brixton Windrush Ward,9.647913,Very High,17,1
Stratford Ward,9.637094,Very High,17,1
Bruce Castle Ward,9.617024,Very High,17,1
Forest Hill Ward,9.585425,Very High,17,1
Crouch End Ward,9.561652,Very High,17,1
Tottenham Central Ward,9.502235,Very High,17,1
Old Kent Road Ward,9.46552,Very High,17,1
Stoke Newington Ward,9.407004,Very High,17,1
Hackney Wick Ward,9.35525,Very High,17,1
Bow West Ward,9.323958,Very High,17,1
Waterloo & South Bank Ward,9.291201,Very High,17,1
Uxbridge Ward,9.288473,Very High,17,1
Mildmay Ward,9.277586,Very High,17,1
East Acton Ward,9.259213,Very High,17,1
Tooting Broadway Ward,9.241578,Very High,17,1
Highgate Ward (E05013592),9.226848,Very High,17,1
Faraday Ward,9.21743,Very High,17,1
Hanger Hill Ward,9.217034,Very High,17,1
Highbury Ward,9.147729,Very High,17,1
South Acton Ward,9.142904,Very High,17,1
Ladywell Ward,9.123165,Very High,17,1
Thamesfield Ward,9.121082,Very High,17,1
Cricklewood & Mapesbury Ward,9.086396,Very High,17,1
Camden Town Ward,9.085308,Very High,17,1
Custom House Ward,9.0824585,Very High,17,1
East Greenwich Ward,9.080582,Very High,17,1
Heaton Ward,9.056014,Very High,17,1
Jubilee Ward,8.944514,Very High,17,1
Colville Ward,8.939196,Very High,17,1
West Green Ward,8.927939,Very High,17,1
West Hendon Ward,8.916384,Very High,17,1
Perry Vale Ward,8.910497,Very High,17,1
Nunhead & Queen's Road Ward,8.894833,Very High,17,1
Stockwell West & Larkhall Ward,8.870172,Very High,17,1
Regent's Park Ward (E05013668),8.8430605,Very High,17,1
Courtfield Ward,8.74726,Very High,17,1
Barnet Vale Ward,8.735721,Very High,17,1
Springfield Ward,8.730037,Very High,17,1
Battersea Park Ward,8.728229,Very High,17,1
Forest Gate South Ward,8.679297,Very High,17,1
Garden Suburb Ward,8.6567335,Very High,17,1
Purley & Woodcote Ward,8.646497,Very High,17,1
Haselbury Ward,8.635854,Very High,17,1
Plumstead & Glyndon Ward,8.633703,Very High,17,1
Cricklewood Ward,8.63221,Very High,17,1
South Norwood Ward,8.620179,Very High,17,1
Brixton North Ward,8.618652,Very High,17,1
Heathrow Villages Ward,8.614711,Very High,17,1
West Putney Ward,8.588227,Very High,17,1
Kilburn Ward (E05013665),8.560818,Very High,17,1
St. Mary's & St. James' Ward,8.545508,Very High,17,1
Hoe Street Ward,8.526359,Very High,17,1
South Tottenham Ward,8.519298,Very High,17,1
Golders Green Ward,8.516081,Very High,17,1
Crystal Palace & Upper Norwood Ward,8.513017,Very High,17,1
Ponders End Ward,8.510018,Very High,17,1
Roehampton Ward,8.468618,Very High,17,1
Whitewebbs Ward,8.460524,High,9,1
Evelyn Ward,8.454728,High,9,1
Regent's Park Ward (E05013805),8.432927,High,9,1
Ealing Common Ward,8.42459,High,9,1
Roundwood Ward,8.418599,High,9,1
Brondesbury Park Ward,8.409225,High,9,1
Hillrise Ward,8.392914,High,9,1
Brixton Rush Common Ward,8.383908,High,9,1
Downham Ward,8.365757,High,9,1
Surrey Docks Ward,8.356492,High,9,1
South Richmond Ward,8.329512,High,9,1
Belsize Ward,8.313945,High,9,1
Bullsmoor Ward,8.302698,High,9,1
St. Katharine's & Wapping Ward,8.299529,High,9,1
Wood End Ward,8.27652,High,9,1
Clissold Ward,8.2737465,High,9,1
White Hart Lane Ward,8.264635,High,9,1
Knight's Hill Ward,8.256427,High,9,1
South Croydon Ward,8.227647,High,9,1
Blackheath Westcombe Ward,8.199136,High,9,1
Selhurst Ward,8.165368,High,9,1
Crystal Palace & Anerley Ward,8.137314,High,9,1
Kennington Ward,8.122467,High,9,1
Canonbury Ward,8.116143,High,9,1
Chiswick Gunnersbury Ward,8.0903635,High,9,1
West Hampstead Ward,8.075006,High,9,1
Goose Green Ward,8.074969,High,9,1
Carterhatch Ward,8.073111,High,9,1
Arsenal Ward,8.05224,High,9,1
Canary Wharf Ward,8.0439825,High,9,1
Thornton Heath Ward,8.042585,High,9,1
Laycock Ward,8.032075,High,9,1
Chiswick Homefields Ward,8.012192,High,9,1
Abbey Road Ward,7.9882402,High,9,1
Plaistow West & Canning Town East Ward,7.9868774,High,9,1
Central Greenford Ward,7.951283,High,9,1
Whalebone Ward,7.9328423,High,9,1
Woodhouse Ward,7.9076953,High,9,1
Tottenham Hale Ward,7.9048386,High,9,1
East Barnet Ward,7.885819,High,9,1
Lower Edmonton Ward,7.8727994,High,9,1
Rotherhithe Ward,7.8382564,High,9,1
Oval Ward,7.8336873,High,9,1
Lavender Ward,7.8305383,High,9,1
St. Mary's Ward,7.8252788,High,9,1
Colham & Cowley Ward,7.7702675,High,9,1
Catford South Ward,7.7404075,High,9,1
Beckenham Town & Copers Cope Ward,7.7313957,High,9,1
East Putney Ward,7.723972,High,9,1
Mortlake & Barnes Common Ward,7.7225337,High,9,1
Osterley & Spring Grove Ward,7.719437,High,9,1
Blackwall & Cubitt Town Ward,7.706914,High,9,1
Lewisham Central Ward,7.694311,High,9,1
Lea Bridge Ward (E05013895),7.693691,High,9,1
College Park & Old Oak Ward,7.672185,High,9,1
Queensbury Ward,7.6432695,High,9,1
Stratford Olympic Park Ward,7.6248584,High,9,1
Valley Ward,7.617051,High,9,1
Goresbrook Ward,7.6136684,High,9,1
Blackheath Ward,7.6106386,High,9,1
Clock House Ward,7.5911474,High,9,1
Bromley South Ward,7.584268,High,9,1
King's Cross Ward,7.5722013,High,9,1
De Beauvoir Ward,7.570476,High,9,1
Golborne Ward,7.561685,High,9,1
Hayes Town Ward,7.542849,High,9,1
Valentines Ward,7.531556,High,9,1
St. Peter's & Canalside Ward,7.525063,High,9,1
Eastbury Ward,7.516852,High,9,1
Fortune Green Ward,7.5083385,High,9,1
Telegraph Hill Ward,7.5038714,High,9,1
Bromley Town Ward,7.490618,High,9,1
Norwood Green Ward,7.4874773,High,9,1
Streatham Hill West & Thornton Ward,7.4779153,High,9,1
Stroud Green Ward,7.4546824,High,9,1
South Hampstead Ward,7.454074,High,9,1
Welsh Harp Ward,7.4453278,High,9,1
St. Pancras & Somers Town Ward,7.444371,High,9,1
Forest Ward,7.438401,High,9,1
Primrose Hill Ward,7.424952,High,9,1
Brunswick Park Ward,7.3913565,High,9,1
Caledonian Ward,7.3812146,High,9,1
Crofton Park Ward,7.371965,High,9,1
Seven Sisters Ward,7.356842,High,9,1
Hainault Ward,7.338564,High,9,1
Ilford Town Ward,7.3092804,High,9,1
Southgate Ward,7.3091364,High,9,1
Earl's Court Ward,7.307679,High,9,1
Greenwich Park Ward,7.3016787,High,9,1
Hanworth Village Ward,7.2927194,High,9,1
Goodmayes Ward,7.2921977,High,9,1
Leyton Ward,7.291658,High,9,1
Haverstock Ward,7.2891207,High,9,1
Northolt Mandeville Ward,7.286084,High,9,1
Hornsey Ward,7.2843714,High,9,1
Westbourne Ward,7.2815704,High,9,1
Chislehurst Ward,7.2782946,High,9,1
Kew Ward,7.2424994,High,9,1
Grove Park Ward,7.2145576,High,9,1
Maida Vale Ward,7.2035246,High,9,1
Southbury Ward,7.1901207,High,9,1
Kentish Town South Ward,7.179538,High,9,1
Streatham Common & Vale Ward,7.1608105,High,9,1
Church Street Ward,7.1463814,High,9,1
Dulwich Wood Ward,7.1422215,High,9,1
Gospel Oak Ward,7.1288285,High,9,1
Kenton Ward,7.1189585,High,9,1
Tufnell Park Ward,7.112136,High,9,1
Totteridge & Woodside Ward,7.1060905,High,9,1
Royal Hospital Ward,7.092203,High,9,1
Palmers Green Ward,7.0830684,High,9,1
Little Venice Ward,7.077802,High,9,1
Pinkwell Ward,7.07259,High,9,1
Southfield Ward,7.0693173,High,9,1
East Ham South Ward,7.060512,High,9,1
Wanstead Village Ward,7.052619,High,9,1
Northolt West End Ward,7.0412173,High,9,1
Belmore Ward,7.040257,High,9,1
High Street Ward,7.039031,High,9,1
Town Ward,7.0321436,High,9,1
Ealing Broadway Ward,7.0162525,High,9,1
Pimlico North Ward,7.008658,High,9,1
Holloway Ward,6.9860706,High,9,1
Bush Hill Park Ward,6.980371,High,9,1
Valence Ward,6.977809,High,9,1
Redcliffe Ward,6.974531,High,9,1
Greenhill Ward,6.966152,High,9,1
Yiewsley Ward,6.9575763,High,9,1
Aldborough Ward,6.94831,High,9,1
Shaftesbury & Queenstown Ward,6.9291444,High,9,1
East Ham Ward,6.9252057,High,9,1
Campden Ward,6.9231706,High,9,1
East Sheen Ward,6.9180875,High,9,1
Addiscombe West Ward,6.9175544,High,9,1
Stanley Ward,6.906478,High,9,1
Wandsworth Common Ward,6.89692,High,9,1
Beckton Ward,6.8722367,High,9,1
Greenford Broadway Ward,6.872176,High,9,1
Furzedown Ward,6.8693986,High,9,1
Hounslow Central Ward,6.869385,High,9,1
Harrow Road Ward,6.8603516,High,9,1
St. Dunstan's Ward,6.8264823,Medium,6,1
Plaistow South Ward,6.8139744,Medium,6,1
East Finchley Ward,6.7995105,Medium,6,1
Woodside Ward (E05013605),6.796914,Medium,6,1
Village Ward (E05014070),6.7880845,Medium,6,1
Queen's Gate Ward,6.783661,Medium,6,1
Woodside Ward (E05011489),6.7793274,Medium,6,1
Shadwell Ward,6.7766757,Medium,6,1
Loxford Ward,6.7755404,Medium,6,1
Cockfosters Ward,6.763077,Medium,6,1
Belvedere Ward,6.7544527,Medium,6,1
Kelsey & Eden Park Ward,6.740588,Medium,6,1
Dulwich Village Ward,6.7346416,Medium,6,1
North Richmond Ward,6.725157,Medium,6,1
Fullwell Ward,6.6912265,Medium,6,1
Walpole Ward,6.686377,Medium,6,1
Abbey Wood Ward,6.678333,Medium,6,1
Colindale South Ward,6.675748,Medium,6,1
Southall Green Ward,6.674139,Medium,6,1
Perivale Ward,6.6651483,Medium,6,1
Lee Green Ward,6.6485376,Medium,6,1
Abingdon Ward,6.6333585,Medium,6,1
West Drayton Ward,6.599933,Medium,6,1
North Greenford Ward,6.5945287,Medium,6,1
Leytonstone Ward,6.58169,Medium,6,1
Woolwich Common Ward,6.5792174,Medium,6,1
Canning Town North Ward,6.5704136,Medium,6,1
Parsloes Ward,6.5702643,Medium,6,1
Clapham Common & Abbeville Ward,6.5562778,Medium,6,1
Cann Hall Ward,6.548598,Medium,6,1
Tooting Bec Ward,6.543804,Medium,6,1
Fortis Green Ward,6.541032,Medium,6,1
Barkingside Ward,6.5372224,Medium,6,1
Whetstone Ward,6.5368123,Medium,6,1
Petts Wood & Knoll Ward,6.52329,Medium,6,1
Chadwell Ward,6.5213366,Medium,6,1
Munster Ward,6.5130477,Medium,6,1
Royal Victoria Ward,6.5010886,Medium,6,1
Village Ward (E05013825),6.4659047,Medium,6,1
Plaistow North Ward,6.4651213,Medium,6,1
Woodberry Down Ward,6.4598513,Medium,6,1
Clapham Park Ward,6.4574795,Medium,6,1
West Dulwich Ward,6.4524555,Medium,6,1
Rush Green & Crowlands Ward,6.4433484,Medium,6,1
Eltham Town & Avery Hill Ward,6.4382586,Medium,6,1
Bensham Manor Ward,6.4342785,Medium,6,1
Peckham Ward,6.428053,Medium,6,1
West Hill Ward,6.419109,Medium,6,1
Syon & Brentford Lock Ward,6.4130383,Medium,6,1
Larkswood Ward,6.401651,Medium,6,1
Barnsbury Ward,6.386566,Medium,6,1
Chadwell Heath Ward,6.362557,Medium,6,1
Little Ilford Ward,6.336292,Medium,6,1
Edgware Ward (E05013545),6.3254576,Medium,6,1
Bickley & Sundridge Ward,6.3170247,Medium,6,1
South Ruislip Ward,6.313907,Medium,6,1
Arnos Grove Ward,6.3104224,Medium,6,1
Coningham Ward,6.301982,Medium,6,1
Churchfields Ward,6.3012033,Medium,6,1
Ruislip Ward,6.293277,Medium,6,1
Colliers Wood Ward,6.288845,Medium,6,1
Hounslow West Ward,6.2836742,Medium,6,1
South Woodford Ward,6.2766333,Medium,6,1
Hammersmith Broadway Ward,6.2602468,Medium,6,1
Higham Hill Ward,6.253459,Medium,6,1
Yeading Ward,6.2522216,Medium,6,1
Pitshanger Ward,6.2476363,Medium,6,1
Maryland Ward,6.234207,Medium,6,1
Shacklewell Ward,6.218727,Medium,6,1
Eastcote Ward,6.207061,Medium,6,1
Mayesbrook Ward,6.1963177,Medium,6,1
Newington Ward,6.194406,Medium,6,1
Highgate Ward (E05013661),6.1861916,Medium,6,1
Stanmore Ward,6.175961,Medium,6,1
Clapham East Ward,6.1721587,Medium,6,1
St. Margarets & North Twickenham Ward,6.164827,Medium,6,1
Shepherd's Bush Green Ward,6.1533256,Medium,6,1
Greenwich Creekside Ward,6.1435685,Medium,6,1
Kingston Town Ward,6.123969,Medium,6,1
Vincent Square Ward,6.110964,Medium,6,1
North Hanwell Ward,6.1073155,Medium,6,1
Heston Central Ward,6.1014204,Medium,6,1
Hanwell Broadway Ward,6.095598,Medium,6,1
Woolwich Arsenal Ward,6.072386,Medium,6,1
Bromley North Ward,6.0474987,Medium,6,1
Harrow Weald Ward,6.0195994,Medium,6,1
South Balham Ward,6.01122,Medium,6,1
High Barnet Ward,6.0055966,Medium,6,1
Orpington Ward,6.001665,Medium,6,1
Falconbrook Ward,6.0009556,Medium,6,1
Queen's Park Ward,5.9947553,Medium,6,1
Bellingham Ward,5.9909716,Medium,6,1
Bedfont Ward,5.9866595,Medium,6,1
Fulham Reach Ward,5.9714084,Medium,6,1
William Morris Ward,5.966179,Medium,6,1
Vauxhall Ward,5.9623322,Medium,6,1
Roxeth Ward,5.959972,Medium,6,1
Myatt's Fields Ward,5.945267,Medium,6,1
West Kensington Ward,5.938957,Medium,6,1
Pinner Ward,5.9311204,Medium,6,1
Cranford Ward,5.92729,Medium,6,1
Pembridge Ward,5.917072,Medium,6,1
Palace & Hurlingham Ward,5.9104195,Medium,6,1
Havering-atte-Bower Ward,5.898631,Medium,6,1
King's Park Ward,5.863868,Medium,6,1
Hermitage & Gardens Ward,5.850495,Medium,6,1
Twickenham Riverside Ward,5.828024,Medium,6,1
Hounslow Heath Ward,5.794465,Medium,6,1
Holland Ward,5.7877626,Medium,6,1
Pinner South Ward,5.7773876,Medium,6,1
Heston West Ward,5.7731104,Medium,6,1
Erith Ward,5.771643,Medium,6,1
Fulham Town Ward,5.767374,Medium,6,1
Northfield Ward,5.758914,Medium,6,1
Wembley Hill Ward,5.754694,Medium,6,1
Wimbledon Park Ward,5.74741,Medium,6,1
Ickenham & South Harefield Ward,5.7347236,Medium,6,1
Bromley Common & Holwood Ward,5.7346516,Medium,6,1
West Ham Ward,5.7341604,Medium,6,1
Alperton Ward,5.7253222,Medium,6,1
Stepney Green Ward,5.7232666,Medium,6,1
Rainham & Wennington Ward,5.721489,Medium,6,1
Squirrels Heath Ward,5.7186007,Medium,6,1
Longbridge Ward,5.704576,Medium,6,1
St. Martin's Ward,5.6974416,Medium,6,1
Brentford East Ward,5.6871586,Medium,6,1
Cranbrook Ward,5.679617,Medium,6,1
Wall End Ward,5.6754923,Medium,6,1
"Mottingham, Coldharbour & New Eltham Ward",5.6642246,Medium,6,1
Northcote Ward,5.663112,Medium,6,1
New Cross Gate Ward,5.63772,Medium,6,1
Royal Albert Ward,5.627159,Medium,6,1
Barnes Ward,5.611247,Medium,6,1
Lady Margaret Ward,5.575021,Medium,6,1
Dormers Wells Ward,5.574947,Medium,6,1
New Southgate Ward,5.574476,Medium,6,1
Bridge Ward (E05011236),5.548693,Medium,6,1
Streatham Hill East Ward,5.53617,Medium,6,1
Clayhall Ward,5.531323,Medium,6,1
Wandle Ward (E05014026),5.5310616,Medium,6,1
Manor Park Ward,5.5264034,Low,3,1
Chapel End Ward,5.518274,Low,3,1
St. Ann's Ward,5.50986,Low,3,1
Walham Green Ward,5.508017,Low,3,1
Muswell Hill Ward,5.496274,Low,3,1
Chiswick Riverside Ward,5.4830403,Low,3,1
Colindale North Ward,5.4657245,Low,3,1
Centenary Ward,5.4621987,Low,3,1
Southall Broadway Ward,5.4456296,Low,3,1
Stockwell East Ward,5.4432473,Low,3,1
Plumstead Common Ward,5.4293346,Low,3,1
Cazenove Ward,5.423832,Low,3,1
Hatch Lane & Highams Park North Ward,5.4223986,Low,3,1
Newbury Ward,5.4137044,Low,3,1
Charlton Village & Riverside Ward,5.3969574,Low,3,1
Feltham West Ward,5.360189,Low,3,1
Headstone Ward,5.3594646,Low,3,1
New Malden Village Ward,5.3206787,Low,3,1
Trinity Ward,5.295258,Low,3,1
Chingford Green Ward,5.2825193,Low,3,1
Harold Wood Ward,5.2711587,Low,3,1
Hampton Ward,5.258125,Low,3,1
Kingsbury Ward,5.257114,Low,3,1
Northwood Hills Ward,5.256878,Low,3,1
Hayes & Coney Hall Ward,5.251893,Low,3,1
Becontree Ward,5.250159,Low,3,1
St. George's Ward,5.2449327,Low,3,1
Highfield Ward,5.240374,Low,3,1
Crayford Ward,5.23998,Low,3,1
Hampstead Town Ward,5.2352624,Low,3,1
Barnhill Ward,5.232678,Low,3,1
Preston Ward,5.2190123,Low,3,1
Northbury Ward,5.2138066,Low,3,1
Beddington Ward,5.1947017,Low,3,1
Bowes Ward,5.1918764,Low,3,1
Heston East Ward,5.186799,Low,3,1
Norbury & Pollards Hill Ward,5.1593957,Low,3,1
Elm Park Ward,5.158432,Low,3,1
Wood Street Ward,5.1584263,Low,3,1
Avonmore Ward,5.154911,Low,3,1
Kenton East Ward,5.1508117,Low,3,1
Plaistow Ward,5.1505475,Low,3,1
Grove Green Ward,5.1347136,Low,3,1
Feltham North Ward,5.128962,Low,3,1
Mayfield Ward,5.1195493,Low,3,1
Woolwich Dockyard Ward,5.112959,Low,3,1
Edgwarebury Ward,5.112231,Low,3,1
Gascoigne Ward,5.105897,Low,3,1
St. James Ward,5.1002216,Low,3,1
Notting Dale Ward,5.0860257,Low,3,1
West Twickenham Ward,5.0649548,Low,3,1
Barking Riverside Ward,5.0547194,Low,3,1
Ridgeway Ward,5.049368,Low,3,1
St. Andrew's Ward,5.045671,Low,3,1
Alexandra Park Ward,5.041628,Low,3,1
South Hornchurch Ward,5.0377064,Low,3,1
Bounds Green Ward,5.023719,Low,3,1
Poplar Ward,4.9955587,Low,3,1
Hampton Wick & South Teddington Ward,4.989942,Low,3,1
Frognal Ward,4.988626,Low,3,1
New Addington South Ward,4.9638987,Low,3,1
Limehouse Ward,4.9531875,Low,3,1
Chelsea Riverside Ward,4.9512243,Low,3,1
Grove Ward,4.950948,Low,3,1
Winchmore Hill Ward,4.950155,Low,3,1
Green Street East Ward,4.9500494,Low,3,1
Brentford West Ward,4.949294,Low,3,1
St. Edward's Ward,4.943253,Low,3,1
Underhill Ward,4.929155,Low,3,1
Sidcup Ward,4.912584,Low,3,1
Gipsy Hill Ward,4.910883,Low,3,1
Fairlop Ward,4.907969,Low,3,1
Hylands & Harrow Lodge Ward,4.9068975,Low,3,1
Abbey Ward (E05013810),4.9017477,Low,3,1
Mawneys Ward,4.889734,Low,3,1
Mottingham Ward,4.886869,Low,3,1
Beam Ward,4.881161,Low,3,1
Sands End Ward,4.864525,Low,3,1
Hillingdon East Ward,4.8592324,Low,3,1
Marshalls & Rise Park Ward,4.855207,Low,3,1
Dulwich Hill Ward,4.847508,Low,3,1
Northwood Ward,4.8203444,Low,3,1
Marlborough Ward,4.814566,Low,3,1
Brook Green Ward,4.8144555,Low,3,1
Northwick Park Ward,4.806638,Low,3,1
Coulsdon Town Ward,4.805108,Low,3,1
Addiscombe East Ward,4.7972507,Low,3,1
Teddington Ward,4.7903404,Low,3,1
St. Helen's Ward,4.781992,Low,3,1
Shirley North Ward,4.77762,Low,3,1
Fulwell & Hampton Hill Ward,4.777124,Low,3,1
Shortlands & Park Langley Ward,4.7754703,Low,3,1
Grange Park Ward,4.7733464,Low,3,1
Addison Ward,4.7704797,Low,3,1
Kentish Town North Ward,4.7693963,Low,3,1
Hounslow East Ward,4.762072,Low,3,1
Camden Square Ward,4.7259307,Low,3,1
Cricket Green Ward,4.7123427,Low,3,1
"Ham, Petersham & Richmond Riverside Ward",4.711483,Low,3,1
West Wickham Ward,4.7105894,Low,3,1
Sutton Central Ward,4.7101855,Low,3,1
Upper Walthamstow Ward,4.709636,Low,3,1
Isleworth Ward,4.6683097,Low,3,1
Hounslow South Ward,4.6663485,Low,3,1
Ravenscourt Ward,4.6384454,Low,3,1
Graveney Ward,4.630651,Low,3,1
Upminster Ward,4.61174,Low,3,1
Raynes Park Ward,4.6083074,Low,3,1
Green Street West Ward,4.607724,Low,3,1
Champion Hill Ward,4.601785,Low,3,1
Wallington North Ward,4.5952773,Low,3,1
Seven Kings Ward,4.585827,Low,3,1
Norbury Park Ward,4.5825977,Low,3,1
Charlton Hornfair Ward,4.5669003,Low,3,1
Brownswood Ward,4.560869,Low,3,1
Figge's Marsh Ward,4.551909,Low,3,1
Stamford Hill West Ward,4.54944,Low,3,1
Markhouse Ward,4.5460076,Low,3,1
Wimbledon Town & Dundonald Ward,4.5410304,Low,3,1
Sanderstead Ward,4.539358,Low,3,1
Alibon Ward,4.536231,Low,3,1
Sutton South Ward,4.5358906,Low,3,1
Kidbrooke Park Ward,4.5098906,Low,3,1
Wallington South Ward,4.5024066,Low,3,1
Coombe Hill Ward,4.502157,Low,3,1
Canons Ward,4.4907727,Low,3,1
Peckham Rye Ward,4.471078,Low,3,1
Southfields Ward,4.462574,Low,3,1
Bexleyheath Ward,4.456842,Low,3,1
Wanstead Park Ward,4.452582,Low,3,1
Whitton Ward,4.452162,Low,3,1
Chelsfield Ward,4.4350724,Low,3,1
Wealdstone North Ward,4.399593,Low,3,1
Hanworth Park Ward,4.363707,Low,3,1
Harrow on the Hill Ward,4.3510237,Low,3,1
East Wickham Ward,4.3508162,Low,3,1
Wendell Park Ward,4.3232946,Low,3,1
Carshalton Central Ward,4.316803,Low,3,1
Norland Ward,4.309913,Low,3,1
Shirley South Ward,4.309489,Low,3,1
Shooters Hill Ward,4.305703,Low,3,1
Middle Park & Horn Park Ward,4.2993355,Very Low,1,1
South Twickenham Ward,4.293416,Very Low,1,1
Eltham Page Ward,4.289969,Very Low,1,1
Forest Gate North Ward,4.2866545,Very Low,1,1
Boleyn Ward,4.2711287,Very Low,1,1
Parsons Green & Sandford Ward,4.2696114,Very Low,1,1
Hampton North Ward,4.268469,Very Low,1,1
Cathall Ward,4.2633953,Very Low,1,1
Heathfield Ward,4.253879,Very Low,1,1
Longthornton Ward,4.2331977,Very Low,1,1
Island Gardens Ward,4.2181544,Very Low,1,1
Sutton North Ward,4.1971436,Very Low,1,1
Abbey Ward (E05014053),4.196278,Very Low,1,1
White City Ward,4.164451,Very Low,1,1
St. Helier Ward,4.162912,Very Low,1,1
Oakwood Ward,4.1512437,Very Low,1,1
Hatch End Ward,4.1503596,Very Low,1,1
St. Helier West Ward,4.1366706,Very Low,1,1
Norbiton Ward,4.135287,Very Low,1,1
Wembley Central Ward,4.135042,Very Low,1,1
Merton Park Ward,4.1321564,Very Low,1,1
Lillie Ward,4.1291575,Very Low,1,1
Canning Town South Ward,4.128487,Very Low,1,1
Monkhams Ward,4.126058,Very Low,1,1
Purley Oaks & Riddlesdown Ward,4.102843,Very Low,1,1
Streatham Wells Ward,4.101074,Very Low,1,1
Thamesmead East Ward,4.099297,Very Low,1,1
Hale End & Highams Park South Ward,4.0827475,Very Low,1,1
Cannon Hill Ward,4.066866,Very Low,1,1
Cheam Ward,4.038648,Very Low,1,1
Pollards Hill Ward,3.985167,Very Low,1,1
Charville Ward,3.9551032,Very Low,1,1
West Thamesmead Ward,3.9399526,Very Low,1,1
Dalgarno Ward,3.9398785,Very Low,1,1
Slade Green & Northend Ward,3.9307861,Very Low,1,1
Endlebury Ward,3.9149218,Very Low,1,1
Sudbury Ward,3.8659568,Very Low,1,1
Blackfen & Lamorbey Ward,3.8569715,Very Low,1,1
Farnborough & Crofton Ward,3.8468776,Very Low,1,1
Eltham Park & Progress Ward,3.823382,Very Low,1,1
Wormholt Ward,3.8109353,Very Low,1,1
Surbiton Hill Ward,3.803716,Very Low,1,1
Tolworth Ward,3.7822978,Very Low,1,1
Pimlico South Ward,3.7484143,Very Low,1,1
West Barnes Ward,3.742909,Very Low,1,1
Coombe Vale Ward,3.7184608,Very Low,1,1
Thames View Ward,3.718099,Very Low,1,1
Ravensbury Ward,3.7132113,Very Low,1,1
Falconwood & Welling Ward,3.7130873,Very Low,1,1
Heath Ward,3.7082806,Very Low,1,1
Crook Log Ward,3.694933,Very Low,1,1
Thamesmead Moorings Ward,3.6704056,Very Low,1,1
The Wrythe Ward,3.6377614,Very Low,1,1
Belmont Ward (E05013542),3.63687,Very Low,1,1
Carshalton South & Clockhouse Ward,3.62927,Very Low,1,1
Ruislip Manor Ward,3.6227176,Very Low,1,1
Roxbourne Ward,3.6123052,Very Low,1,1
Blendon & Penhill Ward,3.5808644,Very Low,1,1
Clementswood Ward,3.5787687,Very Low,1,1
Hillingdon West Ward,3.5105019,Very Low,1,1
Belmont Ward (E05013755),3.5009372,Very Low,1,1
South Beddington & Roundshaw Ward,3.4923763,Very Low,1,1
Kenton West Ward,3.4836159,Very Low,1,1
Selsdon & Addington Village Ward,3.4791915,Very Low,1,1
Lower Morden Ward,3.429557,Very Low,1,1
St. Mary's & St. James Ward,3.423466,Very Low,1,1
Wembley Park Ward,3.4155228,Very Low,1,1
North Cheam Ward,3.3989072,Very Low,1,1
Beam Park Ward,3.397971,Very Low,1,1
Stonecot Ward,3.396509,Very Low,1,1
Wealdstone South Ward,3.3961084,Very Low,1,1
St. Mark's & Seething Wells Ward,3.3642406,Very Low,1,1
Wandle Ward (E05013826),3.3570356,Very Low,1,1
Kidbrooke Village & Sutcliffe Ward,3.3488088,Very Low,1,1
Rayners Lane Ward,3.3273413,Very Low,1,1
Cranham Ward,3.2874012,Very Low,1,1
Lavender Fields Ward,3.2717295,Very Low,1,1
St. Alban's Ward,3.2691581,Very Low,1,1
Northumberland Heath Ward,3.267489,Very Low,1,1
Kingston Gate Ward,3.2589173,Very Low,1,1
Tokyngton Ward,3.2588303,Very Low,1,1
Kenley Ward,3.256534,Very Low,1,1
Green Lane & St. James Ward,3.237583,Very Low,1,1
Eastbrook & Rush Green Ward,3.1921186,Very Low,1,1
Plashet Ward,3.1845517,Very Low,1,1
West Heath Ward,3.0421383,Very Low,1,1
Hillside Ward,3.0062547,Very Low,1,1
North Harrow Ward,2.972415,Very Low,1,1
St. Helier East Ward,2.9672928,Very Low,1,1
Canbury Gardens Ward,2.9203699,Very Low,1,1
Sutton West & East Cheam Ward,2.8654315,Very Low,1,1
New Addington North Ward,2.824005,Very Low,1,1
Southall West Ward,2.8093162,Very Low,1,1
Darwin Ward,2.7726023,Very Low,1,1
Park Hill & Whitgift Ward,2.7474883,Very Low,1,1
West Harrow Ward,2.7354722,Very Low,1,1
Nine Elms Ward,2.6986992,Very Low,1,1
Tudor Ward,2.6903827,Very Low,1,1
Hook & Chessington North Ward,2.687916,Very Low,1,1
Barnehurst Ward,2.6386533,Very Low,1,1
Worcester Park North Ward,2.6065733,Very Low,1,1
Old Coulsdon Ward,2.5999484,Very Low,1,1
Hackbridge Ward,2.590397,Very Low,1,1
King George's & Sunray Ward,2.5836575,Very Low,1,1
Old Malden Ward,2.5820212,Very Low,1,1
Worcester Park South Ward,2.3677726,Very Low,1,1
Emerson Park Ward,2.2925975,Very Low,1,1
Farringdon Without Ward,2.2488413,Very Low,1,1
Motspur Park & Old Malden East Ward,2.2328932,Very Low,1,1
Selsdon Vale & Forestdale Ward,2.2220728,Very Low,1,1
Longlands Ward,2.201213,Very Low,1,1
Harefield Village Ward,2.1944723,Very Low,1,1
Farringdon Within Ward,2.1636326,Very Low,1,1
Alexandra Ward,2.1633515,Very Low,1,1
Castle Baynard Ward,2.013027,Very Low,1,1
Hacton Ward,1.9795972,Very Low,1,1
Berrylands Ward,1.8839433,Very Low,1,1
Biggin Hill Ward,1.8005325,Very Low,1,1
Chessington South & Malden Rushett Ward,1.7587425,Very Low,1,1
Bishopsgate Ward,1.6957978,Very Low,1,1
Tower Ward,1.6301221,Very Low,1,1
Aldgate Ward,1.2345802,Very Low,1,1
Cripplegate Ward,0.7485851,Very Low,1,1
Coleman Street Ward,0.66077745,Very Low,1,1
Cordwainer Ward,0.63333905,Very Low,1,1
Bridge Ward (E05009294),0.58598566,Very Low,1,1
Vintry Ward,0.5736119,Very Low,1,1
Portsoken Ward,0.5287181,Very Low,1,1
Cheap Ward,0.50936496,Very Low,1,1
Dowgate Ward,0.47257125,Very Low,1,1
Aldersgate Ward,0.4423013,Very Low,1,1
Queenhithe Ward,0.4288438,Very Low,1,1
Cornhill Ward,0.3247356,Very Low,1,1
Broad Street Ward,0.3247356,Very Low,1,1
Lime Street Ward,0.3247356,Very Low,1,1
Candlewick Ward,0.3247356,Very Low,1,1
Langbourn Ward,0.3247356,Very Low,1,1
Walbrook Ward,0.3247356,Very Low,1,1
Bread Street Ward,0.3247356,Very Low,1,1
Bassishaw Ward,0.28663275,Very Low,1,1
Billingsgate Ward,0.20313841,Very Low,1,1
West End Ward,41.63012,Very High,18,2
St. James's Ward,22.184835,Very High,18,2
Marylebone Ward,20.939026,Very High,18,2
Bloomsbury Ward,19.863588,Very High,17,2
Hoxton East & Shoreditch Ward,18.30157,Very High,17,2
Holborn & Covent Garden Ward,17.810537,Very High,17,2
Childs Hill Ward,17.210667,Very High,17,2
Fairfield Ward,16.137774,Very High,17,2
Bethnal Green West Ward,15.707329,Very High,17,2
Stonebridge Ward,15.196166,Very High,17,2
Lancaster Gate Ward,15.156092,Very High,17,2
Deptford Ward,14.97879,Very High,17,2
Rushey Green Ward,14.8721075,Very High,17,2
Hendon Ward,14.76788,Very High,17,2
Borough & Bankside Ward,14.125737,Very High,17,2
Spitalfields & Banglatown Ward,14.019426,Very High,17,2
Hyde Park Ward,14.009516,Very High,17,2
Bow East Ward,13.988375,Very High,17,2
London Bridge & West Bermondsey Ward,13.899195,Very High,17,2
Bayswater Ward,13.370764,Very High,17,2
Whitechapel Ward,13.204526,Very High,17,2
Dollis Hill Ward,12.633146,Very High,17,2
London Fields Ward,12.437284,Very High,17,2
Mile End Ward,12.118506,Very High,17,2
Queens Park Ward,12.092678,Very High,17,2
Lansbury Ward,12.08342,Very High,17,2
Finchley Church End Ward,12.052657,Very High,17,2
Bethnal Green East Ward,11.994257,Very High,17,2
Brixton Acre Lane Ward,11.983297,Very High,17,2
Northumberland Park Ward,11.951456,Very High,17,2
Weavers Ward,11.80792,Very High,17,2
Bunhill Ward,11.656602,Very High,17,2
Clerkenwell Ward,11.486661,Very High,17,2
Clapham Town Ward,11.481328,Very High,17,2
Brimsdown Ward,11.4279175,Very High,17,2
Edmonton Green Ward,11.408196,Very High,17,2
Brockley Ward,11.371615,Very High,17,2
Finsbury Park Ward,11.140942,Very High,17,2
North Acton Ward,11.124341,Very High,17,2
Lea Bridge Ward (E05009380),11.09464,Very High,17,2
Kilburn Ward (E05013503),10.942353,Very High,17,2
Balham Ward,10.833385,Very High,17,2
Wandsworth Town Ward,10.768627,Very High,17,2
Penge & Cator Ward,10.711233,Very High,17,2
North Walworth Ward,10.618113,Very High,17,2
Rye Lane Ward,10.593211,Very High,17,2
Broad Green Ward,10.564028,Very High,17,2
Harlesden & Kensal Green Ward,10.510774,Very High,17,2
St. Mary Cray Ward,10.465751,Very High,17,2
Junction Ward,10.3546915,Very High,17,2
Dalston Ward,10.337785,Very High,17,2
Edgware Ward (E05013637),10.300784,Very High,17,2
Burnt Oak Ward,10.213868,Very High,17,2
South Bermondsey Ward,10.139017,Very High,17,2
Herne Hill & Loughborough Junction Ward,10.0938,Very High,17,2
Streatham St. Leonard's Ward,10.035898,Very High,17,2
North Bermondsey Ward,10.005839,Very High,17,2
Hoxton West Ward,9.9096155,Very High,17,2
Upper Edmonton Ward,9.891976,Very High,17,2
Harringay Ward,9.81794,Very High,17,2
West Thornton Ward,9.812864,Very High,17,2
St. Paul's Cray Ward,9.777869,Very High,17,2
Enfield Lock Ward,9.766155,Very High,17,2
Greenwich Peninsula Ward,9.742501,Very High,17,2
Brompton & Hans Town Ward,9.66187,Very High,17,2
West Finchley Ward,9.596164,Very High,17,2
Sydenham Ward,9.53136,Very High,17,2
Willesden Green Ward,9.525081,Very High,17,2
Mill Hill Ward,9.48954,Very High,17,2
Hither Green Ward,9.476321,Very High,17,2
Forest Hill Ward,9.464438,Very High,17,2
Victoria Ward,9.394211,Very High,17,2
Noel Park Ward,9.354958,Very High,17,2
Hackney Central Ward,9.354662,Very High,17,2
Knightsbridge & Belgravia Ward,9.349145,Very High,17,2
Friern Barnet Ward,9.275571,Very High,17,2
Waddon Ward,9.260605,Very High,17,2
Hackney Wick Ward,9.220315,Very High,17,2
Uxbridge Ward,9.211237,Very High,17,2
Camberwell Green Ward,9.19065,Very High,17,2
Haggerston Ward,9.088467,Very High,17,2
Hackney Downs Ward,9.086727,Very High,17,2
Chaucer Ward,9.062145,Very High,17,2
Tollington Ward,9.059199,Very High,17,2
Stratford Ward,9.056071,Very High,17,2
Tooting Broadway Ward,9.01627,Very High,17,2
Waterloo & South Bank Ward,9.001683,Very High,17,2
Thamesfield Ward,8.994843,Very High,17,2
St. Giles Ward,8.978635,Very High,17,2
Crouch End Ward,8.973444,Very High,17,2
Highgate Ward (E05013592),8.954827,Very High,17,2
Homerton Ward,8.940039,Very High,17,2
Bruce Castle Ward,8.841078,Very High,17,2
Highbury Ward,8.81843,Very High,17,2
Brixton Windrush Ward,8.74925,Very High,17,2
Cricklewood & Mapesbury Ward,8.674516,Very High,17,2
West Hendon Ward,8.655683,Very High,17,2
Mildmay Ward,8.652152,Very High,17,2
East Acton Ward,8.613585,Very High,17,2
East Greenwich Ward,8.589442,Very High,17,2
Hanger Hill Ward,8.573848,Very High,17,2
Old Kent Road Ward,8.478833,Very High,17,2
Ladywell Ward,8.455007,Very High,17,2
Heaton Ward,8.427908,Very High,17,2
Stoke Newington Ward,8.423578,Very High,17,2
Bow West Ward,8.416466,Very High,17,2
Courtfield Ward,8.406066,Very High,17,2
Heathrow Villages Ward,8.380816,Very High,17,2
Gooshays Ward,8.375918,Very High,17,2
West Putney Ward,8.366914,Very High,17,2
Jubilee Ward,8.347853,Very High,17,2
Battersea Park Ward,8.327909,Very High,17,2
Camden Town Ward,8.316193,Very High,17,2
Purley & Woodcote Ward,8.298409,Very High,17,2
Plumstead & Glyndon Ward,8.2962055,Very High,17,2
Perry Vale Ward,8.294988,Very High,17,2
South Acton Ward,8.286597,Very High,17,2
Springfield Ward,8.285067,Very High,17,2
Tottenham Central Ward,8.2804785,Very High,17,2
Brondesbury Park Ward,8.254246,Very High,17,2
West Green Ward,8.211421,Very High,17,2
Barnet Vale Ward,8.186463,Very High,17,2
Ealing Common Ward,8.180959,Very High,17,2
Nunhead & Queen's Road Ward,8.177657,Very High,17,2
Kilburn Ward (E05013665),8.1677,Very High,17,2
Surrey Docks Ward,8.165727,Very High,17,2
Regent's Park Ward (E05013668),8.14441,Very High,17,2
Roehampton Ward,8.1336565,Very High,17,2
Cricklewood Ward,8.121192,Very High,17,2
Haselbury Ward,8.108668,Very High,17,2
Ponders End Ward,8.103056,Very High,17,2
Crystal Palace & Upper Norwood Ward,8.088702,Very High,17,2
Evelyn Ward,8.086779,Very High,17,2
South Richmond Ward,8.074214,Very High,17,2
St. Katharine's & Wapping Ward,8.046825,Very High,17,2
South Tottenham Ward,8.01117,Very High,17,2
Garden Suburb Ward,7.8866606,Very High,17,2
Regent's Park Ward (E05013805),7.8639646,Very High,17,2
Stockwell West & Larkhall Ward,7.857254,Very High,17,2
Blackheath Westcombe Ward,7.8511796,Very High,17,2
Whitewebbs Ward,7.8443985,Very High,17,2
Chiswick Homefields Ward,7.838812,High,9,2
South Croydon Ward,7.838432,High,9,2
Golders Green Ward,7.8363743,High,9,2
Custom House Ward,7.828047,High,9,2
Chiswick Gunnersbury Ward,7.809881,High,9,2
Belsize Ward,7.7812643,High,9,2
Hoe Street Ward,7.7779465,High,9,2
Clissold Ward,7.772055,High,9,2
West Hampstead Ward,7.7640514,High,9,2
Brixton Rush Common Ward,7.739854,High,9,2
Faraday Ward,7.7138524,High,9,2
Canonbury Ward,7.704101,High,9,2
Colville Ward,7.7004204,High,9,2
Canary Wharf Ward,7.6950617,High,9,2
South Norwood Ward,7.6906548,High,9,2
Roundwood Ward,7.6760283,High,9,2
Downham Ward,7.6728396,High,9,2
Central Greenford Ward,7.672578,High,9,2
Rotherhithe Ward,7.6519403,High,9,2
Hillrise Ward,7.637887,High,9,2
St. Mary's & St. James' Ward,7.6206627,High,9,2
Forest Gate South Ward,7.596601,High,9,2
Wood End Ward,7.594928,High,9,2
Goose Green Ward,7.5575995,High,9,2
Woodhouse Ward,7.5470276,High,9,2
Whalebone Ward,7.5163717,High,9,2
Valley Ward,7.4878383,High,9,2
Carterhatch Ward,7.4800277,High,9,2
Blackheath Ward,7.4751844,High,9,2
Colham & Cowley Ward,7.475176,High,9,2
Bullsmoor Ward,7.4717646,High,9,2
Mortlake & Barnes Common Ward,7.4431267,High,9,2
Lavender Ward,7.41036,High,9,2
East Barnet Ward,7.399084,High,9,2
St. Mary's Ward,7.3843145,High,9,2
White Hart Lane Ward,7.3810835,High,9,2
Beckenham Town & Copers Cope Ward,7.3788276,High,9,2
Blackwall & Cubitt Town Ward,7.366258,High,9,2
Abbey Road Ward,7.354269,High,9,2
Lower Edmonton Ward,7.345638,High,9,2
Brixton North Ward,7.34495,High,9,2
Queensbury Ward,7.324117,High,9,2
Plaistow West & Canning Town East Ward,7.2987266,High,9,2
Welsh Harp Ward,7.287289,High,9,2
Catford South Ward,7.2555523,High,9,2
Knight's Hill Ward,7.2528915,High,9,2
Thornton Heath Ward,7.24977,High,9,2
Crystal Palace & Anerley Ward,7.248864,High,9,2
Kennington Ward,7.242627,High,9,2
Laycock Ward,7.2339487,High,9,2
Selhurst Ward,7.208543,High,9,2
Stratford Olympic Park Ward,7.185298,High,9,2
Tottenham Hale Ward,7.184397,High,9,2
Primrose Hill Ward,7.1652246,High,9,2
Hayes Town Ward,7.1637197,High,9,2
Fortune Green Ward,7.1536355,High,9,2
East Putney Ward,7.139966,High,9,2
De Beauvoir Ward,7.083369,High,9,2
South Hampstead Ward,7.0579305,High,9,2
Streatham Hill West & Thornton Ward,7.0534596,High,9,2
East Sheen Ward,7.0402136,High,9,2
Osterley & Spring Grove Ward,7.0296764,High,9,2
Maida Vale Ward,7.014657,High,9,2
Arsenal Ward,7.0092874,High,9,2
Bromley Town Ward,6.9893975,High,9,2
Greenwich Park Ward,6.968125,High,9,2
Kew Ward,6.9556956,High,9,2
Stroud Green Ward,6.943274,High,9,2
Valentines Ward,6.928905,High,9,2
St. Peter's & Canalside Ward,6.924389,High,9,2
Northolt Mandeville Ward,6.9233427,High,9,2
Hornsey Ward,6.9082417,High,9,2
Southgate Ward,6.89676,High,9,2
Lea Bridge Ward (E05013895),6.893105,High,9,2
Clock House Ward,6.870726,High,9,2
Brunswick Park Ward,6.8676805,High,9,2
Hanworth Village Ward,6.865764,High,9,2
Oval Ward,6.8456388,High,9,2
Norwood Green Ward,6.8426404,High,9,2
Bromley South Ward,6.832012,High,9,2
Chislehurst Ward,6.8315988,High,9,2
Grove Park Ward,6.8123035,High,9,2
Pinkwell Ward,6.8087397,High,9,2
Telegraph Hill Ward,6.78666,High,9,2
Earl's Court Ward,6.7830763,High,9,2
Eastbury Ward,6.7754145,High,9,2
Caledonian Ward,6.761675,High,9,2
Gospel Oak Ward,6.759058,High,9,2
Crofton Park Ward,6.752798,High,9,2
Goodmayes Ward,6.7505317,High,9,2
Palmers Green Ward,6.725958,High,9,2
Kenton Ward,6.7200775,High,9,2
Town Ward,6.7185626,High,9,2
Ealing Broadway Ward,6.701317,High,9,2
Ilford Town Ward,6.6994023,High,9,2
Belmore Ward,6.695967,High,9,2
Leyton Ward,6.686946,High,9,2
Wandsworth Common Ward,6.685845,High,9,2
Kentish Town South Ward,6.6828103,High,9,2
Goresbrook Ward,6.67725,High,9,2
Totteridge & Woodside Ward,6.6746144,High,9,2
Southbury Ward,6.647449,High,9,2
King's Cross Ward,6.641136,High,9,2
Shaftesbury & Queenstown Ward,6.6407876,High,9,2
Furzedown Ward,6.6298985,High,9,2
Dulwich Wood Ward,6.617594,High,9,2
Greenhill Ward,6.616916,High,9,2
Aldborough Ward,6.6072245,High,9,2
Little Venice Ward,6.5988126,High,9,2
Royal Hospital Ward,6.5937586,High,9,2
College Park & Old Oak Ward,6.559182,High,9,2
Harrow Road Ward,6.554737,High,9,2
Tufnell Park Ward,6.5299425,High,9,2
Southfield Ward,6.5248685,High,9,2
Bush Hill Park Ward,6.5211334,High,9,2
East Finchley Ward,6.5131,High,9,2
Wanstead Village Ward,6.5006785,High,9,2
Northolt West End Ward,6.490212,High,9,2
Haverstock Ward,6.484116,High,9,2
East Ham Ward,6.4771585,High,9,2
Greenford Broadway Ward,6.4713936,High,9,2
Forest Ward,6.465754,High,9,2
Valence Ward,6.449834,High,9,2
Belvedere Ward,6.4265966,High,9,2
St. Pancras & Somers Town Ward,6.4185495,High,9,2
Holloway Ward,6.418361,High,9,2
Westbourne Ward,6.414028,High,9,2
St. Dunstan's Ward,6.4138007,High,9,2
Village Ward (E05014070),6.411045,High,9,2
Redcliffe Ward,6.3914466,High,9,2
Yiewsley Ward,6.375148,High,9,2
Dulwich Village Ward,6.364199,High,9,2
Lee Green Ward,6.362051,High,9,2
Perivale Ward,6.3494616,High,9,2
Eltham Town & Avery Hill Ward,6.347007,High,9,2
Beckton Ward,6.3450303,High,9,2
Chadwell Ward,6.341937,High,9,2
Church Street Ward,6.336476,High,9,2
Barkingside Ward,6.3347015,High,9,2
West Hill Ward,6.3276477,High,9,2
Campden Ward,6.324464,High,9,2
Royal Victoria Ward,6.3215494,Medium,6,2
Streatham Common & Vale Ward,6.317968,Medium,6,2
Munster Ward,6.308855,Medium,6,2
Woodside Ward (E05011489),6.3079166,Medium,6,2
Shacklewell Ward,6.306736,Medium,6,2
East Ham South Ward,6.3053284,Medium,6,2
Fullwell Ward,6.2704883,Medium,6,2
Loxford Ward,6.2682,Medium,6,2
Addiscombe West Ward,6.264004,Medium,6,2
Hounslow Central Ward,6.2606993,Medium,6,2
Tooting Bec Ward,6.2495556,Medium,6,2
Pimlico North Ward,6.237957,Medium,6,2
Petts Wood & Knoll Ward,6.2172914,Medium,6,2
Parsloes Ward,6.1836715,Medium,6,2
Whetstone Ward,6.182418,Medium,6,2
Seven Sisters Ward,6.1810093,Medium,6,2
Clapham Common & Abbeville Ward,6.1665554,Medium,6,2
Hainault Ward,6.164994,Medium,6,2
Rush Green & Crowlands Ward,6.158766,Medium,6,2
Fortis Green Ward,6.1579714,Medium,6,2
Woodside Ward (E05013605),6.147253,Medium,6,2
Village Ward (E05013825),6.1377807,Medium,6,2
Kelsey & Eden Park Ward,6.127731,Medium,6,2
Leytonstone Ward,6.0981536,Medium,6,2
Southall Green Ward,6.0832815,Medium,6,2
Colindale South Ward,6.0796757,Medium,6,2
Hounslow West Ward,6.064772,Medium,6,2
Edgware Ward (E05013545),6.0590982,Medium,6,2
North Greenford Ward,6.056155,Medium,6,2
Larkswood Ward,6.0408373,Medium,6,2
Greenwich Creekside Ward,6.0380883,Medium,6,2
Maryland Ward,6.0368447,Medium,6,2
Plaistow North Ward,6.0205517,Medium,6,2
Ruislip Ward,6.004634,Medium,6,2
South Ruislip Ward,5.9998274,Medium,6,2
Woolwich Arsenal Ward,5.9957147,Medium,6,2
Walpole Ward,5.993132,Medium,6,2
Plaistow South Ward,5.9916835,Medium,6,2
West Dulwich Ward,5.9876432,Medium,6,2
West Drayton Ward,5.9825125,Medium,6,2
High Street Ward,5.9779553,Medium,6,2
Cockfosters Ward,5.962649,Medium,6,2
Golborne Ward,5.961679,Medium,6,2
Woolwich Common Ward,5.9560966,Medium,6,2
South Woodford Ward,5.95456,Medium,6,2
Bensham Manor Ward,5.944022,Medium,6,2
Barnsbury Ward,5.929742,Medium,6,2
Abbey Wood Ward,5.912233,Medium,6,2
Arnos Grove Ward,5.9073806,Medium,6,2
Canning Town North Ward,5.8963733,Medium,6,2
Stanley Ward,5.8616962,Medium,6,2
Cann Hall Ward,5.8600783,Medium,6,2
Churchfields Ward,5.857854,Medium,6,2
Yeading Ward,5.838358,Medium,6,2
Lewisham Central Ward,5.833896,Medium,6,2
Little Ilford Ward,5.829981,Medium,6,2
Abingdon Ward,5.820585,Medium,6,2
Clapham Park Ward,5.8078127,Medium,6,2
Hammersmith Broadway Ward,5.7940574,Medium,6,2
Hanwell Broadway Ward,5.7908235,Medium,6,2
Highgate Ward (E05013661),5.781908,Medium,6,2
Pitshanger Ward,5.779007,Medium,6,2
Eastcote Ward,5.7595034,Medium,6,2
Peckham Ward,5.7478957,Medium,6,2
North Hanwell Ward,5.7419853,Medium,6,2
Chadwell Heath Ward,5.7377834,Medium,6,2
Wembley Hill Ward,5.735727,Medium,6,2
North Richmond Ward,5.730606,Medium,6,2
Kingston Town Ward,5.7208858,Medium,6,2
Rainham & Wennington Ward,5.7194486,Medium,6,2
Hounslow Heath Ward,5.7132726,Medium,6,2
Bickley & Sundridge Ward,5.706519,Medium,6,2
Colliers Wood Ward,5.7059984,Medium,6,2
Syon & Brentford Lock Ward,5.699683,Medium,6,2
Bedfont Ward,5.6937494,Medium,6,2
Orpington Ward,5.6843147,Medium,6,2
Clapham East Ward,5.6695857,Medium,6,2
Shadwell Ward,5.6523237,Medium,6,2
Cranford Ward,5.637708,Medium,6,2
Roxeth Ward,5.6237454,Medium,6,2
Stanmore Ward,5.6171217,Medium,6,2
Palace & Hurlingham Ward,5.612226,Medium,6,2
Alperton Ward,5.60954,Medium,6,2
Woodberry Down Ward,5.6077223,Medium,6,2
Higham Hill Ward,5.6039214,Medium,6,2
High Barnet Ward,5.5995727,Medium,6,2
Queen's Gate Ward,5.594194,Medium,6,2
Coningham Ward,5.5938334,Medium,6,2
Heston Central Ward,5.5892553,Medium,6,2
St. Margarets & North Twickenham Ward,5.5705714,Medium,6,2
Fulham Reach Ward,5.5287347,Medium,6,2
Erith Ward,5.506471,Medium,6,2
William Morris Ward,5.4869294,Medium,6,2
Harrow Weald Ward,5.483544,Medium,6,2
Bromley North Ward,5.476637,Medium,6,2
South Balham Ward,5.4761734,Medium,6,2
Pinner Ward,5.4637337,Medium,6,2
Newington Ward,5.461253,Medium,6,2
Squirrels Heath Ward,5.4457736,Medium,6,2
Longbridge Ward,5.4416914,Medium,6,2
Shepherd's Bush Green Ward,5.4355726,Medium,6,2
Fulham Town Ward,5.4333296,Medium,6,2
Bellingham Ward,5.4313827,Medium,6,2
Ickenham & South Harefield Ward,5.4123454,Medium,6,2
West Kensington Ward,5.4072757,Medium,6,2
Vincent Square Ward,5.3909407,Medium,6,2
Queen's Park Ward,5.3795304,Medium,6,2
Cranbrook Ward,5.378951,Medium,6,2
Royal Albert Ward,5.370805,Medium,6,2
Vauxhall Ward,5.351588,Medium,6,2
Wimbledon Park Ward,5.3467407,Medium,6,2
Bromley Common & Holwood Ward,5.342891,Medium,6,2
Hermitage & Gardens Ward,5.334461,Medium,6,2
Northfield Ward,5.331069,Medium,6,2
Pembridge Ward,5.326553,Medium,6,2
Chiswick Riverside Ward,5.318405,Medium,6,2
Manor Park Ward,5.315461,Medium,6,2
Falconbrook Ward,5.3147316,Medium,6,2
Holland Ward,5.3141074,Medium,6,2
King's Park Ward,5.310118,Medium,6,2
Heston West Ward,5.292991,Medium,6,2
Clayhall Ward,5.288274,Medium,6,2
Barnes Ward,5.2646265,Medium,6,2
Stepney Green Ward,5.262532,Medium,6,2
St. Martin's Ward,5.258165,Medium,6,2
Myatt's Fields Ward,5.2485228,Medium,6,2
Wandle Ward (E05014026),5.2401986,Medium,6,2
New Southgate Ward,5.236503,Medium,6,2
West Ham Ward,5.2321544,Medium,6,2
Mayesbrook Ward,5.228006,Medium,6,2
Havering-atte-Bower Ward,5.2155333,Medium,6,2
Walham Green Ward,5.2092037,Medium,6,2
Colindale North Ward,5.2060146,Medium,6,2
Hatch Lane & Highams Park North Ward,5.201628,Medium,6,2
Chapel End Ward,5.175424,Medium,6,2
"Mottingham, Coldharbour & New Eltham Ward",5.1649513,Medium,6,2
Bridge Ward (E05011236),5.1631374,Medium,6,2
Muswell Hill Ward,5.1595683,Medium,6,2
Cazenove Ward,5.147759,Medium,6,2
Feltham West Ward,5.141333,Medium,6,2
Streatham Hill East Ward,5.14052,Low,3,2
Elm Park Ward,5.1159945,Low,3,2
Wall End Ward,5.1135015,Low,3,2
Pinner South Ward,5.098449,Low,3,2
Barnhill Ward,5.0980577,Low,3,2
Plumstead Common Ward,5.0885515,Low,3,2
Northbury Ward,5.0765314,Low,3,2
New Cross Gate Ward,5.0681396,Low,3,2
Heston East Ward,5.065997,Low,3,2
Bowes Ward,5.063125,Low,3,2
Twickenham Riverside Ward,5.061887,Low,3,2
Dormers Wells Ward,5.058417,Low,3,2
Northcote Ward,5.0484705,Low,3,2
Brentford East Ward,5.028954,Low,3,2
Lady Margaret Ward,5.0263453,Low,3,2
Highfield Ward,5.006654,Low,3,2
Chingford Green Ward,4.996877,Low,3,2
Kingsbury Ward,4.9836516,Low,3,2
New Malden Village Ward,4.983139,Low,3,2
St. Ann's Ward,4.9696426,Low,3,2
Headstone Ward,4.960959,Low,3,2
Norbury & Pollards Hill Ward,4.9593205,Low,3,2
Edgwarebury Ward,4.956899,Low,3,2
Newbury Ward,4.9505377,Low,3,2
St. Andrew's Ward,4.941753,Low,3,2
Centenary Ward,4.9224725,Low,3,2
Feltham North Ward,4.9155536,Low,3,2
Plaistow Ward,4.9041166,Low,3,2
Northwood Hills Ward,4.901875,Low,3,2
Preston Ward,4.8910675,Low,3,2
Woolwich Dockyard Ward,4.8878307,Low,3,2
Hampstead Town Ward,4.8827605,Low,3,2
Trinity Ward,4.8810716,Low,3,2
South Hornchurch Ward,4.876811,Low,3,2
Limehouse Ward,4.8648844,Low,3,2
Harold Wood Ward,4.8625665,Low,3,2
Ridgeway Ward,4.854258,Low,3,2
Mayfield Ward,4.852463,Low,3,2
St. Edward's Ward,4.8306994,Low,3,2
West Twickenham Ward,4.8225665,Low,3,2
Chelsea Riverside Ward,4.80919,Low,3,2
Charlton Village & Riverside Ward,4.805302,Low,3,2
Beddington Ward,4.7660217,Low,3,2
Hampton Ward,4.764765,Low,3,2
Mawneys Ward,4.7466545,Low,3,2
Crayford Ward,4.744007,Low,3,2
Kenton East Ward,4.7438684,Low,3,2
Grove Ward,4.74216,Low,3,2
Bounds Green Ward,4.721494,Low,3,2
Southall Broadway Ward,4.7100554,Low,3,2
Fairlop Ward,4.707817,Low,3,2
Underhill Ward,4.7029524,Low,3,2
Becontree Ward,4.698824,Low,3,2
Frognal Ward,4.6777425,Low,3,2
Hylands & Harrow Lodge Ward,4.666129,Low,3,2
Sidcup Ward,4.6541257,Low,3,2
Shortlands & Park Langley Ward,4.6530476,Low,3,2
Stockwell East Ward,4.6520624,Low,3,2
Northwood Ward,4.6460786,Low,3,2
Avonmore Ward,4.637357,Low,3,2
Alexandra Park Ward,4.6329017,Low,3,2
Beam Ward,4.6318216,Low,3,2
Barking Riverside Ward,4.6293736,Low,3,2
Abbey Ward (E05013810),4.6285396,Low,3,2
Gascoigne Ward,4.60675,Low,3,2
Winchmore Hill Ward,4.6054273,Low,3,2
Brentford West Ward,4.6027,Low,3,2
Grove Green Ward,4.5949864,Low,3,2
Marshalls & Rise Park Ward,4.5870037,Low,3,2
Sutton Central Ward,4.5846305,Low,3,2
Hillingdon East Ward,4.5510116,Low,3,2
St. George's Ward,4.5427046,Low,3,2
Shirley North Ward,4.5410376,Low,3,2
Addiscombe East Ward,4.538592,Low,3,2
St. James Ward,4.5357666,Low,3,2
Northwick Park Ward,4.533991,Low,3,2
Green Street East Ward,4.505168,Low,3,2
Hayes & Coney Hall Ward,4.503189,Low,3,2
Wood Street Ward,4.5017705,Low,3,2
Hampton Wick & South Teddington Ward,4.4860783,Low,3,2
Brook Green Ward,4.4810762,Low,3,2
Sands End Ward,4.4775095,Low,3,2
Dulwich Hill Ward,4.4592924,Low,3,2
Marlborough Ward,4.4583077,Low,3,2
Kentish Town North Ward,4.4581347,Low,3,2
Norbury Park Ward,4.441866,Low,3,2
Camden Square Ward,4.4295483,Low,3,2
Carshalton Central Ward,4.425717,Low,3,2
"Ham, Petersham & Richmond Riverside Ward",4.4214983,Low,3,2
Graveney Ward,4.4092793,Low,3,2
Seven Kings Ward,4.4078207,Low,3,2
West Wickham Ward,4.39536,Low,3,2
Fulwell & Hampton Hill Ward,4.392552,Low,3,2
Notting Dale Ward,4.3862634,Low,3,2
Coulsdon Town Ward,4.3802166,Low,3,2
Isleworth Ward,4.372688,Low,3,2
Mottingham Ward,4.3512626,Low,3,2
Hounslow South Ward,4.33939,Low,3,2
Poplar Ward,4.328712,Low,3,2
Cricket Green Ward,4.3243113,Low,3,2
Upper Walthamstow Ward,4.3111644,Low,3,2
Upminster Ward,4.3071094,Low,3,2
Wimbledon Town & Dundonald Ward,4.304588,Low,3,2
Alibon Ward,4.2899375,Low,3,2
Green Street West Ward,4.288446,Low,3,2
Grange Park Ward,4.281021,Low,3,2
Sutton South Ward,4.2756834,Low,3,2
Wallington North Ward,4.275032,Low,3,2
Southfields Ward,4.2627797,Low,3,2
Charlton Hornfair Ward,4.2555013,Low,3,2
Hounslow East Ward,4.249283,Low,3,2
New Addington South Ward,4.247711,Low,3,2
Wallington South Ward,4.2433567,Low,3,2
Figge's Marsh Ward,4.2360697,Low,3,2
Teddington Ward,4.2231355,Low,3,2
Raynes Park Ward,4.206229,Low,3,2
Ravenscourt Ward,4.2026787,Low,3,2
Bexleyheath Ward,4.188062,Low,3,2
Brownswood Ward,4.182063,Low,3,2
Whitton Ward,4.158174,Low,3,2
Forest Gate North Ward,4.152485,Low,3,2
East Wickham Ward,4.136162,Low,3,2
Gipsy Hill Ward,4.1301913,Low,3,2
Hampton North Ward,4.118794,Low,3,2
Champion Hill Ward,4.1078444,Low,3,2
Wealdstone North Ward,4.100257,Low,3,2
Slade Green & Northend Ward,4.0979004,Low,3,2
Sanderstead Ward,4.094434,Low,3,2
Shooters Hill Ward,4.0865016,Low,3,2
Thamesmead East Ward,4.0847135,Low,3,2
Markhouse Ward,4.0817747,Low,3,2
Coombe Hill Ward,4.080988,Low,3,2
Hanworth Park Ward,4.0723405,Low,3,2
Heathfield Ward,4.070112,Low,3,2
Cheam Ward,4.0628166,Low,3,2
Longthornton Ward,4.059335,Low,3,2
Wembley Central Ward,4.0521803,Low,3,2
Harrow on the Hill Ward,4.048947,Low,3,2
Shirley South Ward,4.046285,Low,3,2
Peckham Rye Ward,4.034919,Low,3,2
Addison Ward,4.0338607,Low,3,2
Island Gardens Ward,4.011843,Very Low,1,2
Boleyn Ward,4.007325,Very Low,1,2
West Thamesmead Ward,3.9837615,Very Low,1,2
Pollards Hill Ward,3.9548314,Very Low,1,2
Stamford Hill West Ward,3.9533324,Very Low,1,2
Norbiton Ward,3.939237,Very Low,1,2
Kidbrooke Park Ward,3.9357061,Very Low,1,2
Canons Ward,3.9173348,Very Low,1,2
Hale End & Highams Park South Ward,3.9069786,Very Low,1,2
St. Helen's Ward,3.8952923,Very Low,1,2
Charville Ward,3.8892732,Very Low,1,2
Lillie Ward,3.8868456,Very Low,1,2
White City Ward,3.8773668,Very Low,1,2
Chelsfield Ward,3.860455,Very Low,1,2
Sutton North Ward,3.8463652,Very Low,1,2
Wendell Park Ward,3.8345883,Very Low,1,2
Cathall Ward,3.824236,Very Low,1,2
Merton Park Ward,3.8116949,Very Low,1,2
Purley Oaks & Riddlesdown Ward,3.8064706,Very Low,1,2
Monkhams Ward,3.8042047,Very Low,1,2
South Twickenham Ward,3.7726967,Very Low,1,2
St. Helier Ward,3.7571507,Very Low,1,2
Parsons Green & Sandford Ward,3.746281,Very Low,1,2
St. Helier West Ward,3.7307835,Very Low,1,2
Sudbury Ward,3.7295394,Very Low,1,2
Norland Ward,3.7212818,Very Low,1,2
Cannon Hill Ward,3.7209098,Very Low,1,2
Hatch End Ward,3.7145066,Very Low,1,2
Thamesmead Moorings Ward,3.7121353,Very Low,1,2
Wanstead Park Ward,3.7052884,Very Low,1,2
Blackfen & Lamorbey Ward,3.6929338,Very Low,1,2
Oakwood Ward,3.6808338,Very Low,1,2
Heath Ward,3.6504805,Very Low,1,2
Endlebury Ward,3.648372,Very Low,1,2
Farnborough & Crofton Ward,3.643478,Very Low,1,2
Falconwood & Welling Ward,3.6327977,Very Low,1,2
Pimlico South Ward,3.628643,Very Low,1,2
Abbey Ward (E05014053),3.600927,Very Low,1,2
Canning Town South Ward,3.5992422,Very Low,1,2
Eltham Park & Progress Ward,3.5914276,Very Low,1,2
Crook Log Ward,3.4926834,Very Low,1,2
Coombe Vale Ward,3.459583,Very Low,1,2
Ravensbury Ward,3.454438,Very Low,1,2
The Wrythe Ward,3.443773,Very Low,1,2
Ruislip Manor Ward,3.4301496,Very Low,1,2
South Beddington & Roundshaw Ward,3.4232442,Very Low,1,2
Surbiton Hill Ward,3.4232032,Very Low,1,2
Middle Park & Horn Park Ward,3.4224658,Very Low,1,2
West Barnes Ward,3.3978198,Very Low,1,2
Roxbourne Ward,3.3830485,Very Low,1,2
Streatham Wells Ward,3.3772902,Very Low,1,2
Clementswood Ward,3.369379,Very Low,1,2
St. Mark's & Seething Wells Ward,3.3546238,Very Low,1,2
Hillingdon West Ward,3.3524363,Very Low,1,2
Wembley Park Ward,3.3048508,Very Low,1,2
Eltham Page Ward,3.2970612,Very Low,1,2
Kenley Ward,3.2895703,Very Low,1,2
Blendon & Penhill Ward,3.2761848,Very Low,1,2
Tolworth Ward,3.2745886,Very Low,1,2
St. Mary's & St. James Ward,3.2632318,Very Low,1,2
Carshalton South & Clockhouse Ward,3.2309053,Very Low,1,2
North Cheam Ward,3.2253447,Very Low,1,2
Stonecot Ward,3.2136364,Very Low,1,2
Northumberland Heath Ward,3.1839488,Very Low,1,2
Belmont Ward (E05013542),3.1812513,Very Low,1,2
Wealdstone South Ward,3.1799266,Very Low,1,2
Selsdon & Addington Village Ward,3.1790705,Very Low,1,2
Wormholt Ward,3.1747763,Very Low,1,2
Lower Morden Ward,3.1696947,Very Low,1,2
Kenton West Ward,3.142523,Very Low,1,2
Dalgarno Ward,3.116773,Very Low,1,2
St. Alban's Ward,3.1002414,Very Low,1,2
Tokyngton Ward,3.1001596,Very Low,1,2
Belmont Ward (E05013755),3.098743,Very Low,1,2
Thames View Ward,3.077849,Very Low,1,2
Kingston Gate Ward,3.0656846,Very Low,1,2
Rayners Lane Ward,3.0538354,Very Low,1,2
Kidbrooke Village & Sutcliffe Ward,2.9945931,Very Low,1,2
Cranham Ward,2.990185,Very Low,1,2
Wandle Ward (E05013826),2.980266,Very Low,1,2
Beam Park Ward,2.979037,Very Low,1,2
Lavender Fields Ward,2.9726636,Very Low,1,2
Green Lane & St. James Ward,2.9145763,Very Low,1,2
Plashet Ward,2.8627818,Very Low,1,2
West Heath Ward,2.8471882,Very Low,1,2
North Harrow Ward,2.819971,Very Low,1,2
Eastbrook & Rush Green Ward,2.7916484,Very Low,1,2
St. Helier East Ward,2.7165384,Very Low,1,2
Old Coulsdon Ward,2.7027688,Very Low,1,2
Hillside Ward,2.6490777,Very Low,1,2
Park Hill & Whitgift Ward,2.646743,Very Low,1,2
Sutton West & East Cheam Ward,2.6155858,Very Low,1,2
Darwin Ward,2.602336,Very Low,1,2
Canbury Gardens Ward,2.5745578,Very Low,1,2
Southall West Ward,2.5140803,Very Low,1,2
West Harrow Ward,2.496618,Very Low,1,2
Hook & Chessington North Ward,2.4374313,Very Low,1,2
Hackbridge Ward,2.428055,Very Low,1,2
New Addington North Ward,2.3825495,Very Low,1,2
Selsdon Vale & Forestdale Ward,2.3698711,Very Low,1,2
Emerson Park Ward,2.3102806,Very Low,1,2
King George's & Sunray Ward,2.3080335,Very Low,1,2
Nine Elms Ward,2.2959957,Very Low,1,2
Worcester Park North Ward,2.2788384,Very Low,1,2
Barnehurst Ward,2.2152488,Very Low,1,2
Old Malden Ward,2.198862,Very Low,1,2
Tudor Ward,2.152027,Very Low,1,2
Harefield Village Ward,2.1363454,Very Low,1,2
Biggin Hill Ward,2.0819192,Very Low,1,2
Longlands Ward,2.0187545,Very Low,1,2
Motspur Park & Old Malden East Ward,1.9370977,Very Low,1,2
Farringdon Without Ward,1.9329658,Very Low,1,2
Worcester Park South Ward,1.9195569,Very Low,1,2
Alexandra Ward,1.8412124,Very Low,1,2
Hacton Ward,1.811144,Very Low,1,2
Castle Baynard Ward,1.8059319,Very Low,1,2
Berrylands Ward,1.7993125,Very Low,1,2
Chessington South & Malden Rushett Ward,1.7896736,Very Low,1,2
Farringdon Within Ward,1.5705953,Very Low,1,2
Tower Ward,1.5670557,Very Low,1,2
Bishopsgate Ward,1.4085056,Very Low,1,2
Aldgate Ward,1.0866636,Very Low,1,2
Cripplegate Ward,0.6249665,Very Low,1,2
Portsoken Ward,0.46636668,Very Low,1,2
Coleman Street Ward,0.41144544,Very Low,1,2
Bridge Ward (E05009294),0.38526654,Very Low,1,2
Vintry Ward,0.36275,Very Low,1,2
Cordwainer Ward,0.31948113,Very Low,1,2
Queenhithe Ward,0.28374562,Very Low,1,2
Cheap Ward,0.27970818,Very Low,1,2
Dowgate Ward,0.22888543,Very Low,1,2
Bassishaw Ward,0.18227354,Very Low,1,2
Aldersgate Ward,0.16466677,Very Low,1,2
Candlewick Ward,0.112241805,Very Low,1,2
Cornhill Ward,0.112241805,Very Low,1,2
Broad Street Ward,0.112241805,Very Low,1,2
Walbrook Ward,0.112241805,Very Low,1,2
Bread Street Ward,0.112241805,Very Low,1,2
Lime Street Ward,0.112241805,Very Low,1,2
Langbourn Ward,0.112241805,Very Low,1,2
Billingsgate Ward,0.04277126,Very Low,1,2
West End Ward,44.131935,Very High,18,3
St. James's Ward,23.75448,Very High,18,3
Marylebone Ward,21.714205,Very High,17,3
Bloomsbury Ward,21.443436,Very High,17,3
Hoxton East & Shoreditch Ward,19.05032,Very High,17,3
Holborn & Covent Garden Ward,18.744625,Very High,17,3
Childs Hill Ward,17.982704,Very High,17,3
Bethnal Green West Ward,16.667896,Very High,17,3
Fairfield Ward,16.551195,Very High,17,3
Hyde Park Ward,15.830638,Very High,17,3
Rushey Green Ward,15.733268,Very High,17,3
Lancaster Gate Ward,15.64575,Very High,17,3
Hendon Ward,15.5183115,Very High,17,3
Deptford Ward,15.234667,Very High,17,3
Borough & Bankside Ward,15.198629,Very High,17,3
Spitalfields & Banglatown Ward,14.756239,Very High,17,3
London Bridge & West Bermondsey Ward,14.701466,Very High,17,3
Bow East Ward,14.695308,Very High,17,3
Bayswater Ward,14.223172,Very High,17,3
Stonebridge Ward,13.902142,Very High,17,3
Whitechapel Ward,13.827165,Very High,17,3
Bethnal Green East Ward,13.166848,Very High,17,3
London Fields Ward,13.123247,Very High,17,3
Dollis Hill Ward,12.962803,Very High,17,3
Lansbury Ward,12.705536,Very High,17,3
Mile End Ward,12.653673,Very High,17,3
Queens Park Ward,12.626263,Very High,17,3
Bunhill Ward,12.609917,Very High,17,3
Brixton Acre Lane Ward,12.576193,Very High,17,3
Weavers Ward,12.512024,Very High,17,3
Finchley Church End Ward,12.370404,Very High,17,3
Northumberland Park Ward,12.30193,Very High,17,3
Clapham Town Ward,12.293322,Very High,17,3
Clerkenwell Ward,12.158391,Very High,17,3
Brockley Ward,12.002988,Very High,17,3
Brimsdown Ward,11.82845,Very High,17,3
Lea Bridge Ward (E05009380),11.744774,Very High,17,3
North Acton Ward,11.73817,Very High,17,3
Finsbury Park Ward,11.721949,Very High,17,3
Balham Ward,11.6997,Very High,17,3
Penge & Cator Ward,11.416921,Very High,17,3
Kilburn Ward (E05013503),11.387401,Very High,17,3
Harlesden & Kensal Green Ward,11.377224,Very High,17,3
Edmonton Green Ward,11.355852,Very High,17,3
Rye Lane Ward,11.224967,Very High,17,3
Wandsworth Town Ward,11.185087,Very High,17,3
North Walworth Ward,11.151496,Very High,17,3
Herne Hill & Loughborough Junction Ward,11.136187,Very High,17,3
Streatham St. Leonard's Ward,11.068625,Very High,17,3
St. Mary Cray Ward,11.04241,Very High,17,3
Broad Green Ward,10.969653,Very High,17,3
Junction Ward,10.935784,Very High,17,3
Burnt Oak Ward,10.93077,Very High,17,3
Edgware Ward (E05013637),10.835934,Very High,17,3
Dalston Ward,10.818964,Very High,17,3
Upper Edmonton Ward,10.816472,Very High,17,3
South Bermondsey Ward,10.726959,Very High,17,3
Harringay Ward,10.725982,Very High,17,3
West Thornton Ward,10.609958,Very High,17,3
North Bermondsey Ward,10.449278,Very High,17,3
Hoxton West Ward,10.383113,Very High,17,3
St. Paul's Cray Ward,10.217716,Very High,17,3
West Finchley Ward,10.181371,Very High,17,3
Greenwich Peninsula Ward,10.173185,Very High,17,3
Hither Green Ward,10.1336,Very High,17,3
Willesden Green Ward,10.08618,Very High,17,3
Enfield Lock Ward,10.076282,Very High,17,3
Noel Park Ward,10.035309,Very High,17,3
Brompton & Hans Town Ward,10.01831,Very High,17,3
Knightsbridge & Belgravia Ward,9.960418,Very High,17,3
Sydenham Ward,9.956515,Very High,17,3
Mill Hill Ward,9.942743,Very High,17,3
Hackney Central Ward,9.941664,Very High,17,3
Forest Hill Ward,9.879508,Very High,17,3
Friern Barnet Ward,9.865115,Very High,17,3
Stratford Ward,9.828477,Very High,17,3
Camberwell Green Ward,9.777927,Very High,17,3
Waddon Ward,9.776149,Very High,17,3
Crouch End Ward,9.700657,Very High,17,3
Chaucer Ward,9.696174,Very High,17,3
Victoria Ward,9.688241,Very High,17,3
Hackney Downs Ward,9.677873,Very High,17,3
Tollington Ward,9.664085,Very High,17,3
Uxbridge Ward,9.65981,Very High,17,3
St. Giles Ward,9.642165,Very High,17,3
Bruce Castle Ward,9.637029,Very High,17,3
Brixton Windrush Ward,9.62118,Very High,17,3
Haggerston Ward,9.605279,Very High,17,3
Hackney Wick Ward,9.5793705,Very High,17,3
Thamesfield Ward,9.573312,Very High,17,3
Tooting Broadway Ward,9.55196,Very High,17,3
Highgate Ward (E05013592),9.546754,Very High,17,3
Homerton Ward,9.544302,Very High,17,3
Waterloo & South Bank Ward,9.539046,Very High,17,3
Highbury Ward,9.503248,Very High,17,3
Mildmay Ward,9.486858,Very High,17,3
Bow West Ward,9.396084,Very High,17,3
East Acton Ward,9.327845,Very High,17,3
Hanger Hill Ward,9.245325,Very High,17,3
Cricklewood & Mapesbury Ward,9.227264,Very High,17,3
West Hendon Ward,9.210067,Very High,17,3
Ladywell Ward,9.205429,Very High,17,3
East Greenwich Ward,9.106904,Very High,17,3
Perry Vale Ward,9.103926,Very High,17,3
Old Kent Road Ward,9.053835,Very High,17,3
Jubilee Ward,9.015934,Very High,17,3
Regent's Park Ward (E05013668),8.997809,Very High,17,3
Battersea Park Ward,8.98089,Very High,17,3
Stoke Newington Ward,8.968204,Very High,17,3
West Putney Ward,8.965634,Very High,17,3
Tottenham Central Ward,8.922624,Very High,17,3
Nunhead & Queen's Road Ward,8.91508,Very High,17,3
Courtfield Ward,8.906144,Very High,17,3
Heaton Ward,8.873425,Very High,17,3
Purley & Woodcote Ward,8.847989,Very High,17,3
Kilburn Ward (E05013665),8.841593,Very High,17,3
Ealing Common Ward,8.837618,Very High,17,3
Brondesbury Park Ward,8.806998,Very High,17,3
Plumstead & Glyndon Ward,8.795567,Very High,17,3
Heathrow Villages Ward,8.761411,Very High,17,3
West Green Ward,8.751317,Very High,17,3
Gooshays Ward,8.742919,Very High,17,3
Camden Town Ward,8.737752,Very High,17,3
Barnet Vale Ward,8.733161,Very High,17,3
Haselbury Ward,8.704809,Very High,17,3
South Acton Ward,8.695675,Very High,17,3
South Richmond Ward,8.646091,Very High,17,3
Chiswick Gunnersbury Ward,8.6377535,Very High,17,3
Ponders End Ward,8.637136,Very High,17,3
Garden Suburb Ward,8.616626,Very High,17,3
Roehampton Ward,8.599738,Very High,17,3
Regent's Park Ward (E05013805),8.594278,Very High,17,3
Crystal Palace & Upper Norwood Ward,8.562576,Very High,17,3
St. Katharine's & Wapping Ward,8.547059,Very High,17,3
Colville Ward,8.531031,Very High,17,3
Stockwell West & Larkhall Ward,8.530767,Very High,17,3
Evelyn Ward,8.509042,Very High,17,3
Brixton Rush Common Ward,8.506265,Very High,17,3
Surrey Docks Ward,8.501332,Very High,17,3
Springfield Ward,8.500683,Very High,17,3
Blackheath Westcombe Ward,8.431322,Very High,17,3
Cricklewood Ward,8.4180975,High,9,3
South Norwood Ward,8.406777,High,9,3
Hoe Street Ward,8.366524,High,9,3
South Tottenham Ward,8.3555155,High,9,3
South Croydon Ward,8.350318,High,9,3
Clissold Ward,8.349552,High,9,3
Chiswick Homefields Ward,8.34876,High,9,3
West Hampstead Ward,8.334572,High,9,3
Canonbury Ward,8.290846,High,9,3
Golders Green Ward,8.287605,High,9,3
Faraday Ward,8.287379,High,9,3
Belsize Ward,8.253868,High,9,3
St. Mary's & St. James' Ward,8.244285,High,9,3
Blackheath Ward,8.221252,High,9,3
Whitewebbs Ward,8.219968,High,9,3
Rotherhithe Ward,8.209294,High,9,3
Goose Green Ward,8.204674,High,9,3
Roundwood Ward,8.17272,High,9,3
Canary Wharf Ward,8.1519165,High,9,3
Downham Ward,8.143349,High,9,3
Hillrise Ward,8.135509,High,9,3
Forest Gate South Ward,8.125224,High,9,3
Wood End Ward,8.118381,High,9,3
Colham & Cowley Ward,8.115599,High,9,3
St. Mary's Ward,8.092375,High,9,3
Central Greenford Ward,8.09108,High,9,3
White Hart Lane Ward,8.066929,High,9,3
Carterhatch Ward,8.063535,High,9,3
Custom House Ward,8.054042,High,9,3
Woodhouse Ward,8.047145,High,9,3
Brixton North Ward,8.043132,High,9,3
Catford South Ward,8.016246,High,9,3
Lavender Ward,8.01378,High,9,3
East Barnet Ward,8.00937,High,9,3
Valley Ward,7.9995637,High,9,3
Lower Edmonton Ward,7.992372,High,9,3
Abbey Road Ward,7.987467,High,9,3
Knight's Hill Ward,7.983101,High,9,3
Mortlake & Barnes Common Ward,7.958846,High,9,3
Thornton Heath Ward,7.912388,High,9,3
Whalebone Ward,7.8829465,High,9,3
Beckenham Town & Copers Cope Ward,7.8820615,High,9,3
Streatham Hill West & Thornton Ward,7.8743143,High,9,3
East Putney Ward,7.850875,High,9,3
Bullsmoor Ward,7.840458,High,9,3
Blackwall & Cubitt Town Ward,7.837833,High,9,3
Laycock Ward,7.8345075,High,9,3
Kennington Ward,7.796169,High,9,3
Tottenham Hale Ward,7.7821107,High,9,3
Queensbury Ward,7.733267,High,9,3
Crystal Palace & Anerley Ward,7.7322216,High,9,3
Primrose Hill Ward,7.7256165,High,9,3
Welsh Harp Ward,7.719978,High,9,3
Stratford Olympic Park Ward,7.708499,High,9,3
De Beauvoir Ward,7.7045746,High,9,3
Arsenal Ward,7.700444,High,9,3
Selhurst Ward,7.6865926,High,9,3
Hayes Town Ward,7.657055,High,9,3
Greenwich Park Ward,7.630491,High,9,3
Stroud Green Ward,7.6236987,High,9,3
Telegraph Hill Ward,7.6228685,High,9,3
Maida Vale Ward,7.617396,High,9,3
Lea Bridge Ward (E05013895),7.6124682,High,9,3
Fortune Green Ward,7.6112494,High,9,3
Osterley & Spring Grove Ward,7.6065283,High,9,3
Bromley Town Ward,7.593297,High,9,3
Plaistow West & Canning Town East Ward,7.5854826,High,9,3
Valentines Ward,7.551543,High,9,3
St. Peter's & Canalside Ward,7.533047,High,9,3
Oval Ward,7.5214577,High,9,3
South Hampstead Ward,7.5027585,High,9,3
Hornsey Ward,7.4972115,High,9,3
Southgate Ward,7.433492,High,9,3
Chislehurst Ward,7.426919,High,9,3
Pinkwell Ward,7.4210434,High,9,3
Crofton Park Ward,7.407881,High,9,3
Goodmayes Ward,7.4021735,High,9,3
Caledonian Ward,7.397118,High,9,3
Brunswick Park Ward,7.393208,High,9,3
Dulwich Wood Ward,7.3883095,High,9,3
Kew Ward,7.381825,High,9,3
Clock House Ward,7.372647,High,9,3
Northolt Mandeville Ward,7.3723044,High,9,3
Earl's Court Ward,7.3653297,High,9,3
Bromley South Ward,7.3508587,High,9,3
Kentish Town South Ward,7.342057,High,9,3
Ealing Broadway Ward,7.3297606,High,9,3
Ilford Town Ward,7.302431,High,9,3
Town Ward,7.291453,High,9,3
Hanworth Village Ward,7.2875357,High,9,3
Shaftesbury & Queenstown Ward,7.2851634,High,9,3
Little Venice Ward,7.254827,High,9,3
King's Cross Ward,7.253997,High,9,3
Gospel Oak Ward,7.253077,High,9,3
Belmore Ward,7.2428765,High,9,3
Wandsworth Common Ward,7.2393947,High,9,3
Palmers Green Ward,7.227795,High,9,3
Church Street Ward,7.219323,High,9,3
Eastbury Ward,7.215148,High,9,3
Aldborough Ward,7.2039366,High,9,3
Westbourne Ward,7.1852236,High,9,3
Grove Park Ward,7.1701746,High,9,3
Leyton Ward,7.165955,High,9,3
Southbury Ward,7.163039,High,9,3
St. Pancras & Somers Town Ward,7.1625133,High,9,3
Furzedown Ward,7.162104,High,9,3
East Sheen Ward,7.1568785,High,9,3
Pimlico North Ward,7.134502,High,9,3
Royal Hospital Ward,7.1338067,High,9,3
Totteridge & Woodside Ward,7.1271963,High,9,3
Forest Ward,7.1145096,High,9,3
Streatham Common & Vale Ward,7.1098475,High,9,3
East Ham Ward,7.109233,High,9,3
Southfield Ward,7.101321,High,9,3
Norwood Green Ward,7.094292,High,9,3
Harrow Road Ward,7.0909886,High,9,3
Tufnell Park Ward,7.071057,High,9,3
Haverstock Ward,7.0584917,High,9,3
Greenhill Ward,7.050956,High,9,3
Kenton Ward,7.026324,High,9,3
Goresbrook Ward,7.0255275,High,9,3
East Finchley Ward,7.0066934,High,9,3
Addiscombe West Ward,7.001692,High,9,3
Greenford Broadway Ward,6.9807005,High,9,3
St. Dunstan's Ward,6.9730897,High,9,3
Wanstead Village Ward,6.9725456,High,9,3
Belvedere Ward,6.9617543,High,9,3
Hounslow Central Ward,6.960381,High,9,3
Campden Ward,6.953789,High,9,3
Bush Hill Park Ward,6.947268,High,9,3
Northolt West End Ward,6.9392877,High,9,3
Clapham Common & Abbeville Ward,6.9331994,High,9,3
Holloway Ward,6.926297,High,9,3
Redcliffe Ward,6.923231,High,9,3
College Park & Old Oak Ward,6.8911433,High,9,3
Valence Ward,6.890714,High,9,3
Woodside Ward (E05011489),6.8673854,High,9,3
Perivale Ward,6.8550634,High,9,3
Beckton Ward,6.849897,High,9,3
Tooting Bec Ward,6.844228,High,9,3
Golborne Ward,6.8396597,High,9,3
Loxford Ward,6.826954,Medium,6,3
Petts Wood & Knoll Ward,6.815842,Medium,6,3
Eltham Town & Avery Hill Ward,6.812607,Medium,6,3
Chadwell Ward,6.793878,Medium,6,3
Munster Ward,6.7919617,Medium,6,3
West Hill Ward,6.79134,Medium,6,3
Fullwell Ward,6.7910314,Medium,6,3
Village Ward (E05014070),6.789282,Medium,6,3
Kelsey & Eden Park Ward,6.773083,Medium,6,3
Fortis Green Ward,6.7703466,Medium,6,3
East Ham South Ward,6.76654,Medium,6,3
Hainault Ward,6.7521067,Medium,6,3
Woodside Ward (E05013605),6.751534,Medium,6,3
Stanley Ward,6.745241,Medium,6,3
Barkingside Ward,6.7451262,Medium,6,3
Lee Green Ward,6.737855,Medium,6,3
West Dulwich Ward,6.7366133,Medium,6,3
Rush Green & Crowlands Ward,6.7312717,Medium,6,3
Dulwich Village Ward,6.729859,Medium,6,3
Walpole Ward,6.7294,Medium,6,3
Whetstone Ward,6.7132206,Medium,6,3
High Street Ward,6.69823,Medium,6,3
Clapham Park Ward,6.6901155,Medium,6,3
Leytonstone Ward,6.6847315,Medium,6,3
Seven Sisters Ward,6.66664,Medium,6,3
Yiewsley Ward,6.635894,Medium,6,3
Barnsbury Ward,6.6216345,Medium,6,3
Colindale South Ward,6.620384,Medium,6,3
Royal Victoria Ward,6.617456,Medium,6,3
Parsloes Ward,6.59144,Medium,6,3
Larkswood Ward,6.587661,Medium,6,3
Shacklewell Ward,6.5758634,Medium,6,3
Village Ward (E05013825),6.5557837,Medium,6,3
Abingdon Ward,6.538296,Medium,6,3
North Greenford Ward,6.538094,Medium,6,3
Hounslow West Ward,6.5221386,Medium,6,3
Bensham Manor Ward,6.5130205,Medium,6,3
South Ruislip Ward,6.5076113,Medium,6,3
Southall Green Ward,6.5030513,Medium,6,3
Greenwich Creekside Ward,6.4927044,Medium,6,3
Plaistow South Ward,6.4907436,Medium,6,3
West Drayton Ward,6.478482,Medium,6,3
Woolwich Arsenal Ward,6.473928,Medium,6,3
South Woodford Ward,6.470655,Medium,6,3
Hammersmith Broadway Ward,6.4696975,Medium,6,3
Arnos Grove Ward,6.455091,Medium,6,3
Ruislip Ward,6.45415,Medium,6,3
Churchfields Ward,6.436484,Medium,6,3
Maryland Ward,6.4213457,Medium,6,3
Edgware Ward (E05013545),6.416899,Medium,6,3
Highgate Ward (E05013661),6.390065,Medium,6,3
Cockfosters Ward,6.3889585,Medium,6,3
Peckham Ward,6.385777,Medium,6,3
Clapham East Ward,6.3543262,Medium,6,3
Woolwich Common Ward,6.3500576,Medium,6,3
South Balham Ward,6.3367376,Medium,6,3
Cann Hall Ward,6.3342757,Medium,6,3
Abbey Wood Ward,6.3239484,Medium,6,3
Shadwell Ward,6.316378,Medium,6,3
Pitshanger Ward,6.3143325,Medium,6,3
Colliers Wood Ward,6.3119936,Medium,6,3
Fulham Reach Ward,6.3065863,Medium,6,3
Palace & Hurlingham Ward,6.303827,Medium,6,3
Yeading Ward,6.295553,Medium,6,3
North Richmond Ward,6.288713,Medium,6,3
Hanwell Broadway Ward,6.2816696,Medium,6,3
Rainham & Wennington Ward,6.2771993,Medium,6,3
Vincent Square Ward,6.276415,Medium,6,3
Canning Town North Ward,6.2754498,Medium,6,3
Plaistow North Ward,6.264759,Medium,6,3
Bedfont Ward,6.250383,Medium,6,3
Kingston Town Ward,6.2490177,Medium,6,3
Little Ilford Ward,6.2418942,Medium,6,3
Wembley Hill Ward,6.229059,Medium,6,3
Chadwell Heath Ward,6.221547,Medium,6,3
Coningham Ward,6.2200613,Medium,6,3
Bickley & Sundridge Ward,6.2133,Medium,6,3
Eastcote Ward,6.1994696,Medium,6,3
Hounslow Heath Ward,6.1851935,Medium,6,3
High Barnet Ward,6.1806226,Medium,6,3
Higham Hill Ward,6.171705,Medium,6,3
Heston Central Ward,6.1647635,Medium,6,3
Syon & Brentford Lock Ward,6.1470523,Medium,6,3
Orpington Ward,6.143042,Medium,6,3
North Hanwell Ward,6.1378727,Medium,6,3
Vauxhall Ward,6.1186833,Medium,6,3
Woodberry Down Ward,6.1075807,Medium,6,3
Erith Ward,6.094345,Medium,6,3
Lewisham Central Ward,6.0850616,Medium,6,3
West Kensington Ward,6.0763707,Medium,6,3
Pinner Ward,6.0633755,Medium,6,3
Cranford Ward,6.0611863,Medium,6,3
St. Margarets & North Twickenham Ward,6.0473533,Medium,6,3
William Morris Ward,6.0286503,Medium,6,3
Roxeth Ward,6.0253477,Medium,6,3
Fulham Town Ward,6.024411,Medium,6,3
Bromley North Ward,6.0089035,Medium,6,3
St. Martin's Ward,6.0012584,Medium,6,3
Queen's Gate Ward,5.9999146,Medium,6,3
Alperton Ward,5.9770207,Medium,6,3
Newington Ward,5.975738,Medium,6,3
Myatt's Fields Ward,5.9720464,Medium,6,3
Chiswick Riverside Ward,5.938133,Medium,6,3
Barnes Ward,5.927565,Medium,6,3
Pembridge Ward,5.9258437,Medium,6,3
Falconbrook Ward,5.9158645,Medium,6,3
Walham Green Ward,5.9026685,Medium,6,3
Stanmore Ward,5.898563,Medium,6,3
Holland Ward,5.8957863,Medium,6,3
Ickenham & South Harefield Ward,5.8886976,Medium,6,3
Harrow Weald Ward,5.8880053,Medium,6,3
Queen's Park Ward,5.883823,Medium,6,3
Stepney Green Ward,5.8581476,Medium,6,3
Shepherd's Bush Green Ward,5.850489,Medium,6,3
Squirrels Heath Ward,5.850379,Medium,6,3
Cranbrook Ward,5.8371277,Medium,6,3
Wandle Ward (E05014026),5.819994,Medium,6,3
Longbridge Ward,5.8178554,Medium,6,3
Bellingham Ward,5.8145227,Medium,6,3
Hermitage & Gardens Ward,5.814517,Medium,6,3
Wimbledon Park Ward,5.812645,Medium,6,3
Streatham Hill East Ward,5.811403,Medium,6,3
Chapel End Ward,5.7867994,Medium,6,3
Muswell Hill Ward,5.782139,Medium,6,3
King's Park Ward,5.7587323,Medium,6,3
Hatch Lane & Highams Park North Ward,5.7559066,Medium,6,3
Bromley Common & Holwood Ward,5.7441874,Medium,6,3
Clayhall Ward,5.7295365,Medium,6,3
Northfield Ward,5.72802,Medium,6,3
New Southgate Ward,5.720975,Medium,6,3
Heston West Ward,5.7068763,Medium,6,3
Havering-atte-Bower Ward,5.7041636,Medium,6,3
"Mottingham, Coldharbour & New Eltham Ward",5.6879225,Medium,6,3
Twickenham Riverside Ward,5.684358,Medium,6,3
West Ham Ward,5.6802626,Medium,6,3
Colindale North Ward,5.6573772,Medium,6,3
Manor Park Ward,5.6486692,Medium,6,3
Elm Park Ward,5.6402407,Medium,6,3
Mayesbrook Ward,5.6370373,Medium,6,3
South Hornchurch Ward,5.625617,Medium,6,3
Royal Albert Ward,5.6019773,Low,3,3
Pinner South Ward,5.599578,Low,3,3
Northcote Ward,5.5957775,Low,3,3
Plumstead Common Ward,5.5882645,Low,3,3
Feltham West Ward,5.5873756,Low,3,3
Barnhill Ward,5.5782576,Low,3,3
Bowes Ward,5.541096,Low,3,3
Lady Margaret Ward,5.514106,Low,3,3
Kingsbury Ward,5.5053096,Low,3,3
Heston East Ward,5.5052705,Low,3,3
Brentford East Ward,5.5011315,Low,3,3
Wall End Ward,5.4969196,Low,3,3
Cazenove Ward,5.4967456,Low,3,3
St. Ann's Ward,5.4872828,Low,3,3
Norbury & Pollards Hill Ward,5.4761224,Low,3,3
Edgwarebury Ward,5.471091,Low,3,3
Chingford Green Ward,5.4705257,Low,3,3
New Cross Gate Ward,5.467809,Low,3,3
Trinity Ward,5.462156,Low,3,3
Headstone Ward,5.456139,Low,3,3
St. Andrew's Ward,5.4432507,Low,3,3
Plaistow Ward,5.438613,Low,3,3
Bridge Ward (E05011236),5.4375186,Low,3,3
Hampstead Town Ward,5.436407,Low,3,3
Feltham North Ward,5.4310646,Low,3,3
Dormers Wells Ward,5.428738,Low,3,3
Chelsea Riverside Ward,5.425615,Low,3,3
Highfield Ward,5.4065547,Low,3,3
Northbury Ward,5.401286,Low,3,3
St. Edward's Ward,5.3905034,Low,3,3
Hampton Ward,5.3820467,Low,3,3
Bounds Green Ward,5.368742,Low,3,3
Crayford Ward,5.3660674,Low,3,3
New Malden Village Ward,5.3551464,Low,3,3
Mayfield Ward,5.354847,Low,3,3
Harold Wood Ward,5.3499193,Low,3,3
Charlton Village & Riverside Ward,5.3470645,Low,3,3
Stockwell East Ward,5.345394,Low,3,3
Mawneys Ward,5.343874,Low,3,3
Woolwich Dockyard Ward,5.3233547,Low,3,3
Centenary Ward,5.323265,Low,3,3
Grove Ward,5.3219733,Low,3,3
Limehouse Ward,5.310808,Low,3,3
Newbury Ward,5.291295,Low,3,3
Preston Ward,5.28811,Low,3,3
Avonmore Ward,5.2837734,Low,3,3
Brentford West Ward,5.281542,Low,3,3
St. James Ward,5.2733874,Low,3,3
Northwood Hills Ward,5.2643795,Low,3,3
Fairlop Ward,5.261377,Low,3,3
Brook Green Ward,5.2577453,Low,3,3
Beddington Ward,5.25094,Low,3,3
Alexandra Park Ward,5.2372766,Low,3,3
Abbey Ward (E05013810),5.2272005,Low,3,3
Ridgeway Ward,5.2178683,Low,3,3
Shortlands & Park Langley Ward,5.211856,Low,3,3
Grove Green Ward,5.192863,Low,3,3
West Twickenham Ward,5.1864867,Low,3,3
Underhill Ward,5.184983,Low,3,3
Winchmore Hill Ward,5.18135,Low,3,3
Kenton East Ward,5.1591268,Low,3,3
Camden Square Ward,5.1255965,Low,3,3
Sidcup Ward,5.120976,Low,3,3
Beam Ward,5.1195807,Low,3,3
Hylands & Harrow Lodge Ward,5.1113834,Low,3,3
Wood Street Ward,5.098178,Low,3,3
Becontree Ward,5.0928903,Low,3,3
Southall Broadway Ward,5.092217,Low,3,3
Sands End Ward,5.089787,Low,3,3
Sutton Central Ward,5.0673285,Low,3,3
Northwood Ward,5.067072,Low,3,3
Poplar Ward,5.0638804,Low,3,3
Frognal Ward,5.0631943,Low,3,3
St. George's Ward,5.0510936,Low,3,3
Hampton Wick & South Teddington Ward,5.0458345,Low,3,3
Addiscombe East Ward,5.045086,Low,3,3
Dulwich Hill Ward,5.042406,Low,3,3
Mottingham Ward,5.03528,Low,3,3
Gascoigne Ward,5.0106964,Low,3,3
Barking Riverside Ward,5.006243,Low,3,3
Shirley North Ward,5.005309,Low,3,3
Hayes & Coney Hall Ward,4.990437,Low,3,3
Hillingdon East Ward,4.9873757,Low,3,3
Marshalls & Rise Park Ward,4.9866652,Low,3,3
Norbury Park Ward,4.9787893,Low,3,3
Kentish Town North Ward,4.971751,Low,3,3
Carshalton Central Ward,4.951865,Low,3,3
Northwick Park Ward,4.950525,Low,3,3
Upper Walthamstow Ward,4.9380517,Low,3,3
Ravenscourt Ward,4.9315352,Low,3,3
Marlborough Ward,4.9250827,Low,3,3
Green Street East Ward,4.9051137,Low,3,3
Fulwell & Hampton Hill Ward,4.89639,Low,3,3
Seven Kings Ward,4.883034,Low,3,3
Isleworth Ward,4.8740425,Low,3,3
Coulsdon Town Ward,4.865688,Low,3,3
Notting Dale Ward,4.8509655,Low,3,3
Hounslow South Ward,4.8451686,Low,3,3
Hounslow East Ward,4.8431325,Low,3,3
Southfields Ward,4.841732,Low,3,3
Graveney Ward,4.8126993,Low,3,3
Wallington North Ward,4.8102584,Low,3,3
Figge's Marsh Ward,4.808557,Low,3,3
"Ham, Petersham & Richmond Riverside Ward",4.808231,Low,3,3
Charlton Hornfair Ward,4.7877507,Low,3,3
West Wickham Ward,4.7820654,Low,3,3
Cricket Green Ward,4.7819414,Low,3,3
Addison Ward,4.7748065,Low,3,3
Champion Hill Ward,4.771369,Low,3,3
Raynes Park Ward,4.767214,Low,3,3
Teddington Ward,4.755751,Low,3,3
Sutton South Ward,4.733949,Low,3,3
Peckham Rye Ward,4.7246885,Low,3,3
Grange Park Ward,4.7223883,Low,3,3
East Wickham Ward,4.7149296,Low,3,3
Wallington South Ward,4.6927323,Low,3,3
Alibon Ward,4.681914,Low,3,3
New Addington South Ward,4.679649,Low,3,3
Brownswood Ward,4.6762724,Low,3,3
Wimbledon Town & Dundonald Ward,4.674515,Low,3,3
Gipsy Hill Ward,4.6706443,Low,3,3
Slade Green & Northend Ward,4.664911,Low,3,3
Bexleyheath Ward,4.662609,Low,3,3
Green Street West Ward,4.6393857,Low,3,3
Shooters Hill Ward,4.6192746,Low,3,3
Whitton Ward,4.6149554,Low,3,3
Forest Gate North Ward,4.5999684,Low,3,3
Hanworth Park Ward,4.599905,Low,3,3
Upminster Ward,4.5944576,Low,3,3
Wendell Park Ward,4.5838175,Low,3,3
Longthornton Ward,4.5779276,Low,3,3
St. Helier Ward,4.5589437,Low,3,3
Coombe Hill Ward,4.55799,Low,3,3
Boleyn Ward,4.536502,Low,3,3
Sanderstead Ward,4.5353303,Low,3,3
Markhouse Ward,4.535329,Low,3,3
Thamesmead East Ward,4.5193977,Low,3,3
Hampton North Ward,4.512675,Low,3,3
Pollards Hill Ward,4.5095696,Low,3,3
Island Gardens Ward,4.5087247,Low,3,3
Wealdstone North Ward,4.5056615,Low,3,3
Harrow on the Hill Ward,4.4839253,Very Low,1,3
Heathfield Ward,4.478297,Very Low,1,3
Wembley Central Ward,4.463872,Very Low,1,3
Parsons Green & Sandford Ward,4.4448066,Very Low,1,3
St. Helen's Ward,4.4427786,Very Low,1,3
Shirley South Ward,4.442411,Very Low,1,3
Stamford Hill West Ward,4.439762,Very Low,1,3
Norbiton Ward,4.439087,Very Low,1,3
Norland Ward,4.438868,Very Low,1,3
Hale End & Highams Park South Ward,4.433059,Very Low,1,3
Cheam Ward,4.4221973,Very Low,1,3
White City Ward,4.4116592,Very Low,1,3
Charville Ward,4.407504,Very Low,1,3
West Thamesmead Ward,4.3900905,Very Low,1,3
Canons Ward,4.3865013,Very Low,1,3
Lillie Ward,4.3653398,Very Low,1,3
South Twickenham Ward,4.358257,Very Low,1,3
Wanstead Park Ward,4.3411775,Very Low,1,3
Merton Park Ward,4.3405957,Very Low,1,3
St. Helier West Ward,4.335083,Very Low,1,3
Monkhams Ward,4.322915,Very Low,1,3
Canning Town South Ward,4.32139,Very Low,1,3
Sutton North Ward,4.289487,Very Low,1,3
Cathall Ward,4.2781997,Very Low,1,3
Kidbrooke Park Ward,4.274119,Very Low,1,3
Heath Ward,4.2734146,Very Low,1,3
Purley Oaks & Riddlesdown Ward,4.2637806,Very Low,1,3
Chelsfield Ward,4.2231126,Very Low,1,3
Endlebury Ward,4.220195,Very Low,1,3
Pimlico South Ward,4.201997,Very Low,1,3
Cannon Hill Ward,4.1886477,Very Low,1,3
Streatham Wells Ward,4.162581,Very Low,1,3
Sudbury Ward,4.10136,Very Low,1,3
Hatch End Ward,4.100589,Very Low,1,3
Oakwood Ward,4.0674376,Very Low,1,3
Eltham Park & Progress Ward,4.052254,Very Low,1,3
Ravensbury Ward,4.031073,Very Low,1,3
Farnborough & Crofton Ward,4.0284176,Very Low,1,3
Clementswood Ward,4.0258656,Very Low,1,3
Abbey Ward (E05014053),4.0239334,Very Low,1,3
Thamesmead Moorings Ward,4.005036,Very Low,1,3
South Beddington & Roundshaw Ward,3.993802,Very Low,1,3
Blackfen & Lamorbey Ward,3.9747925,Very Low,1,3
The Wrythe Ward,3.9669204,Very Low,1,3
Surbiton Hill Ward,3.9491236,Very Low,1,3
Falconwood & Welling Ward,3.9235814,Very Low,1,3
West Barnes Ward,3.907498,Very Low,1,3
St. Mark's & Seething Wells Ward,3.9066155,Very Low,1,3
Coombe Vale Ward,3.896654,Very Low,1,3
Crook Log Ward,3.8436313,Very Low,1,3
Ruislip Manor Ward,3.8349419,Very Low,1,3
Roxbourne Ward,3.8115935,Very Low,1,3
Tolworth Ward,3.7943554,Very Low,1,3
Middle Park & Horn Park Ward,3.7599955,Very Low,1,3
Eltham Page Ward,3.7531128,Very Low,1,3
St. Mary's & St. James Ward,3.7336023,Very Low,1,3
Dalgarno Ward,3.7295153,Very Low,1,3
Hillingdon West Ward,3.728048,Very Low,1,3
Wormholt Ward,3.7098687,Very Low,1,3
Carshalton South & Clockhouse Ward,3.7019525,Very Low,1,3
Northumberland Heath Ward,3.6968012,Very Low,1,3
Kenley Ward,3.6655498,Very Low,1,3
St. Alban's Ward,3.6547697,Very Low,1,3
Stonecot Ward,3.6420343,Very Low,1,3
Selsdon & Addington Village Ward,3.6418686,Very Low,1,3
Belmont Ward (E05013542),3.6405172,Very Low,1,3
Wandle Ward (E05013826),3.6322682,Very Low,1,3
Blendon & Penhill Ward,3.6265783,Very Low,1,3
Kenton West Ward,3.591934,Very Low,1,3
Lower Morden Ward,3.584804,Very Low,1,3
North Cheam Ward,3.5781436,Very Low,1,3
Wembley Park Ward,3.5739033,Very Low,1,3
Rayners Lane Ward,3.564586,Very Low,1,3
Wealdstone South Ward,3.561968,Very Low,1,3
Belmont Ward (E05013755),3.5508997,Very Low,1,3
Kidbrooke Village & Sutcliffe Ward,3.534004,Very Low,1,3
Lavender Fields Ward,3.5122788,Very Low,1,3
Tokyngton Ward,3.4943554,Very Low,1,3
Kingston Gate Ward,3.4703162,Very Low,1,3
Plashet Ward,3.422733,Very Low,1,3
Beam Park Ward,3.3954556,Very Low,1,3
Thames View Ward,3.3847516,Very Low,1,3
Cranham Ward,3.3609302,Very Low,1,3
Green Lane & St. James Ward,3.2936847,Very Low,1,3
North Harrow Ward,3.2899106,Very Low,1,3
St. Helier East Ward,3.2861423,Very Low,1,3
West Heath Ward,3.2018917,Very Low,1,3
Park Hill & Whitgift Ward,3.1830952,Very Low,1,3
Canbury Gardens Ward,3.1704118,Very Low,1,3
Hillside Ward,3.1502666,Very Low,1,3
Eastbrook & Rush Green Ward,3.1495879,Very Low,1,3
Farringdon Without Ward,3.1231751,Very Low,1,3
Sutton West & East Cheam Ward,3.1096354,Very Low,1,3
West Harrow Ward,3.042341,Very Low,1,3
Old Coulsdon Ward,3.0116482,Very Low,1,3
Nine Elms Ward,2.9945474,Very Low,1,3
Darwin Ward,2.9756641,Very Low,1,3
Hackbridge Ward,2.9647284,Very Low,1,3
New Addington North Ward,2.9492605,Very Low,1,3
Southall West Ward,2.9141023,Very Low,1,3
Hook & Chessington North Ward,2.8788376,Very Low,1,3
Selsdon Vale & Forestdale Ward,2.8399734,Very Low,1,3
King George's & Sunray Ward,2.8331764,Very Low,1,3
Barnehurst Ward,2.7388906,Very Low,1,3
Emerson Park Ward,2.709268,Very Low,1,3
Worcester Park North Ward,2.7056077,Very Low,1,3
Tudor Ward,2.675945,Very Low,1,3
Old Malden Ward,2.6123352,Very Low,1,3
Harefield Village Ward,2.5541027,Very Low,1,3
Worcester Park South Ward,2.5280416,Very Low,1,3
Biggin Hill Ward,2.4575129,Very Low,1,3
Motspur Park & Old Malden East Ward,2.3781905,Very Low,1,3
Longlands Ward,2.3679388,Very Low,1,3
Alexandra Ward,2.353178,Very Low,1,3
Berrylands Ward,2.2140973,Very Low,1,3
Chessington South & Malden Rushett Ward,2.196252,Very Low,1,3
Hacton Ward,2.1428242,Very Low,1,3
Castle Baynard Ward,2.1373904,Very Low,1,3
Farringdon Within Ward,2.1259568,Very Low,1,3
Tower Ward,1.7611692,Very Low,1,3
Bishopsgate Ward,1.7529984,Very Low,1,3
Aldgate Ward,1.3224399,Very Low,1,3
Cripplegate Ward,1.0263455,Very Low,1,3
Coleman Street Ward,0.8011816,Very Low,1,3
Queenhithe Ward,0.7339517,Very Low,1,3
Portsoken Ward,0.7050336,Very Low,1,3
Bridge Ward (E05009294),0.69662386,Very Low,1,3
Vintry Ward,0.6741072,Very Low,1,3
Cordwainer Ward,0.6733221,Very Low,1,3
Cheap Ward,0.66013014,Very Low,1,3
Dowgate Ward,0.58736145,Very Low,1,3
Aldersgate Ward,0.5562835,Very Low,1,3
Bassishaw Ward,0.4443744,Very Low,1,3
Cornhill Ward,0.43105957,Very Low,1,3
Walbrook Ward,0.43105957,Very Low,1,3
Broad Street Ward,0.43105957,Very Low,1,3
Candlewick Ward,0.43105957,Very Low,1,3
Bread Street Ward,0.43105957,Very Low,1,3
Lime Street Ward,0.43105957,Very Low,1,3
Langbourn Ward,0.43105957,Very Low,1,3
Billingsgate Ward,0.4274341,Very Low,1,3
West End Ward,42.97906,Very High,18,4
St. James's Ward,23.265995,Very High,18,4
Bloomsbury Ward,20.387774,Very High,17,4
Marylebone Ward,20.06702,Very High,17,4
Hoxton East & Shoreditch Ward,19.00954,Very High,17,4
Holborn & Covent Garden Ward,18.14772,Very High,17,4
Bethnal Green West Ward,17.348162,Very High,17,4
Fairfield Ward,16.887674,Very High,17,4
Childs Hill Ward,16.577147,Very High,17,4
Borough & Bankside Ward,16.203604,Very High,17,4
Rushey Green Ward,15.508453,Very High,17,4
Lancaster Gate Ward,15.343522,Very High,17,4
Hyde Park Ward,14.984747,Very High,17,4
London Bridge & West Bermondsey Ward,14.9462385,Very High,17,4
Deptford Ward,14.672449,Very High,17,4
Spitalfields & Banglatown Ward,14.465462,Very High,17,4
Bow East Ward,14.264034,Very High,17,4
Hendon Ward,14.050631,Very High,17,4
Bayswater Ward,13.20487,Very High,17,4
London Fields Ward,13.152798,Very High,17,4
Bethnal Green East Ward,13.127078,Very High,17,4
Whitechapel Ward,13.076861,Very High,17,4
Stonebridge Ward,12.445331,Very High,17,4
Weavers Ward,12.424963,Very High,17,4
Brixton Acre Lane Ward,12.362682,Very High,17,4
Clapham Town Ward,12.358552,Very High,17,4
Bunhill Ward,12.257909,Very High,17,4
Lea Bridge Ward (E05009380),12.251247,Very High,17,4
Mile End Ward,12.23067,Very High,17,4
Northumberland Park Ward,12.1538,Very High,17,4
Clerkenwell Ward,11.840205,Very High,17,4
Brockley Ward,11.660593,Very High,17,4
Lansbury Ward,11.545733,Very High,17,4
Rye Lane Ward,11.395908,Very High,17,4
Queens Park Ward,11.388552,Very High,17,4
Finsbury Park Ward,11.379745,Very High,17,4
Dollis Hill Ward,11.276237,Very High,17,4
North Walworth Ward,11.14663,Very High,17,4
North Acton Ward,10.97336,Very High,17,4
Junction Ward,10.94044,Very High,17,4
Balham Ward,10.907594,Very High,17,4
Kilburn Ward (E05013503),10.84655,Very High,17,4
Dalston Ward,10.769254,Very High,17,4
Harlesden & Kensal Green Ward,10.763491,Very High,17,4
Herne Hill & Loughborough Junction Ward,10.739004,Very High,17,4
Finchley Church End Ward,10.735942,Very High,17,4
South Bermondsey Ward,10.521178,Very High,17,4
Wandsworth Town Ward,10.486012,Very High,17,4
North Bermondsey Ward,10.225195,Very High,17,4
Edmonton Green Ward,10.174345,Very High,17,4
Hoxton West Ward,10.08151,Very High,17,4
Hither Green Ward,10.027774,Very High,17,4
Broad Green Ward,10.024861,Very High,17,4
Harringay Ward,9.949128,Very High,17,4
Greenwich Peninsula Ward,9.926926,Very High,17,4
Brimsdown Ward,9.888491,Very High,17,4
Streatham St. Leonard's Ward,9.80219,Very High,17,4
West Thornton Ward,9.792509,Very High,17,4
Camberwell Green Ward,9.678024,Very High,17,4
Waterloo & South Bank Ward,9.668341,Very High,17,4
Burnt Oak Ward,9.649947,Very High,17,4
Brompton & Hans Town Ward,9.631037,Very High,17,4
Stratford Ward,9.554929,Very High,17,4
Hackney Wick Ward,9.54165,Very High,17,4
Haggerston Ward,9.525286,Very High,17,4
Hackney Central Ward,9.525077,Very High,17,4
Penge & Cator Ward,9.516568,Very High,17,4
St. Mary Cray Ward,9.501004,Very High,17,4
Mildmay Ward,9.42813,Very High,17,4
Noel Park Ward,9.420477,Very High,17,4
Upper Edmonton Ward,9.340529,Very High,17,4
St. Giles Ward,9.336892,Very High,17,4
Homerton Ward,9.33154,Very High,17,4
Hackney Downs Ward,9.302786,Very High,17,4
Sydenham Ward,9.286947,Very High,17,4
Brixton Windrush Ward,9.284332,Very High,17,4
Tollington Ward,9.236013,Very High,17,4
Chaucer Ward,9.230545,Very High,17,4
Victoria Ward,9.22372,Very High,17,4
Knightsbridge & Belgravia Ward,9.204158,Very High,17,4
Edgware Ward (E05013637),9.197265,Very High,17,4
St. Paul's Cray Ward,9.167813,Very High,17,4
Crouch End Ward,9.120931,Very High,17,4
Willesden Green Ward,9.072236,Very High,17,4
Thamesfield Ward,9.056129,Very High,17,4
East Greenwich Ward,9.049612,Very High,17,4
Tooting Broadway Ward,9.0250025,Very High,17,4
Waddon Ward,8.992553,Very High,17,4
Stoke Newington Ward,8.838476,Very High,17,4
Bruce Castle Ward,8.83069,Very High,17,4
West Finchley Ward,8.801442,Very High,17,4
Ladywell Ward,8.786277,Very High,17,4
Camden Town Ward,8.768621,Very High,17,4
Highbury Ward,8.70085,Very High,17,4
Bow West Ward,8.650615,Very High,17,4
East Acton Ward,8.622262,Very High,17,4
Uxbridge Ward,8.616825,Very High,17,4
Old Kent Road Ward,8.612195,Very High,17,4
Nunhead & Queen's Road Ward,8.612053,Very High,17,4
South Acton Ward,8.543162,Very High,17,4
Courtfield Ward,8.523794,Very High,17,4
Mill Hill Ward,8.475669,Very High,17,4
Highgate Ward (E05013592),8.463442,Very High,17,4
Regent's Park Ward (E05013668),8.438935,Very High,17,4
Forest Hill Ward,8.438119,Very High,17,4
Friern Barnet Ward,8.431148,Very High,17,4
Stockwell West & Larkhall Ward,8.427828,Very High,17,4
Enfield Lock Ward,8.427686,Very High,17,4
Battersea Park Ward,8.421033,Very High,17,4
Hanger Hill Ward,8.346365,Very High,17,4
Perry Vale Ward,8.292575,Very High,17,4
Kilburn Ward (E05013665),8.269124,Very High,17,4
Brixton Rush Common Ward,8.26603,Very High,17,4
Colville Ward,8.26133,Very High,17,4
Tottenham Central Ward,8.241804,Very High,17,4
West Hendon Ward,8.202317,Very High,17,4
Cricklewood & Mapesbury Ward,8.1480055,Very High,17,4
West Green Ward,8.129438,Very High,17,4
Faraday Ward,8.114434,Very High,17,4
St. Mary's & St. James' Ward,8.060314,Very High,17,4
Surrey Docks Ward,8.017092,Very High,17,4
Forest Gate South Ward,8.016462,Very High,17,4
Rotherhithe Ward,7.9694266,Very High,17,4
Canonbury Ward,7.96257,Very High,17,4
Purley & Woodcote Ward,7.9617853,Very High,17,4
Ealing Common Ward,7.9415097,Very High,17,4
Hillrise Ward,7.9166384,Very High,17,4
Heathrow Villages Ward,7.855307,Very High,17,4
Heaton Ward,7.8386946,Very High,17,4
St. Katharine's & Wapping Ward,7.831753,Very High,17,4
Chiswick Gunnersbury Ward,7.816932,Very High,17,4
Hoe Street Ward,7.816197,Very High,17,4
Springfield Ward,7.770082,Very High,17,4
Plumstead & Glyndon Ward,7.7370915,Very High,17,4
Brixton North Ward,7.724208,Very High,17,4
Roehampton Ward,7.718246,Very High,17,4
Lavender Ward,7.7050295,Very High,17,4
Crystal Palace & Upper Norwood Ward,7.6940136,Very High,17,4
Stratford Olympic Park Ward,7.6926346,Very High,17,4
Cricklewood Ward,7.686247,Very High,17,4
Clissold Ward,7.674309,Very High,17,4
Downham Ward,7.6479454,High,9,4
West Putney Ward,7.633922,High,9,4
Regent's Park Ward (E05013805),7.6239123,High,9,4
St. Mary's Ward,7.617324,High,9,4
Knight's Hill Ward,7.610821,High,9,4
South Richmond Ward,7.5998235,High,9,4
Brondesbury Park Ward,7.599594,High,9,4
Canary Wharf Ward,7.5831065,High,9,4
South Tottenham Ward,7.5632687,High,9,4
South Norwood Ward,7.557552,High,9,4
Goose Green Ward,7.536899,High,9,4
De Beauvoir Ward,7.512827,High,9,4
Evelyn Ward,7.5124803,High,9,4
Kennington Ward,7.5042624,High,9,4
Roundwood Ward,7.491933,High,9,4
Catford South Ward,7.483723,High,9,4
St. Peter's & Canalside Ward,7.483699,High,9,4
Barnet Vale Ward,7.4358945,High,9,4
Tottenham Hale Ward,7.426159,High,9,4
White Hart Lane Ward,7.424236,High,9,4
South Croydon Ward,7.416248,High,9,4
West Hampstead Ward,7.412632,High,9,4
Oval Ward,7.3664412,High,9,4
Thornton Heath Ward,7.3200173,High,9,4
Gooshays Ward,7.3153753,High,9,4
Blackheath Westcombe Ward,7.2799497,High,9,4
King's Cross Ward,7.2711654,High,9,4
Jubilee Ward,7.2645693,High,9,4
Blackheath Ward,7.2603827,High,9,4
Arsenal Ward,7.2429366,High,9,4
Wood End Ward,7.2284055,High,9,4
Streatham Hill West & Thornton Ward,7.2175846,High,9,4
Telegraph Hill Ward,7.20825,High,9,4
Chiswick Homefields Ward,7.179243,High,9,4
Belsize Ward,7.169363,High,9,4
Custom House Ward,7.163369,High,9,4
Blackwall & Cubitt Town Ward,7.1511536,High,9,4
Selhurst Ward,7.141295,High,9,4
Haselbury Ward,7.101507,High,9,4
Garden Suburb Ward,7.0993814,High,9,4
Laycock Ward,7.093237,High,9,4
Golders Green Ward,7.0909443,High,9,4
Whitewebbs Ward,7.0448184,High,9,4
Abbey Road Ward,7.041598,High,9,4
Central Greenford Ward,7.0227785,High,9,4
Mortlake & Barnes Common Ward,6.995048,High,9,4
Lea Bridge Ward (E05013895),6.9941816,High,9,4
Colham & Cowley Ward,6.960777,High,9,4
Clapham Common & Abbeville Ward,6.9354005,High,9,4
Ponders End Ward,6.8542204,High,9,4
College Park & Old Oak Ward,6.8327003,High,9,4
Shaftesbury & Queenstown Ward,6.8231974,High,9,4
Crystal Palace & Anerley Ward,6.815349,High,9,4
Earl's Court Ward,6.8153486,High,9,4
Woodhouse Ward,6.8027873,High,9,4
Valley Ward,6.7791104,High,9,4
Crofton Park Ward,6.7527695,High,9,4
Hornsey Ward,6.750443,High,9,4
Hounslow Central Ward,6.747173,High,9,4
East Putney Ward,6.739022,High,9,4
St. Pancras & Somers Town Ward,6.73363,High,9,4
Tufnell Park Ward,6.6753325,High,9,4
East Ham Ward,6.6656737,High,9,4
Hayes Town Ward,6.663949,High,9,4
Plaistow West & Canning Town East Ward,6.657235,High,9,4
Ilford Town Ward,6.65456,High,9,4
Whalebone Ward,6.643568,High,9,4
Campden Ward,6.6357107,High,9,4
Maida Vale Ward,6.61427,High,9,4
Caledonian Ward,6.6101794,High,9,4
Kew Ward,6.6094365,High,9,4
Holloway Ward,6.6045566,High,9,4
Redcliffe Ward,6.5943727,High,9,4
Welsh Harp Ward,6.5842376,High,9,4
Primrose Hill Ward,6.5711164,High,9,4
Golborne Ward,6.559462,High,9,4
Royal Hospital Ward,6.5465665,High,9,4
Stroud Green Ward,6.541456,High,9,4
Greenwich Park Ward,6.539904,High,9,4
East Barnet Ward,6.5330243,High,9,4
Queensbury Ward,6.5253916,High,9,4
Bromley South Ward,6.5026813,High,9,4
Kentish Town South Ward,6.4956255,High,9,4
Forest Ward,6.473407,High,9,4
Lower Edmonton Ward,6.457143,High,9,4
Westbourne Ward,6.432146,High,9,4
Addiscombe West Ward,6.4305134,High,9,4
Fortune Green Ward,6.428104,High,9,4
Goodmayes Ward,6.4237843,High,9,4
St. Dunstan's Ward,6.414388,High,9,4
Beckenham Town & Copers Cope Ward,6.4071345,High,9,4
Streatham Common & Vale Ward,6.4049473,High,9,4
Harrow Road Ward,6.404274,High,9,4
Church Street Ward,6.401566,High,9,4
Little Venice Ward,6.374455,High,9,4
High Street Ward,6.346562,High,9,4
Greenhill Ward,6.338545,High,9,4
Pinkwell Ward,6.3288274,High,9,4
South Hampstead Ward,6.3222213,High,9,4
Valentines Ward,6.3047757,High,9,4
Northolt Mandeville Ward,6.2629614,High,9,4
Ealing Broadway Ward,6.2573376,High,9,4
Clapham East Ward,6.25701,High,9,4
Lewisham Central Ward,6.241486,High,9,4
Leyton Ward,6.2312827,High,9,4
Carterhatch Ward,6.226892,High,9,4
Furzedown Ward,6.2048197,High,9,4
Palmers Green Ward,6.2043104,High,9,4
Shacklewell Ward,6.1991076,High,9,4
Pimlico North Ward,6.191571,High,9,4
Wandsworth Common Ward,6.1887193,High,9,4
Tooting Bec Ward,6.1832323,High,9,4
Seven Sisters Ward,6.174119,High,9,4
Clapham Park Ward,6.172722,High,9,4
Bromley Town Ward,6.163226,High,9,4
Bullsmoor Ward,6.162444,High,9,4
Haverstock Ward,6.160056,High,9,4
Gospel Oak Ward,6.1403074,High,9,4
Royal Victoria Ward,6.134488,High,9,4
Leytonstone Ward,6.1337957,High,9,4
Osterley & Spring Grove Ward,6.1297507,High,9,4
Beckton Ward,6.124088,High,9,4
Norwood Green Ward,6.1220336,High,9,4
West Dulwich Ward,6.1181965,High,9,4
Shepherd's Bush Green Ward,6.1169586,High,9,4
Barnsbury Ward,6.100983,High,9,4
Hammersmith Broadway Ward,6.0988145,High,9,4
Yiewsley Ward,6.083388,High,9,4
Walpole Ward,6.081353,High,9,4
Town Ward,6.065896,High,9,4
Aldborough Ward,6.0648365,High,9,4
East Sheen Ward,6.0579286,High,9,4
Dulwich Wood Ward,6.050873,High,9,4
Goresbrook Ward,6.039714,High,9,4
Southbury Ward,6.0303745,High,9,4
Belmore Ward,6.0238843,High,9,4
Clock House Ward,6.0233545,High,9,4
Chislehurst Ward,6.0186357,High,9,4
East Ham South Ward,5.996585,High,9,4
Plaistow South Ward,5.9942408,High,9,4
Hanworth Village Ward,5.968697,High,9,4
Village Ward (E05014070),5.96052,Medium,6,4
Coningham Ward,5.9603014,Medium,6,4
Grove Park Ward,5.954261,Medium,6,4
Woodside Ward (E05013605),5.9440565,Medium,6,4
Eastbury Ward,5.942297,Medium,6,4
Stanley Ward,5.936996,Medium,6,4
West Drayton Ward,5.936417,Medium,6,4
Dulwich Village Ward,5.9219394,Medium,6,4
Munster Ward,5.915631,Medium,6,4
Wanstead Village Ward,5.909167,Medium,6,4
Abingdon Ward,5.9075813,Medium,6,4
Vauxhall Ward,5.8887305,Medium,6,4
Southfield Ward,5.868979,Medium,6,4
Brunswick Park Ward,5.865721,Medium,6,4
Greenwich Creekside Ward,5.857155,Medium,6,4
Lee Green Ward,5.8528075,Medium,6,4
Shadwell Ward,5.805347,Medium,6,4
Kenton Ward,5.799392,Medium,6,4
Fulham Town Ward,5.7907147,Medium,6,4
East Finchley Ward,5.787878,Medium,6,4
Colindale South Ward,5.78719,Medium,6,4
Greenford Broadway Ward,5.7614493,Medium,6,4
Abbey Wood Ward,5.7523274,Medium,6,4
Colliers Wood Ward,5.745213,Medium,6,4
Woodside Ward (E05011489),5.7404585,Medium,6,4
Newington Ward,5.74019,Medium,6,4
West Hill Ward,5.7353625,Medium,6,4
South Balham Ward,5.72946,Medium,6,4
Vincent Square Ward,5.727614,Medium,6,4
Belvedere Ward,5.7251024,Medium,6,4
Southgate Ward,5.7095447,Medium,6,4
Valence Ward,5.7082033,Medium,6,4
Maryland Ward,5.704966,Medium,6,4
Kingston Town Ward,5.700405,Medium,6,4
Peckham Ward,5.670742,Medium,6,4
Cann Hall Ward,5.670421,Medium,6,4
Northolt West End Ward,5.6569676,Medium,6,4
Eltham Town & Avery Hill Ward,5.655116,Medium,6,4
Perivale Ward,5.643879,Medium,6,4
Falconbrook Ward,5.641854,Medium,6,4
Loxford Ward,5.637961,Medium,6,4
Woolwich Common Ward,5.619995,Medium,6,4
Rush Green & Crowlands Ward,5.615754,Medium,6,4
Fortis Green Ward,5.6061144,Medium,6,4
Hounslow West Ward,5.5907555,Medium,6,4
Queen's Park Ward,5.5807695,Medium,6,4
Pembridge Ward,5.577169,Medium,6,4
Bush Hill Park Ward,5.565337,Medium,6,4
Chadwell Ward,5.5588164,Medium,6,4
Village Ward (E05013825),5.5355654,Medium,6,4
St. Martin's Ward,5.532919,Medium,6,4
Syon & Brentford Lock Ward,5.501165,Medium,6,4
Walham Green Ward,5.492176,Medium,6,4
Bromley North Ward,5.4906936,Medium,6,4
Myatt's Fields Ward,5.487383,Medium,6,4
Bensham Manor Ward,5.4849377,Medium,6,4
West Kensington Ward,5.483929,Medium,6,4
Hanwell Broadway Ward,5.475323,Medium,6,4
Fulham Reach Ward,5.471193,Medium,6,4
Woolwich Arsenal Ward,5.4699645,Medium,6,4
Woodberry Down Ward,5.466394,Medium,6,4
Totteridge & Woodside Ward,5.4526143,Medium,6,4
Ruislip Ward,5.4502935,Medium,6,4
Larkswood Ward,5.4427514,Medium,6,4
North Richmond Ward,5.427828,Medium,6,4
Canning Town North Ward,5.4063635,Medium,6,4
Whetstone Ward,5.4055495,Medium,6,4
Stepney Green Ward,5.3966193,Medium,6,4
Barkingside Ward,5.396303,Medium,6,4
Southall Green Ward,5.3845873,Medium,6,4
Kelsey & Eden Park Ward,5.3762627,Medium,6,4
Chiswick Riverside Ward,5.3620596,Medium,6,4
Queen's Gate Ward,5.3578258,Medium,6,4
Holland Ward,5.349746,Medium,6,4
Higham Hill Ward,5.339956,Medium,6,4
Hainault Ward,5.3293858,Medium,6,4
South Woodford Ward,5.326358,Medium,6,4
Streatham Hill East Ward,5.295105,Medium,6,4
Churchfields Ward,5.288953,Medium,6,4
Fullwell Ward,5.2888913,Medium,6,4
Pitshanger Ward,5.2878146,Medium,6,4
Petts Wood & Knoll Ward,5.2418036,Medium,6,4
Chadwell Heath Ward,5.234797,Medium,6,4
Highgate Ward (E05013661),5.233669,Medium,6,4
Palace & Hurlingham Ward,5.233628,Medium,6,4
Brentford East Ward,5.230095,Medium,6,4
Yeading Ward,5.2294374,Medium,6,4
New Cross Gate Ward,5.228585,Medium,6,4
Wembley Hill Ward,5.2284184,Medium,6,4
North Hanwell Ward,5.219695,Medium,6,4
Bedfont Ward,5.218485,Medium,6,4
Arnos Grove Ward,5.204584,Medium,6,4
Parsloes Ward,5.192311,Medium,6,4
Plaistow North Ward,5.173811,Medium,6,4
Wandle Ward (E05014026),5.1689353,Medium,6,4
Rainham & Wennington Ward,5.16756,Medium,6,4
Heston Central Ward,5.1402836,Medium,6,4
North Greenford Ward,5.1397543,Medium,6,4
Stockwell East Ward,5.138783,Medium,6,4
Royal Albert Ward,5.1331024,Medium,6,4
St. Margarets & North Twickenham Ward,5.1260924,Medium,6,4
St. George's Ward,5.1118565,Medium,6,4
Edgware Ward (E05013545),5.0973506,Medium,6,4
Hounslow Heath Ward,5.094372,Medium,6,4
King's Park Ward,5.0798845,Medium,6,4
Little Ilford Ward,5.06521,Medium,6,4
Trinity Ward,5.0652013,Medium,6,4
Muswell Hill Ward,5.0645995,Medium,6,4
Erith Ward,5.042495,Medium,6,4
South Ruislip Ward,5.041739,Medium,6,4
Hermitage & Gardens Ward,4.989524,Medium,6,4
Cranford Ward,4.9879203,Medium,6,4
William Morris Ward,4.984621,Medium,6,4
Limehouse Ward,4.9760895,Medium,6,4
Cranbrook Ward,4.971639,Medium,6,4
Alperton Ward,4.9337378,Medium,6,4
Wimbledon Park Ward,4.910407,Medium,6,4
Barnes Ward,4.897191,Medium,6,4
Chapel End Ward,4.891433,Medium,6,4
Northcote Ward,4.833898,Medium,6,4
Bounds Green Ward,4.826968,Medium,6,4
High Barnet Ward,4.819445,Medium,6,4
Ravenscourt Ward,4.8164225,Medium,6,4
Bellingham Ward,4.811678,Medium,6,4
Orpington Ward,4.8059134,Medium,6,4
Bickley & Sundridge Ward,4.794769,Medium,6,4
Longbridge Ward,4.790584,Medium,6,4
Eastcote Ward,4.7725224,Medium,6,4
Cockfosters Ward,4.7678742,Medium,6,4
Havering-atte-Bower Ward,4.7473974,Medium,6,4
Dulwich Hill Ward,4.745395,Medium,6,4
Twickenham Riverside Ward,4.7320895,Medium,6,4
Grove Ward,4.725104,Medium,6,4
Roxeth Ward,4.6992364,Medium,6,4
Brentford West Ward,4.6826363,Medium,6,4
Cazenove Ward,4.6808863,Medium,6,4
Ickenham & South Harefield Ward,4.6778884,Medium,6,4
Mayesbrook Ward,4.6754603,Medium,6,4
Squirrels Heath Ward,4.6683264,Medium,6,4
Camden Square Ward,4.667226,Medium,6,4
Manor Park Ward,4.664229,Low,3,4
Brook Green Ward,4.664128,Low,3,4
Northfield Ward,4.6606355,Low,3,4
Heston West Ward,4.654445,Low,3,4
Hatch Lane & Highams Park North Ward,4.649536,Low,3,4
Stanmore Ward,4.631432,Low,3,4
St. Ann's Ward,4.6241236,Low,3,4
West Ham Ward,4.6186666,Low,3,4
Plumstead Common Ward,4.6094804,Low,3,4
Heston East Ward,4.5828786,Low,3,4
Hounslow East Ward,4.5800767,Low,3,4
Gipsy Hill Ward,4.5781717,Low,3,4
Woolwich Dockyard Ward,4.574529,Low,3,4
Sands End Ward,4.5729675,Low,3,4
Avonmore Ward,4.556379,Low,3,4
Harrow Weald Ward,4.5548873,Low,3,4
New Southgate Ward,4.552359,Low,3,4
Charlton Village & Riverside Ward,4.5463796,Low,3,4
Chelsea Riverside Ward,4.517607,Low,3,4
Addison Ward,4.5084133,Low,3,4
Wall End Ward,4.506449,Low,3,4
Brownswood Ward,4.4864116,Low,3,4
Feltham North Ward,4.4796486,Low,3,4
Hampstead Town Ward,4.469175,Low,3,4
Grove Green Ward,4.4452615,Low,3,4
Kingsbury Ward,4.4271326,Low,3,4
Barnhill Ward,4.416901,Low,3,4
Bowes Ward,4.415314,Low,3,4
Feltham West Ward,4.4106646,Low,3,4
"Mottingham, Coldharbour & New Eltham Ward",4.4079914,Low,3,4
Northbury Ward,4.352182,Low,3,4
Clayhall Ward,4.352165,Low,3,4
Norbury & Pollards Hill Ward,4.3490543,Low,3,4
New Malden Village Ward,4.3437448,Low,3,4
Colindale North Ward,4.335138,Low,3,4
Wood Street Ward,4.319263,Low,3,4
South Hornchurch Ward,4.317635,Low,3,4
Elm Park Ward,4.317597,Low,3,4
Upper Walthamstow Ward,4.309567,Low,3,4
Chingford Green Ward,4.297593,Low,3,4
Bromley Common & Holwood Ward,4.292473,Low,3,4
Pinner Ward,4.279359,Low,3,4
Kentish Town North Ward,4.2610593,Low,3,4
St. Edward's Ward,4.2562613,Low,3,4
Poplar Ward,4.232937,Low,3,4
Hampton Ward,4.2203794,Low,3,4
St. James Ward,4.216641,Low,3,4
Preston Ward,4.215343,Low,3,4
Becontree Ward,4.2096157,Low,3,4
Crayford Ward,4.208197,Low,3,4
St. Helen's Ward,4.2042003,Low,3,4
Headstone Ward,4.182181,Low,3,4
Barking Riverside Ward,4.1800494,Low,3,4
Lady Margaret Ward,4.1783957,Low,3,4
Highfield Ward,4.1612163,Low,3,4
Edgwarebury Ward,4.1569285,Low,3,4
Plaistow Ward,4.1489806,Low,3,4
West Twickenham Ward,4.1335435,Low,3,4
Frognal Ward,4.1278296,Low,3,4
Sutton Central Ward,4.1116724,Low,3,4
St. Andrew's Ward,4.1071467,Low,3,4
Southall Broadway Ward,4.1032305,Low,3,4
Hampton Wick & South Teddington Ward,4.0914555,Low,3,4
Alexandra Park Ward,4.090218,Low,3,4
Beam Ward,4.089739,Low,3,4
Bridge Ward (E05011236),4.0850325,Low,3,4
Peckham Rye Ward,4.080453,Low,3,4
Abbey Ward (E05013810),4.077393,Low,3,4
Mayfield Ward,4.071896,Low,3,4
Dormers Wells Ward,4.0567074,Low,3,4
Newbury Ward,4.0502777,Low,3,4
Sidcup Ward,4.0383162,Low,3,4
Charlton Hornfair Ward,4.0354214,Low,3,4
Notting Dale Ward,4.0338707,Low,3,4
Ridgeway Ward,4.0329165,Low,3,4
Champion Hill Ward,4.0287886,Low,3,4
Lillie Ward,4.0281506,Low,3,4
Canning Town South Ward,4.015118,Low,3,4
Alibon Ward,3.9907165,Low,3,4
Beddington Ward,3.982731,Low,3,4
Sutton South Ward,3.9780252,Low,3,4
Isleworth Ward,3.9752233,Low,3,4
Mawneys Ward,3.9706697,Low,3,4
Slade Green & Northend Ward,3.9505014,Low,3,4
Addiscombe East Ward,3.9364817,Low,3,4
Cricket Green Ward,3.934865,Low,3,4
Abbey Ward (E05014053),3.9232109,Low,3,4
Island Gardens Ward,3.922844,Low,3,4
Norbury Park Ward,3.91791,Low,3,4
Harold Wood Ward,3.911924,Low,3,4
Northwood Hills Ward,3.8968914,Low,3,4
Centenary Ward,3.8943784,Low,3,4
Southfields Ward,3.8927622,Low,3,4
Figge's Marsh Ward,3.8871963,Low,3,4
New Addington South Ward,3.883076,Low,3,4
Northwood Ward,3.882145,Low,3,4
Hillingdon East Ward,3.8712192,Low,3,4
Raynes Park Ward,3.8677542,Low,3,4
Wendell Park Ward,3.8483663,Low,3,4
Fulwell & Hampton Hill Ward,3.8266778,Low,3,4
Teddington Ward,3.82463,Low,3,4
Gascoigne Ward,3.8153472,Low,3,4
"Ham, Petersham & Richmond Riverside Ward",3.8141804,Low,3,4
Wimbledon Town & Dundonald Ward,3.813989,Low,3,4
West Thamesmead Ward,3.813667,Low,3,4
Pinner South Ward,3.8120131,Low,3,4
Fairlop Ward,3.7970364,Low,3,4
Underhill Ward,3.7912574,Low,3,4
Green Street East Ward,3.7766345,Low,3,4
Kenton East Ward,3.7719195,Low,3,4
St. Helier Ward,3.764402,Low,3,4
Northwick Park Ward,3.7618496,Low,3,4
White City Ward,3.748265,Low,3,4
Grange Park Ward,3.737245,Low,3,4
Stamford Hill West Ward,3.7344084,Low,3,4
Shirley North Ward,3.7333949,Low,3,4
Mottingham Ward,3.7295933,Low,3,4
Hounslow South Ward,3.721579,Low,3,4
Hylands & Harrow Lodge Ward,3.7204301,Low,3,4
Winchmore Hill Ward,3.7026558,Low,3,4
Wallington North Ward,3.6993048,Low,3,4
Parsons Green & Sandford Ward,3.6861043,Low,3,4
Forest Gate North Ward,3.6748514,Low,3,4
Streatham Wells Ward,3.663295,Low,3,4
Seven Kings Ward,3.6561754,Low,3,4
Marlborough Ward,3.6530201,Low,3,4
Markhouse Ward,3.6524813,Low,3,4
Shooters Hill Ward,3.6523478,Low,3,4
Hale End & Highams Park South Ward,3.6379519,Low,3,4
Norland Ward,3.6198213,Low,3,4
Carshalton Central Ward,3.6042645,Low,3,4
Boleyn Ward,3.600688,Low,3,4
St. Helier West Ward,3.597543,Low,3,4
Whitton Ward,3.573786,Low,3,4
Graveney Ward,3.570097,Low,3,4
Wormholt Ward,3.5665333,Low,3,4
Coulsdon Town Ward,3.5577185,Low,3,4
Shortlands & Park Langley Ward,3.5376055,Low,3,4
Hayes & Coney Hall Ward,3.5241182,Low,3,4
Wallington South Ward,3.5221257,Low,3,4
South Twickenham Ward,3.5072875,Low,3,4
Pollards Hill Ward,3.5045917,Very Low,1,4
Marshalls & Rise Park Ward,3.4971788,Very Low,1,4
Coombe Hill Ward,3.491785,Very Low,1,4
Cathall Ward,3.4908059,Very Low,1,4
Cheam Ward,3.4695497,Very Low,1,4
Green Street West Ward,3.469322,Very Low,1,4
Thamesmead Moorings Ward,3.4527514,Very Low,1,4
Longthornton Ward,3.4440095,Very Low,1,4
Merton Park Ward,3.4418542,Very Low,1,4
West Wickham Ward,3.4388807,Very Low,1,4
Thamesmead East Ward,3.4188066,Very Low,1,4
Kidbrooke Park Ward,3.3879027,Very Low,1,4
Heath Ward,3.3853607,Very Low,1,4
Hampton North Ward,3.385253,Very Low,1,4
Norbiton Ward,3.3824358,Very Low,1,4
Hanworth Park Ward,3.3822072,Very Low,1,4
Upminster Ward,3.36146,Very Low,1,4
Wealdstone North Ward,3.3338962,Very Low,1,4
Pimlico South Ward,3.284967,Very Low,1,4
Shirley South Ward,3.2833638,Very Low,1,4
Bexleyheath Ward,3.280881,Very Low,1,4
Wandle Ward (E05013826),3.2774014,Very Low,1,4
Sanderstead Ward,3.2735355,Very Low,1,4
Dalgarno Ward,3.228378,Very Low,1,4
Wembley Central Ward,3.2260067,Very Low,1,4
Cannon Hill Ward,3.199162,Very Low,1,4
East Wickham Ward,3.1812766,Very Low,1,4
Heathfield Ward,3.15954,Very Low,1,4
Purley Oaks & Riddlesdown Ward,3.1579814,Very Low,1,4
Charville Ward,3.1542919,Very Low,1,4
Endlebury Ward,3.1483781,Very Low,1,4
Monkhams Ward,3.140211,Very Low,1,4
Harrow on the Hill Ward,3.1053874,Very Low,1,4
Canons Ward,3.1007764,Very Low,1,4
Ravensbury Ward,3.0778866,Very Low,1,4
St. Alban's Ward,3.0226512,Very Low,1,4
Kidbrooke Village & Sutcliffe Ward,3.0151992,Very Low,1,4
Sudbury Ward,2.9873316,Very Low,1,4
Hillingdon West Ward,2.968349,Very Low,1,4
Hatch End Ward,2.9609504,Very Low,1,4
Wanstead Park Ward,2.9488683,Very Low,1,4
Sutton North Ward,2.9422872,Very Low,1,4
Middle Park & Horn Park Ward,2.9302123,Very Low,1,4
St. Mark's & Seething Wells Ward,2.9279373,Very Low,1,4
Oakwood Ward,2.8815413,Very Low,1,4
Clementswood Ward,2.8802085,Very Low,1,4
Chelsfield Ward,2.8798363,Very Low,1,4
Surbiton Hill Ward,2.8784077,Very Low,1,4
South Beddington & Roundshaw Ward,2.876823,Very Low,1,4
Eltham Page Ward,2.8731024,Very Low,1,4
Coombe Vale Ward,2.8627963,Very Low,1,4
The Wrythe Ward,2.860983,Very Low,1,4
Tolworth Ward,2.8420618,Very Low,1,4
Nine Elms Ward,2.8139744,Very Low,1,4
Ruislip Manor Ward,2.806627,Very Low,1,4
Farringdon Without Ward,2.8031254,Very Low,1,4
Beam Park Ward,2.7798643,Very Low,1,4
Wembley Park Ward,2.7706099,Very Low,1,4
Eltham Park & Progress Ward,2.749121,Very Low,1,4
Farnborough & Crofton Ward,2.7113838,Very Low,1,4
Kingston Gate Ward,2.6969132,Very Low,1,4
Carshalton South & Clockhouse Ward,2.6929865,Very Low,1,4
Falconwood & Welling Ward,2.674049,Very Low,1,4
West Barnes Ward,2.6642618,Very Low,1,4
Plashet Ward,2.6558154,Very Low,1,4
Lavender Fields Ward,2.6533272,Very Low,1,4
Crook Log Ward,2.648637,Very Low,1,4
Thames View Ward,2.6395843,Very Low,1,4
Blackfen & Lamorbey Ward,2.6187987,Very Low,1,4
Hillside Ward,2.563391,Very Low,1,4
Green Lane & St. James Ward,2.555352,Very Low,1,4
Roxbourne Ward,2.5268629,Very Low,1,4
Northumberland Heath Ward,2.5208852,Very Low,1,4
Belmont Ward (E05013755),2.5170553,Very Low,1,4
North Cheam Ward,2.51645,Very Low,1,4
Kenley Ward,2.5013156,Very Low,1,4
Stonecot Ward,2.4757233,Very Low,1,4
Lower Morden Ward,2.4705129,Very Low,1,4
Canbury Gardens Ward,2.4143903,Very Low,1,4
Eastbrook & Rush Green Ward,2.4128458,Very Low,1,4
Wealdstone South Ward,2.3714552,Very Low,1,4
St. Helier East Ward,2.369419,Very Low,1,4
Selsdon & Addington Village Ward,2.3615286,Very Low,1,4
Cranham Ward,2.344134,Very Low,1,4
St. Mary's & St. James Ward,2.3397179,Very Low,1,4
Belmont Ward (E05013542),2.2893603,Very Low,1,4
Kenton West Ward,2.2805965,Very Low,1,4
Tokyngton Ward,2.2315283,Very Low,1,4
Old Coulsdon Ward,2.2082124,Very Low,1,4
New Addington North Ward,2.1806033,Very Low,1,4
Blendon & Penhill Ward,2.1794794,Very Low,1,4
Rayners Lane Ward,2.1284506,Very Low,1,4
Sutton West & East Cheam Ward,2.1180308,Very Low,1,4
North Harrow Ward,2.061853,Very Low,1,4
Park Hill & Whitgift Ward,2.052838,Very Low,1,4
Hackbridge Ward,2.039318,Very Low,1,4
Castle Baynard Ward,1.9867165,Very Low,1,4
Southall West Ward,1.9519594,Very Low,1,4
West Heath Ward,1.9473243,Very Low,1,4
Tower Ward,1.8494251,Very Low,1,4
Harefield Village Ward,1.8449142,Very Low,1,4
Selsdon Vale & Forestdale Ward,1.8302883,Very Low,1,4
Farringdon Within Ward,1.8239648,Very Low,1,4
West Harrow Ward,1.7913246,Very Low,1,4
Hook & Chessington North Ward,1.7246344,Very Low,1,4
Worcester Park North Ward,1.6802711,Very Low,1,4
Tudor Ward,1.6734929,Very Low,1,4
Old Malden Ward,1.6329993,Very Low,1,4
Bishopsgate Ward,1.6202543,Very Low,1,4
Darwin Ward,1.5652356,Very Low,1,4
Longlands Ward,1.4873532,Very Low,1,4
Berrylands Ward,1.4859875,Very Low,1,4
Emerson Park Ward,1.4778413,Very Low,1,4
King George's & Sunray Ward,1.452117,Very Low,1,4
Worcester Park South Ward,1.3989027,Very Low,1,4
Biggin Hill Ward,1.3853618,Very Low,1,4
Alexandra Ward,1.3506112,Very Low,1,4
Aldgate Ward,1.3096235,Very Low,1,4
Barnehurst Ward,1.2937332,Very Low,1,4
Chessington South & Malden Rushett Ward,1.2891164,Very Low,1,4
Motspur Park & Old Malden East Ward,1.2869017,Very Low,1,4
Hacton Ward,1.2503364,Very Low,1,4
Bridge Ward (E05009294),0.5851987,Very Low,1,4
Vintry Ward,0.56268203,Very Low,1,4
Cordwainer Ward,0.52972597,Very Low,1,4
Coleman Street Ward,0.52682745,Very Low,1,4
Cripplegate Ward,0.5238113,Very Low,1,4
Dowgate Ward,0.4912335,Very Low,1,4
Portsoken Ward,0.48654753,Very Low,1,4
Cheap Ward,0.38316178,Very Low,1,4
Queenhithe Ward,0.34961239,Very Low,1,4
Candlewick Ward,0.28746325,Very Low,1,4
Cornhill Ward,0.28746325,Very Low,1,4
Bread Street Ward,0.28746325,Very Low,1,4
Lime Street Ward,0.28746325,Very Low,1,4
Walbrook Ward,0.28746325,Very Low,1,4
Broad Street Ward,0.28746325,Very Low,1,4
Langbourn Ward,0.28746325,Very Low,1,4
Billingsgate Ward,0.15652715,Very Low,1,4
Aldersgate Ward,0.11552189,Very Low,1,4
Bassishaw Ward,-0.035361335,Very Low,1,4
West End Ward,42.817184,Very High,18,5
St. James's Ward,23.359083,Very High,18,5
Bloomsbury Ward,21.230013,Very High,17,5
Marylebone Ward,20.646059,Very High,17,5
Hoxton East & Shoreditch Ward,19.286585,Very High,17,5
Holborn & Covent Garden Ward,18.239346,Very High,17,5
Bethnal Green West Ward,17.782837,Very High,17,5
Fairfield Ward,17.513826,Very High,17,5
Childs Hill Ward,16.577375,Very High,17,5
Borough & Bankside Ward,16.480253,Very High,17,5
Rushey Green Ward,15.793556,Very High,17,5
Lancaster Gate Ward,15.619896,Very High,17,5
London Bridge & West Bermondsey Ward,15.232456,Very High,17,5
Deptford Ward,14.956816,Very High,17,5
Hyde Park Ward,14.895885,Very High,17,5
Spitalfields & Banglatown Ward,14.70715,Very High,17,5
Bow East Ward,14.541694,Very High,17,5
Hendon Ward,14.167878,Very High,17,5
Bayswater Ward,13.510856,Very High,17,5
Bethnal Green East Ward,13.462274,Very High,17,5
London Fields Ward,13.458686,Very High,17,5
Whitechapel Ward,13.29668,Very High,17,5
Stonebridge Ward,12.7596445,Very High,17,5
Brixton Acre Lane Ward,12.749001,Very High,17,5
Clapham Town Ward,12.714188,Very High,17,5
Weavers Ward,12.6329365,Very High,17,5
Lea Bridge Ward (E05009380),12.604022,Very High,17,5
Bunhill Ward,12.4371,Very High,17,5
Northumberland Park Ward,12.414887,Very High,17,5
Mile End Ward,12.342544,Very High,17,5
Clerkenwell Ward,12.146847,Very High,17,5
Brockley Ward,11.963552,Very High,17,5
Lansbury Ward,11.809791,Very High,17,5
Finsbury Park Ward,11.72613,Very High,17,5
Rye Lane Ward,11.666117,Very High,17,5
Queens Park Ward,11.592247,Very High,17,5
Dollis Hill Ward,11.444266,Very High,17,5
Kilburn Ward (E05013503),11.434508,Very High,17,5
North Walworth Ward,11.417812,Very High,17,5
Junction Ward,11.327641,Very High,17,5
Herne Hill & Loughborough Junction Ward,11.165813,Very High,17,5
North Acton Ward,11.157504,Very High,17,5
Balham Ward,11.077596,Very High,17,5
Harlesden & Kensal Green Ward,11.035522,Very High,17,5
Dalston Ward,10.981258,Very High,17,5
South Bermondsey Ward,10.941174,Very High,17,5
Finchley Church End Ward,10.856462,Very High,17,5
North Bermondsey Ward,10.839763,Very High,17,5
Wandsworth Town Ward,10.742415,Very High,17,5
Edmonton Green Ward,10.603498,Very High,17,5
Hoxton West Ward,10.407148,Very High,17,5
Harringay Ward,10.246808,Very High,17,5
Hither Green Ward,10.212864,Very High,17,5
Broad Green Ward,10.191404,Very High,17,5
Camberwell Green Ward,10.088998,Very High,17,5
Greenwich Peninsula Ward,10.086429,Very High,17,5
Streatham St. Leonard's Ward,10.069843,Very High,17,5
West Thornton Ward,10.063286,Very High,17,5
Waterloo & South Bank Ward,10.058138,Very High,17,5
Hackney Central Ward,9.928699,Very High,17,5
Stratford Ward,9.917196,Very High,17,5
Brimsdown Ward,9.909213,Very High,17,5
Hackney Wick Ward,9.854991,Very High,17,5
Haggerston Ward,9.852484,Very High,17,5
Hackney Downs Ward,9.835583,Very High,17,5
Brompton & Hans Town Ward,9.810239,Very High,17,5
Mildmay Ward,9.790721,Very High,17,5
Upper Edmonton Ward,9.713092,Very High,17,5
Homerton Ward,9.664611,Very High,17,5
Penge & Cator Ward,9.650226,Very High,17,5
Tollington Ward,9.627966,Very High,17,5
Noel Park Ward,9.607134,Very High,17,5
St. Mary Cray Ward,9.597708,Very High,17,5
Burnt Oak Ward,9.583758,Very High,17,5
St. Giles Ward,9.583155,Very High,17,5
Chaucer Ward,9.5807705,Very High,17,5
Sydenham Ward,9.567991,Very High,17,5
Victoria Ward,9.563261,Very High,17,5
Brixton Windrush Ward,9.512979,Very High,17,5
Crouch End Ward,9.434441,Very High,17,5
Edgware Ward (E05013637),9.377719,Very High,17,5
Knightsbridge & Belgravia Ward,9.373601,Very High,17,5
Stoke Newington Ward,9.370435,Very High,17,5
St. Paul's Cray Ward,9.302686,Very High,17,5
Thamesfield Ward,9.299131,Very High,17,5
Tooting Broadway Ward,9.26981,Very High,17,5
Bruce Castle Ward,9.260166,Very High,17,5
East Greenwich Ward,9.255639,Very High,17,5
Waddon Ward,9.221741,Very High,17,5
Willesden Green Ward,9.220796,Very High,17,5
Ladywell Ward,9.07945,Very High,17,5
Camden Town Ward,9.003999,Very High,17,5
West Finchley Ward,8.983091,Very High,17,5
Nunhead & Queen's Road Ward,8.964828,Very High,17,5
South Acton Ward,8.954668,Very High,17,5
Old Kent Road Ward,8.925535,Very High,17,5
Bow West Ward,8.836402,Very High,17,5
Highbury Ward,8.822389,Very High,17,5
East Acton Ward,8.784055,Very High,17,5
Uxbridge Ward,8.766275,Very High,17,5
Courtfield Ward,8.760208,Very High,17,5
Stockwell West & Larkhall Ward,8.728478,Very High,17,5
Forest Hill Ward,8.633434,Very High,17,5
Mill Hill Ward,8.610227,Very High,17,5
Highgate Ward (E05013592),8.605544,Very High,17,5
Regent's Park Ward (E05013668),8.600391,Very High,17,5
Kilburn Ward (E05013665),8.599084,Very High,17,5
Enfield Lock Ward,8.56868,Very High,17,5
Brixton Rush Common Ward,8.561419,Very High,17,5
Battersea Park Ward,8.540831,Very High,17,5
Friern Barnet Ward,8.497867,Very High,17,5
Hanger Hill Ward,8.483992,Very High,17,5
Perry Vale Ward,8.480247,Very High,17,5
Colville Ward,8.463817,Very High,17,5
St. Mary's & St. James' Ward,8.413112,Very High,17,5
West Hendon Ward,8.395647,Very High,17,5
Tottenham Central Ward,8.389886,Very High,17,5
Cricklewood & Mapesbury Ward,8.328555,Very High,17,5
West Green Ward,8.323959,Very High,17,5
Forest Gate South Ward,8.318262,Very High,17,5
Surrey Docks Ward,8.299288,Very High,17,5
Faraday Ward,8.283438,Very High,17,5
Hillrise Ward,8.262352,Very High,17,5
Rotherhithe Ward,8.219962,Very High,17,5
Canonbury Ward,8.191464,Very High,17,5
Heathrow Villages Ward,8.154959,Very High,17,5
Heaton Ward,8.125434,Very High,17,5
Clissold Ward,8.119154,Very High,17,5
St. Katharine's & Wapping Ward,8.116548,Very High,17,5
Ealing Common Ward,8.105975,Very High,17,5
Purley & Woodcote Ward,8.07615,Very High,17,5
Hoe Street Ward,8.054343,Very High,17,5
Brixton North Ward,8.030367,Very High,17,5
Roehampton Ward,7.982022,Very High,17,5
Stratford Olympic Park Ward,7.9730763,Very High,17,5
Springfield Ward,7.9322395,Very High,17,5
Brondesbury Park Ward,7.907685,Very High,17,5
Knight's Hill Ward,7.899223,Very High,17,5
Plumstead & Glyndon Ward,7.8959823,Very High,17,5
Cricklewood Ward,7.879246,Very High,17,5
South Norwood Ward,7.878695,Very High,17,5
Chiswick Gunnersbury Ward,7.8555264,High,9,5
Evelyn Ward,7.839798,High,9,5
Downham Ward,7.8360534,High,9,5
Kennington Ward,7.794633,High,9,5
St. Peter's & Canalside Ward,7.790179,High,9,5
Regent's Park Ward (E05013805),7.776787,High,9,5
Roundwood Ward,7.771202,High,9,5
Catford South Ward,7.7668633,High,9,5
West Putney Ward,7.7635703,High,9,5
Lavender Ward,7.756632,High,9,5
De Beauvoir Ward,7.726116,High,9,5
Goose Green Ward,7.7029085,High,9,5
St. Mary's Ward,7.696574,High,9,5
South Richmond Ward,7.6935067,High,9,5
Crystal Palace & Upper Norwood Ward,7.6919107,High,9,5
Canary Wharf Ward,7.6639786,High,9,5
Oval Ward,7.6558614,High,9,5
South Tottenham Ward,7.639703,High,9,5
South Croydon Ward,7.6233263,High,9,5
Barnet Vale Ward,7.6017656,High,9,5
West Hampstead Ward,7.5927515,High,9,5
Jubilee Ward,7.542818,High,9,5
King's Cross Ward,7.535229,High,9,5
White Hart Lane Ward,7.535203,High,9,5
Arsenal Ward,7.530275,High,9,5
Thornton Heath Ward,7.5279455,High,9,5
Tottenham Hale Ward,7.507662,High,9,5
Blackheath Ward,7.4653296,High,9,5
Laycock Ward,7.453006,High,9,5
Telegraph Hill Ward,7.4370346,High,9,5
Blackheath Westcombe Ward,7.4295287,High,9,5
Haselbury Ward,7.4265127,High,9,5
Gooshays Ward,7.4169383,High,9,5
Streatham Hill West & Thornton Ward,7.382288,High,9,5
Wood End Ward,7.371031,High,9,5
Selhurst Ward,7.355847,High,9,5
Custom House Ward,7.3407474,High,9,5
Chiswick Homefields Ward,7.332595,High,9,5
Blackwall & Cubitt Town Ward,7.3325267,High,9,5
Clapham Common & Abbeville Ward,7.3308682,High,9,5
Belsize Ward,7.2952332,High,9,5
College Park & Old Oak Ward,7.266281,High,9,5
Whitewebbs Ward,7.2297187,High,9,5
Abbey Road Ward,7.2246857,High,9,5
Golders Green Ward,7.216806,High,9,5
Garden Suburb Ward,7.193852,High,9,5
Colham & Cowley Ward,7.148556,High,9,5
Lea Bridge Ward (E05013895),7.1400146,High,9,5
Central Greenford Ward,7.1189737,High,9,5
Mortlake & Barnes Common Ward,7.111762,High,9,5
St. Pancras & Somers Town Ward,7.085882,High,9,5
Shaftesbury & Queenstown Ward,7.0346465,High,9,5
Crystal Palace & Anerley Ward,7.0158763,High,9,5
Holloway Ward,7.0128417,High,9,5
Tufnell Park Ward,7.0088844,High,9,5
Hornsey Ward,7.0045085,High,9,5
Ponders End Ward,6.9916034,High,9,5
Greenwich Park Ward,6.953152,High,9,5
Earl's Court Ward,6.9398904,High,9,5
Crofton Park Ward,6.928312,High,9,5
East Putney Ward,6.922808,High,9,5
Valley Ward,6.919298,High,9,5
Ilford Town Ward,6.911688,High,9,5
East Ham Ward,6.909778,High,9,5
Woodhouse Ward,6.9019465,High,9,5
Hayes Town Ward,6.8943877,High,9,5
Plaistow West & Canning Town East Ward,6.868844,High,9,5
Maida Vale Ward,6.855601,High,9,5
Golborne Ward,6.855463,High,9,5
Caledonian Ward,6.8534927,High,9,5
Whalebone Ward,6.82811,High,9,5
Kew Ward,6.8276296,High,9,5
Westbourne Ward,6.8160734,High,9,5
Hounslow Central Ward,6.802413,High,9,5
Stroud Green Ward,6.801769,High,9,5
Bromley South Ward,6.7885327,High,9,5
Royal Hospital Ward,6.7658887,High,9,5
Redcliffe Ward,6.763823,High,9,5
Kentish Town South Ward,6.755488,High,9,5
Welsh Harp Ward,6.728294,High,9,5
Primrose Hill Ward,6.7193174,High,9,5
Forest Ward,6.700617,High,9,5
Harrow Road Ward,6.6968203,High,9,5
St. Dunstan's Ward,6.6802664,High,9,5
Queensbury Ward,6.6633368,High,9,5
East Barnet Ward,6.6360626,High,9,5
Clapham East Ward,6.6339083,High,9,5
Church Street Ward,6.628723,High,9,5
Addiscombe West Ward,6.6244802,High,9,5
Campden Ward,6.6152515,High,9,5
Shacklewell Ward,6.6134133,High,9,5
Lewisham Central Ward,6.599451,High,9,5
Goodmayes Ward,6.597674,High,9,5
Little Venice Ward,6.592002,High,9,5
Fortune Green Ward,6.580054,High,9,5
Greenhill Ward,6.5483327,High,9,5
Lower Edmonton Ward,6.5288053,High,9,5
High Street Ward,6.5275183,High,9,5
Streatham Common & Vale Ward,6.519753,High,9,5
Clapham Park Ward,6.489735,High,9,5
Royal Victoria Ward,6.4823995,High,9,5
Pinkwell Ward,6.482154,High,9,5
Osterley & Spring Grove Ward,6.479103,High,9,5
Leyton Ward,6.477719,High,9,5
South Hampstead Ward,6.4438043,High,9,5
Pimlico North Ward,6.427627,High,9,5
Ealing Broadway Ward,6.4231586,High,9,5
Northolt Mandeville Ward,6.4190016,High,9,5
Norwood Green Ward,6.4057975,High,9,5
Furzedown Ward,6.4047165,High,9,5
West Dulwich Ward,6.3931146,High,9,5
Valentines Ward,6.381463,High,9,5
Vauxhall Ward,6.3732147,High,9,5
Dulwich Wood Ward,6.368718,High,9,5
Beckenham Town & Copers Cope Ward,6.3646326,High,9,5
Hammersmith Broadway Ward,6.3612494,High,9,5
Carterhatch Ward,6.356297,High,9,5
Wandsworth Common Ward,6.3545403,High,9,5
Shepherd's Bush Green Ward,6.353227,High,9,5
Tooting Bec Ward,6.3510985,High,9,5
Beckton Ward,6.344192,High,9,5
Seven Sisters Ward,6.339598,High,9,5
Gospel Oak Ward,6.33653,High,9,5
Palmers Green Ward,6.335891,High,9,5
Plaistow South Ward,6.3265142,High,9,5
Haverstock Ward,6.325017,High,9,5
Barnsbury Ward,6.319991,High,9,5
West Drayton Ward,6.283245,High,9,5
Leytonstone Ward,6.277044,High,9,5
Coningham Ward,6.2732186,High,9,5
Bullsmoor Ward,6.259833,High,9,5
Bromley Town Ward,6.236215,High,9,5
Yiewsley Ward,6.2306986,High,9,5
Walpole Ward,6.201663,High,9,5
Goresbrook Ward,6.193284,High,9,5
Southbury Ward,6.190545,High,9,5
East Ham South Ward,6.1868443,High,9,5
Aldborough Ward,6.1841445,High,9,5
Town Ward,6.1823497,High,9,5
Woodside Ward (E05013605),6.181712,High,9,5
East Sheen Ward,6.1741376,High,9,5
Southfield Ward,6.169879,Medium,6,5
Belmore Ward,6.1486588,Medium,6,5
Newington Ward,6.128099,Medium,6,5
Eastbury Ward,6.123623,Medium,6,5
Grove Park Ward,6.1191406,Medium,6,5
Shadwell Ward,6.1148763,Medium,6,5
Village Ward (E05014070),6.1017857,Medium,6,5
Munster Ward,6.094632,Medium,6,5
Wanstead Village Ward,6.079912,Medium,6,5
Chislehurst Ward,6.0722604,Medium,6,5
Hanworth Village Ward,6.061654,Medium,6,5
Abingdon Ward,6.0612006,Medium,6,5
Clock House Ward,6.04938,Medium,6,5
Lee Green Ward,6.0472627,Medium,6,5
Greenwich Creekside Ward,6.0443373,Medium,6,5
Stanley Ward,6.040926,Medium,6,5
Dulwich Village Ward,6.039616,Medium,6,5
Peckham Ward,5.9976277,Medium,6,5
Woodside Ward (E05011489),5.968923,Medium,6,5
Queen's Park Ward,5.957357,Medium,6,5
East Finchley Ward,5.9533234,Medium,6,5
Abbey Wood Ward,5.9520464,Medium,6,5
Maryland Ward,5.9349165,Medium,6,5
Fulham Town Ward,5.9335737,Medium,6,5
Colliers Wood Ward,5.9204397,Medium,6,5
Greenford Broadway Ward,5.916583,Medium,6,5
Brunswick Park Ward,5.911822,Medium,6,5
Colindale South Ward,5.8964586,Medium,6,5
Belvedere Ward,5.8840365,Medium,6,5
Cann Hall Ward,5.8828516,Medium,6,5
South Balham Ward,5.8809834,Medium,6,5
Kenton Ward,5.8755517,Medium,6,5
Valence Ward,5.874283,Medium,6,5
Falconbrook Ward,5.868984,Medium,6,5
Vincent Square Ward,5.861633,Medium,6,5
Northolt West End Ward,5.8614697,Medium,6,5
Myatt's Fields Ward,5.8301272,Medium,6,5
St. Martin's Ward,5.8278313,Medium,6,5
Kingston Town Ward,5.8164535,Medium,6,5
Southgate Ward,5.814136,Medium,6,5
West Kensington Ward,5.810036,Medium,6,5
Loxford Ward,5.8014917,Medium,6,5
Fortis Green Ward,5.798396,Medium,6,5
Rush Green & Crowlands Ward,5.7972465,Medium,6,5
Eltham Town & Avery Hill Ward,5.7827477,Medium,6,5
Woolwich Common Ward,5.7723727,Medium,6,5
Syon & Brentford Lock Ward,5.764795,Medium,6,5
Hounslow West Ward,5.758994,Medium,6,5
Perivale Ward,5.752198,Medium,6,5
Walham Green Ward,5.7386107,Medium,6,5
West Hill Ward,5.7322197,Medium,6,5
Bromley North Ward,5.7284613,Medium,6,5
Stepney Green Ward,5.7195063,Medium,6,5
Bensham Manor Ward,5.7139654,Medium,6,5
Stockwell East Ward,5.697417,Medium,6,5
Woodberry Down Ward,5.687152,Medium,6,5
Bush Hill Park Ward,5.6789923,Medium,6,5
Chadwell Ward,5.670104,Medium,6,5
Woolwich Arsenal Ward,5.6664743,Medium,6,5
Village Ward (E05013825),5.6604643,Medium,6,5
Canning Town North Ward,5.653507,Medium,6,5
Fulham Reach Ward,5.6400967,Medium,6,5
Hanwell Broadway Ward,5.6345015,Medium,6,5
Larkswood Ward,5.6184998,Medium,6,5
Ruislip Ward,5.608227,Medium,6,5
Streatham Hill East Ward,5.576566,Medium,6,5
Totteridge & Woodside Ward,5.57605,Medium,6,5
Pitshanger Ward,5.5625935,Medium,6,5
Brentford East Ward,5.5617485,Medium,6,5
Barkingside Ward,5.555105,Medium,6,5
New Cross Gate Ward,5.5507193,Medium,6,5
Highgate Ward (E05013661),5.548566,Medium,6,5
Higham Hill Ward,5.5429363,Medium,6,5
Whetstone Ward,5.532188,Medium,6,5
Pembridge Ward,5.529105,Medium,6,5
Chiswick Riverside Ward,5.523922,Medium,6,5
Southall Green Ward,5.5153713,Medium,6,5
St. George's Ward,5.509152,Medium,6,5
North Richmond Ward,5.5014615,Medium,6,5
Holland Ward,5.495383,Medium,6,5
Hainault Ward,5.4887733,Medium,6,5
Queen's Gate Ward,5.4783893,Medium,6,5
Kelsey & Eden Park Ward,5.4768643,Medium,6,5
South Woodford Ward,5.475338,Medium,6,5
Palace & Hurlingham Ward,5.428993,Medium,6,5
Churchfields Ward,5.422268,Medium,6,5
Fullwell Ward,5.401695,Medium,6,5
Plaistow North Ward,5.3934703,Medium,6,5
Chadwell Heath Ward,5.3876443,Medium,6,5
Erith Ward,5.3757777,Medium,6,5
Arnos Grove Ward,5.3741865,Medium,6,5
Parsloes Ward,5.3680286,Medium,6,5
Wembley Hill Ward,5.360569,Medium,6,5
Yeading Ward,5.357434,Medium,6,5
King's Park Ward,5.3390574,Medium,6,5
Wandle Ward (E05014026),5.3307977,Medium,6,5
Muswell Hill Ward,5.3256507,Medium,6,5
North Hanwell Ward,5.323846,Medium,6,5
St. Margarets & North Twickenham Ward,5.320865,Medium,6,5
Bedfont Ward,5.3033376,Medium,6,5
Royal Albert Ward,5.2713995,Medium,6,5
Hounslow Heath Ward,5.259937,Medium,6,5
Heston Central Ward,5.2524643,Medium,6,5
Little Ilford Ward,5.232245,Medium,6,5
Trinity Ward,5.2270637,Medium,6,5
Petts Wood & Knoll Ward,5.2118273,Medium,6,5
North Greenford Ward,5.2101164,Medium,6,5
Rainham & Wennington Ward,5.1974277,Medium,6,5
Hermitage & Gardens Ward,5.182877,Medium,6,5
Edgware Ward (E05013545),5.177972,Medium,6,5
Limehouse Ward,5.162479,Medium,6,5
Cranford Ward,5.1539154,Medium,6,5
Northcote Ward,5.1468005,Medium,6,5
William Morris Ward,5.144792,Medium,6,5
South Ruislip Ward,5.1440015,Medium,6,5
Cranbrook Ward,5.130479,Medium,6,5
Bellingham Ward,5.1020646,Medium,6,5
Chapel End Ward,5.0851126,Medium,6,5
Alperton Ward,5.0448,Medium,6,5
Ravenscourt Ward,5.043876,Medium,6,5
Wimbledon Park Ward,4.9928226,Medium,6,5
Bounds Green Ward,4.990729,Medium,6,5
Grove Ward,4.980423,Medium,6,5
Barnes Ward,4.94657,Medium,6,5
Gipsy Hill Ward,4.933894,Medium,6,5
Orpington Ward,4.9133797,Medium,6,5
Camden Square Ward,4.9129214,Medium,6,5
Dulwich Hill Ward,4.910756,Medium,6,5
Northfield Ward,4.87617,Medium,6,5
Cazenove Ward,4.873977,Medium,6,5
High Barnet Ward,4.873463,Medium,6,5
Eastcote Ward,4.8724995,Medium,6,5
Woolwich Dockyard Ward,4.8693914,Medium,6,5
Twickenham Riverside Ward,4.8669066,Medium,6,5
Brentford West Ward,4.866644,Medium,6,5
St. Ann's Ward,4.8647723,Medium,6,5
Longbridge Ward,4.858883,Medium,6,5
Mayesbrook Ward,4.855693,Medium,6,5
Brownswood Ward,4.8529744,Medium,6,5
Bickley & Sundridge Ward,4.8441563,Medium,6,5
Addison Ward,4.8372426,Low,3,5
Manor Park Ward,4.829234,Low,3,5
Heston West Ward,4.822475,Low,3,5
West Ham Ward,4.8136244,Low,3,5
Cockfosters Ward,4.8079515,Low,3,5
Brook Green Ward,4.807683,Low,3,5
Roxeth Ward,4.804975,Low,3,5
Ickenham & South Harefield Ward,4.790472,Low,3,5
Hatch Lane & Highams Park North Ward,4.7862253,Low,3,5
Charlton Village & Riverside Ward,4.7640934,Low,3,5
Hounslow East Ward,4.7639437,Low,3,5
Plumstead Common Ward,4.760945,Low,3,5
Squirrels Heath Ward,4.7596292,Low,3,5
Heston East Ward,4.720464,Low,3,5
Avonmore Ward,4.7173095,Low,3,5
Stanmore Ward,4.705736,Low,3,5
Wall End Ward,4.702363,Low,3,5
Sands End Ward,4.697901,Low,3,5
Havering-atte-Bower Ward,4.688006,Low,3,5
Chelsea Riverside Ward,4.680016,Low,3,5
Harrow Weald Ward,4.6645694,Low,3,5
New Southgate Ward,4.658006,Low,3,5
Northbury Ward,4.644199,Low,3,5
Hampstead Town Ward,4.604458,Low,3,5
Feltham West Ward,4.588031,Low,3,5
Grove Green Ward,4.5782466,Low,3,5
Wood Street Ward,4.571666,Low,3,5
"Mottingham, Coldharbour & New Eltham Ward",4.539025,Low,3,5
Barnhill Ward,4.537002,Low,3,5
Norbury & Pollards Hill Ward,4.5042,Low,3,5
Poplar Ward,4.499989,Low,3,5
Colindale North Ward,4.4940834,Low,3,5
Feltham North Ward,4.482222,Low,3,5
Kingsbury Ward,4.4649706,Low,3,5
Bowes Ward,4.460084,Low,3,5
St. Helen's Ward,4.458853,Low,3,5
Elm Park Ward,4.448607,Low,3,5
New Malden Village Ward,4.448504,Low,3,5
Kentish Town North Ward,4.438945,Low,3,5
Upper Walthamstow Ward,4.4349813,Low,3,5
Clayhall Ward,4.432446,Low,3,5
Chingford Green Ward,4.418815,Low,3,5
Becontree Ward,4.412693,Low,3,5
St. James Ward,4.3815413,Low,3,5
Pinner Ward,4.377706,Low,3,5
Barking Riverside Ward,4.3762865,Low,3,5
Bromley Common & Holwood Ward,4.3744035,Low,3,5
St. Edward's Ward,4.362175,Low,3,5
South Hornchurch Ward,4.358955,Low,3,5
Notting Dale Ward,4.3523498,Low,3,5
Lillie Ward,4.3488684,Low,3,5
Canning Town South Ward,4.3335786,Low,3,5
Hampton Ward,4.3256645,Low,3,5
Preston Ward,4.32057,Low,3,5
Lady Margaret Ward,4.3165975,Low,3,5
Alexandra Park Ward,4.308916,Low,3,5
Headstone Ward,4.2836885,Low,3,5
Edgwarebury Ward,4.27369,Low,3,5
Charlton Hornfair Ward,4.2721415,Low,3,5
Southall Broadway Ward,4.2710953,Low,3,5
Crayford Ward,4.2671876,Low,3,5
Sutton Central Ward,4.264095,Low,3,5
Beam Ward,4.2623305,Low,3,5
Plaistow Ward,4.260735,Low,3,5
Hampton Wick & South Teddington Ward,4.2444196,Low,3,5
Highfield Ward,4.2418723,Low,3,5
Peckham Rye Ward,4.2398896,Low,3,5
Abbey Ward (E05013810),4.2078795,Low,3,5
St. Andrew's Ward,4.204764,Low,3,5
Dormers Wells Ward,4.2044754,Low,3,5
West Twickenham Ward,4.191618,Low,3,5
Champion Hill Ward,4.1872473,Low,3,5
Bridge Ward (E05011236),4.185445,Low,3,5
Frognal Ward,4.1646323,Low,3,5
Newbury Ward,4.1630816,Low,3,5
Slade Green & Northend Ward,4.1587777,Low,3,5
Ridgeway Ward,4.1518507,Low,3,5
Island Gardens Ward,4.1486697,Low,3,5
Alibon Ward,4.148106,Low,3,5
Sidcup Ward,4.1374755,Low,3,5
Cricket Green Ward,4.1360807,Low,3,5
Mayfield Ward,4.1329093,Low,3,5
Abbey Ward (E05014053),4.1201415,Low,3,5
Beddington Ward,4.119251,Low,3,5
Isleworth Ward,4.1142783,Low,3,5
Figge's Marsh Ward,4.084401,Low,3,5
Addiscombe East Ward,4.0824738,Low,3,5
Sutton South Ward,4.0639486,Low,3,5
New Addington South Ward,4.057625,Low,3,5
Harold Wood Ward,4.048296,Low,3,5
Norbury Park Ward,4.029723,Low,3,5
Southfields Ward,4.018293,Low,3,5
Wendell Park Ward,4.0130687,Low,3,5
White City Ward,4.0128264,Low,3,5
Mawneys Ward,4.0127482,Low,3,5
Northwood Ward,3.9945588,Low,3,5
Gascoigne Ward,3.9922204,Low,3,5
Northwood Hills Ward,3.988169,Low,3,5
Raynes Park Ward,3.985615,Low,3,5
Hillingdon East Ward,3.9801576,Low,3,5
"Ham, Petersham & Richmond Riverside Ward",3.9536119,Low,3,5
Green Street East Ward,3.9451835,Low,3,5
St. Helier Ward,3.942916,Low,3,5
Centenary Ward,3.929957,Low,3,5
Fulwell & Hampton Hill Ward,3.924164,Low,3,5
West Thamesmead Ward,3.9221766,Low,3,5
Grange Park Ward,3.9097574,Low,3,5
Mottingham Ward,3.8845007,Low,3,5
Forest Gate North Ward,3.882992,Low,3,5
Fairlop Ward,3.870874,Low,3,5
Northwick Park Ward,3.870828,Low,3,5
Pinner South Ward,3.8707285,Low,3,5
Hounslow South Ward,3.8692746,Low,3,5
Markhouse Ward,3.8668053,Low,3,5
Stamford Hill West Ward,3.8649442,Low,3,5
Underhill Ward,3.8626645,Low,3,5
Teddington Ward,3.8542106,Low,3,5
Parsons Green & Sandford Ward,3.8532264,Low,3,5
Kenton East Ward,3.8525407,Low,3,5
Wormholt Ward,3.8420656,Low,3,5
Hylands & Harrow Lodge Ward,3.841099,Low,3,5
Wallington North Ward,3.8387337,Low,3,5
Shirley North Ward,3.8325536,Low,3,5
Streatham Wells Ward,3.8267956,Low,3,5
Winchmore Hill Ward,3.7849493,Low,3,5
Hale End & Highams Park South Ward,3.782352,Low,3,5
Shooters Hill Ward,3.773733,Low,3,5
Marlborough Ward,3.7521806,Low,3,5
Norland Ward,3.750985,Low,3,5
St. Helier West Ward,3.7482595,Low,3,5
Wimbledon Town & Dundonald Ward,3.7479594,Low,3,5
Pimlico South Ward,3.74639,Low,3,5
Boleyn Ward,3.7392383,Low,3,5
Carshalton Central Ward,3.728912,Low,3,5
Seven Kings Ward,3.7145789,Low,3,5
Graveney Ward,3.7014365,Low,3,5
Coulsdon Town Ward,3.6835284,Low,3,5
Cathall Ward,3.6776145,Low,3,5
Whitton Ward,3.67106,Low,3,5
Pollards Hill Ward,3.669635,Low,3,5
Green Street West Ward,3.6388865,Low,3,5
Thamesmead Moorings Ward,3.6296315,Very Low,1,5
Marshalls & Rise Park Ward,3.6250167,Very Low,1,5
South Twickenham Ward,3.612469,Very Low,1,5
Thamesmead East Ward,3.6113868,Very Low,1,5
Kidbrooke Park Ward,3.610334,Very Low,1,5
Shortlands & Park Langley Ward,3.6016228,Very Low,1,5
Longthornton Ward,3.6004827,Very Low,1,5
Wallington South Ward,3.5986507,Very Low,1,5
Merton Park Ward,3.5985935,Very Low,1,5
Coombe Hill Ward,3.5755274,Very Low,1,5
Hayes & Coney Hall Ward,3.5426922,Very Low,1,5
Dalgarno Ward,3.5324447,Very Low,1,5
Hanworth Park Ward,3.5115163,Very Low,1,5
Norbiton Ward,3.5011854,Very Low,1,5
West Wickham Ward,3.4958286,Very Low,1,5
Hampton North Ward,3.4853551,Very Low,1,5
Heath Ward,3.4805367,Very Low,1,5
Wealdstone North Ward,3.436637,Very Low,1,5
Wandle Ward (E05013826),3.4322128,Very Low,1,5
Upminster Ward,3.424737,Very Low,1,5
Shirley South Ward,3.391771,Very Low,1,5
Bexleyheath Ward,3.382946,Very Low,1,5
Sanderstead Ward,3.350203,Very Low,1,5
Wembley Central Ward,3.3325582,Very Low,1,5
Cheam Ward,3.3090982,Very Low,1,5
Cannon Hill Ward,3.308379,Very Low,1,5
Charville Ward,3.297615,Very Low,1,5
Ravensbury Ward,3.2668743,Very Low,1,5
Purley Oaks & Riddlesdown Ward,3.2650619,Very Low,1,5
Endlebury Ward,3.2626297,Very Low,1,5
Monkhams Ward,3.2615466,Very Low,1,5
Heathfield Ward,3.2471097,Very Low,1,5
Harrow on the Hill Ward,3.2419546,Very Low,1,5
East Wickham Ward,3.2060611,Very Low,1,5
Kidbrooke Village & Sutcliffe Ward,3.1846397,Very Low,1,5
St. Alban's Ward,3.181554,Very Low,1,5
Wanstead Park Ward,3.1762497,Very Low,1,5
Canons Ward,3.1512384,Very Low,1,5
Eltham Page Ward,3.11968,Very Low,1,5
Hillingdon West Ward,3.1042082,Very Low,1,5
Middle Park & Horn Park Ward,3.0974553,Very Low,1,5
Sutton North Ward,3.0666485,Very Low,1,5
Sudbury Ward,3.0442307,Very Low,1,5
Nine Elms Ward,3.0362983,Very Low,1,5
St. Mark's & Seething Wells Ward,3.0246782,Very Low,1,5
The Wrythe Ward,3.0210524,Very Low,1,5
Hatch End Ward,3.001896,Very Low,1,5
South Beddington & Roundshaw Ward,2.964684,Very Low,1,5
Tolworth Ward,2.964629,Very Low,1,5
Clementswood Ward,2.942242,Very Low,1,5
Coombe Vale Ward,2.929063,Very Low,1,5
Ruislip Manor Ward,2.9229786,Very Low,1,5
Surbiton Hill Ward,2.9184754,Very Low,1,5
Wembley Park Ward,2.9169047,Very Low,1,5
Oakwood Ward,2.9069612,Very Low,1,5
Eltham Park & Progress Ward,2.8872762,Very Low,1,5
Chelsfield Ward,2.8867888,Very Low,1,5
Farringdon Without Ward,2.846844,Very Low,1,5
Beam Park Ward,2.8457909,Very Low,1,5
Thames View Ward,2.8304095,Very Low,1,5
Plashet Ward,2.794172,Very Low,1,5
Carshalton South & Clockhouse Ward,2.7727885,Very Low,1,5
Kingston Gate Ward,2.77085,Very Low,1,5
Lavender Fields Ward,2.7679222,Very Low,1,5
Falconwood & Welling Ward,2.73035,Very Low,1,5
Crook Log Ward,2.72288,Very Low,1,5
West Barnes Ward,2.7108243,Very Low,1,5
Farnborough & Crofton Ward,2.7082708,Very Low,1,5
Blackfen & Lamorbey Ward,2.6827068,Very Low,1,5
Green Lane & St. James Ward,2.6487525,Very Low,1,5
Roxbourne Ward,2.6378903,Very Low,1,5
Hillside Ward,2.622005,Very Low,1,5
North Cheam Ward,2.6031864,Very Low,1,5
Northumberland Heath Ward,2.5899227,Very Low,1,5
Lower Morden Ward,2.5657675,Very Low,1,5
Belmont Ward (E05013755),2.5562336,Very Low,1,5
Stonecot Ward,2.555164,Very Low,1,5
Kenley Ward,2.5325558,Very Low,1,5
Canbury Gardens Ward,2.5156333,Very Low,1,5
St. Helier East Ward,2.5104349,Very Low,1,5
Eastbrook & Rush Green Ward,2.4691496,Very Low,1,5
Selsdon & Addington Village Ward,2.455165,Very Low,1,5
Wealdstone South Ward,2.4445052,Very Low,1,5
St. Mary's & St. James Ward,2.4197228,Very Low,1,5
Kenton West Ward,2.3931012,Very Low,1,5
Belmont Ward (E05013542),2.3808973,Very Low,1,5
Park Hill & Whitgift Ward,2.367974,Very Low,1,5
Cranham Ward,2.3326058,Very Low,1,5
Castle Baynard Ward,2.324093,Very Low,1,5
New Addington North Ward,2.300442,Very Low,1,5
Old Coulsdon Ward,2.2987354,Very Low,1,5
Farringdon Within Ward,2.2901,Very Low,1,5
Blendon & Penhill Ward,2.234153,Very Low,1,5
Rayners Lane Ward,2.2107441,Very Low,1,5
Tokyngton Ward,2.2024562,Very Low,1,5
Sutton West & East Cheam Ward,2.16737,Very Low,1,5
Hackbridge Ward,2.152859,Very Low,1,5
North Harrow Ward,2.124824,Very Low,1,5
Southall West Ward,2.0329547,Very Low,1,5
Selsdon Vale & Forestdale Ward,2.02995,Very Low,1,5
West Heath Ward,2.0259428,Very Low,1,5
Tower Ward,1.9373149,Very Low,1,5
Harefield Village Ward,1.9349369,Very Low,1,5
West Harrow Ward,1.8904837,Very Low,1,5
Hook & Chessington North Ward,1.8015647,Very Low,1,5
Tudor Ward,1.7716713,Very Low,1,5
Worcester Park North Ward,1.7449255,Very Low,1,5
Old Malden Ward,1.7291359,Very Low,1,5
Bishopsgate Ward,1.7167741,Very Low,1,5
Darwin Ward,1.6324247,Very Low,1,5
Emerson Park Ward,1.5589206,Very Low,1,5
Longlands Ward,1.5532787,Very Low,1,5
Berrylands Ward,1.549825,Very Low,1,5
King George's & Sunray Ward,1.5439658,Very Low,1,5
Biggin Hill Ward,1.4741112,Very Low,1,5
Alexandra Ward,1.4601871,Very Low,1,5
Worcester Park South Ward,1.4152461,Very Low,1,5
Aldgate Ward,1.3975133,Very Low,1,5
Chessington South & Malden Rushett Ward,1.3773087,Very Low,1,5
Barnehurst Ward,1.3693336,Very Low,1,5
Motspur Park & Old Malden East Ward,1.3545943,Very Low,1,5
Hacton Ward,1.32854,Very Low,1,5
Bridge Ward (E05009294),0.6872949,Very Low,1,5
Vintry Ward,0.66477823,Very Low,1,5
Coleman Street Ward,0.62746197,Very Low,1,5
Cordwainer Ward,0.60893095,Very Low,1,5
Cripplegate Ward,0.6047393,Very Low,1,5
Dowgate Ward,0.59332937,Very Low,1,5
Portsoken Ward,0.5487,Very Low,1,5
Cheap Ward,0.48379582,Very Low,1,5
Queenhithe Ward,0.4365415,Very Low,1,5
Cornhill Ward,0.3666684,Very Low,1,5
Candlewick Ward,0.3666684,Very Low,1,5
Walbrook Ward,0.3666684,Very Low,1,5
Langbourn Ward,0.3666684,Very Low,1,5
Broad Street Ward,0.3666684,Very Low,1,5
Lime Street Ward,0.3666684,Very Low,1,5
Bread Street Ward,0.3666684,Very Low,1,5
Billingsgate Ward,0.25605568,Very Low,1,5
Aldersgate Ward,0.21358873,Very Low,1,5
Bassishaw Ward,0.009884538,Very Low,1,5
West End Ward,43.632713,Very High,18,6
St. James's Ward,23.472351,Very High,18,6
Bloomsbury Ward,21.251524,Very High,17,6
Marylebone Ward,20.66757,Very High,17,6
Hoxton East & Shoreditch Ward,19.273912,Very High,17,6
Holborn & Covent Garden Ward,18.248781,Very High,17,6
Bethnal Green West Ward,17.79649,Very High,17,6
Fairfield Ward,17.53516,Very High,17,6
Childs Hill Ward,16.56696,Very High,17,6
Borough & Bankside Ward,16.480253,Very High,17,6
Lancaster Gate Ward,15.864572,Very High,17,6
Rushey Green Ward,15.800068,Very High,17,6
London Bridge & West Bermondsey Ward,15.226816,Very High,17,6
Deptford Ward,14.8853,Very High,17,6
Spitalfields & Banglatown Ward,14.646832,Very High,17,6
Bow East Ward,14.527447,Very High,17,6
Hyde Park Ward,14.460633,Very High,17,6
Hendon Ward,14.162238,Very High,17,6
Bayswater Ward,13.806546,Very High,17,6
London Fields Ward,13.453477,Very High,17,6
Bethnal Green East Ward,13.413661,Very High,17,6
Whitechapel Ward,13.130943,Very High,17,6
Clapham Town Ward,12.788541,Very High,17,6
Brixton Acre Lane Ward,12.743185,Very High,17,6
Weavers Ward,12.684297,Very High,17,6
Lea Bridge Ward (E05009380),12.607819,Very High,17,6
Bunhill Ward,12.440897,Very High,17,6
Northumberland Park Ward,12.370191,Very High,17,6
Mile End Ward,12.222506,Very High,17,6
Stonebridge Ward,12.175505,Very High,17,6
Clerkenwell Ward,12.156283,Very High,17,6
Brockley Ward,11.967349,Very High,17,6
Lansbury Ward,11.853717,Very High,17,6
Rye Lane Ward,11.660477,Very High,17,6
Finsbury Park Ward,11.611826,Very High,17,6
North Walworth Ward,11.425241,Very High,17,6
Kilburn Ward (E05013503),11.369649,Very High,17,6
Dollis Hill Ward,11.369031,Very High,17,6
Queens Park Ward,11.360779,Very High,17,6
Herne Hill & Loughborough Junction Ward,11.314624,Very High,17,6
Junction Ward,11.289887,Very High,17,6
North Acton Ward,11.151864,Very High,17,6
Balham Ward,11.139613,Very High,17,6
Harlesden & Kensal Green Ward,11.050215,Very High,17,6
Dalston Ward,10.975618,Very High,17,6
South Bermondsey Ward,10.886367,Very High,17,6
Finchley Church End Ward,10.856462,Very High,17,6
North Bermondsey Ward,10.839763,Very High,17,6
Wandsworth Town Ward,10.742415,Very High,17,6
Edmonton Green Ward,10.477886,Very High,17,6
Hoxton West Ward,10.402341,Very High,17,6
Harringay Ward,10.283092,Very High,17,6
Greenwich Peninsula Ward,10.210253,Very High,17,6
Hither Green Ward,10.207224,Very High,17,6
Camberwell Green Ward,10.092794,Very High,17,6
Broad Green Ward,10.082219,Very High,17,6
Waterloo & South Bank Ward,10.0675745,Very High,17,6
Streatham St. Leonard's Ward,10.056872,Very High,17,6
West Thornton Ward,10.044365,Very High,17,6
Hackney Wick Ward,9.986412,Very High,17,6
Hackney Central Ward,9.9230585,Very High,17,6
Stratford Ward,9.878639,Very High,17,6
Haggerston Ward,9.877848,Very High,17,6
Brompton & Hans Town Ward,9.84453,Very High,17,6
Hackney Downs Ward,9.835309,Very High,17,6
Mildmay Ward,9.790721,Very High,17,6
Crouch End Ward,9.768985,Very High,17,6
Upper Edmonton Ward,9.740254,Very High,17,6
Homerton Ward,9.723066,Very High,17,6
Noel Park Ward,9.619034,Very High,17,6
Chaucer Ward,9.611031,Very High,17,6
Tollington Ward,9.594883,Very High,17,6
St. Giles Ward,9.568911,Very High,17,6
Victoria Ward,9.557621,Very High,17,6
Sydenham Ward,9.553747,Very High,17,6
Brimsdown Ward,9.552868,Very High,17,6
Brixton Windrush Ward,9.516775,Very High,17,6
Thamesfield Ward,9.453497,Very High,17,6
Stoke Newington Ward,9.431731,Very High,17,6
Knightsbridge & Belgravia Ward,9.383037,Very High,17,6
Bruce Castle Ward,9.37983,Very High,17,6
Edgware Ward (E05013637),9.377719,Very High,17,6
Burnt Oak Ward,9.342108,Very High,17,6
East Greenwich Ward,9.308651,Very High,17,6
Tooting Broadway Ward,9.26417,Very High,17,6
Penge & Cator Ward,9.252283,Very High,17,6
Willesden Green Ward,9.206552,Very High,17,6
Waddon Ward,9.199536,Very High,17,6
St. Mary Cray Ward,9.190518,Very High,17,6
Ladywell Ward,9.07381,Very High,17,6
St. Paul's Cray Ward,9.053926,Very High,17,6
Camden Town Ward,9.045922,Very High,17,6
West Finchley Ward,8.983091,Very High,17,6
Nunhead & Queen's Road Ward,8.9591875,Very High,17,6
South Acton Ward,8.940424,Very High,17,6
Old Kent Road Ward,8.915662,Very High,17,6
Uxbridge Ward,8.864811,Very High,17,6
Courtfield Ward,8.850261,Very High,17,6
Highbury Ward,8.822389,Very High,17,6
Stockwell West & Larkhall Ward,8.793117,Very High,17,6
Bow West Ward,8.770948,Very High,17,6
East Acton Ward,8.769811,Very High,17,6
Regent's Park Ward (E05013668),8.609828,Very High,17,6
Highgate Ward (E05013592),8.605544,Very High,17,6
Kilburn Ward (E05013665),8.599084,Very High,17,6
Mill Hill Ward,8.594706,Very High,17,6
Brixton Rush Common Ward,8.570855,Very High,17,6
Battersea Park Ward,8.550267,Very High,17,6
Forest Hill Ward,8.502874,Very High,17,6
Enfield Lock Ward,8.483142,Very High,17,6
Hanger Hill Ward,8.478353,Very High,17,6
Perry Vale Ward,8.468275,Very High,17,6
Colville Ward,8.42986,Very High,17,6
St. Mary's & St. James' Ward,8.422548,Very High,17,6
Tottenham Central Ward,8.416837,Very High,17,6
Friern Barnet Ward,8.403475,Very High,17,6
Cricklewood & Mapesbury Ward,8.322915,Very High,17,6
Forest Gate South Ward,8.304708,Very High,17,6
West Green Ward,8.301755,Very High,17,6
Hillrise Ward,8.300168,Very High,17,6
Surrey Docks Ward,8.299288,Very High,17,6
Faraday Ward,8.277643,Very High,17,6
West Hendon Ward,8.267503,Very High,17,6
Canonbury Ward,8.175014,Very High,17,6
Rotherhithe Ward,8.16633,Very High,17,6
Heathrow Villages Ward,8.137095,Very High,17,6
St. Katharine's & Wapping Ward,8.116548,Very High,17,6
Clissold Ward,8.10491,Very High,17,6
Brixton North Ward,8.101975,Very High,17,6
Ealing Common Ward,8.091732,Very High,17,6
Heaton Ward,8.079251,Very High,17,6
Purley & Woodcote Ward,8.070511,Very High,17,6
Hoe Street Ward,8.048706,Very High,17,6
Stratford Olympic Park Ward,8.005972,Very High,17,6
Roehampton Ward,7.972149,Very High,17,6
Knight's Hill Ward,7.908659,Very High,17,6
Brondesbury Park Ward,7.9020457,Very High,17,6
Springfield Ward,7.871524,Very High,17,6
South Norwood Ward,7.868822,Very High,17,6
Cricklewood Ward,7.8656917,Very High,17,6
Canary Wharf Ward,7.8511267,Very High,17,6
Chiswick Gunnersbury Ward,7.8498874,High,9,6
King's Cross Ward,7.8348565,High,9,6
Plumstead & Glyndon Ward,7.832573,High,9,6
Kennington Ward,7.804069,High,9,6
St. Peter's & Canalside Ward,7.799615,High,9,6
West Putney Ward,7.7985086,High,9,6
Goose Green Ward,7.773552,High,9,6
Lavender Ward,7.766068,High,9,6
Roundwood Ward,7.748998,High,9,6
Catford South Ward,7.7483935,High,9,6
Evelyn Ward,7.746044,High,9,6
De Beauvoir Ward,7.729913,High,9,6
Oval Ward,7.7207026,High,9,6
Regent's Park Ward (E05013805),7.7024717,High,9,6
St. Mary's Ward,7.696574,High,9,6
Downham Ward,7.6931405,High,9,6
Crystal Palace & Upper Norwood Ward,7.627052,High,9,6
South Croydon Ward,7.617687,High,9,6
South Tottenham Ward,7.6085806,High,9,6
West Hampstead Ward,7.5927515,High,9,6
Barnet Vale Ward,7.591884,High,9,6
South Richmond Ward,7.5876946,High,9,6
Thornton Heath Ward,7.5323596,High,9,6
White Hart Lane Ward,7.522493,High,9,6
Arsenal Ward,7.497367,High,9,6
Tottenham Hale Ward,7.4775715,High,9,6
Jubilee Ward,7.47615,High,9,6
Blackheath Ward,7.4653296,High,9,6
Laycock Ward,7.4540114,High,9,6
Telegraph Hill Ward,7.4408317,High,9,6
Blackheath Westcombe Ward,7.4295287,High,9,6
Haselbury Ward,7.4159775,High,9,6
Streatham Hill West & Thornton Ward,7.391724,High,9,6
Garden Suburb Ward,7.3723803,High,9,6
Gooshays Ward,7.3717437,High,9,6
Wood End Ward,7.3568025,High,9,6
Selhurst Ward,7.3329535,High,9,6
Chiswick Homefields Ward,7.332595,High,9,6
Blackwall & Cubitt Town Ward,7.3325267,High,9,6
Clapham Common & Abbeville Ward,7.331701,High,9,6
Custom House Ward,7.3059053,High,9,6
Belsize Ward,7.2952332,High,9,6
College Park & Old Oak Ward,7.2356277,High,9,6
Abbey Road Ward,7.234122,High,9,6
Golders Green Ward,7.216806,High,9,6
Whitewebbs Ward,7.187339,High,9,6
Lea Bridge Ward (E05013895),7.156246,High,9,6
Mortlake & Barnes Common Ward,7.1459594,High,9,6
Colham & Cowley Ward,7.134328,High,9,6
Central Greenford Ward,7.1133347,High,9,6
Greenwich Park Ward,7.045796,High,9,6
Shaftesbury & Queenstown Ward,7.0440826,High,9,6
St. Pancras & Somers Town Ward,7.0368757,High,9,6
Tufnell Park Ward,7.0353475,High,9,6
Holloway Ward,7.017256,High,9,6
Crystal Palace & Anerley Ward,7.010237,High,9,6
Hornsey Ward,6.9988694,High,9,6
Ponders End Ward,6.988254,High,9,6
Earl's Court Ward,6.9526625,High,9,6
East Putney Ward,6.922808,High,9,6
East Ham Ward,6.9209347,High,9,6
Ilford Town Ward,6.906049,High,9,6
Valley Ward,6.9027777,High,9,6
Plaistow West & Canning Town East Ward,6.891073,High,9,6
Crofton Park Ward,6.882596,High,9,6
Hayes Town Ward,6.8801594,High,9,6
Woodhouse Ward,6.8721385,High,9,6
Westbourne Ward,6.8704424,High,9,6
Maida Vale Ward,6.855601,High,9,6
Caledonian Ward,6.8493032,High,9,6
Kew Ward,6.84836,High,9,6
Golborne Ward,6.846423,High,9,6
Kentish Town South Ward,6.805074,High,9,6
Shacklewell Ward,6.801784,High,9,6
Stroud Green Ward,6.801769,High,9,6
Harrow Road Ward,6.779462,High,9,6
Royal Hospital Ward,6.775325,High,9,6
Hounslow Central Ward,6.7520747,High,9,6
Redcliffe Ward,6.7406106,High,9,6
Primrose Hill Ward,6.7193174,High,9,6
Whalebone Ward,6.710702,High,9,6
Bromley South Ward,6.704755,High,9,6
Welsh Harp Ward,6.703506,High,9,6
Forest Ward,6.6958103,High,9,6
Campden Ward,6.6927757,High,9,6
Church Street Ward,6.688278,High,9,6
Queensbury Ward,6.6576977,High,9,6
Clapham East Ward,6.6572933,High,9,6
St. Dunstan's Ward,6.6389003,High,9,6
East Barnet Ward,6.626181,High,9,6
Addiscombe West Ward,6.618841,High,9,6
Lewisham Central Ward,6.6171966,High,9,6
Clapham Park Ward,6.6080313,High,9,6
Little Venice Ward,6.601438,High,9,6
Goodmayes Ward,6.597674,High,9,6
Fortune Green Ward,6.580054,High,9,6
Greenhill Ward,6.5426936,High,9,6
High Street Ward,6.5313153,High,9,6
Streatham Common & Vale Ward,6.529189,High,9,6
Osterley & Spring Grove Ward,6.516488,High,9,6
Royal Victoria Ward,6.4767604,High,9,6
Lower Edmonton Ward,6.4753003,High,9,6
Leyton Ward,6.467846,High,9,6
Vauxhall Ward,6.4530873,High,9,6
South Hampstead Ward,6.4438043,High,9,6
Pimlico North Ward,6.437063,High,9,6
Ealing Broadway Ward,6.4175196,High,9,6
Furzedown Ward,6.4047165,High,9,6
Northolt Mandeville Ward,6.4028172,High,9,6
West Dulwich Ward,6.402551,High,9,6
Pinkwell Ward,6.401544,High,9,6
Norwood Green Ward,6.389613,High,9,6
Valentines Ward,6.375824,High,9,6
Dulwich Wood Ward,6.363079,High,9,6
Hammersmith Broadway Ward,6.3612494,High,9,6
Beckenham Town & Copers Cope Ward,6.354751,High,9,6
Wandsworth Common Ward,6.3545403,High,9,6
Tooting Bec Ward,6.351931,High,9,6
Gospel Oak Ward,6.33653,High,9,6
Palmers Green Ward,6.3302517,High,9,6
Barnsbury Ward,6.3294272,High,9,6
Haverstock Ward,6.325017,High,9,6
Shepherd's Bush Green Ward,6.3192706,High,9,6
Plaistow South Ward,6.3137465,High,9,6
Seven Sisters Ward,6.3100443,High,9,6
Beckton Ward,6.3086696,High,9,6
Leytonstone Ward,6.280841,High,9,6
Coningham Ward,6.2732186,High,9,6
Bromley Town Ward,6.2263336,High,9,6
Walpole Ward,6.211099,High,9,6
West Drayton Ward,6.1930466,High,9,6
Town Ward,6.1823497,High,9,6
Southbury Ward,6.180672,High,9,6
Aldborough Ward,6.1785054,High,9,6
Woodside Ward (E05013605),6.171839,High,9,6
Southfield Ward,6.169879,High,9,6
Yiewsley Ward,6.1611047,High,9,6
Carterhatch Ward,6.1411333,High,9,6
Belmore Ward,6.138158,High,9,6
Newington Ward,6.131896,High,9,6
Goresbrook Ward,6.125834,High,9,6
Clock House Ward,6.1103444,Medium,6,6
Shadwell Ward,6.110243,Medium,6,6
Grove Park Ward,6.1029563,Medium,6,6
East Ham South Ward,6.0994773,Medium,6,6
Bullsmoor Ward,6.0952044,Medium,6,6
Munster Ward,6.094632,Medium,6,6
East Sheen Ward,6.094025,Medium,6,6
Village Ward (E05014070),6.0836024,Medium,6,6
Wanstead Village Ward,6.079912,Medium,6,6
Eastbury Ward,6.049999,Medium,6,6
Lee Green Ward,6.0472627,Medium,6,6
Stanley Ward,6.044723,Medium,6,6
Greenwich Creekside Ward,6.0443373,Medium,6,6
Chislehurst Ward,6.0211744,Medium,6,6
Dulwich Village Ward,6.013554,Medium,6,6
Hanworth Village Ward,6.010846,Medium,6,6
Peckham Ward,5.9919887,Medium,6,6
Abingdon Ward,5.987558,Medium,6,6
Abbey Wood Ward,5.9726944,Medium,6,6
Queen's Park Ward,5.96741,Medium,6,6
Woodside Ward (E05011489),5.9647336,Medium,6,6
East Finchley Ward,5.9476843,Medium,6,6
Fulham Town Ward,5.94301,Medium,6,6
Colliers Wood Ward,5.929876,Medium,6,6
Maryland Ward,5.9292774,Medium,6,6
Greenford Broadway Ward,5.90671,Medium,6,6
Colindale South Ward,5.8908195,Medium,6,6
South Balham Ward,5.88478,Medium,6,6
Cann Hall Ward,5.8729787,Medium,6,6
Falconbrook Ward,5.8727813,Medium,6,6
Vincent Square Ward,5.8710694,Medium,6,6
Myatt's Fields Ward,5.869469,Medium,6,6
Belvedere Ward,5.86348,Medium,6,6
Kenton Ward,5.860031,Medium,6,6
Brunswick Park Ward,5.856224,Medium,6,6
St. Martin's Ward,5.8372674,Medium,6,6
Northolt West End Ward,5.8329544,Medium,6,6
Kingston Town Ward,5.8164535,Medium,6,6
West Kensington Ward,5.804397,Medium,6,6
Southgate Ward,5.7986155,Medium,6,6
Fortis Green Ward,5.798396,Medium,6,6
Valence Ward,5.7920556,Medium,6,6
Loxford Ward,5.7830153,Medium,6,6
Rush Green & Crowlands Ward,5.7800536,Medium,6,6
Hounslow West Ward,5.753355,Medium,6,6
Syon & Brentford Lock Ward,5.7511563,Medium,6,6
Perivale Ward,5.746559,Medium,6,6
Woolwich Common Ward,5.7438574,Medium,6,6
Stockwell East Ward,5.7434554,Medium,6,6
Walham Green Ward,5.7386107,Medium,6,6
West Hill Ward,5.7322197,Medium,6,6
Bromley North Ward,5.7132316,Medium,6,6
Eltham Town & Avery Hill Ward,5.7052627,Medium,6,6
Bensham Manor Ward,5.7040925,Medium,6,6
Chadwell Ward,5.670104,Medium,6,6
Fulham Reach Ward,5.6681395,Medium,6,6
Woodberry Down Ward,5.6643853,Medium,6,6
Bush Hill Park Ward,5.6634717,Medium,6,6
Canning Town North Ward,5.6607175,Medium,6,6
Woolwich Arsenal Ward,5.6522317,Medium,6,6
Hanwell Broadway Ward,5.6288624,Medium,6,6
Village Ward (E05013825),5.6192474,Medium,6,6
Larkswood Ward,5.610583,Medium,6,6
Ruislip Ward,5.608227,Medium,6,6
Highgate Ward (E05013661),5.6071725,Medium,6,6
Pembridge Ward,5.607163,Medium,6,6
Streatham Hill East Ward,5.5860023,Medium,6,6
Queen's Gate Ward,5.5830984,Medium,6,6
Totteridge & Woodside Ward,5.5719366,Medium,6,6
Pitshanger Ward,5.564731,Medium,6,6
Stepney Green Ward,5.5636272,Medium,6,6
New Cross Gate Ward,5.5545163,Medium,6,6
Barkingside Ward,5.5452237,Medium,6,6
St. George's Ward,5.5379024,Medium,6,6
Brentford East Ward,5.536848,Medium,6,6
Whetstone Ward,5.5223064,Medium,6,6
Chiswick Riverside Ward,5.5153184,Medium,6,6
North Richmond Ward,5.494352,Medium,6,6
Holland Ward,5.4897437,Medium,6,6
South Woodford Ward,5.475338,Medium,6,6
Higham Hill Ward,5.4675508,Medium,6,6
Kelsey & Eden Park Ward,5.466983,Medium,6,6
Southall Green Ward,5.460003,Medium,6,6
Erith Ward,5.457267,Medium,6,6
Palace & Hurlingham Ward,5.428993,Medium,6,6
Churchfields Ward,5.422268,Medium,6,6
Hainault Ward,5.4215865,Medium,6,6
Muswell Hill Ward,5.3814125,Medium,6,6
Wembley Hill Ward,5.35493,Medium,6,6
Plaistow North Ward,5.3466015,Medium,6,6
Fullwell Ward,5.346097,Medium,6,6
Arnos Grove Ward,5.3443875,Medium,6,6
Wandle Ward (E05014026),5.3307977,Medium,6,6
Yeading Ward,5.3289185,Medium,6,6
King's Park Ward,5.320581,Medium,6,6
North Hanwell Ward,5.318207,Medium,6,6
St. Margarets & North Twickenham Ward,5.3137555,Medium,6,6
Chadwell Heath Ward,5.2971835,Medium,6,6
Parsloes Ward,5.2858014,Medium,6,6
Royal Albert Ward,5.2657604,Medium,6,6
Hounslow Heath Ward,5.2542977,Medium,6,6
Bedfont Ward,5.250855,Medium,6,6
Little Ilford Ward,5.248944,Medium,6,6
Heston Central Ward,5.2382216,Medium,6,6
Trinity Ward,5.2270637,Medium,6,6
North Greenford Ward,5.2044773,Medium,6,6
Hermitage & Gardens Ward,5.1639566,Medium,6,6
Edgware Ward (E05013545),5.1624513,Medium,6,6
Limehouse Ward,5.1538754,Medium,6,6
Cranford Ward,5.1493244,Medium,6,6
William Morris Ward,5.134919,Medium,6,6
South Ruislip Ward,5.13412,Medium,6,6
Cranbrook Ward,5.1218753,Medium,6,6
Petts Wood & Knoll Ward,5.115723,Medium,6,6
Northcote Ward,5.1140785,Medium,6,6
Bellingham Ward,5.0921435,Medium,6,6
Chapel End Ward,5.086833,Medium,6,6
Rainham & Wennington Ward,5.075536,Medium,6,6
Ravenscourt Ward,5.0714946,Medium,6,6
Bounds Green Ward,4.994526,Medium,6,6
Grove Ward,4.980423,Medium,6,6
Alperton Ward,4.9624324,Medium,6,6
Wimbledon Park Ward,4.959283,Medium,6,6
Barnes Ward,4.94657,Medium,6,6
Gipsy Hill Ward,4.937691,Medium,6,6
Camden Square Ward,4.9223576,Medium,6,6
Dulwich Hill Ward,4.910756,Medium,6,6
Northfield Ward,4.87617,Medium,6,6
Woolwich Dockyard Ward,4.873133,Medium,6,6
Cazenove Ward,4.8687034,Medium,6,6
Eastcote Ward,4.862618,Medium,6,6
Twickenham Riverside Ward,4.8602524,Medium,6,6
High Barnet Ward,4.8579426,Medium,6,6
Orpington Ward,4.8577824,Medium,6,6
Addison Ward,4.8563223,Medium,6,6
Brentford West Ward,4.848955,Medium,6,6
St. Ann's Ward,4.845852,Medium,6,6
Mayesbrook Ward,4.8435607,Medium,6,6
Longbridge Ward,4.8426986,Medium,6,6
Bickley & Sundridge Ward,4.834275,Medium,6,6
Hatch Lane & Highams Park North Ward,4.8249054,Low,3,6
Brook Green Ward,4.817119,Low,3,6
Manor Park Ward,4.8163967,Low,3,6
Brownswood Ward,4.8093705,Low,3,6
Heston West Ward,4.8062906,Low,3,6
Cockfosters Ward,4.8038383,Low,3,6
West Ham Ward,4.79744,Low,3,6
Plumstead Common Ward,4.790708,Low,3,6
Ickenham & South Harefield Ward,4.790472,Low,3,6
Roxeth Ward,4.7894545,Low,3,6
Charlton Village & Riverside Ward,4.762196,Low,3,6
Hounslow East Ward,4.7583046,Low,3,6
Squirrels Heath Ward,4.7497478,Low,3,6
Heston East Ward,4.714825,Low,3,6
Avonmore Ward,4.7116704,Low,3,6
Wall End Ward,4.698129,Low,3,6
Sands End Ward,4.697901,Low,3,6
Stanmore Ward,4.6902156,Low,3,6
Chelsea Riverside Ward,4.680016,Low,3,6
New Southgate Ward,4.652367,Low,3,6
Harrow Weald Ward,4.649049,Low,3,6
Havering-atte-Bower Ward,4.636643,Low,3,6
Northbury Ward,4.634326,Low,3,6
Hampstead Town Ward,4.5978694,Low,3,6
Grove Green Ward,4.5820436,Low,3,6
Wood Street Ward,4.571229,Low,3,6
Feltham West Ward,4.5595155,Low,3,6
"Mottingham, Coldharbour & New Eltham Ward",4.5427666,Low,3,6
Barnhill Ward,4.531363,Low,3,6
Poplar Ward,4.504403,Low,3,6
Norbury & Pollards Hill Ward,4.498561,Low,3,6
St. Helen's Ward,4.46265,Low,3,6
Kingsbury Ward,4.4603796,Low,3,6
Bowes Ward,4.450211,Low,3,6
New Malden Village Ward,4.448504,Low,3,6
Feltham North Ward,4.44796,Low,3,6
Kentish Town North Ward,4.438945,Low,3,6
Colindale North Ward,4.4359026,Low,3,6
Elm Park Ward,4.435099,Low,3,6
Upper Walthamstow Ward,4.4293423,Low,3,6
Clayhall Ward,4.4225645,Low,3,6
Chingford Green Ward,4.413176,Low,3,6
Notting Dale Ward,4.405098,Low,3,6
Pinner Ward,4.379764,Low,3,6
Barking Riverside Ward,4.3773346,Low,3,6
St. James Ward,4.375902,Low,3,6
Canning Town South Ward,4.370468,Low,3,6
Bromley Common & Holwood Ward,4.358883,Low,3,6
St. Edward's Ward,4.357313,Low,3,6
Lillie Ward,4.3488684,Low,3,6
Hampton Ward,4.3256645,Low,3,6
Preston Ward,4.314931,Low,3,6
Alexandra Park Ward,4.308916,Low,3,6
Lady Margaret Ward,4.302733,Low,3,6
South Hornchurch Ward,4.276444,Low,3,6
Becontree Ward,4.2761664,Low,3,6
Headstone Ward,4.273807,Low,3,6
Charlton Hornfair Ward,4.270244,Low,3,6
Sutton Central Ward,4.264095,Low,3,6
Edgwarebury Ward,4.2613993,Low,3,6
Plaistow Ward,4.2521315,Low,3,6
Hampton Wick & South Teddington Ward,4.2444196,Low,3,6
Peckham Rye Ward,4.2398896,Low,3,6
Beam Ward,4.2375426,Low,3,6
Southall Broadway Ward,4.2170606,Low,3,6
Highfield Ward,4.2097373,Low,3,6
Abbey Ward (E05013810),4.2078795,Low,3,6
West Twickenham Ward,4.191618,Low,3,6
Crayford Ward,4.1888475,Low,3,6
Champion Hill Ward,4.1872473,Low,3,6
St. Andrew's Ward,4.1844487,Low,3,6
Abbey Ward (E05014053),4.1721063,Low,3,6
Bridge Ward (E05011236),4.167338,Low,3,6
Frognal Ward,4.1646323,Low,3,6
Newbury Ward,4.1630816,Low,3,6
Island Gardens Ward,4.1486697,Low,3,6
Dormers Wells Ward,4.1475267,Low,3,6
Cricket Green Ward,4.1473575,Low,3,6
Ridgeway Ward,4.1472597,Low,3,6
Mayfield Ward,4.1243057,Low,3,6
Beddington Ward,4.1136117,Low,3,6
Isleworth Ward,4.1086392,Low,3,6
Slade Green & Northend Ward,4.093593,Low,3,6
Figge's Marsh Ward,4.085407,Low,3,6
Addiscombe East Ward,4.0824738,Low,3,6
Sidcup Ward,4.081327,Low,3,6
Alibon Ward,4.066021,Low,3,6
Sutton South Ward,4.0639486,Low,3,6
Southfields Ward,4.059709,Low,3,6
Harold Wood Ward,4.038414,Low,3,6
Norbury Park Ward,4.024084,Low,3,6
Wendell Park Ward,4.0130687,Low,3,6
White City Ward,4.0071874,Low,3,6
Raynes Park Ward,3.985615,Low,3,6
New Addington South Ward,3.9832978,Low,3,6
Hillingdon East Ward,3.9801576,Low,3,6
Northwood Ward,3.9790382,Low,3,6
Northwood Hills Ward,3.9782877,Low,3,6
Green Street East Ward,3.9625635,Low,3,6
St. Helier Ward,3.962405,Low,3,6
"Ham, Petersham & Richmond Riverside Ward",3.9450083,Low,3,6
Gascoigne Ward,3.944145,Low,3,6
Fulwell & Hampton Hill Ward,3.924164,Low,3,6
West Thamesmead Ward,3.9165385,Low,3,6
Mottingham Ward,3.905794,Low,3,6
Mawneys Ward,3.9024186,Low,3,6
Wallington North Ward,3.9007516,Low,3,6
Centenary Ward,3.887203,Low,3,6
Forest Gate North Ward,3.8773527,Low,3,6
Grange Park Ward,3.8768847,Low,3,6
Streatham Wells Ward,3.8642738,Low,3,6
Hounslow South Ward,3.8636355,Low,3,6
Parsons Green & Sandford Ward,3.8626626,Low,3,6
Markhouse Ward,3.856195,Low,3,6
Fairlop Ward,3.8527672,Low,3,6
Wormholt Ward,3.8515017,Low,3,6
Pinner South Ward,3.8484836,Low,3,6
Underhill Ward,3.847144,Low,3,6
Teddington Ward,3.8443294,Low,3,6
Kenton East Ward,3.8370202,Low,3,6
Stamford Hill West Ward,3.823429,Low,3,6
Hylands & Harrow Lodge Ward,3.7807097,Low,3,6
Shirley North Ward,3.7764063,Low,3,6
Hale End & Highams Park South Ward,3.7737484,Low,3,6
Shooters Hill Ward,3.773733,Low,3,6
Winchmore Hill Ward,3.7694287,Low,3,6
Pimlico South Ward,3.7670763,Low,3,6
Northwick Park Ward,3.7669904,Low,3,6
Marlborough Ward,3.7465415,Low,3,6
Norland Ward,3.742491,Low,3,6
Wimbledon Town & Dundonald Ward,3.7386415,Low,3,6
Boleyn Ward,3.7286274,Low,3,6
Carshalton Central Ward,3.703338,Low,3,6
Graveney Ward,3.7014365,Low,3,6
Seven Kings Ward,3.700336,Low,3,6
St. Helier West Ward,3.6929696,Low,3,6
Coulsdon Town Ward,3.6736472,Low,3,6
Pollards Hill Ward,3.6710846,Low,3,6
Whitton Ward,3.67106,Low,3,6
Cathall Ward,3.6677413,Low,3,6
Green Street West Ward,3.6346526,Low,3,6
Thamesmead Moorings Ward,3.6239922,Very Low,1,6
Merton Park Ward,3.6192791,Very Low,1,6
South Twickenham Ward,3.612469,Very Low,1,6
Marshalls & Rise Park Ward,3.60691,Very Low,1,6
Longthornton Ward,3.6004827,Very Low,1,6
Kidbrooke Park Ward,3.5993886,Very Low,1,6
Wallington South Ward,3.5986507,Very Low,1,6
Thamesmead East Ward,3.5975218,Very Low,1,6
Hayes & Coney Hall Ward,3.5937757,Very Low,1,6
Shortlands & Park Langley Ward,3.5917416,Very Low,1,6
Coombe Hill Ward,3.5600069,Very Low,1,6
Dalgarno Ward,3.5225716,Very Low,1,6
Norbiton Ward,3.5011854,Very Low,1,6
West Wickham Ward,3.4859474,Very Low,1,6
Hanworth Park Ward,3.483001,Very Low,1,6
Hampton North Ward,3.4754739,Very Low,1,6
Wandle Ward (E05013826),3.4322128,Very Low,1,6
Wealdstone North Ward,3.432046,Very Low,1,6
Upminster Ward,3.4092164,Very Low,1,6
Heath Ward,3.3981812,Very Low,1,6
Shirley South Ward,3.3818898,Very Low,1,6
Bexleyheath Ward,3.3730648,Very Low,1,6
Sanderstead Ward,3.3403218,Very Low,1,6
Wembley Central Ward,3.3279672,Very Low,1,6
Cannon Hill Ward,3.308379,Very Low,1,6
Cheam Ward,3.299217,Very Low,1,6
Charville Ward,3.2893896,Very Low,1,6
Ravensbury Ward,3.26496,Very Low,1,6
Purley Oaks & Riddlesdown Ward,3.2551806,Very Low,1,6
Monkhams Ward,3.2516654,Very Low,1,6
Endlebury Ward,3.248765,Very Low,1,6
Heathfield Ward,3.2471097,Very Low,1,6
Harrow on the Hill Ward,3.226434,Very Low,1,6
Kidbrooke Village & Sutcliffe Ward,3.1890533,Very Low,1,6
East Wickham Ward,3.179964,Very Low,1,6
St. Alban's Ward,3.1729648,Very Low,1,6
Wanstead Park Ward,3.1364338,Very Low,1,6
Canons Ward,3.1357179,Very Low,1,6
Hillingdon West Ward,3.098569,Very Low,1,6
Sutton North Ward,3.0666485,Very Low,1,6
Eltham Page Ward,3.0585804,Very Low,1,6
Nine Elms Ward,3.0400953,Very Low,1,6
Sudbury Ward,3.0385914,Very Low,1,6
Middle Park & Horn Park Ward,3.0305886,Very Low,1,6
St. Mark's & Seething Wells Ward,3.0246782,Very Low,1,6
The Wrythe Ward,3.012827,Very Low,1,6
Hatch End Ward,2.9920146,Very Low,1,6
Clementswood Ward,2.9765065,Very Low,1,6
Tolworth Ward,2.964629,Very Low,1,6
South Beddington & Roundshaw Ward,2.9564586,Very Low,1,6
Wembley Park Ward,2.9320266,Very Low,1,6
Coombe Vale Ward,2.929063,Very Low,1,6
Surbiton Hill Ward,2.9184754,Very Low,1,6
Ruislip Manor Ward,2.9130974,Very Low,1,6
Oakwood Ward,2.89708,Very Low,1,6
Eltham Park & Progress Ward,2.8872762,Very Low,1,6
Chelsfield Ward,2.8769076,Very Low,1,6
Thames View Ward,2.8287213,Very Low,1,6
Beam Park Ward,2.826833,Very Low,1,6
Plashet Ward,2.784299,Very Low,1,6
Kingston Gate Ward,2.77085,Very Low,1,6
Carshalton South & Clockhouse Ward,2.7629073,Very Low,1,6
Lavender Fields Ward,2.7596967,Very Low,1,6
Crook Log Ward,2.7129986,Very Low,1,6
West Barnes Ward,2.7108243,Very Low,1,6
Falconwood & Welling Ward,2.704253,Very Low,1,6
Farnborough & Crofton Ward,2.6983895,Very Low,1,6
Blackfen & Lamorbey Ward,2.6566098,Very Low,1,6
Green Lane & St. James Ward,2.6487525,Very Low,1,6
Roxbourne Ward,2.6223698,Very Low,1,6
Hillside Ward,2.614895,Very Low,1,6
North Cheam Ward,2.593305,Very Low,1,6
Northumberland Heath Ward,2.5732787,Very Low,1,6
Stonecot Ward,2.5452828,Very Low,1,6
Lower Morden Ward,2.5359602,Very Low,1,6
Kenley Ward,2.5284429,Very Low,1,6
Canbury Gardens Ward,2.5156333,Very Low,1,6
Belmont Ward (E05013755),2.5006363,Very Low,1,6
St. Helier East Ward,2.460801,Very Low,1,6
Selsdon & Addington Village Ward,2.4495258,Very Low,1,6
Eastbrook & Rush Green Ward,2.4465542,Very Low,1,6
Wealdstone South Ward,2.4289846,Very Low,1,6
St. Mary's & St. James Ward,2.401616,Very Low,1,6
Kenton West Ward,2.3775804,Very Low,1,6
Farringdon Without Ward,2.3750813,Very Low,1,6
Park Hill & Whitgift Ward,2.371978,Very Low,1,6
Belmont Ward (E05013542),2.338143,Very Low,1,6
Cranham Ward,2.3227246,Very Low,1,6
Old Coulsdon Ward,2.2768803,Very Low,1,6
New Addington North Ward,2.260746,Very Low,1,6
Blendon & Penhill Ward,2.2046394,Very Low,1,6
Rayners Lane Ward,2.200863,Very Low,1,6
Tokyngton Ward,2.186272,Very Low,1,6
Sutton West & East Cheam Ward,2.1574888,Very Low,1,6
Hackbridge Ward,2.1446335,Very Low,1,6
North Harrow Ward,2.1149428,Very Low,1,6
Selsdon Vale & Forestdale Ward,2.0243106,Very Low,1,6
Southall West Ward,2.013835,Very Low,1,6
West Heath Ward,1.9998457,Very Low,1,6
Farringdon Within Ward,1.9894459,Very Low,1,6
Tower Ward,1.9411119,Very Low,1,6
Castle Baynard Ward,1.923487,Very Low,1,6
Harefield Village Ward,1.9130816,Very Low,1,6
West Harrow Ward,1.8749632,Very Low,1,6
Hook & Chessington North Ward,1.7754675,Very Low,1,6
Tudor Ward,1.7617899,Very Low,1,6
Worcester Park North Ward,1.7350441,Very Low,1,6
Old Malden Ward,1.7291359,Very Low,1,6
Bishopsgate Ward,1.7205712,Very Low,1,6
Darwin Ward,1.6169038,Very Low,1,6
Emerson Park Ward,1.5490392,Very Low,1,6
Longlands Ward,1.5433973,Very Low,1,6
Berrylands Ward,1.5399436,Very Low,1,6
King George's & Sunray Ward,1.5340843,Very Low,1,6
Worcester Park South Ward,1.4663289,Very Low,1,6
Biggin Hill Ward,1.4642298,Very Low,1,6
Alexandra Ward,1.4503057,Very Low,1,6
Barnehurst Ward,1.4043009,Very Low,1,6
Aldgate Ward,1.4013103,Very Low,1,6
Motspur Park & Old Malden East Ward,1.344713,Very Low,1,6
Chessington South & Malden Rushett Ward,1.3134861,Very Low,1,6
Hacton Ward,1.3024428,Very Low,1,6
Bridge Ward (E05009294),0.69109195,Very Low,1,6
Vintry Ward,0.6685753,Very Low,1,6
Coleman Street Ward,0.631259,Very Low,1,6
Cordwainer Ward,0.612728,Very Low,1,6
Cripplegate Ward,0.6047393,Very Low,1,6
Dowgate Ward,0.59909767,Very Low,1,6
Portsoken Ward,0.5566764,Very Low,1,6
Cheap Ward,0.4875929,Very Low,1,6
Queenhithe Ward,0.4365415,Very Low,1,6
Cornhill Ward,0.37046555,Very Low,1,6
Candlewick Ward,0.37046555,Very Low,1,6
Langbourn Ward,0.37046555,Very Low,1,6
Walbrook Ward,0.37046555,Very Low,1,6
Lime Street Ward,0.37046555,Very Low,1,6
Broad Street Ward,0.37046555,Very Low,1,6
Bread Street Ward,0.37046555,Very Low,1,6
Billingsgate Ward,0.2504166,Very Low,1,6
Aldersgate Ward,0.20794944,Very Low,1,6
Bassishaw Ward,0.0042452826,Very Low,1,6
West End Ward,43.79799,Very High,18,7
St. James's Ward,24.071508,Very High,18,7
Bloomsbury Ward,21.958338,Very High,18,7
Marylebone Ward,21.495075,Very High,17,7
Hoxton East & Shoreditch Ward,19.645988,Very High,17,7
Holborn & Covent Garden Ward,18.627022,Very High,17,7
Bethnal Green West Ward,18.307892,Very High,17,7
Fairfield Ward,17.78729,Very High,17,7
Childs Hill Ward,16.861317,Very High,17,7
Borough & Bankside Ward,16.619122,Very High,17,7
Lancaster Gate Ward,16.26004,Very High,17,7
Rushey Green Ward,15.870216,Very High,17,7
London Bridge & West Bermondsey Ward,15.324182,Very High,17,7
Bow East Ward,15.016626,Very High,17,7
Hyde Park Ward,14.995665,Very High,17,7
Deptford Ward,14.921801,Very High,17,7
Spitalfields & Banglatown Ward,14.853398,Very High,17,7
Bayswater Ward,14.317288,Very High,17,7
Hendon Ward,14.16388,Very High,17,7
Northumberland Park Ward,13.9636755,Very High,17,7
London Fields Ward,13.766315,Very High,17,7
Bethnal Green East Ward,13.616907,Very High,17,7
Whitechapel Ward,13.303326,Very High,17,7
Clapham Town Ward,13.081826,Very High,17,7
Brixton Acre Lane Ward,13.03599,Very High,17,7
Weavers Ward,13.017196,Very High,17,7
Lea Bridge Ward (E05009380),12.910935,Very High,17,7
Stonebridge Ward,12.733936,Very High,17,7
Mile End Ward,12.605855,Very High,17,7
Bunhill Ward,12.545288,Very High,17,7
Clerkenwell Ward,12.326166,Very High,17,7
Brockley Ward,12.158492,Very High,17,7
Finsbury Park Ward,12.059643,Very High,17,7
Lansbury Ward,11.979081,Very High,17,7
Kilburn Ward (E05013503),11.954146,Very High,17,7
Rye Lane Ward,11.894373,Very High,17,7
North Walworth Ward,11.866406,Very High,17,7
Junction Ward,11.785365,Very High,17,7
Edmonton Green Ward,11.777864,Very High,17,7
Queens Park Ward,11.717759,Very High,17,7
Herne Hill & Loughborough Junction Ward,11.558862,Very High,17,7
North Acton Ward,11.503035,Very High,17,7
Dollis Hill Ward,11.432116,Very High,17,7
Harlesden & Kensal Green Ward,11.353248,Very High,17,7
Streatham St. Leonard's Ward,11.260215,Very High,17,7
Dalston Ward,11.195457,Very High,17,7
South Bermondsey Ward,11.184359,Very High,17,7
Balham Ward,11.115507,Very High,17,7
Hackney Wick Ward,10.949985,Very High,17,7
North Bermondsey Ward,10.931609,Very High,17,7
Finchley Church End Ward,10.927732,Very High,17,7
Wandsworth Town Ward,10.871005,Very High,17,7
Hoxton West Ward,10.658129,Very High,17,7
Bruce Castle Ward,10.58885,Very High,17,7
Harringay Ward,10.560074,Very High,17,7
Waterloo & South Bank Ward,10.473729,Very High,17,7
West Thornton Ward,10.467492,Very High,17,7
Hackney Downs Ward,10.377881,Very High,17,7
Camberwell Green Ward,10.369214,Very High,17,7
Greenwich Peninsula Ward,10.339348,Very High,17,7
Broad Green Ward,10.334377,Very High,17,7
Upper Edmonton Ward,10.328612,Very High,17,7
Homerton Ward,10.2972555,Very High,17,7
Haggerston Ward,10.144212,Very High,17,7
Stratford Ward,10.134808,Very High,17,7
Hither Green Ward,10.119337,Very High,17,7
Hackney Central Ward,10.111033,Very High,17,7
Mildmay Ward,10.072667,Very High,17,7
Brompton & Hans Town Ward,10.005802,Very High,17,7
Crouch End Ward,9.972933,Very High,17,7
Sydenham Ward,9.906444,Very High,17,7
Chaucer Ward,9.897875,Very High,17,7
Tollington Ward,9.890308,Very High,17,7
Brimsdown Ward,9.860821,Very High,17,7
Noel Park Ward,9.855575,Very High,17,7
Brixton Windrush Ward,9.730165,Very High,17,7
St. Giles Ward,9.711134,Very High,17,7
Knightsbridge & Belgravia Ward,9.68509,Very High,17,7
Victoria Ward,9.64954,Very High,17,7
Thamesfield Ward,9.601945,Very High,17,7
Stoke Newington Ward,9.595859,Very High,17,7
Edgware Ward (E05013637),9.410917,Very High,17,7
East Greenwich Ward,9.39231,Very High,17,7
Burnt Oak Ward,9.341315,Very High,17,7
Old Kent Road Ward,9.313733,Very High,17,7
Tooting Broadway Ward,9.298079,Very High,17,7
Ladywell Ward,9.295325,Very High,17,7
Willesden Green Ward,9.281936,Very High,17,7
Penge & Cator Ward,9.2410965,Very High,17,7
Waddon Ward,9.236489,Very High,17,7
Nunhead & Queen's Road Ward,9.230408,Very High,17,7
St. Mary Cray Ward,9.212136,Very High,17,7
Camden Town Ward,9.15208,Very High,17,7
Courtfield Ward,9.123831,Very High,17,7
South Acton Ward,9.101677,Very High,17,7
West Finchley Ward,9.054362,Very High,17,7
Colville Ward,8.986982,Very High,17,7
St. Paul's Cray Ward,8.969498,Very High,17,7
Bow West Ward,8.969168,Very High,17,7
East Acton Ward,8.950267,Very High,17,7
West Green Ward,8.936474,Very High,17,7
Stockwell West & Larkhall Ward,8.929412,Very High,17,7
Highbury Ward,8.92344,Very High,17,7
Uxbridge Ward,8.877055,Very High,17,7
Stratford Olympic Park Ward,8.866572,Very High,17,7
Regent's Park Ward (E05013668),8.84108,Very High,17,7
Brixton Rush Common Ward,8.77897,Very High,17,7
Faraday Ward,8.777149,Very High,17,7
Highgate Ward (E05013592),8.770735,Very High,17,7
Kilburn Ward (E05013665),8.7537155,Very High,17,7
Enfield Lock Ward,8.744579,Very High,17,7
Tottenham Central Ward,8.743978,Very High,17,7
Battersea Park Ward,8.724618,Very High,17,7
Forest Gate South Ward,8.646322,Very High,17,7
Mill Hill Ward,8.62272,Very High,17,7
Brixton North Ward,8.621036,Very High,17,7
Forest Hill Ward,8.620244,Very High,17,7
Hanger Hill Ward,8.588023,Very High,17,7
Perry Vale Ward,8.538468,Very High,17,7
St. Mary's & St. James' Ward,8.490212,Very High,17,7
Heathrow Villages Ward,8.481618,Very High,17,7
Hillrise Ward,8.450822,Very High,17,7
Friern Barnet Ward,8.388792,Very High,17,7
Cricklewood & Mapesbury Ward,8.388259,Very High,17,7
Surrey Docks Ward,8.377447,Very High,17,7
Canonbury Ward,8.370509,Very High,17,7
South Norwood Ward,8.314818,Very High,17,7
West Hendon Ward,8.311136,Very High,17,7
Clissold Ward,8.29089,Very High,17,7
Ealing Common Ward,8.213938,Very High,17,7
Rotherhithe Ward,8.212708,Very High,17,7
Hoe Street Ward,8.209961,Very High,17,7
Springfield Ward,8.201961,Very High,17,7
Cricklewood Ward,8.2017565,Very High,17,7
Roehampton Ward,8.153488,Very High,17,7
Oval Ward,8.148999,Very High,17,7
King's Cross Ward,8.140143,Very High,17,7
Purley & Woodcote Ward,8.099872,Very High,17,7
Roundwood Ward,8.099059,Very High,17,7
St. Katharine's & Wapping Ward,8.093503,Very High,17,7
Heaton Ward,8.06672,Very High,17,7
Knight's Hill Ward,8.061864,High,9,7
De Beauvoir Ward,8.055399,High,9,7
White Hart Lane Ward,8.050014,High,9,7
St. Peter's & Canalside Ward,8.023526,High,9,7
Chiswick Gunnersbury Ward,7.99063,High,9,7
Brondesbury Park Ward,7.9709935,High,9,7
Kennington Ward,7.9646926,High,9,7
Catford South Ward,7.9214206,High,9,7
Goose Green Ward,7.885267,High,9,7
Plumstead & Glyndon Ward,7.858566,High,9,7
Lavender Ward,7.8514256,High,9,7
Regent's Park Ward (E05013805),7.8363824,High,9,7
South Tottenham Ward,7.82998,High,9,7
Evelyn Ward,7.8265843,High,9,7
Canary Wharf Ward,7.8085046,High,9,7
West Putney Ward,7.7998557,High,9,7
Downham Ward,7.7990685,High,9,7
College Park & Old Oak Ward,7.786696,High,9,7
West Hampstead Ward,7.7667146,High,9,7
St. Mary's Ward,7.765678,High,9,7
Jubilee Ward,7.7629476,High,9,7
Arsenal Ward,7.748949,High,9,7
Thornton Heath Ward,7.726496,High,9,7
Streatham Hill West & Thornton Ward,7.693779,High,9,7
Laycock Ward,7.6822085,High,9,7
South Croydon Ward,7.639698,High,9,7
Tottenham Hale Ward,7.6370554,High,9,7
Crystal Palace & Upper Norwood Ward,7.6284637,High,9,7
Barnet Vale Ward,7.619899,High,9,7
Golborne Ward,7.6132736,High,9,7
Haselbury Ward,7.573423,High,9,7
Blackheath Ward,7.572492,High,9,7
Selhurst Ward,7.565496,High,9,7
South Richmond Ward,7.5553503,High,9,7
Telegraph Hill Ward,7.553132,High,9,7
Blackheath Westcombe Ward,7.4882674,High,9,7
Garden Suburb Ward,7.454705,High,9,7
Clapham Common & Abbeville Ward,7.4348598,High,9,7
Gooshays Ward,7.394727,High,9,7
Chiswick Homefields Ward,7.383984,High,9,7
Blackwall & Cubitt Town Ward,7.3817472,High,9,7
Belsize Ward,7.3750534,High,9,7
Lea Bridge Ward (E05013895),7.3598194,High,9,7
Wood End Ward,7.347245,High,9,7
Abbey Road Ward,7.3386617,High,9,7
Whitewebbs Ward,7.3223686,High,9,7
Custom House Ward,7.295555,High,9,7
Golders Green Ward,7.2660265,High,9,7
Holloway Ward,7.265534,High,9,7
Tufnell Park Ward,7.2557755,High,9,7
Ponders End Ward,7.241418,High,9,7
St. Pancras & Somers Town Ward,7.226339,High,9,7
Greenwich Park Ward,7.1700444,High,9,7
Hornsey Ward,7.1612587,High,9,7
Earl's Court Ward,7.1612577,High,9,7
Central Greenford Ward,7.1507196,High,9,7
Colham & Cowley Ward,7.144263,High,9,7
Westbourne Ward,7.143248,High,9,7
East Ham Ward,7.135244,High,9,7
Shaftesbury & Queenstown Ward,7.1274133,High,9,7
Shacklewell Ward,7.1164193,High,9,7
Ilford Town Ward,7.0868273,High,9,7
Crystal Palace & Anerley Ward,7.0850606,High,9,7
Mortlake & Barnes Common Ward,7.0461903,High,9,7
Clapham East Ward,7.0398035,High,9,7
East Putney Ward,7.024786,High,9,7
Plaistow West & Canning Town East Ward,7.016609,High,9,7
Crofton Park Ward,7.0096436,High,9,7
Hounslow Central Ward,7.003013,High,9,7
Caledonian Ward,6.995027,High,9,7
Harrow Road Ward,6.985176,High,9,7
Stroud Green Ward,6.979492,High,9,7
Redcliffe Ward,6.9560304,High,9,7
Valley Ward,6.955621,High,9,7
Kentish Town South Ward,6.945908,High,9,7
Maida Vale Ward,6.9439707,High,9,7
Welsh Harp Ward,6.9374747,High,9,7
Woodhouse Ward,6.9258027,High,9,7
Royal Hospital Ward,6.901449,High,9,7
Whalebone Ward,6.88839,High,9,7
Hayes Town Ward,6.8821096,High,9,7
Lewisham Central Ward,6.8777633,High,9,7
Bromley South Ward,6.8472905,High,9,7
Primrose Hill Ward,6.8219934,High,9,7
Forest Ward,6.820918,High,9,7
St. Dunstan's Ward,6.819601,High,9,7
Kew Ward,6.8008723,High,9,7
Church Street Ward,6.7447906,High,9,7
Little Venice Ward,6.738222,High,9,7
Addiscombe West Ward,6.7286763,High,9,7
Campden Ward,6.711624,High,9,7
Queensbury Ward,6.7079806,High,9,7
Shepherd's Bush Green Ward,6.6864023,High,9,7
Greenhill Ward,6.6852446,High,9,7
Goodmayes Ward,6.684875,High,9,7
Clapham Park Ward,6.674323,High,9,7
Fortune Green Ward,6.658505,High,9,7
Streatham Common & Vale Ward,6.6530886,High,9,7
East Barnet Ward,6.6415744,High,9,7
High Street Ward,6.63705,High,9,7
Leyton Ward,6.6177726,High,9,7
Pimlico North Ward,6.601657,High,9,7
Vauxhall Ward,6.6015053,High,9,7
Furzedown Ward,6.5691166,High,9,7
Seven Sisters Ward,6.562962,High,9,7
Ealing Broadway Ward,6.559805,High,9,7
Royal Victoria Ward,6.550658,High,9,7
Wandsworth Common Ward,6.51973,High,9,7
West Dulwich Ward,6.512356,High,9,7
Osterley & Spring Grove Ward,6.5119486,High,9,7
Lower Edmonton Ward,6.510648,High,9,7
Palmers Green Ward,6.501787,High,9,7
Pinkwell Ward,6.494624,High,9,7
Hammersmith Broadway Ward,6.4916096,High,9,7
South Hampstead Ward,6.4877524,High,9,7
Plaistow South Ward,6.486216,High,9,7
Beckton Ward,6.461939,High,9,7
Tooting Bec Ward,6.4590936,High,9,7
Leytonstone Ward,6.4401374,High,9,7
Valentines Ward,6.432707,High,9,7
Northolt Mandeville Ward,6.423916,High,9,7
Beckenham Town & Copers Cope Ward,6.4186015,High,9,7
Coningham Ward,6.413832,High,9,7
Dulwich Wood Ward,6.405323,High,9,7
Woodside Ward (E05013605),6.4045615,High,9,7
Norwood Green Ward,6.390716,High,9,7
Barnsbury Ward,6.3811326,High,9,7
Haverstock Ward,6.36872,High,9,7
Newington Ward,6.368136,High,9,7
Gospel Oak Ward,6.360069,High,9,7
Southfield Ward,6.359132,High,9,7
East Ham South Ward,6.347156,High,9,7
Southbury Ward,6.3454213,High,9,7
Walpole Ward,6.313077,High,9,7
Eastbury Ward,6.3056602,High,9,7
Abingdon Ward,6.298016,High,9,7
Bromley Town Ward,6.2543483,High,9,7
Munster Ward,6.2524724,High,9,7
West Drayton Ward,6.240297,High,9,7
Colliers Wood Ward,6.2319307,High,9,7
Stanley Ward,6.2264285,High,9,7
East Sheen Ward,6.223808,Medium,6,7
Town Ward,6.223079,Medium,6,7
Shadwell Ward,6.203957,Medium,6,7
Abbey Wood Ward,6.185404,Medium,6,7
Goresbrook Ward,6.1760902,Medium,6,7
Village Ward (E05014070),6.173843,Medium,6,7
Peckham Ward,6.168939,Medium,6,7
Aldborough Ward,6.1497626,Medium,6,7
Queen's Park Ward,6.141676,Medium,6,7
Lee Green Ward,6.138917,Medium,6,7
Yiewsley Ward,6.127956,Medium,6,7
Wanstead Village Ward,6.127495,Medium,6,7
Belmore Ward,6.1258345,Medium,6,7
Bullsmoor Ward,6.114783,Medium,6,7
Maryland Ward,6.112267,Medium,6,7
Clock House Ward,6.1103287,Medium,6,7
Grove Park Ward,6.1084776,Medium,6,7
Carterhatch Ward,6.106534,Medium,6,7
Dulwich Village Ward,6.1024537,Medium,6,7
Bromley North Ward,6.083368,Medium,6,7
Greenwich Creekside Ward,6.064237,Medium,6,7
Fulham Town Ward,6.0608706,Medium,6,7
Valence Ward,6.0525784,Medium,6,7
Hanworth Village Ward,6.0161715,Medium,6,7
Myatt's Fields Ward,6.0143633,Medium,6,7
South Balham Ward,6.000454,Medium,6,7
Colindale South Ward,5.9920683,Medium,6,7
East Finchley Ward,5.9913483,Medium,6,7
Stockwell East Ward,5.988461,Medium,6,7
Vincent Square Ward,5.982784,Medium,6,7
Cann Hall Ward,5.981023,Medium,6,7
Chislehurst Ward,5.9674497,Medium,6,7
St. Martin's Ward,5.9656525,Medium,6,7
Falconbrook Ward,5.963475,Medium,6,7
West Kensington Ward,5.935369,Medium,6,7
Greenford Broadway Ward,5.9249606,Medium,6,7
Woodside Ward (E05011489),5.917712,Medium,6,7
Bensham Manor Ward,5.913343,Medium,6,7
Hounslow West Ward,5.9077044,Medium,6,7
Kenton Ward,5.882042,Medium,6,7
Belvedere Ward,5.8815274,Medium,6,7
Northolt West End Ward,5.8772273,Medium,6,7
Brunswick Park Ward,5.8716173,Medium,6,7
Kingston Town Ward,5.857785,Medium,6,7
St. George's Ward,5.8568673,Medium,6,7
Fortis Green Ward,5.8506136,Medium,6,7
Walham Green Ward,5.84308,Medium,6,7
Syon & Brentford Lock Ward,5.8355412,Medium,6,7
Southgate Ward,5.8279757,Medium,6,7
Rush Green & Crowlands Ward,5.818544,Medium,6,7
Loxford Ward,5.805705,Medium,6,7
New Cross Gate Ward,5.8042955,Medium,6,7
Pembridge Ward,5.790579,Medium,6,7
Perivale Ward,5.7897983,Medium,6,7
Hanwell Broadway Ward,5.7838573,Medium,6,7
Woodberry Down Ward,5.7823796,Medium,6,7
Woolwich Arsenal Ward,5.769734,Medium,6,7
West Hill Ward,5.752885,Medium,6,7
Woolwich Common Ward,5.750084,Medium,6,7
Queen's Gate Ward,5.735632,Medium,6,7
Brentford East Ward,5.731578,Medium,6,7
Eltham Town & Avery Hill Ward,5.717507,Medium,6,7
Stepney Green Ward,5.714874,Medium,6,7
Canning Town North Ward,5.7102656,Medium,6,7
Fulham Reach Ward,5.7041407,Medium,6,7
Streatham Hill East Ward,5.691805,Medium,6,7
Chadwell Ward,5.682349,Medium,6,7
Bush Hill Park Ward,5.6788645,Medium,6,7
Totteridge & Woodside Ward,5.659718,Medium,6,7
Highgate Ward (E05013661),5.6566057,Medium,6,7
Pitshanger Ward,5.655836,Medium,6,7
Higham Hill Ward,5.64299,Medium,6,7
Larkswood Ward,5.6278696,Medium,6,7
Holland Ward,5.6129084,Medium,6,7
Ruislip Ward,5.6091137,Medium,6,7
North Richmond Ward,5.6078725,Medium,6,7
Plaistow North Ward,5.5739737,Medium,6,7
Barkingside Ward,5.565889,Medium,6,7
Chiswick Riverside Ward,5.55665,Medium,6,7
Whetstone Ward,5.550321,Medium,6,7
King's Park Ward,5.5383224,Medium,6,7
South Woodford Ward,5.5338593,Medium,6,7
North Hanwell Ward,5.5226707,Medium,6,7
Village Ward (E05013825),5.5081377,Medium,6,7
Erith Ward,5.4929824,Medium,6,7
Southall Green Ward,5.4908986,Medium,6,7
Muswell Hill Ward,5.489537,Medium,6,7
Kelsey & Eden Park Ward,5.4823756,Medium,6,7
Palace & Hurlingham Ward,5.476576,Medium,6,7
Parsloes Ward,5.4616675,Medium,6,7
Churchfields Ward,5.4582696,Medium,6,7
Hainault Ward,5.427105,Medium,6,7
Little Ilford Ward,5.406583,Medium,6,7
Arnos Grove Ward,5.4031262,Medium,6,7
Wandle Ward (E05014026),5.3918996,Medium,6,7
Wembley Hill Ward,5.389978,Medium,6,7
Hounslow Heath Ward,5.3777013,Medium,6,7
Fullwell Ward,5.3767223,Medium,6,7
St. Margarets & North Twickenham Ward,5.3453465,Medium,6,7
Hermitage & Gardens Ward,5.328706,Medium,6,7
Yeading Ward,5.319511,Medium,6,7
Chadwell Heath Ward,5.302702,Medium,6,7
Royal Albert Ward,5.3005457,Medium,6,7
William Morris Ward,5.2996683,Medium,6,7
Bedfont Ward,5.288102,Medium,6,7
Trinity Ward,5.2683954,Medium,6,7
Heston Central Ward,5.26803,Medium,6,7
Limehouse Ward,5.2642303,Medium,6,7
Northcote Ward,5.2586417,Medium,6,7
North Greenford Ward,5.2388473,Medium,6,7
Bellingham Ward,5.233765,Medium,6,7
Edgware Ward (E05013545),5.2156076,Medium,6,7
Ravenscourt Ward,5.2020316,Medium,6,7
Cranbrook Ward,5.2002006,Medium,6,7
Cranford Ward,5.187279,Medium,6,7
Chapel End Ward,5.1709566,Medium,6,7
Alperton Ward,5.168976,Medium,6,7
South Ruislip Ward,5.1518106,Medium,6,7
Grove Ward,5.1446495,Medium,6,7
Bounds Green Ward,5.133733,Medium,6,7
Petts Wood & Knoll Ward,5.1248946,Medium,6,7
Gipsy Hill Ward,5.1022205,Medium,6,7
Mayesbrook Ward,5.0761495,Medium,6,7
Rainham & Wennington Ward,5.0756955,Medium,6,7
Wimbledon Park Ward,5.067403,Medium,6,7
Brentford West Ward,5.046426,Medium,6,7
Northfield Ward,5.04136,Medium,6,7
Cazenove Ward,5.0158305,Medium,6,7
Dulwich Hill Ward,5.0101733,Medium,6,7
St. Ann's Ward,4.9980536,Medium,6,7
Camden Square Ward,4.9845743,Medium,6,7
Brownswood Ward,4.9702945,Medium,6,7
Addison Ward,4.966064,Medium,6,7
Barnes Ward,4.9388623,Medium,6,7
Woolwich Dockyard Ward,4.9285274,Medium,6,7
Wall End Ward,4.9221864,Medium,6,7
Northbury Ward,4.8997636,Medium,6,7
Twickenham Riverside Ward,4.897213,Medium,6,7
Brook Green Ward,4.89062,Medium,6,7
High Barnet Ward,4.8859572,Medium,6,7
Eastcote Ward,4.883283,Low,3,7
Manor Park Ward,4.8818398,Low,3,7
West Ham Ward,4.877491,Low,3,7
Orpington Ward,4.873175,Low,3,7
Longbridge Ward,4.8674316,Low,3,7
Avonmore Ward,4.863513,Low,3,7
Bickley & Sundridge Ward,4.8622894,Low,3,7
Hounslow East Ward,4.8608637,Low,3,7
Roxeth Ward,4.8388395,Low,3,7
Cockfosters Ward,4.8331985,Low,3,7
Heston West Ward,4.8273892,Low,3,7
Plumstead Common Ward,4.8202486,Low,3,7
Charlton Village & Riverside Ward,4.798916,Low,3,7
Chelsea Riverside Ward,4.793994,Low,3,7
Ickenham & South Harefield Ward,4.791359,Low,3,7
Hatch Lane & Highams Park North Ward,4.786144,Low,3,7
Notting Dale Ward,4.7792144,Low,3,7
Heston East Ward,4.7566867,Low,3,7
Wood Street Ward,4.750799,Low,3,7
Squirrels Heath Ward,4.7506347,Low,3,7
Sands End Ward,4.730963,Low,3,7
New Southgate Ward,4.7195807,Low,3,7
Stanmore Ward,4.7122264,Low,3,7
Grove Green Ward,4.6832933,Low,3,7
Lillie Ward,4.6679096,Low,3,7
Canning Town South Ward,4.661654,Low,3,7
Havering-atte-Bower Ward,4.6433325,Low,3,7
Norbury & Pollards Hill Ward,4.6259212,Low,3,7
Poplar Ward,4.6124473,Low,3,7
Harrow Weald Ward,4.609463,Low,3,7
St. Helen's Ward,4.604529,Low,3,7
Kentish Town North Ward,4.6041346,Low,3,7
Hampstead Town Ward,4.56605,Low,3,7
Barnhill Ward,4.5499034,Low,3,7
Feltham West Ward,4.5421753,Low,3,7
New Malden Village Ward,4.5323977,Low,3,7
Upper Walthamstow Ward,4.522607,Low,3,7
Colindale North Ward,4.5171785,Low,3,7
Abbey Ward (E05014053),4.509258,Low,3,7
Kingsbury Ward,4.5074754,Low,3,7
Feltham North Ward,4.492983,Low,3,7
St. James Ward,4.485877,Low,3,7
Alexandra Park Ward,4.4741054,Low,3,7
Bowes Ward,4.4708786,Low,3,7
Clayhall Ward,4.4692855,Low,3,7
"Mottingham, Coldharbour & New Eltham Ward",4.4672966,Low,3,7
Chingford Green Ward,4.456145,Low,3,7
Becontree Ward,4.4431777,Low,3,7
Pinner Ward,4.4077787,Low,3,7
Barking Riverside Ward,4.3971167,Low,3,7
Peckham Rye Ward,4.3792973,Low,3,7
Elm Park Ward,4.378935,Low,3,7
Preston Ward,4.3700113,Low,3,7
St. Edward's Ward,4.3679056,Low,3,7
Bromley Common & Holwood Ward,4.35977,Low,3,7
Hampton Ward,4.3536797,Low,3,7
Southall Broadway Ward,4.342527,Low,3,7
Lady Margaret Ward,4.3376446,Low,3,7
Sutton Central Ward,4.3178296,Low,3,7
Edgwarebury Ward,4.3112793,Low,3,7
Cricket Green Ward,4.3035336,Low,3,7
Headstone Ward,4.3018217,Low,3,7
South Hornchurch Ward,4.2929115,Low,3,7
Charlton Hornfair Ward,4.2881885,Low,3,7
Abbey Ward (E05013810),4.2838073,Low,3,7
Champion Hill Ward,4.2766037,Low,3,7
Beam Ward,4.270423,Low,3,7
Hampton Wick & South Teddington Ward,4.2615485,Low,3,7
West Twickenham Ward,4.248188,Low,3,7
Island Gardens Ward,4.241581,Low,3,7
Highfield Ward,4.236261,Low,3,7
Dormers Wells Ward,4.2150993,Low,3,7
Crayford Ward,4.2106886,Low,3,7
Frognal Ward,4.2103167,Low,3,7
Plaistow Ward,4.208052,Low,3,7
Newbury Ward,4.1753263,Low,3,7
Bridge Ward (E05011236),4.1649957,Low,3,7
Isleworth Ward,4.162374,Low,3,7
Green Street East Ward,4.146222,Low,3,7
Ridgeway Ward,4.1441474,Low,3,7
Mayfield Ward,4.1419964,Low,3,7
St. Andrew's Ward,4.137925,Low,3,7
Addiscombe East Ward,4.1362085,Low,3,7
Alibon Ward,4.121243,Low,3,7
Southfields Ward,4.1206675,Low,3,7
Wendell Park Ward,4.115047,Low,3,7
Figge's Marsh Ward,4.101,Low,3,7
Sutton South Ward,4.1008477,Low,3,7
Slade Green & Northend Ward,4.0987043,Low,3,7
Streatham Wells Ward,4.095569,Low,3,7
White City Ward,4.090793,Low,3,7
Sidcup Ward,4.0805626,Low,3,7
Beddington Ward,4.0695324,Low,3,7
Norbury Park Ward,4.0646,Low,3,7
Gascoigne Ward,4.041978,Low,3,7
Harold Wood Ward,4.039302,Low,3,7
Markhouse Ward,4.02549,Low,3,7
Raynes Park Ward,4.0180807,Low,3,7
New Addington South Ward,4.0101595,Low,3,7
Northwood Ward,4.0083985,Low,3,7
Northwood Hills Ward,3.998953,Low,3,7
St. Helier Ward,3.9975653,Low,3,7
Hillingdon East Ward,3.9924028,Low,3,7
Fulwell & Hampton Hill Ward,3.9917867,Low,3,7
Wormholt Ward,3.9783394,Low,3,7
Parsons Green & Sandford Ward,3.9743774,Low,3,7
Stamford Hill West Ward,3.9615145,Low,3,7
Hounslow South Ward,3.9357972,Low,3,7
Boleyn Ward,3.9320638,Low,3,7
West Thamesmead Ward,3.9317048,Low,3,7
"Ham, Petersham & Richmond Riverside Ward",3.9314167,Low,3,7
Forest Gate North Ward,3.9282298,Low,3,7
Mawneys Ward,3.926872,Low,3,7
Norland Ward,3.9241965,Low,3,7
Hale End & Highams Park South Ward,3.9231677,Low,3,7
Centenary Ward,3.9025958,Low,3,7
Pinner South Ward,3.9000854,Low,3,7
Mottingham Ward,3.8629546,Low,3,7
Teddington Ward,3.8614578,Low,3,7
Underhill Ward,3.8609664,Low,3,7
Grange Park Ward,3.85826,Low,3,7
Kenton East Ward,3.8506117,Low,3,7
Fairlop Ward,3.8504257,Low,3,7
Northwick Park Ward,3.8447957,Low,3,7
Wallington North Ward,3.8324823,Low,3,7
Cathall Ward,3.8281143,Low,3,7
Pimlico South Ward,3.8272321,Low,3,7
Shooters Hill Ward,3.7989132,Low,3,7
Winchmore Hill Ward,3.7974434,Low,3,7
Merton Park Ward,3.7932096,Low,3,7
Dalgarno Ward,3.7894726,Low,3,7
Wimbledon Town & Dundonald Ward,3.7808492,Low,3,7
Marlborough Ward,3.7801418,Low,3,7
Hylands & Harrow Lodge Ward,3.767011,Low,3,7
Shirley North Ward,3.7627072,Low,3,7
St. Helier West Ward,3.7575002,Low,3,7
Whitton Ward,3.74789,Low,3,7
Graveney Ward,3.7378836,Low,3,7
Seven Kings Ward,3.7255166,Low,3,7
Green Street West Ward,3.70044,Low,3,7
Coulsdon Town Ward,3.6890407,Low,3,7
Pollards Hill Ward,3.684961,Very Low,1,7
Carshalton Central Ward,3.67327,Very Low,1,7
Longthornton Ward,3.646729,Very Low,1,7
Shortlands & Park Langley Ward,3.6433427,Very Low,1,7
Hayes & Coney Hall Ward,3.6380272,Very Low,1,7
South Twickenham Ward,3.6232374,Very Low,1,7
Wallington South Ward,3.619316,Very Low,1,7
Kidbrooke Park Ward,3.6033423,Very Low,1,7
Thamesmead Moorings Ward,3.6020596,Very Low,1,7
Thamesmead East Ward,3.5903516,Very Low,1,7
Coombe Hill Ward,3.5771353,Very Low,1,7
Norbiton Ward,3.5549207,Very Low,1,7
Marshalls & Rise Park Ward,3.5517142,Very Low,1,7
Wandle Ward (E05013826),3.550073,Very Low,1,7
West Wickham Ward,3.5375483,Very Low,1,7
Hampton North Ward,3.4877195,Very Low,1,7
Hanworth Park Ward,3.4873261,Very Low,1,7
Heath Ward,3.4670944,Very Low,1,7
Shirley South Ward,3.438716,Very Low,1,7
Wealdstone North Ward,3.436,Very Low,1,7
Wembley Central Ward,3.4330244,Very Low,1,7
Upminster Ward,3.4101043,Very Low,1,7
Bexleyheath Ward,3.3853106,Very Low,1,7
Cannon Hill Ward,3.3612118,Very Low,1,7
Ravensbury Ward,3.3606548,Very Low,1,7
Sanderstead Ward,3.32673,Very Low,1,7
Monkhams Ward,3.3032668,Very Low,1,7
Purley Oaks & Riddlesdown Ward,3.2881672,Very Low,1,7
Kidbrooke Village & Sutcliffe Ward,3.2636077,Very Low,1,7
Cheam Ward,3.2627099,Very Low,1,7
Endlebury Ward,3.260704,Very Low,1,7
Heathfield Ward,3.2593553,Very Low,1,7
Harrow on the Hill Ward,3.2470994,Very Low,1,7
Charville Ward,3.2389052,Very Low,1,7
St. Alban's Ward,3.2172687,Very Low,1,7
Nine Elms Ward,3.211852,Very Low,1,7
Wanstead Park Ward,3.1786768,Very Low,1,7
East Wickham Ward,3.1738942,Very Low,1,7
Canons Ward,3.1650782,Very Low,1,7
Sudbury Ward,3.1068814,Very Low,1,7
Eltham Page Ward,3.105573,Very Low,1,7
Hillingdon West Ward,3.1012738,Very Low,1,7
Sutton North Ward,3.0788941,Very Low,1,7
Middle Park & Horn Park Ward,3.0730221,Very Low,1,7
St. Mark's & Seething Wells Ward,3.0680294,Very Low,1,7
The Wrythe Ward,3.0258193,Very Low,1,7
Hatch End Ward,3.0242605,Very Low,1,7
Clementswood Ward,3.0169861,Very Low,1,7
Tolworth Ward,3.0164828,Very Low,1,7
Coombe Vale Ward,3.0044506,Very Low,1,7
Wembley Park Ward,2.9964418,Very Low,1,7
Surbiton Hill Ward,2.9750454,Very Low,1,7
Oakwood Ward,2.959846,Very Low,1,7
South Beddington & Roundshaw Ward,2.9556942,Very Low,1,7
Plashet Ward,2.9530017,Very Low,1,7
Ruislip Manor Ward,2.9176044,Very Low,1,7
Chelsfield Ward,2.9076939,Very Low,1,7
Eltham Park & Progress Ward,2.8995216,Very Low,1,7
Thames View Ward,2.877832,Very Low,1,7
Beam Park Ward,2.8734586,Very Low,1,7
Lavender Fields Ward,2.804291,Very Low,1,7
Kingston Gate Ward,2.7879784,Very Low,1,7
Carshalton South & Clockhouse Ward,2.787185,Very Low,1,7
West Barnes Ward,2.7624254,Very Low,1,7
Farnborough & Crofton Ward,2.7426414,Very Low,1,7
Crook Log Ward,2.7252443,Very Low,1,7
Green Lane & St. James Ward,2.709026,Very Low,1,7
Falconwood & Welling Ward,2.701912,Very Low,1,7
Hillside Ward,2.6605787,Very Low,1,7
Blackfen & Lamorbey Ward,2.642911,Very Low,1,7
Roxbourne Ward,2.6409109,Very Low,1,7
Northumberland Heath Ward,2.5777693,Very Low,1,7
Lower Morden Ward,2.5735426,Very Low,1,7
North Cheam Ward,2.5726376,Very Low,1,7
Stonecot Ward,2.5575285,Very Low,1,7
Canbury Gardens Ward,2.5569642,Very Low,1,7
Kenley Ward,2.5440023,Very Low,1,7
Belmont Ward (E05013755),2.5375354,Very Low,1,7
Farringdon Without Ward,2.4956157,Very Low,1,7
Eastbrook & Rush Green Ward,2.4674337,Very Low,1,7
Selsdon & Addington Village Ward,2.4617715,Very Low,1,7
Wealdstone South Ward,2.4475257,Very Low,1,7
St. Helier East Ward,2.4225352,Very Low,1,7
Park Hill & Whitgift Ward,2.4013386,Very Low,1,7
Kenton West Ward,2.3929741,Very Low,1,7
Belmont Ward (E05013542),2.3675034,Very Low,1,7
St. Mary's & St. James Ward,2.3261478,Very Low,1,7
New Addington North Ward,2.3110974,Very Low,1,7
Cranham Ward,2.2919145,Very Low,1,7
Old Coulsdon Ward,2.243204,Very Low,1,7
Rayners Lane Ward,2.2288778,Very Low,1,7
Tokyngton Ward,2.2178946,Very Low,1,7
Blendon & Penhill Ward,2.2055273,Very Low,1,7
Castle Baynard Ward,2.186477,Very Low,1,7
Sutton West & East Cheam Ward,2.161996,Very Low,1,7
Hackbridge Ward,2.158847,Very Low,1,7
North Harrow Ward,2.1429577,Very Low,1,7
Tower Ward,2.048508,Very Low,1,7
Farringdon Within Ward,2.048157,Very Low,1,7
Southall West Ward,2.0389068,Very Low,1,7
West Heath Ward,1.9861465,Very Low,1,7
Selsdon Vale & Forestdale Ward,1.9688742,Very Low,1,7
West Harrow Ward,1.9642652,Very Low,1,7
Harefield Village Ward,1.897702,Very Low,1,7
Bishopsgate Ward,1.874611,Very Low,1,7
Tudor Ward,1.7789184,Very Low,1,7
Hook & Chessington North Ward,1.7731264,Very Low,1,7
Old Malden Ward,1.7336429,Very Low,1,7
Worcester Park North Ward,1.7250454,Very Low,1,7
Darwin Ward,1.6191373,Very Low,1,7
Berrylands Ward,1.5570717,Very Low,1,7
King George's & Sunray Ward,1.54633,Very Low,1,7
Longlands Ward,1.5447564,Very Low,1,7
Emerson Park Ward,1.5390403,Very Low,1,7
Aldgate Ward,1.5076324,Very Low,1,7
Alexandra Ward,1.4907132,Very Low,1,7
Worcester Park South Ward,1.4855924,Very Low,1,7
Biggin Hill Ward,1.4542308,Very Low,1,7
Motspur Park & Old Malden East Ward,1.3618418,Very Low,1,7
Barnehurst Ward,1.3315294,Very Low,1,7
Chessington South & Malden Rushett Ward,1.2889007,Very Low,1,7
Hacton Ward,1.2778572,Very Low,1,7
Bridge Ward (E05009294),0.8142556,Very Low,1,7
Vintry Ward,0.7917389,Very Low,1,7
Coleman Street Ward,0.7544225,Very Low,1,7
Cordwainer Ward,0.73782295,Very Low,1,7
Dowgate Ward,0.72226137,Very Low,1,7
Cripplegate Ward,0.64606977,Very Low,1,7
Cheap Ward,0.6107563,Very Low,1,7
Portsoken Ward,0.56080455,Very Low,1,7
Langbourn Ward,0.49556038,Very Low,1,7
Lime Street Ward,0.49556038,Very Low,1,7
Cornhill Ward,0.49556038,Very Low,1,7
Bread Street Ward,0.49556038,Very Low,1,7
Walbrook Ward,0.49556038,Very Low,1,7
Broad Street Ward,0.49556038,Very Low,1,7
Candlewick Ward,0.49556038,Very Low,1,7
Queenhithe Ward,0.46900597,Very Low,1,7
Billingsgate Ward,0.40471977,Very Low,1,7
Aldersgate Ward,0.36225277,Very Low,1,7
Bassishaw Ward,0.08629467,Very Low,1,7
West End Ward,44.851936,Very High,18,8
St. James's Ward,25.10819,Very High,18,8
Bloomsbury Ward,22.479279,Very High,17,8
Marylebone Ward,21.812017,Very High,17,8
Hoxton East & Shoreditch Ward,20.204475,Very High,17,8
Holborn & Covent Garden Ward,18.998686,Very High,17,8
Bethnal Green West Ward,18.300438,Very High,17,8
Fairfield Ward,18.024801,Very High,17,8
Childs Hill Ward,17.334053,Very High,17,8
Rushey Green Ward,16.615496,Very High,17,8
Lancaster Gate Ward,16.357218,Very High,17,8
Borough & Bankside Ward,16.281555,Very High,17,8
Hyde Park Ward,15.722471,Very High,17,8
London Bridge & West Bermondsey Ward,15.382594,Very High,17,8
Spitalfields & Banglatown Ward,15.260811,Very High,17,8
Bow East Ward,15.133327,Very High,17,8
Deptford Ward,14.918838,Very High,17,8
Bayswater Ward,14.738437,Very High,17,8
Hendon Ward,14.572379,Very High,17,8
London Fields Ward,13.921065,Very High,17,8
Northumberland Park Ward,13.86335,Very High,17,8
Whitechapel Ward,13.78298,Very High,17,8
Stonebridge Ward,13.709613,Very High,17,8
Bethnal Green East Ward,13.613156,Very High,17,8
Brixton Acre Lane Ward,13.24187,Very High,17,8
Weavers Ward,13.172306,Very High,17,8
Clapham Town Ward,13.138852,Very High,17,8
Lea Bridge Ward (E05009380),13.117549,Very High,17,8
Mile End Ward,12.842972,Very High,17,8
Brockley Ward,12.519539,Very High,17,8
North Walworth Ward,12.452118,Very High,17,8
Clerkenwell Ward,12.432184,Very High,17,8
Lansbury Ward,12.334092,Very High,17,8
Edmonton Green Ward,12.2771,Very High,17,8
Bunhill Ward,12.246245,Very High,17,8
Queens Park Ward,12.215259,Very High,17,8
Kilburn Ward (E05013503),12.192843,Very High,17,8
Finsbury Park Ward,12.167877,Very High,17,8
Rye Lane Ward,12.080293,Very High,17,8
Junction Ward,12.020176,Very High,17,8
Herne Hill & Loughborough Junction Ward,11.861333,Very High,17,8
North Acton Ward,11.762291,Very High,17,8
Streatham St. Leonard's Ward,11.736891,Very High,17,8
Dollis Hill Ward,11.634123,Very High,17,8
Harlesden & Kensal Green Ward,11.58337,Very High,17,8
South Bermondsey Ward,11.363855,Very High,17,8
Hackney Wick Ward,11.173798,Very High,17,8
Finchley Church End Ward,11.143077,Very High,17,8
Dalston Ward,11.103049,Very High,17,8
Balham Ward,11.0601,Very High,17,8
Bruce Castle Ward,11.000932,Very High,17,8
Hoxton West Ward,10.918986,Very High,17,8
North Bermondsey Ward,10.911685,Very High,17,8
Wandsworth Town Ward,10.87744,Very High,17,8
Upper Edmonton Ward,10.87205,Very High,17,8
Harringay Ward,10.745534,Very High,17,8
West Thornton Ward,10.737363,Very High,17,8
Broad Green Ward,10.610937,Very High,17,8
Hackney Downs Ward,10.610917,Very High,17,8
Camberwell Green Ward,10.575966,Very High,17,8
Homerton Ward,10.527359,Very High,17,8
Stratford Ward,10.455555,Very High,17,8
Haggerston Ward,10.357748,Very High,17,8
Waterloo & South Bank Ward,10.332321,Very High,17,8
Mildmay Ward,10.3157215,Very High,17,8
Brimsdown Ward,10.300322,Very High,17,8
Hackney Central Ward,10.287452,Very High,17,8
Greenwich Peninsula Ward,10.205293,Very High,17,8
Chaucer Ward,10.181988,Very High,17,8
Hither Green Ward,10.180889,Very High,17,8
Brompton & Hans Town Ward,10.118949,Very High,17,8
Tollington Ward,10.118247,Very High,17,8
Sydenham Ward,10.047315,Very High,17,8
Noel Park Ward,9.983949,Very High,17,8
St. Giles Ward,9.911911,Very High,17,8
Crouch End Ward,9.903808,Very High,17,8
Knightsbridge & Belgravia Ward,9.87407,Very High,17,8
Victoria Ward,9.872284,Very High,17,8
Stoke Newington Ward,9.844582,Very High,17,8
Brixton Windrush Ward,9.765743,Very High,17,8
Penge & Cator Ward,9.667795,Very High,17,8
Edgware Ward (E05013637),9.604329,Very High,17,8
Burnt Oak Ward,9.596653,Very High,17,8
Thamesfield Ward,9.571795,Very High,17,8
Willesden Green Ward,9.567564,Very High,17,8
Old Kent Road Ward,9.510584,Very High,17,8
Ladywell Ward,9.496102,Very High,17,8
St. Mary Cray Ward,9.462202,Very High,17,8
Waddon Ward,9.44362,Very High,17,8
Nunhead & Queen's Road Ward,9.424008,Very High,17,8
Tooting Broadway Ward,9.407187,Very High,17,8
South Acton Ward,9.316953,Very High,17,8
Stratford Olympic Park Ward,9.295279,Very High,17,8
Colville Ward,9.267147,Very High,17,8
East Greenwich Ward,9.231333,Very High,17,8
West Finchley Ward,9.231285,Very High,17,8
Courtfield Ward,9.224776,Very High,17,8
West Green Ward,9.211696,Very High,17,8
East Acton Ward,9.205428,Very High,17,8
Camden Town Ward,9.195156,Very High,17,8
Stockwell West & Larkhall Ward,9.171829,Very High,17,8
Highbury Ward,9.132423,Very High,17,8
St. Paul's Cray Ward,9.065591,Very High,17,8
Bow West Ward,9.00982,Very High,17,8
Kilburn Ward (E05013665),9.002364,Very High,17,8
Brixton Rush Common Ward,8.994523,Very High,17,8
Enfield Lock Ward,8.977097,Very High,17,8
Regent's Park Ward (E05013668),8.972173,Very High,17,8
Uxbridge Ward,8.950055,Very High,17,8
Highgate Ward (E05013592),8.949092,Very High,17,8
Faraday Ward,8.94146,Very High,17,8
Tottenham Central Ward,8.906503,Very High,17,8
Forest Hill Ward,8.897459,Very High,17,8
Forest Gate South Ward,8.865618,Very High,17,8
Mill Hill Ward,8.838119,Very High,17,8
Hanger Hill Ward,8.836549,Very High,17,8
Battersea Park Ward,8.792683,Very High,17,8
Perry Vale Ward,8.7908535,Very High,17,8
Cricklewood & Mapesbury Ward,8.736699,Very High,17,8
Hillrise Ward,8.73288,Very High,17,8
Brixton North Ward,8.731501,Very High,17,8
South Norwood Ward,8.710011,Very High,17,8
Heathrow Villages Ward,8.697222,Very High,17,8
Springfield Ward,8.643371,Very High,17,8
Friern Barnet Ward,8.639388,Very High,17,8
St. Mary's & St. James' Ward,8.591417,Very High,17,8
Oval Ward,8.488708,Very High,17,8
Clissold Ward,8.487084,Very High,17,8
Canonbury Ward,8.484339,Very High,17,8
Hoe Street Ward,8.455739,Very High,17,8
Ealing Common Ward,8.4236,Very High,17,8
West Hendon Ward,8.419279,Very High,17,8
Cricklewood Ward,8.412718,Very High,17,8
Surrey Docks Ward,8.358547,Very High,17,8
King's Cross Ward,8.342886,Very High,17,8
Roundwood Ward,8.335719,Very High,17,8
Rotherhithe Ward,8.3228445,Very High,17,8
Haselbury Ward,8.320103,Very High,17,8
White Hart Lane Ward,8.30213,Very High,17,8
Jubilee Ward,8.262856,Very High,17,8
St. Peter's & Canalside Ward,8.224114,Very High,17,8
Kennington Ward,8.206397,High,9,8
Brondesbury Park Ward,8.180861,High,9,8
Knight's Hill Ward,8.175977,High,9,8
Roehampton Ward,8.17525,High,9,8
Chiswick Gunnersbury Ward,8.172229,High,9,8
Heaton Ward,8.170931,High,9,8
Purley & Woodcote Ward,8.135771,High,9,8
Evelyn Ward,8.129871,High,9,8
St. Katharine's & Wapping Ward,8.125895,High,9,8
Catford South Ward,8.120352,High,9,8
College Park & Old Oak Ward,8.092219,High,9,8
De Beauvoir Ward,8.0919285,High,9,8
Downham Ward,8.062571,High,9,8
Plumstead & Glyndon Ward,8.023963,High,9,8
South Tottenham Ward,7.979989,High,9,8
West Hampstead Ward,7.973765,High,9,8
West Putney Ward,7.962196,High,9,8
Canary Wharf Ward,7.9376736,High,9,8
Goose Green Ward,7.93024,High,9,8
St. Mary's Ward,7.925439,High,9,8
Golborne Ward,7.881081,High,9,8
Thornton Heath Ward,7.874705,High,9,8
Lavender Ward,7.8626294,High,9,8
Laycock Ward,7.830254,High,9,8
Crystal Palace & Upper Norwood Ward,7.8123446,High,9,8
Arsenal Ward,7.812278,High,9,8
South Croydon Ward,7.7965207,High,9,8
Blackheath Ward,7.7932177,High,9,8
Streatham Hill West & Thornton Ward,7.752026,High,9,8
Telegraph Hill Ward,7.7344184,High,9,8
Regent's Park Ward (E05013805),7.7186728,High,9,8
Selhurst Ward,7.678602,High,9,8
Barnet Vale Ward,7.6771603,High,9,8
Tottenham Hale Ward,7.676653,High,9,8
Gooshays Ward,7.647951,High,9,8
Blackheath Westcombe Ward,7.647221,High,9,8
Chiswick Homefields Ward,7.6127605,High,9,8
South Richmond Ward,7.6067147,High,9,8
Garden Suburb Ward,7.601512,High,9,8
Lea Bridge Ward (E05013895),7.592207,High,9,8
Wood End Ward,7.551409,High,9,8
Shacklewell Ward,7.540691,High,9,8
Clapham Common & Abbeville Ward,7.5211763,High,9,8
Ponders End Ward,7.510711,High,9,8
Whitewebbs Ward,7.4884667,High,9,8
Blackwall & Cubitt Town Ward,7.4862556,High,9,8
Belsize Ward,7.48361,High,9,8
Custom House Ward,7.478801,High,9,8
Abbey Road Ward,7.4726624,High,9,8
Tufnell Park Ward,7.4356947,High,9,8
Holloway Ward,7.416343,High,9,8
Westbourne Ward,7.3989563,High,9,8
East Ham Ward,7.3963537,High,9,8
Golders Green Ward,7.385437,High,9,8
Greenwich Park Ward,7.376591,High,9,8
Central Greenford Ward,7.371639,High,9,8
Harrow Road Ward,7.3536615,High,9,8
Lewisham Central Ward,7.347035,High,9,8
Welsh Harp Ward,7.321929,High,9,8
Hornsey Ward,7.31487,High,9,8
Crystal Palace & Anerley Ward,7.3145514,High,9,8
St. Pancras & Somers Town Ward,7.308786,High,9,8
Ilford Town Ward,7.2925215,High,9,8
Redcliffe Ward,7.2847896,High,9,8
Colham & Cowley Ward,7.271326,High,9,8
Shaftesbury & Queenstown Ward,7.242313,High,9,8
Maida Vale Ward,7.239301,High,9,8
Plaistow West & Canning Town East Ward,7.2198753,High,9,8
Crofton Park Ward,7.2029085,High,9,8
Earl's Court Ward,7.199051,High,9,8
Stroud Green Ward,7.186375,High,9,8
Caledonian Ward,7.1796894,High,9,8
Valley Ward,7.1780343,High,9,8
Clapham East Ward,7.1635866,High,9,8
Kentish Town South Ward,7.1547666,High,9,8
East Putney Ward,7.1086264,High,9,8
Hounslow Central Ward,7.0842505,High,9,8
Royal Hospital Ward,7.0745893,High,9,8
Woodhouse Ward,7.070255,High,9,8
Hayes Town Ward,7.0468507,High,9,8
Whalebone Ward,7.0440083,High,9,8
Bromley South Ward,7.025546,High,9,8
Lower Edmonton Ward,7.008588,High,9,8
Mortlake & Barnes Common Ward,6.9786634,High,9,8
St. Dunstan's Ward,6.975631,High,9,8
Queensbury Ward,6.969288,High,9,8
Primrose Hill Ward,6.9637933,High,9,8
Forest Ward,6.9567075,High,9,8
Little Venice Ward,6.9427423,High,9,8
Kew Ward,6.940256,High,9,8
East Sheen Ward,6.9258194,High,9,8
Church Street Ward,6.889734,High,9,8
Pimlico North Ward,6.8838954,High,9,8
Fortune Green Ward,6.8391967,High,9,8
Streatham Common & Vale Ward,6.8324804,High,9,8
Goodmayes Ward,6.8301053,High,9,8
Addiscombe West Ward,6.826428,High,9,8
Shepherd's Bush Green Ward,6.7983513,High,9,8
Campden Ward,6.7792993,High,9,8
East Barnet Ward,6.7763653,High,9,8
Clapham Park Ward,6.7744527,High,9,8
Wandsworth Common Ward,6.766837,High,9,8
Furzedown Ward,6.7665563,High,9,8
Greenhill Ward,6.754262,High,9,8
Palmers Green Ward,6.736163,High,9,8
Leyton Ward,6.7320323,High,9,8
Ealing Broadway Ward,6.7313304,High,9,8
High Street Ward,6.722399,High,9,8
Seven Sisters Ward,6.706807,High,9,8
Osterley & Spring Grove Ward,6.6796317,High,9,8
Pinkwell Ward,6.6783347,High,9,8
Beckton Ward,6.6590347,High,9,8
South Hampstead Ward,6.656911,High,9,8
Northolt Mandeville Ward,6.650848,High,9,8
Vauxhall Ward,6.6272125,High,9,8
Southfield Ward,6.618024,High,9,8
Woodside Ward (E05013605),6.615747,High,9,8
Valentines Ward,6.6133595,High,9,8
Tooting Bec Ward,6.6105676,High,9,8
Dulwich Wood Ward,6.608614,High,9,8
Coningham Ward,6.60676,High,9,8
West Dulwich Ward,6.591569,High,9,8
Norwood Green Ward,6.569252,High,9,8
Plaistow South Ward,6.568666,High,9,8
Leytonstone Ward,6.559077,High,9,8
Hammersmith Broadway Ward,6.5564804,High,9,8
Haverstock Ward,6.55055,High,9,8
Abingdon Ward,6.5446663,High,9,8
Beckenham Town & Copers Cope Ward,6.5378375,High,9,8
Eastbury Ward,6.532941,High,9,8
Newington Ward,6.524998,High,9,8
Barnsbury Ward,6.518088,High,9,8
Southbury Ward,6.5064416,High,9,8
Gospel Oak Ward,6.492477,High,9,8
Walpole Ward,6.4893684,High,9,8
East Ham South Ward,6.4582896,High,9,8
Royal Victoria Ward,6.4137654,High,9,8
West Drayton Ward,6.4078975,High,9,8
Stanley Ward,6.407709,High,9,8
Munster Ward,6.405476,High,9,8
Aldborough Ward,6.4029174,High,9,8
Peckham Ward,6.3947706,Medium,6,8
Abbey Wood Ward,6.383648,Medium,6,8
Colliers Wood Ward,6.382738,Medium,6,8
Bullsmoor Ward,6.3689995,Medium,6,8
Carterhatch Ward,6.3659983,Medium,6,8
Village Ward (E05014070),6.3611426,Medium,6,8
Bromley Town Ward,6.35764,Medium,6,8
Goresbrook Ward,6.352709,Medium,6,8
Shadwell Ward,6.3437986,Medium,6,8
Valence Ward,6.312451,Medium,6,8
Lee Green Ward,6.296417,Medium,6,8
Clock House Ward,6.2705994,Medium,6,8
Belmore Ward,6.270365,Medium,6,8
Grove Park Ward,6.2683597,Medium,6,8
Bromley North Ward,6.2495,Medium,6,8
Queen's Park Ward,6.2370667,Medium,6,8
Town Ward,6.22984,Medium,6,8
Myatt's Fields Ward,6.229504,Medium,6,8
Maryland Ward,6.229212,Medium,6,8
Hanworth Village Ward,6.214782,Medium,6,8
Dulwich Village Ward,6.193414,Medium,6,8
Yiewsley Ward,6.1909456,Medium,6,8
Vincent Square Ward,6.179286,Medium,6,8
East Finchley Ward,6.169791,Medium,6,8
Greenwich Creekside Ward,6.1628003,Medium,6,8
Colindale South Ward,6.158321,Medium,6,8
Cann Hall Ward,6.1493287,Medium,6,8
St. George's Ward,6.140016,Medium,6,8
Wanstead Village Ward,6.135878,Medium,6,8
Hounslow West Ward,6.132217,Medium,6,8
Northolt West End Ward,6.1215725,Medium,6,8
Greenford Broadway Ward,6.1174035,Medium,6,8
South Balham Ward,6.1139727,Medium,6,8
Fulham Town Ward,6.111768,Medium,6,8
Chislehurst Ward,6.093892,Medium,6,8
West Kensington Ward,6.0817523,Medium,6,8
Bensham Manor Ward,6.0786166,Medium,6,8
Pembridge Ward,6.073925,Medium,6,8
Woodside Ward (E05011489),6.0664263,Medium,6,8
Falconbrook Ward,6.0532293,Medium,6,8
New Cross Gate Ward,6.0499005,Medium,6,8
Kenton Ward,6.036789,Medium,6,8
St. Martin's Ward,6.0261354,Medium,6,8
Fortis Green Ward,6.014934,Medium,6,8
Belvedere Ward,6.007532,Medium,6,8
Perivale Ward,5.9905934,Medium,6,8
Loxford Ward,5.9900293,Medium,6,8
Stockwell East Ward,5.984362,Medium,6,8
Rush Green & Crowlands Ward,5.983595,Medium,6,8
Brunswick Park Ward,5.9825106,Medium,6,8
Syon & Brentford Lock Ward,5.964816,Medium,6,8
Southgate Ward,5.9594045,Medium,6,8
Hanwell Broadway Ward,5.9463663,Medium,6,8
Eltham Town & Avery Hill Ward,5.9354715,Medium,6,8
Walham Green Ward,5.9271994,Medium,6,8
Kingston Town Ward,5.9166975,Medium,6,8
Woolwich Common Ward,5.9008303,Medium,6,8
Woolwich Arsenal Ward,5.8949156,Medium,6,8
North Richmond Ward,5.890243,Medium,6,8
Totteridge & Woodside Ward,5.8505135,Medium,6,8
Stepney Green Ward,5.843698,Medium,6,8
Highgate Ward (E05013661),5.843687,Medium,6,8
Higham Hill Ward,5.8325076,Medium,6,8
West Hill Ward,5.8181148,Medium,6,8
Pitshanger Ward,5.8163056,Medium,6,8
Holland Ward,5.812864,Medium,6,8
Fulham Reach Ward,5.8117785,Medium,6,8
Bush Hill Park Ward,5.807204,Medium,6,8
Larkswood Ward,5.802864,Medium,6,8
Canning Town North Ward,5.7982273,Medium,6,8
Whetstone Ward,5.793698,Medium,6,8
Woodberry Down Ward,5.790097,Medium,6,8
Chadwell Ward,5.7867446,Medium,6,8
North Hanwell Ward,5.78025,Medium,6,8
Queen's Gate Ward,5.77921,Medium,6,8
Parsloes Ward,5.776051,Medium,6,8
Southall Green Ward,5.7650003,Medium,6,8
King's Park Ward,5.7361145,Medium,6,8
Plaistow North Ward,5.7338796,Medium,6,8
Village Ward (E05013825),5.720179,Medium,6,8
South Woodford Ward,5.7108097,Medium,6,8
Barkingside Ward,5.6911187,Medium,6,8
Chiswick Riverside Ward,5.6639705,Medium,6,8
Brentford East Ward,5.645693,Medium,6,8
Kelsey & Eden Park Ward,5.634121,Medium,6,8
Little Ilford Ward,5.632536,Medium,6,8
Erith Ward,5.6095605,Medium,6,8
Hainault Ward,5.599738,Medium,6,8
Churchfields Ward,5.5975604,Medium,6,8
Ruislip Ward,5.593418,Medium,6,8
Muswell Hill Ward,5.5921216,Medium,6,8
Bellingham Ward,5.584811,Medium,6,8
Arnos Grove Ward,5.5756564,Medium,6,8
William Morris Ward,5.5685506,Medium,6,8
Hounslow Heath Ward,5.565346,Medium,6,8
Fullwell Ward,5.5560803,Medium,6,8
Palace & Hurlingham Ward,5.5360703,Medium,6,8
Streatham Hill East Ward,5.519637,Medium,6,8
Wembley Hill Ward,5.5084224,Medium,6,8
Bedfont Ward,5.499117,Medium,6,8
Wandle Ward (E05014026),5.4831023,Medium,6,8
Hermitage & Gardens Ward,5.475842,Medium,6,8
Chadwell Heath Ward,5.4695034,Medium,6,8
Yeading Ward,5.4583197,Medium,6,8
Heston Central Ward,5.4499288,Medium,6,8
North Greenford Ward,5.3923182,Medium,6,8
St. Margarets & North Twickenham Ward,5.3885674,Medium,6,8
Alperton Ward,5.376652,Medium,6,8
Trinity Ward,5.375221,Medium,6,8
Bounds Green Ward,5.3742414,Medium,6,8
Royal Albert Ward,5.3522406,Medium,6,8
Petts Wood & Knoll Ward,5.331949,Medium,6,8
Edgware Ward (E05013545),5.3313165,Medium,6,8
Cranford Ward,5.3213677,Medium,6,8
South Ruislip Ward,5.3189087,Medium,6,8
Grove Ward,5.316709,Medium,6,8
Limehouse Ward,5.313679,Medium,6,8
Chapel End Ward,5.3036537,Medium,6,8
Cranbrook Ward,5.294918,Medium,6,8
Northfield Ward,5.273533,Medium,6,8
Mayesbrook Ward,5.253083,Medium,6,8
Ravenscourt Ward,5.24799,Medium,6,8
Brentford West Ward,5.2334185,Medium,6,8
Rainham & Wennington Ward,5.2053847,Medium,6,8
Gipsy Hill Ward,5.196958,Medium,6,8
Wimbledon Park Ward,5.187724,Medium,6,8
Barnes Ward,5.122691,Medium,6,8
St. Ann's Ward,5.1152744,Medium,6,8
Dulwich Hill Ward,5.104695,Medium,6,8
Cazenove Ward,5.091367,Medium,6,8
Woolwich Dockyard Ward,5.0905013,Medium,6,8
Longbridge Ward,5.086568,Medium,6,8
Northcote Ward,5.0855575,Medium,6,8
Northbury Ward,5.066335,Medium,6,8
Wall End Ward,5.065502,Medium,6,8
Roxeth Ward,5.0590653,Medium,6,8
West Ham Ward,5.0576773,Medium,6,8
Addison Ward,5.051808,Medium,6,8
High Barnet Ward,5.04588,Medium,6,8
Brownswood Ward,5.041593,Medium,6,8
Twickenham Riverside Ward,5.0383534,Low,3,8
Manor Park Ward,5.037572,Low,3,8
Heston West Ward,5.026389,Low,3,8
Avonmore Ward,5.013849,Low,3,8
Eastcote Ward,5.0080085,Low,3,8
Cockfosters Ward,5.005069,Low,3,8
Brook Green Ward,4.9866242,Low,3,8
Heston East Ward,4.967278,Low,3,8
Bickley & Sundridge Ward,4.965712,Low,3,8
Chelsea Riverside Ward,4.962783,Low,3,8
Notting Dale Ward,4.959779,Low,3,8
Charlton Village & Riverside Ward,4.9545484,Low,3,8
Plumstead Common Ward,4.9539685,Low,3,8
Camden Square Ward,4.9500117,Low,3,8
Orpington Ward,4.94697,Low,3,8
Hatch Lane & Highams Park North Ward,4.939999,Low,3,8
Hounslow East Ward,4.913732,Low,3,8
New Southgate Ward,4.87899,Low,3,8
Ickenham & South Harefield Ward,4.856915,Low,3,8
Stanmore Ward,4.853187,Low,3,8
Havering-atte-Bower Ward,4.843541,Low,3,8
Wood Street Ward,4.8416243,Low,3,8
Canning Town South Ward,4.8165307,Low,3,8
Grove Green Ward,4.814292,Low,3,8
Kentish Town North Ward,4.8119655,Low,3,8
Squirrels Heath Ward,4.801341,Low,3,8
Lillie Ward,4.778949,Low,3,8
Norbury & Pollards Hill Ward,4.774285,Low,3,8
Sands End Ward,4.7733703,Low,3,8
Harrow Weald Ward,4.7721057,Low,3,8
Hampstead Town Ward,4.771651,Low,3,8
Poplar Ward,4.746381,Low,3,8
St. Helen's Ward,4.729321,Low,3,8
Barnhill Ward,4.690229,Low,3,8
Alexandra Park Ward,4.679774,Low,3,8
Upper Walthamstow Ward,4.675609,Low,3,8
St. James Ward,4.675045,Low,3,8
Bowes Ward,4.6710134,Low,3,8
Kingsbury Ward,4.6693487,Low,3,8
Feltham West Ward,4.6642838,Low,3,8
New Malden Village Ward,4.663745,Low,3,8
Chingford Green Ward,4.6534915,Low,3,8
Hampton Ward,4.650036,Low,3,8
Feltham North Ward,4.6479354,Low,3,8
Clayhall Ward,4.6449394,Low,3,8
Abbey Ward (E05014053),4.6364436,Low,3,8
"Mottingham, Coldharbour & New Eltham Ward",4.6344476,Low,3,8
Becontree Ward,4.5989313,Low,3,8
Edgwarebury Ward,4.5675406,Low,3,8
Colindale North Ward,4.5552764,Low,3,8
Pinner Ward,4.5330887,Low,3,8
Barking Riverside Ward,4.5196548,Low,3,8
Preston Ward,4.5006623,Low,3,8
Elm Park Ward,4.498755,Low,3,8
Sutton Central Ward,4.4961004,Low,3,8
Southall Broadway Ward,4.496028,Low,3,8
Peckham Rye Ward,4.491891,Low,3,8
Champion Hill Ward,4.488799,Low,3,8
Lady Margaret Ward,4.4748206,Low,3,8
Bromley Common & Holwood Ward,4.4619765,Low,3,8
South Hornchurch Ward,4.4536753,Low,3,8
Cricket Green Ward,4.449393,Low,3,8
St. Edward's Ward,4.448736,Low,3,8
Hampton Wick & South Teddington Ward,4.4423194,Low,3,8
Abbey Ward (E05013810),4.4312983,Low,3,8
Highfield Ward,4.427408,Low,3,8
Beam Ward,4.4250717,Low,3,8
Headstone Ward,4.408976,Low,3,8
Plaistow Ward,4.406848,Low,3,8
West Twickenham Ward,4.3910503,Low,3,8
Crayford Ward,4.3886256,Low,3,8
Charlton Hornfair Ward,4.3874445,Low,3,8
Dormers Wells Ward,4.373932,Low,3,8
Frognal Ward,4.3697233,Low,3,8
Isleworth Ward,4.36565,Low,3,8
Green Street East Ward,4.3491693,Low,3,8
Newbury Ward,4.331275,Low,3,8
Addiscombe East Ward,4.3303447,Low,3,8
Mayfield Ward,4.319947,Low,3,8
Bridge Ward (E05011236),4.283312,Low,3,8
Figge's Marsh Ward,4.280669,Low,3,8
Norbury Park Ward,4.2751913,Low,3,8
Alibon Ward,4.267252,Low,3,8
Wendell Park Ward,4.2632117,Low,3,8
Norland Ward,4.25906,Low,3,8
Southfields Ward,4.227809,Low,3,8
Ridgeway Ward,4.220276,Low,3,8
Beddington Ward,4.21296,Low,3,8
White City Ward,4.2118754,Low,3,8
Gascoigne Ward,4.2107916,Low,3,8
St. Andrew's Ward,4.204305,Low,3,8
Northwood Hills Ward,4.198339,Low,3,8
Sidcup Ward,4.1979747,Low,3,8
New Addington South Ward,4.1913376,Low,3,8
Slade Green & Northend Ward,4.190613,Low,3,8
Island Gardens Ward,4.18031,Low,3,8
Markhouse Ward,4.1612043,Low,3,8
Stamford Hill West Ward,4.1590214,Low,3,8
Northwood Ward,4.1572933,Low,3,8
Fulwell & Hampton Hill Ward,4.152197,Low,3,8
Mawneys Ward,4.1444216,Low,3,8
Parsons Green & Sandford Ward,4.1385236,Low,3,8
Raynes Park Ward,4.130605,Low,3,8
Harold Wood Ward,4.1228538,Low,3,8
Sutton South Ward,4.119735,Low,3,8
Northwick Park Ward,4.116264,Low,3,8
Hillingdon East Ward,4.114892,Low,3,8
Wormholt Ward,4.0988255,Low,3,8
Hounslow South Ward,4.094389,Low,3,8
Boleyn Ward,4.082705,Low,3,8
Pinner South Ward,4.080559,Low,3,8
Teddington Ward,4.058862,Low,3,8
West Thamesmead Ward,4.0512667,Low,3,8
St. Helier Ward,4.041708,Low,3,8
Kenton East Ward,4.0359883,Low,3,8
Forest Gate North Ward,4.024148,Low,3,8
Centenary Ward,4.01779,Low,3,8
Underhill Ward,4.015523,Low,3,8
Graveney Ward,4.0149746,Low,3,8
"Ham, Petersham & Richmond Riverside Ward",4.00483,Low,3,8
Hale End & Highams Park South Ward,4.0002437,Low,3,8
Pimlico South Ward,3.99097,Low,3,8
Streatham Wells Ward,3.984763,Low,3,8
Mottingham Ward,3.9744875,Low,3,8
Winchmore Hill Ward,3.9729545,Low,3,8
Dalgarno Ward,3.9717627,Low,3,8
Fairlop Ward,3.9712846,Low,3,8
Shooters Hill Ward,3.971145,Low,3,8
Carshalton Central Ward,3.9487185,Low,3,8
Cathall Ward,3.943191,Low,3,8
Marlborough Ward,3.9415,Low,3,8
Grange Park Ward,3.9302146,Low,3,8
Merton Park Ward,3.9244425,Low,3,8
Wimbledon Town & Dundonald Ward,3.917453,Low,3,8
Whitton Ward,3.9154277,Low,3,8
Seven Kings Ward,3.906875,Low,3,8
Green Street West Ward,3.8869,Low,3,8
Shirley North Ward,3.8801203,Low,3,8
St. Helier West Ward,3.861902,Low,3,8
Hylands & Harrow Lodge Ward,3.8485887,Low,3,8
Longthornton Ward,3.8201752,Low,3,8
South Twickenham Ward,3.8171444,Very Low,1,8
Shortlands & Park Langley Ward,3.8156755,Very Low,1,8
Wallington South Ward,3.811232,Very Low,1,8
Pollards Hill Ward,3.8093941,Very Low,1,8
Hayes & Coney Hall Ward,3.8090563,Very Low,1,8
Wallington North Ward,3.7697802,Very Low,1,8
Thamesmead Moorings Ward,3.7265291,Very Low,1,8
Coulsdon Town Ward,3.715514,Very Low,1,8
Kidbrooke Park Ward,3.7106948,Very Low,1,8
Coombe Hill Ward,3.70295,Very Low,1,8
Norbiton Ward,3.6926694,Very Low,1,8
Hanworth Park Ward,3.6572723,Very Low,1,8
Hampton North Ward,3.6565313,Very Low,1,8
West Wickham Ward,3.646228,Very Low,1,8
Thamesmead East Ward,3.6435606,Very Low,1,8
Wandle Ward (E05013826),3.6398914,Very Low,1,8
Heath Ward,3.6104405,Very Low,1,8
Shirley South Ward,3.6061804,Very Low,1,8
Marshalls & Rise Park Ward,3.561215,Very Low,1,8
Wealdstone North Ward,3.5400906,Very Low,1,8
Wembley Central Ward,3.5342975,Very Low,1,8
Monkhams Ward,3.5240953,Very Low,1,8
Bexleyheath Ward,3.5103874,Very Low,1,8
Upminster Ward,3.4993632,Very Low,1,8
Ravensbury Ward,3.492782,Very Low,1,8
Harrow on the Hill Ward,3.479484,Very Low,1,8
Cannon Hill Ward,3.4392362,Very Low,1,8
Cheam Ward,3.4298778,Very Low,1,8
Heathfield Ward,3.4236965,Very Low,1,8
Sanderstead Ward,3.4121253,Very Low,1,8
Endlebury Ward,3.3985953,Very Low,1,8
Wanstead Park Ward,3.3983252,Very Low,1,8
Charville Ward,3.3832674,Very Low,1,8
Purley Oaks & Riddlesdown Ward,3.3677366,Very Low,1,8
Canons Ward,3.348724,Very Low,1,8
Sudbury Ward,3.3251164,Very Low,1,8
St. Alban's Ward,3.3213718,Very Low,1,8
Eltham Page Ward,3.3194642,Very Low,1,8
Kidbrooke Village & Sutcliffe Ward,3.3050478,Very Low,1,8
East Wickham Ward,3.3036284,Very Low,1,8
Nine Elms Ward,3.2552722,Very Low,1,8
Hillingdon West Ward,3.2230005,Very Low,1,8
Sutton North Ward,3.220802,Very Low,1,8
St. Mark's & Seething Wells Ward,3.1812427,Very Low,1,8
Tolworth Ward,3.172346,Very Low,1,8
Middle Park & Horn Park Ward,3.169778,Very Low,1,8
Clementswood Ward,3.1559312,Very Low,1,8
Surbiton Hill Ward,3.1329386,Very Low,1,8
The Wrythe Ward,3.1199522,Very Low,1,8
Coombe Vale Ward,3.1052198,Very Low,1,8
Wembley Park Ward,3.0912879,Very Low,1,8
Hatch End Ward,3.0873113,Very Low,1,8
Eltham Park & Progress Ward,3.0564618,Very Low,1,8
Plashet Ward,3.0420544,Very Low,1,8
South Beddington & Roundshaw Ward,3.0239358,Very Low,1,8
Chelsfield Ward,3.008412,Very Low,1,8
Beam Park Ward,3.0022364,Very Low,1,8
Lavender Fields Ward,2.9690704,Very Low,1,8
Ruislip Manor Ward,2.9656882,Very Low,1,8
Oakwood Ward,2.9599426,Very Low,1,8
Carshalton South & Clockhouse Ward,2.945768,Very Low,1,8
Thames View Ward,2.9319067,Very Low,1,8
Farnborough & Crofton Ward,2.9179623,Very Low,1,8
West Barnes Ward,2.9151466,Very Low,1,8
Kingston Gate Ward,2.913548,Very Low,1,8
Farringdon Without Ward,2.8551679,Very Low,1,8
Crook Log Ward,2.8386486,Very Low,1,8
Green Lane & St. James Ward,2.8364882,Very Low,1,8
Falconwood & Welling Ward,2.8097181,Very Low,1,8
Hillside Ward,2.786341,Very Low,1,8
Roxbourne Ward,2.763077,Very Low,1,8
Northumberland Heath Ward,2.734423,Very Low,1,8
Blackfen & Lamorbey Ward,2.716741,Very Low,1,8
Stonecot Ward,2.7159038,Very Low,1,8
Canbury Gardens Ward,2.6707628,Very Low,1,8
Kenley Ward,2.636248,Very Low,1,8
Belmont Ward (E05013755),2.6345742,Very Low,1,8
North Cheam Ward,2.6171696,Very Low,1,8
Wealdstone South Ward,2.6169157,Very Low,1,8
Selsdon & Addington Village Ward,2.6085598,Very Low,1,8
Eastbrook & Rush Green Ward,2.6008832,Very Low,1,8
St. Helier East Ward,2.597068,Very Low,1,8
Belmont Ward (E05013542),2.5875947,Very Low,1,8
Lower Morden Ward,2.583183,Very Low,1,8
Park Hill & Whitgift Ward,2.5762315,Very Low,1,8
Kenton West Ward,2.5607038,Very Low,1,8
St. Mary's & St. James Ward,2.4674528,Very Low,1,8
Rayners Lane Ward,2.428604,Very Low,1,8
New Addington North Ward,2.4173458,Very Low,1,8
Tokyngton Ward,2.3814979,Very Low,1,8
Cranham Ward,2.3763747,Very Low,1,8
North Harrow Ward,2.3499744,Very Low,1,8
Blendon & Penhill Ward,2.3424299,Very Low,1,8
Old Coulsdon Ward,2.3276594,Very Low,1,8
Castle Baynard Ward,2.279021,Very Low,1,8
Farringdon Within Ward,2.2710395,Very Low,1,8
Hackbridge Ward,2.259386,Very Low,1,8
West Harrow Ward,2.1847544,Very Low,1,8
Southall West Ward,2.1643867,Very Low,1,8
Sutton West & East Cheam Ward,2.1582062,Very Low,1,8
Tower Ward,2.102684,Very Low,1,8
West Heath Ward,2.077715,Very Low,1,8
Selsdon Vale & Forestdale Ward,2.0539467,Very Low,1,8
Bishopsgate Ward,1.998418,Very Low,1,8
Harefield Village Ward,1.9893429,Very Low,1,8
Tudor Ward,1.9413097,Very Low,1,8
Hook & Chessington North Ward,1.9150686,Very Low,1,8
Old Malden Ward,1.8165679,Very Low,1,8
Worcester Park North Ward,1.7696822,Very Low,1,8
Darwin Ward,1.7306414,Very Low,1,8
King George's & Sunray Ward,1.7204502,Very Low,1,8
Berrylands Ward,1.6700342,Very Low,1,8
Emerson Park Ward,1.649784,Very Low,1,8
Alexandra Ward,1.6331838,Very Low,1,8
Aldgate Ward,1.6206443,Very Low,1,8
Longlands Ward,1.6021051,Very Low,1,8
Biggin Hill Ward,1.5505047,Very Low,1,8
Worcester Park South Ward,1.5341507,Very Low,1,8
Motspur Park & Old Malden East Ward,1.4929155,Very Low,1,8
Chessington South & Malden Rushett Ward,1.429732,Very Low,1,8
Barnehurst Ward,1.41198,Very Low,1,8
Hacton Ward,1.3133322,Very Low,1,8
Bridge Ward (E05009294),0.86996245,Very Low,1,8
Vintry Ward,0.8474459,Very Low,1,8
Coleman Street Ward,0.8310181,Very Low,1,8
Cordwainer Ward,0.8270832,Very Low,1,8
Dowgate Ward,0.7853058,Very Low,1,8
Cripplegate Ward,0.6961863,Very Low,1,8
Portsoken Ward,0.670898,Very Low,1,8
Cheap Ward,0.63787764,Very Low,1,8
Queenhithe Ward,0.6352654,Very Low,1,8
Candlewick Ward,0.58928764,Very Low,1,8
Cornhill Ward,0.58928764,Very Low,1,8
Walbrook Ward,0.58928764,Very Low,1,8
Langbourn Ward,0.58928764,Very Low,1,8
Lime Street Ward,0.58928764,Very Low,1,8
Broad Street Ward,0.58928764,Very Low,1,8
Bread Street Ward,0.58928764,Very Low,1,8
Billingsgate Ward,0.4889713,Very Low,1,8
Aldersgate Ward,0.4572862,Very Low,1,8
Bassishaw Ward,0.14467289,Very Low,1,8
West End Ward,44.367325,Very High,18,9
St. James's Ward,25.434946,Very High,18,9
Bloomsbury Ward,21.974148,Very High,17,9
Marylebone Ward,20.46364,Very High,17,9
Hoxton East & Shoreditch Ward,19.879467,Very High,17,9
Holborn & Covent Garden Ward,18.84487,Very High,17,9
Bethnal Green West Ward,18.048437,Very High,17,9
Fairfield Ward,18.0095,Very High,17,9
Childs Hill Ward,17.329268,Very High,17,9
Rushey Green Ward,16.711517,Very High,17,9
Borough & Bankside Ward,16.123785,Very High,17,9
Hyde Park Ward,15.883163,Very High,17,9
Lancaster Gate Ward,15.677783,Very High,17,9
London Bridge & West Bermondsey Ward,15.318098,Very High,17,9
Spitalfields & Banglatown Ward,15.266732,Very High,17,9
Bow East Ward,15.060957,Very High,17,9
Hendon Ward,14.969821,Very High,17,9
Deptford Ward,14.888027,Very High,17,9
Bayswater Ward,14.783317,Very High,17,9
Whitechapel Ward,13.9099655,Very High,17,9
London Fields Ward,13.908023,Very High,17,9
Stonebridge Ward,13.796451,Very High,17,9
Northumberland Park Ward,13.755567,Very High,17,9
Bethnal Green East Ward,13.379495,Very High,17,9
Brixton Acre Lane Ward,13.209652,Very High,17,9
Weavers Ward,13.154514,Very High,17,9
Clapham Town Ward,13.126893,Very High,17,9
Lea Bridge Ward (E05009380),13.078367,Very High,17,9
Mile End Ward,12.697108,Very High,17,9
Brockley Ward,12.488706,Very High,17,9
Clerkenwell Ward,12.420225,Very High,17,9
Streatham St. Leonard's Ward,12.379416,Very High,17,9
Queens Park Ward,12.357634,Very High,17,9
Lansbury Ward,12.347947,Very High,17,9
North Walworth Ward,12.342901,Very High,17,9
Kilburn Ward (E05013503),12.313872,Very High,17,9
Edmonton Green Ward,12.239056,Very High,17,9
Bunhill Ward,12.176136,Very High,17,9
Finsbury Park Ward,12.108101,Very High,17,9
Rye Lane Ward,12.048075,Very High,17,9
Junction Ward,11.987958,Very High,17,9
Herne Hill & Loughborough Junction Ward,11.767675,Very High,17,9
Dollis Hill Ward,11.7550125,Very High,17,9
North Acton Ward,11.745753,Very High,17,9
Harlesden & Kensal Green Ward,11.582847,Very High,17,9
Finchley Church End Ward,11.417303,Very High,17,9
South Bermondsey Ward,11.316322,Very High,17,9
Balham Ward,11.139396,Very High,17,9
Dalston Ward,11.083774,Very High,17,9
Hoxton West Ward,10.935568,Very High,17,9
Wandsworth Town Ward,10.921466,Very High,17,9
Bruce Castle Ward,10.814954,Very High,17,9
Hackney Wick Ward,10.8148365,Very High,17,9
Upper Edmonton Ward,10.802382,Very High,17,9
North Bermondsey Ward,10.788117,Very High,17,9
West Thornton Ward,10.772714,Very High,17,9
Harringay Ward,10.713699,Very High,17,9
Hackney Downs Ward,10.606785,Very High,17,9
Broad Green Ward,10.604123,Very High,17,9
Camberwell Green Ward,10.543748,Very High,17,9
Homerton Ward,10.481234,Very High,17,9
Stratford Ward,10.40495,Very High,17,9
Brimsdown Ward,10.3722,Very High,17,9
Haggerston Ward,10.364156,Very High,17,9
Waterloo & South Bank Ward,10.334787,Very High,17,9
Mildmay Ward,10.276573,Very High,17,9
Hackney Central Ward,10.239874,Very High,17,9
Brompton & Hans Town Ward,10.168713,Very High,17,9
Chaucer Ward,10.147912,Very High,17,9
Hither Green Ward,10.130072,Very High,17,9
Greenwich Peninsula Ward,10.096343,Very High,17,9
Tollington Ward,10.086029,Very High,17,9
Sydenham Ward,10.01217,Very High,17,9
Knightsbridge & Belgravia Ward,9.961118,Very High,17,9
Penge & Cator Ward,9.960971,Very High,17,9
St. Giles Ward,9.956229,Very High,17,9
Burnt Oak Ward,9.929141,Very High,17,9
Stoke Newington Ward,9.88545,Very High,17,9
Crouch End Ward,9.869776,Very High,17,9
Noel Park Ward,9.840433,Very High,17,9
Victoria Ward,9.805248,Very High,17,9
Edgware Ward (E05013637),9.762871,Very High,17,9
St. Mary Cray Ward,9.595683,Very High,17,9
Brixton Windrush Ward,9.581572,Very High,17,9
Old Kent Road Ward,9.553043,Very High,17,9
Willesden Green Ward,9.540097,Very High,17,9
Stratford Olympic Park Ward,9.504251,Very High,17,9
Tooting Broadway Ward,9.497915,Very High,17,9
Uxbridge Ward,9.493414,Very High,17,9
Ladywell Ward,9.484143,Very High,17,9
Thamesfield Ward,9.468539,Very High,17,9
Waddon Ward,9.449604,Very High,17,9
West Finchley Ward,9.397645,Very High,17,9
Nunhead & Queen's Road Ward,9.376475,Very High,17,9
South Acton Ward,9.30391,Very High,17,9
Colville Ward,9.294316,Very High,17,9
Courtfield Ward,9.236287,Very High,17,9
East Acton Ward,9.18889,Very High,17,9
Camden Town Ward,9.182843,Very High,17,9
St. Paul's Cray Ward,9.176386,Very High,17,9
Stockwell West & Larkhall Ward,9.168036,Very High,17,9
Highbury Ward,9.143442,Very High,17,9
West Green Ward,9.142028,Very High,17,9
Mill Hill Ward,9.070062,Very High,17,9
East Greenwich Ward,9.051378,Very High,17,9
Enfield Lock Ward,9.042088,Very High,17,9
Bow West Ward,9.032714,Very High,17,9
Highgate Ward (E05013592),9.008397,Very High,17,9
Brixton Rush Common Ward,9.005448,Very High,17,9
Kilburn Ward (E05013665),8.971531,Very High,17,9
Friern Barnet Ward,8.96882,Very High,17,9
Faraday Ward,8.952039,Very High,17,9
Regent's Park Ward (E05013668),8.937114,Very High,17,9
Forest Hill Ward,8.927058,Very High,17,9
Forest Gate South Ward,8.901649,Very High,17,9
Hanger Hill Ward,8.895856,Very High,17,9
Heathrow Villages Ward,8.85186,Very High,17,9
Battersea Park Ward,8.794745,Very High,17,9
Tottenham Central Ward,8.792772,Very High,17,9
South Norwood Ward,8.78188,Very High,17,9
Cricklewood & Mapesbury Ward,8.781549,Very High,17,9
Perry Vale Ward,8.77947,Very High,17,9
Hillrise Ward,8.748132,Very High,17,9
Springfield Ward,8.608204,Very High,17,9
St. Mary's & St. James' Ward,8.573623,Very High,17,9
Brixton North Ward,8.531488,Very High,17,9
West Hendon Ward,8.509971,Very High,17,9
Clissold Ward,8.495338,Very High,17,9
Ealing Common Ward,8.467628,Very High,17,9
Haselbury Ward,8.465975,Very High,17,9
Surrey Docks Ward,8.459356,Very High,17,9
Canonbury Ward,8.443361,Very High,17,9
Hoe Street Ward,8.424905,Very High,17,9
St. Katharine's & Wapping Ward,8.420156,Very High,17,9
Cricklewood Ward,8.412194,Very High,17,9
Rotherhithe Ward,8.373652,Very High,17,9
King's Cross Ward,8.341687,Very High,17,9
Oval Ward,8.336462,Very High,17,9
Brondesbury Park Ward,8.286276,Very High,17,9
Purley & Woodcote Ward,8.265376,Very High,17,9
White Hart Lane Ward,8.260873,Very High,17,9
Jubilee Ward,8.248036,High,9,9
St. Peter's & Canalside Ward,8.226585,High,9,9
Kennington Ward,8.222863,High,9,9
Chiswick Gunnersbury Ward,8.216254,High,9,9
Heaton Ward,8.205144,High,9,9
Roundwood Ward,8.195974,High,9,9
Roehampton Ward,8.187345,High,9,9
Plumstead & Glyndon Ward,8.175473,High,9,9
Knight's Hill Ward,8.143761,High,9,9
West Putney Ward,8.095775,High,9,9
Catford South Ward,8.094971,High,9,9
Evelyn Ward,8.0947275,High,9,9
De Beauvoir Ward,8.043747,High,9,9
Canary Wharf Ward,8.039277,High,9,9
College Park & Old Oak Ward,8.026592,High,9,9
West Hampstead Ward,8.01779,High,9,9
South Croydon Ward,8.013905,High,9,9
St. Mary's Ward,7.987819,High,9,9
Goose Green Ward,7.9742656,High,9,9
Downham Ward,7.96774,High,9,9
Thornton Heath Ward,7.9341397,High,9,9
Garden Suburb Ward,7.855085,High,9,9
Crystal Palace & Upper Norwood Ward,7.8532567,High,9,9
South Tottenham Ward,7.851449,High,9,9
Blackheath Ward,7.8372426,High,9,9
Barnet Vale Ward,7.8356733,High,9,9
Lavender Ward,7.8294787,High,9,9
Blackheath Westcombe Ward,7.8196883,High,9,9
Golborne Ward,7.813349,High,9,9
Streatham Hill West & Thornton Ward,7.7960515,High,9,9
Laycock Ward,7.7827215,High,9,9
Wood End Ward,7.7813864,High,9,9
Gooshays Ward,7.763286,High,9,9
Chiswick Homefields Ward,7.7574663,High,9,9
Lea Bridge Ward (E05013895),7.7468443,High,9,9
Regent's Park Ward (E05013805),7.7367697,High,9,9
Arsenal Ward,7.7332516,High,9,9
South Richmond Ward,7.7094803,High,9,9
Telegraph Hill Ward,7.703582,High,9,9
Tottenham Hale Ward,7.6905556,High,9,9
Selhurst Ward,7.647793,High,9,9
Whitewebbs Ward,7.605386,High,9,9
Belsize Ward,7.5832767,High,9,9
Welsh Harp Ward,7.5650935,High,9,9
Abbey Road Ward,7.5290723,High,9,9
Ponders End Ward,7.5101876,High,9,9
Golders Green Ward,7.506949,High,9,9
East Ham Ward,7.4998918,High,9,9
Clapham Common & Abbeville Ward,7.4994936,High,9,9
Colham & Cowley Ward,7.4761953,High,9,9
Custom House Ward,7.4629745,High,9,9
Greenwich Park Ward,7.435898,High,9,9
Central Greenford Ward,7.4263988,High,9,9
Blackwall & Cubitt Town Ward,7.426202,High,9,9
Crystal Palace & Anerley Ward,7.413497,High,9,9
Westbourne Ward,7.387585,High,9,9
Holloway Ward,7.383237,High,9,9
Tufnell Park Ward,7.380291,High,9,9
Redcliffe Ward,7.3776183,High,9,9
Hornsey Ward,7.3445992,High,9,9
Shacklewell Ward,7.3073845,High,9,9
Harrow Road Ward,7.2973223,High,9,9
St. Pancras & Somers Town Ward,7.2909956,High,9,9
Ilford Town Ward,7.2904105,High,9,9
Maida Vale Ward,7.2841816,High,9,9
Valley Ward,7.2834682,High,9,9
Woodhouse Ward,7.2580037,High,9,9
Shaftesbury & Queenstown Ward,7.251137,High,9,9
Plaistow West & Canning Town East Ward,7.235048,High,9,9
Crofton Park Ward,7.232507,High,9,9
Stroud Green Ward,7.2304006,High,9,9
Hayes Town Ward,7.2062674,High,9,9
Queensbury Ward,7.1877337,High,9,9
Kentish Town South Ward,7.1843653,High,9,9
Earl's Court Ward,7.182791,High,9,9
East Putney Ward,7.1354184,High,9,9
Caledonian Ward,7.132157,High,9,9
Lewisham Central Ward,7.1280603,High,9,9
Lower Edmonton Ward,7.1123705,High,9,9
Hounslow Central Ward,7.0821395,High,9,9
Whalebone Ward,7.079359,High,9,9
Royal Hospital Ward,7.073693,High,9,9
Primrose Hill Ward,7.0714025,High,9,9
Mortlake & Barnes Common Ward,7.0519047,High,9,9
Clapham East Ward,7.0460706,High,9,9
Bromley South Ward,7.0441227,High,9,9
East Barnet Ward,7.009237,High,9,9
Little Venice Ward,7.0020494,High,9,9
East Sheen Ward,6.992266,High,9,9
Kew Ward,6.982088,High,9,9
Fortune Green Ward,6.971227,High,9,9
Forest Ward,6.94017,High,9,9
Pimlico North Ward,6.928776,High,9,9
St. Dunstan's Ward,6.9280987,High,9,9
Goodmayes Ward,6.885137,High,9,9
Campden Ward,6.8675227,High,9,9
Streatham Common & Vale Ward,6.862079,High,9,9
Church Street Ward,6.84249,High,9,9
Addiscombe West Ward,6.8288965,High,9,9
Northolt Mandeville Ward,6.8166547,High,9,9
Pinkwell Ward,6.815131,High,9,9
Wandsworth Common Ward,6.8108625,High,9,9
Furzedown Ward,6.796155,High,9,9
Palmers Green Ward,6.79547,High,9,9
Osterley & Spring Grove Ward,6.7928405,High,9,9
Greenhill Ward,6.7891436,High,9,9
South Hampstead Ward,6.7889414,High,9,9
Shepherd's Bush Green Ward,6.78056,High,9,9
Ealing Broadway Ward,6.775356,High,9,9
Clapham Park Ward,6.7747517,High,9,9
Leyton Ward,6.767383,High,9,9
Beckenham Town & Copers Cope Ward,6.755487,High,9,9
Valentines Ward,6.74539,High,9,9
High Street Ward,6.7202883,High,9,9
Woodside Ward (E05013605),6.7148275,High,9,9
Dulwich Wood Ward,6.7140265,High,9,9
Seven Sisters Ward,6.704211,High,9,9
Abingdon Ward,6.7034082,High,9,9
Beckton Ward,6.6943855,High,9,9
Gospel Oak Ward,6.6750975,High,9,9
Tooting Bec Ward,6.671954,High,9,9
Southfield Ward,6.6629043,High,9,9
Haverstock Ward,6.6615844,High,9,9
West Dulwich Ward,6.6355944,High,9,9
Stanley Ward,6.6348443,High,9,9
Vauxhall Ward,6.6275115,High,9,9
Norwood Green Ward,6.6068473,High,9,9
Bromley Town Ward,6.603907,High,9,9
Leytonstone Ward,6.603102,High,9,9
Coningham Ward,6.5889697,High,9,9
Plaistow South Ward,6.556708,High,9,9
Southbury Ward,6.556088,High,9,9
Barnsbury Ward,6.533391,High,9,9
Eastbury Ward,6.5221343,High,9,9
Abbey Wood Ward,6.521091,High,9,9
Aldborough Ward,6.520521,High,9,9
Hammersmith Broadway Ward,6.5118246,High,9,9
Belmore Ward,6.5087886,High,9,9
Newington Ward,6.4927807,High,9,9
West Drayton Ward,6.4918003,High,9,9
Walpole Ward,6.4914327,High,9,9
East Ham South Ward,6.451477,Medium,6,9
Royal Victoria Ward,6.449828,Medium,6,9
Munster Ward,6.4495015,Medium,6,9
Hanworth Village Ward,6.43891,Medium,6,9
Bullsmoor Ward,6.434536,Medium,6,9
Colliers Wood Ward,6.4267635,Medium,6,9
Village Ward (E05014070),6.420748,Medium,6,9
Carterhatch Ward,6.386497,Medium,6,9
Clock House Ward,6.3838086,Medium,6,9
Grove Park Ward,6.375907,Medium,6,9
Town Ward,6.3727355,Medium,6,9
Peckham Ward,6.3697934,Medium,6,9
Goresbrook Ward,6.36876,Medium,6,9
Lee Green Ward,6.3404427,Medium,6,9
Shadwell Ward,6.311581,Medium,6,9
East Finchley Ward,6.3018217,Medium,6,9
Greenford Broadway Ward,6.289923,Medium,6,9
Valence Ward,6.2840943,Medium,6,9
Yiewsley Ward,6.281547,Medium,6,9
Kenton Ward,6.269661,Medium,6,9
Greenwich Creekside Ward,6.264807,Medium,6,9
Belvedere Ward,6.263141,Medium,6,9
Wanstead Village Ward,6.2608547,Medium,6,9
Pembridge Ward,6.2508273,Medium,6,9
Dulwich Village Ward,6.2465353,Medium,6,9
Queen's Park Ward,6.239535,Medium,6,9
Northolt West End Ward,6.228824,Medium,6,9
Maryland Ward,6.227101,Medium,6,9
Bromley North Ward,6.2266445,Medium,6,9
Colindale South Ward,6.2176275,Medium,6,9
Myatt's Fields Ward,6.1972866,Medium,6,9
Brunswick Park Ward,6.1877484,Medium,6,9
Chislehurst Ward,6.178763,Medium,6,9
Cann Hall Ward,6.1782,Medium,6,9
Hounslow West Ward,6.1762424,Medium,6,9
Woodside Ward (E05011489),6.168373,Medium,6,9
Southgate Ward,6.1589923,Medium,6,9
South Balham Ward,6.157998,Medium,6,9
Eltham Town & Avery Hill Ward,6.1417265,Medium,6,9
Bensham Manor Ward,6.1390715,Medium,6,9
Vincent Square Ward,6.1355734,Medium,6,9
Fulham Town Ward,6.128881,Medium,6,9
Perivale Ward,6.1170235,Medium,6,9
Totteridge & Woodside Ward,6.1092815,Medium,6,9
Rush Green & Crowlands Ward,6.109056,Medium,6,9
Loxford Ward,6.1010637,Medium,6,9
Fortis Green Ward,6.0941167,Medium,6,9
Woolwich Arsenal Ward,6.0901313,Medium,6,9
St. George's Ward,6.0680346,Medium,6,9
West Kensington Ward,6.0639615,Medium,6,9
New Cross Gate Ward,6.036859,Medium,6,9
Falconbrook Ward,6.036823,Medium,6,9
St. Martin's Ward,6.028604,Medium,6,9
Bush Hill Park Ward,6.017484,Medium,6,9
Woolwich Common Ward,6.0064783,Medium,6,9
Hanwell Broadway Ward,5.9903917,Medium,6,9
West Hill Ward,5.9893155,Medium,6,9
Whetstone Ward,5.9870825,Medium,6,9
Syon & Brentford Lock Ward,5.986425,Medium,6,9
Kingston Town Ward,5.9860306,Medium,6,9
Chadwell Ward,5.976782,Medium,6,9
Highgate Ward (E05013661),5.9701166,Medium,6,9
Walham Green Ward,5.929668,Medium,6,9
Holland Ward,5.922799,Medium,6,9
North Richmond Ward,5.922567,Medium,6,9
Fulham Reach Ward,5.9066734,Medium,6,9
Barkingside Ward,5.9026036,Medium,6,9
Larkswood Ward,5.8940024,Medium,6,9
Village Ward (E05013825),5.8813167,Medium,6,9
Pitshanger Ward,5.8711996,Medium,6,9
Southall Green Ward,5.8704343,Medium,6,9
South Woodford Ward,5.86319,Medium,6,9
Canning Town North Ward,5.8295937,Medium,6,9
Higham Hill Ward,5.8099556,Medium,6,9
North Hanwell Ward,5.809849,Medium,6,9
Hainault Ward,5.7978153,Medium,6,9
Parsloes Ward,5.79618,Medium,6,9
Fullwell Ward,5.788953,Medium,6,9
Stockwell East Ward,5.7873445,Medium,6,9
Erith Ward,5.7857714,Medium,6,9
Woodberry Down Ward,5.7770557,Medium,6,9
Plaistow North Ward,5.7692304,Medium,6,9
Arnos Grove Ward,5.7484627,Medium,6,9
Queen's Gate Ward,5.730732,Medium,6,9
King's Park Ward,5.7269287,Medium,6,9
Kelsey & Eden Park Ward,5.726919,Medium,6,9
Churchfields Ward,5.720556,Medium,6,9
Chiswick Riverside Ward,5.717205,Medium,6,9
Ruislip Ward,5.698583,Medium,6,9
Edgware Ward (E05013545),5.6836724,Medium,6,9
Little Ilford Ward,5.6821823,Medium,6,9
Palace & Hurlingham Ward,5.647587,Medium,6,9
Stepney Green Ward,5.6274652,Medium,6,9
Bedfont Ward,5.624578,Medium,6,9
William Morris Ward,5.6181965,Medium,6,9
Muswell Hill Ward,5.6162143,Medium,6,9
Hounslow Heath Ward,5.6076427,Medium,6,9
Bellingham Ward,5.5980544,Medium,6,9
Brentford East Ward,5.59739,Medium,6,9
Yeading Ward,5.5918784,Medium,6,9
North Greenford Ward,5.5857167,Medium,6,9
Wembley Hill Ward,5.5717354,Medium,6,9
Streatham Hill East Ward,5.556058,Medium,6,9
Heston Central Ward,5.5497417,Medium,6,9
Wandle Ward (E05014026),5.5488224,Medium,6,9
Petts Wood & Knoll Ward,5.5403056,Medium,6,9
Hermitage & Gardens Ward,5.525488,Medium,6,9
Chadwell Heath Ward,5.519503,Medium,6,9
South Ruislip Ward,5.504975,Medium,6,9
Alperton Ward,5.4560065,Medium,6,9
Trinity Ward,5.417937,Medium,6,9
Cranford Ward,5.406463,Medium,6,9
Cranbrook Ward,5.387043,Medium,6,9
Bounds Green Ward,5.3721304,Medium,6,9
Chapel End Ward,5.367727,Medium,6,9
Northfield Ward,5.36275,Medium,6,9
Rainham & Wennington Ward,5.3509693,Medium,6,9
Grove Ward,5.346439,Medium,6,9
Royal Albert Ward,5.3270917,Medium,6,9
Limehouse Ward,5.3133726,Medium,6,9
St. Margarets & North Twickenham Ward,5.309505,Medium,6,9
High Barnet Ward,5.2933526,Medium,6,9
Roxeth Ward,5.277511,Medium,6,9
Mayesbrook Ward,5.263534,Medium,6,9
Eastcote Ward,5.262138,Medium,6,9
Ravenscourt Ward,5.2568135,Medium,6,9
Longbridge Ward,5.219617,Medium,6,9
Brentford West Ward,5.215019,Medium,6,9
Wimbledon Park Ward,5.209522,Medium,6,9
Woolwich Dockyard Ward,5.1914,Medium,6,9
St. Ann's Ward,5.179347,Medium,6,9
Gipsy Hill Ward,5.1791677,Medium,6,9
Cockfosters Ward,5.155835,Medium,6,9
West Ham Ward,5.1517315,Medium,6,9
Bickley & Sundridge Ward,5.1492057,Medium,6,9
Heston West Ward,5.1374235,Medium,6,9
Northcote Ward,5.1363893,Medium,6,9
Barnes Ward,5.1251144,Medium,6,9
Dulwich Hill Ward,5.121808,Medium,6,9
Manor Park Ward,5.1169424,Medium,6,9
Wall End Ward,5.1151485,Low,3,9
Orpington Ward,5.1123915,Low,3,9
Hatch Lane & Highams Park North Ward,5.092953,Low,3,9
Northbury Ward,5.0827575,Low,3,9
Plumstead Common Ward,5.0758114,Low,3,9
Heston East Ward,5.0726914,Low,3,9
Stanmore Ward,5.0717716,Low,3,9
Twickenham Riverside Ward,5.0653534,Low,3,9
Avonmore Ward,5.057874,Low,3,9
Charlton Village & Riverside Ward,5.0563354,Low,3,9
Cazenove Ward,5.0562224,Low,3,9
Brownswood Ward,5.042978,Low,3,9
Addison Ward,5.0354013,Low,3,9
Brook Green Ward,5.0306497,Low,3,9
Ickenham & South Harefield Ward,5.0136847,Low,3,9
Havering-atte-Bower Ward,5.0093536,Low,3,9
Chelsea Riverside Ward,5.0068083,Low,3,9
Squirrels Heath Ward,4.983516,Low,3,9
New Southgate Ward,4.9496326,Low,3,9
Camden Square Ward,4.947901,Low,3,9
Harrow Weald Ward,4.9404593,Low,3,9
Hounslow East Ward,4.9308453,Low,3,9
Notting Dale Ward,4.9169674,Low,3,9
Hampton Ward,4.9121103,Low,3,9
Wood Street Ward,4.8914022,Low,3,9
Clayhall Ward,4.8837953,Low,3,9
"Mottingham, Coldharbour & New Eltham Ward",4.878112,Low,3,9
Feltham West Ward,4.8651204,Low,3,9
Grove Green Ward,4.858318,Low,3,9
Kentish Town North Ward,4.855991,Low,3,9
Barnhill Ward,4.8545103,Low,3,9
Sands End Ward,4.844691,Low,3,9
Chingford Green Ward,4.8259587,Low,3,9
Norbury & Pollards Hill Ward,4.8183103,Low,3,9
Edgwarebury Ward,4.8160176,Low,3,9
Kingsbury Ward,4.806145,Low,3,9
Hampstead Town Ward,4.8041015,Low,3,9
Canning Town South Ward,4.800148,Low,3,9
Bowes Ward,4.7626987,Low,3,9
Pinner Ward,4.761884,Low,3,9
Feltham North Ward,4.759101,Low,3,9
Lillie Ward,4.745843,Low,3,9
New Malden Village Ward,4.739475,Low,3,9
Alexandra Park Ward,4.7307787,Low,3,9
St. Helen's Ward,4.72721,Low,3,9
Upper Walthamstow Ward,4.7196345,Low,3,9
Poplar Ward,4.7141633,Low,3,9
St. James Ward,4.7046437,Low,3,9
Elm Park Ward,4.6960235,Low,3,9
Abbey Ward (E05014053),4.6906013,Low,3,9
Barking Riverside Ward,4.682499,Low,3,9
St. Edward's Ward,4.6750393,Low,3,9
South Hornchurch Ward,4.6689386,Low,3,9
Colindale North Ward,4.663892,Low,3,9
Highfield Ward,4.6492405,Low,3,9
Plaistow Ward,4.6397204,Low,3,9
Lady Margaret Ward,4.613348,Low,3,9
Cricket Green Ward,4.604929,Low,3,9
Bromley Common & Holwood Ward,4.5980296,Low,3,9
Headstone Ward,4.5923047,Low,3,9
Sutton Central Ward,4.5872183,Low,3,9
Preston Ward,4.582761,Low,3,9
Becontree Ward,4.5705748,Low,3,9
Southall Broadway Ward,4.5697646,Low,3,9
Mayfield Ward,4.5528193,Low,3,9
Beam Ward,4.550533,Low,3,9
Frognal Ward,4.545726,Low,3,9
Crayford Ward,4.5415797,Low,3,9
Newbury Ward,4.539913,Low,3,9
Bridge Ward (E05011236),4.5362315,Low,3,9
Champion Hill Ward,4.5328245,Low,3,9
Abbey Ward (E05013810),4.531851,Low,3,9
Peckham Rye Ward,4.5216203,Low,3,9
Hampton Wick & South Teddington Ward,4.519999,Low,3,9
West Twickenham Ward,4.5140457,Low,3,9
Charlton Hornfair Ward,4.484684,Low,3,9
Isleworth Ward,4.4710636,Low,3,9
Northwood Hills Ward,4.4427733,Low,3,9
Norland Ward,4.4401402,Low,3,9
Addiscombe East Ward,4.435758,Low,3,9
Beddington Ward,4.4305506,Low,3,9
St. Andrew's Ward,4.412233,Low,3,9
Dormers Wells Ward,4.4035206,Low,3,9
Figge's Marsh Ward,4.40053,Low,3,9
Green Street East Ward,4.3988156,Low,3,9
Mawneys Ward,4.38206,Low,3,9
Norbury Park Ward,4.3806047,Low,3,9
Ridgeway Ward,4.377389,Low,3,9
Sidcup Ward,4.3690896,Low,3,9
Hillingdon East Ward,4.3411946,Low,3,9
Alibon Ward,4.336463,Low,3,9
Pinner South Ward,4.3216357,Low,3,9
Northwood Ward,4.316001,Low,3,9
Wendell Park Ward,4.307237,Low,3,9
Southfields Ward,4.2990303,Low,3,9
Harold Wood Ward,4.295905,Low,3,9
Island Gardens Ward,4.2719016,Low,3,9
Fulwell & Hampton Hill Ward,4.268639,Low,3,9
Kenton East Ward,4.261361,Low,3,9
Northwick Park Ward,4.2599344,Low,3,9
Winchmore Hill Ward,4.25929,Low,3,9
White City Ward,4.2345567,Low,3,9
Fairlop Ward,4.2242036,Low,3,9
Slade Green & Northend Ward,4.222944,Low,3,9
Teddington Ward,4.214496,Low,3,9
Markhouse Ward,4.2109814,Low,3,9
Hounslow South Ward,4.1998024,Low,3,9
Parsons Green & Sandford Ward,4.1978307,Low,3,9
Raynes Park Ward,4.1972365,Low,3,9
Gascoigne Ward,4.189632,Low,3,9
New Addington South Ward,4.187161,Low,3,9
Shooters Hill Ward,4.1774,Low,3,9
Sutton South Ward,4.1761785,Low,3,9
Mottingham Ward,4.151148,Low,3,9
Centenary Ward,4.1487412,Low,3,9
Stamford Hill West Ward,4.1470633,Low,3,9
Boleyn Ward,4.1467776,Low,3,9
Seven Kings Ward,4.1397443,Low,3,9
Graveney Ward,4.130886,Low,3,9
Underhill Ward,4.123417,Low,3,9
"Ham, Petersham & Richmond Riverside Ward",4.114154,Low,3,9
St. Helier Ward,4.105781,Low,3,9
Pimlico South Ward,4.096383,Low,3,9
Marlborough Ward,4.0941586,Low,3,9
Grange Park Ward,4.0905895,Low,3,9
Streatham Wells Ward,4.0812664,Low,3,9
Wormholt Ward,4.0810347,Low,3,9
West Thamesmead Ward,4.0776544,Low,3,9
Hylands & Harrow Lodge Ward,4.056516,Low,3,9
Forest Gate North Ward,4.0512776,Low,3,9
Shirley North Ward,4.0512357,Low,3,9
Hale End & Highams Park South Ward,4.044269,Low,3,9
Wallington South Ward,4.043308,Low,3,9
Whitton Ward,4.0176325,Low,3,9
Shortlands & Park Langley Ward,4.015023,Low,3,9
Cathall Ward,3.9929688,Low,3,9
Carshalton Central Ward,3.9726617,Low,3,9
Hayes & Coney Hall Ward,3.9682264,Low,3,9
Green Street West Ward,3.9610584,Low,3,9
Merton Park Ward,3.9524434,Low,3,9
Wimbledon Town & Dundonald Ward,3.9458156,Low,3,9
Longthornton Ward,3.9456353,Very Low,1,9
South Twickenham Ward,3.9294672,Very Low,1,9
Pollards Hill Ward,3.9292529,Very Low,1,9
Dalgarno Ward,3.9101722,Very Low,1,9
St. Helier West Ward,3.9051976,Very Low,1,9
Kidbrooke Park Ward,3.8944771,Very Low,1,9
Wallington North Ward,3.8711061,Very Low,1,9
Hampton North Ward,3.8560576,Very Low,1,9
Hanworth Park Ward,3.8311143,Very Low,1,9
Thamesmead Moorings Ward,3.8293436,Very Low,1,9
West Wickham Ward,3.7760806,Very Low,1,9
Norbiton Ward,3.769657,Very Low,1,9
Coulsdon Town Ward,3.768707,Very Low,1,9
Coombe Hill Ward,3.7555196,Very Low,1,9
Wealdstone North Ward,3.749502,Very Low,1,9
Marshalls & Rise Park Ward,3.7466853,Very Low,1,9
Shirley South Ward,3.7451909,Very Low,1,9
Bexleyheath Ward,3.7313278,Very Low,1,9
Thamesmead East Ward,3.724573,Very Low,1,9
Heath Ward,3.710953,Very Low,1,9
Monkhams Ward,3.7000692,Very Low,1,9
Wembley Central Ward,3.659829,Very Low,1,9
Wandle Ward (E05013826),3.6570046,Very Low,1,9
Harrow on the Hill Ward,3.632512,Very Low,1,9
Heathfield Ward,3.61642,Very Low,1,9
Upminster Ward,3.6117477,Very Low,1,9
Charville Ward,3.6095715,Very Low,1,9
Endlebury Ward,3.5973442,Very Low,1,9
Cheam Ward,3.5964525,Very Low,1,9
Ravensbury Ward,3.5568552,Very Low,1,9
Sanderstead Ward,3.554163,Very Low,1,9
Canons Ward,3.5351522,Very Low,1,9
East Wickham Ward,3.528995,Very Low,1,9
Wanstead Park Ward,3.515927,Very Low,1,9
Cannon Hill Ward,3.492935,Very Low,1,9
Purley Oaks & Riddlesdown Ward,3.443297,Very Low,1,9
Sudbury Ward,3.4401674,Very Low,1,9
Sutton North Ward,3.406871,Very Low,1,9
St. Alban's Ward,3.4002542,Very Low,1,9
Kidbrooke Village & Sutcliffe Ward,3.3546937,Very Low,1,9
Eltham Page Ward,3.3468688,Very Low,1,9
Hillingdon West Ward,3.320302,Very Low,1,9
St. Mark's & Seething Wells Ward,3.3132353,Very Low,1,9
Tolworth Ward,3.2970908,Very Low,1,9
Clementswood Ward,3.2871268,Very Low,1,9
Wembley Park Ward,3.2698305,Very Low,1,9
The Wrythe Ward,3.2680998,Very Low,1,9
Coombe Vale Ward,3.2637022,Very Low,1,9
Surbiton Hill Ward,3.2559335,Very Low,1,9
Hatch End Ward,3.252,Very Low,1,9
Middle Park & Horn Park Ward,3.2503781,Very Low,1,9
Eltham Park & Progress Ward,3.2501206,Very Low,1,9
Chelsfield Ward,3.155691,Very Low,1,9
Nine Elms Ward,3.1478188,Very Low,1,9
Plashet Ward,3.106128,Very Low,1,9
Lavender Fields Ward,3.094532,Very Low,1,9
West Barnes Ward,3.0935755,Very Low,1,9
Farnborough & Crofton Ward,3.086737,Very Low,1,9
South Beddington & Roundshaw Ward,3.072234,Very Low,1,9
Oakwood Ward,3.0619435,Very Low,1,9
Beam Park Ward,3.0522609,Very Low,1,9
Ruislip Manor Ward,3.052015,Very Low,1,9
Falconwood & Welling Ward,3.0432038,Very Low,1,9
Crook Log Ward,3.0331795,Very Low,1,9
Kingston Gate Ward,2.9956138,Very Low,1,9
Carshalton South & Clockhouse Ward,2.9894235,Very Low,1,9
Green Lane & St. James Ward,2.9501047,Very Low,1,9
Northumberland Heath Ward,2.9496868,Very Low,1,9
Thames View Ward,2.947356,Very Low,1,9
Roxbourne Ward,2.94111,Very Low,1,9
Blackfen & Lamorbey Ward,2.9403167,Very Low,1,9
Stonecot Ward,2.929342,Very Low,1,9
Hillside Ward,2.8568807,Very Low,1,9
Farringdon Without Ward,2.8218455,Very Low,1,9
Wealdstone South Ward,2.7932281,Very Low,1,9
Selsdon & Addington Village Ward,2.7633235,Very Low,1,9
Kenton West Ward,2.7552342,Very Low,1,9
Lower Morden Ward,2.730572,Very Low,1,9
Kenley Ward,2.7173994,Very Low,1,9
Canbury Gardens Ward,2.706994,Very Low,1,9
North Cheam Ward,2.7034965,Very Low,1,9
Eastbrook & Rush Green Ward,2.6959078,Very Low,1,9
St. Helier East Ward,2.6943066,Very Low,1,9
Belmont Ward (E05013755),2.6827374,Very Low,1,9
Park Hill & Whitgift Ward,2.6759667,Very Low,1,9
St. Mary's & St. James Ward,2.670281,Very Low,1,9
Belmont Ward (E05013542),2.6692336,Very Low,1,9
Rayners Lane Ward,2.6124415,Very Low,1,9
Blendon & Penhill Ward,2.5808504,Very Low,1,9
North Harrow Ward,2.5337865,Very Low,1,9
Tokyngton Ward,2.516595,Very Low,1,9
New Addington North Ward,2.481472,Very Low,1,9
Cranham Ward,2.4281497,Very Low,1,9
Old Coulsdon Ward,2.4026775,Very Low,1,9
Hackbridge Ward,2.3791063,Very Low,1,9
West Harrow Ward,2.327554,Very Low,1,9
West Heath Ward,2.2799382,Very Low,1,9
Sutton West & East Cheam Ward,2.2595315,Very Low,1,9
Castle Baynard Ward,2.2107015,Very Low,1,9
Farringdon Within Ward,2.2035902,Very Low,1,9
Southall West Ward,2.1880763,Very Low,1,9
Tower Ward,2.1197965,Very Low,1,9
Selsdon Vale & Forestdale Ward,2.1179929,Very Low,1,9
Hook & Chessington North Ward,2.0959163,Very Low,1,9
Harefield Village Ward,2.062552,Very Low,1,9
Tudor Ward,2.03358,Very Low,1,9
Bishopsgate Ward,2.021896,Very Low,1,9
Old Malden Ward,1.9284817,Very Low,1,9
King George's & Sunray Ward,1.9182687,Very Low,1,9
Darwin Ward,1.8819172,Very Low,1,9
Worcester Park North Ward,1.8133368,Very Low,1,9
Worcester Park South Ward,1.7887143,Very Low,1,9
Berrylands Ward,1.7764208,Very Low,1,9
Emerson Park Ward,1.7128499,Very Low,1,9
Alexandra Ward,1.6919575,Very Low,1,9
Longlands Ward,1.6845226,Very Low,1,9
Aldgate Ward,1.6377568,Very Low,1,9
Barnehurst Ward,1.6372644,Very Low,1,9
Biggin Hill Ward,1.6223263,Very Low,1,9
Motspur Park & Old Malden East Ward,1.5620842,Very Low,1,9
Chessington South & Malden Rushett Ward,1.5089093,Very Low,1,9
Hacton Ward,1.4106117,Very Low,1,9
Bridge Ward (E05009294),0.8787726,Very Low,1,9
Vintry Ward,0.85625607,Very Low,1,9
Coleman Street Ward,0.85511035,Very Low,1,9
Cordwainer Ward,0.8467328,Very Low,1,9
Dowgate Ward,0.78771764,Very Low,1,9
Cripplegate Ward,0.75721616,Very Low,1,9
Portsoken Ward,0.744179,Very Low,1,9
Queenhithe Ward,0.6791866,Very Low,1,9
Cheap Ward,0.65557116,Very Low,1,9
Langbourn Ward,0.60893714,Very Low,1,9
Candlewick Ward,0.60893714,Very Low,1,9
Walbrook Ward,0.60893714,Very Low,1,9
Lime Street Ward,0.60893714,Very Low,1,9
Broad Street Ward,0.60893714,Very Low,1,9
Cornhill Ward,0.60893714,Very Low,1,9
Bread Street Ward,0.60893714,Very Low,1,9
Billingsgate Ward,0.5016897,Very Low,1,9
Aldersgate Ward,0.4462028,Very Low,1,9
Bassishaw Ward,0.1726731,Very Low,1,9
West End Ward,47.15274,Very High,18,10
St. James's Ward,26.521755,Very High,18,10
Bloomsbury Ward,23.863062,Very High,18,10
Marylebone Ward,21.991148,Very High,17,10
Holborn & Covent Garden Ward,19.559753,Very High,17,10
Hoxton East & Shoreditch Ward,19.370733,Very High,17,10
Childs Hill Ward,18.283144,Very High,17,10
Fairfield Ward,17.809895,Very High,17,10
Bethnal Green West Ward,17.671003,Very High,17,10
Hendon Ward,16.225548,Very High,17,10
Hyde Park Ward,15.982491,Very High,17,10
Rushey Green Ward,15.697564,Very High,17,10
Lancaster Gate Ward,15.548844,Very High,17,10
Spitalfields & Banglatown Ward,15.456339,Very High,17,10
Bayswater Ward,15.443093,Very High,17,10
London Bridge & West Bermondsey Ward,15.315983,Very High,17,10
Deptford Ward,15.234918,Very High,17,10
Borough & Bankside Ward,15.063362,Very High,17,10
Bow East Ward,14.979261,Very High,17,10
Whitechapel Ward,14.24529,Very High,17,10
London Fields Ward,13.666946,Very High,17,10
Bethnal Green East Ward,13.368212,Very High,17,10
Weavers Ward,13.128987,Very High,17,10
Brixton Acre Lane Ward,12.979962,Very High,17,10
Stonebridge Ward,12.952348,Very High,17,10
Lea Bridge Ward (E05009380),12.888057,Very High,17,10
Northumberland Park Ward,12.856275,Very High,17,10
Finchley Church End Ward,12.849288,Very High,17,10
Clapham Town Ward,12.840773,Very High,17,10
Dollis Hill Ward,12.781176,Very High,17,10
Queens Park Ward,12.687471,Very High,17,10
Brockley Ward,12.610305,Very High,17,10
Kilburn Ward (E05013503),12.58494,Very High,17,10
Mile End Ward,12.573415,Very High,17,10
Edmonton Green Ward,12.434125,Very High,17,10
Lansbury Ward,12.395364,Very High,17,10
Bunhill Ward,12.318542,Very High,17,10
North Acton Ward,12.1334505,Very High,17,10
Clerkenwell Ward,12.124707,Very High,17,10
Balham Ward,11.932885,Very High,17,10
Harlesden & Kensal Green Ward,11.90781,Very High,17,10
Rye Lane Ward,11.858613,Very High,17,10
Streatham St. Leonard's Ward,11.857364,Very High,17,10
Finsbury Park Ward,11.83771,Very High,17,10
North Walworth Ward,11.804051,Very High,17,10
Junction Ward,11.762229,Very High,17,10
Herne Hill & Loughborough Junction Ward,11.664873,Very High,17,10
Wandsworth Town Ward,11.438233,Very High,17,10
Brimsdown Ward,11.357986,Very High,17,10
Edgware Ward (E05013637),11.268834,Very High,17,10
South Bermondsey Ward,11.210779,Very High,17,10
Upper Edmonton Ward,11.195709,Very High,17,10
Dalston Ward,11.132363,Very High,17,10
Burnt Oak Ward,11.05767,Very High,17,10
Hackney Wick Ward,11.050477,Very High,17,10
Hoxton West Ward,11.004828,Very High,17,10
West Thornton Ward,10.871548,Very High,17,10
Broad Green Ward,10.849854,Very High,17,10
Bruce Castle Ward,10.729025,Very High,17,10
Hackney Downs Ward,10.680479,Very High,17,10
Harringay Ward,10.65876,Very High,17,10
West Finchley Ward,10.567672,Very High,17,10
Crouch End Ward,10.55343,Very High,17,10
Homerton Ward,10.552095,Very High,17,10
North Bermondsey Ward,10.548439,Very High,17,10
Penge & Cator Ward,10.5220585,Very High,17,10
Sydenham Ward,10.51513,Very High,17,10
Camberwell Green Ward,10.458019,Very High,17,10
Noel Park Ward,10.429255,Very High,17,10
Mill Hill Ward,10.413392,Very High,17,10
Greenwich Peninsula Ward,10.40404,Very High,17,10
Uxbridge Ward,10.370854,Very High,17,10
Brompton & Hans Town Ward,10.361599,Very High,17,10
Stratford Ward,10.359953,Very High,17,10
Haggerston Ward,10.355915,Very High,17,10
Waterloo & South Bank Ward,10.318146,Very High,17,10
St. Mary Cray Ward,10.307452,Very High,17,10
Tollington Ward,10.288546,Very High,17,10
Knightsbridge & Belgravia Ward,10.283229,Very High,17,10
Hackney Central Ward,10.249944,Very High,17,10
St. Giles Ward,10.18066,Very High,17,10
Chaucer Ward,10.138974,Very High,17,10
Mildmay Ward,10.136429,Very High,17,10
Hither Green Ward,10.127722,Very High,17,10
Heathrow Villages Ward,10.061794,Very High,17,10
Enfield Lock Ward,10.042159,Very High,17,10
Willesden Green Ward,9.988575,Very High,17,10
Thamesfield Ward,9.971531,Very High,17,10
Victoria Ward,9.918023,Very High,17,10
Waddon Ward,9.914273,Very High,17,10
Friern Barnet Ward,9.905806,Very High,17,10
Stoke Newington Ward,9.8962965,Very High,17,10
Highgate Ward (E05013592),9.8521385,Very High,17,10
Stratford Olympic Park Ward,9.79154,Very High,17,10
Hanger Hill Ward,9.779586,Very High,17,10
St. Paul's Cray Ward,9.733418,Very High,17,10
Tooting Broadway Ward,9.677735,Very High,17,10
Ladywell Ward,9.661461,Very High,17,10
Old Kent Road Ward,9.628551,Very High,17,10
East Acton Ward,9.594879,Very High,17,10
Colville Ward,9.57761,Very High,17,10
South Acton Ward,9.524936,Very High,17,10
West Green Ward,9.408693,Very High,17,10
Cricklewood & Mapesbury Ward,9.391045,Very High,17,10
Nunhead & Queen's Road Ward,9.375643,Very High,17,10
Highbury Ward,9.37119,Very High,17,10
Brixton Windrush Ward,9.346505,Very High,17,10
Forest Hill Ward,9.336269,Very High,17,10
Haselbury Ward,9.246122,Very High,17,10
West Hendon Ward,9.182807,Very High,17,10
Purley & Woodcote Ward,9.175405,Very High,17,10
Courtfield Ward,9.13524,Very High,17,10
Stockwell West & Larkhall Ward,9.128644,Very High,17,10
Bow West Ward,9.124506,Very High,17,10
Kilburn Ward (E05013665),9.116806,Very High,17,10
East Greenwich Ward,9.115028,Very High,17,10
Barnet Vale Ward,9.096285,Very High,17,10
Jubilee Ward,9.076023,Very High,17,10
Faraday Ward,9.067038,Very High,17,10
St. Katharine's & Wapping Ward,9.062437,Very High,17,10
Camden Town Ward,9.036919,Very High,17,10
Hillrise Ward,9.032556,Very High,17,10
Brixton Rush Common Ward,9.030611,Very High,17,10
Perry Vale Ward,9.02111,Very High,17,10
South Norwood Ward,8.976161,Very High,17,10
Battersea Park Ward,8.968447,Very High,17,10
Ealing Common Ward,8.95263,Very High,17,10
Clissold Ward,8.95084,Very High,17,10
Tottenham Central Ward,8.930879,Very High,17,10
Surrey Docks Ward,8.928889,Very High,17,10
Forest Gate South Ward,8.9221525,Very High,17,10
Garden Suburb Ward,8.8897915,Very High,17,10
Welsh Harp Ward,8.831722,Very High,17,10
Chiswick Gunnersbury Ward,8.825042,Very High,17,10
Springfield Ward,8.8221655,Very High,17,10
Regent's Park Ward (E05013668),8.811754,Very High,17,10
Heaton Ward,8.808753,Very High,17,10
South Croydon Ward,8.781713,Very High,17,10
Brondesbury Park Ward,8.76512,Very High,17,10
West Putney Ward,8.752923,Very High,17,10
Hoe Street Ward,8.745289,Very High,17,10
Cricklewood Ward,8.714672,High,9,10
St. Mary's & St. James' Ward,8.704287,High,9,10
Golders Green Ward,8.697587,High,9,10
Blackheath Westcombe Ward,8.643836,High,9,10
Canonbury Ward,8.63153,High,9,10
Plumstead & Glyndon Ward,8.629344,High,9,10
Colham & Cowley Ward,8.549891,High,9,10
Goose Green Ward,8.534464,High,9,10
West Hampstead Ward,8.516552,High,9,10
Rotherhithe Ward,8.493103,High,9,10
Gooshays Ward,8.488776,High,9,10
Canary Wharf Ward,8.486526,High,9,10
Roehampton Ward,8.46846,High,9,10
Roundwood Ward,8.42117,High,9,10
Whitewebbs Ward,8.414986,High,9,10
South Richmond Ward,8.401225,High,9,10
Kennington Ward,8.379679,High,9,10
Brixton North Ward,8.360521,High,9,10
White Hart Lane Ward,8.358965,High,9,10
East Barnet Ward,8.342525,High,9,10
St. Peter's & Canalside Ward,8.327995,High,9,10
Evelyn Ward,8.302482,High,9,10
Belsize Ward,8.302164,High,9,10
Catford South Ward,8.285559,High,9,10
Streatham Hill West & Thornton Ward,8.27784,High,9,10
Chiswick Homefields Ward,8.2637615,High,9,10
St. Mary's Ward,8.25868,High,9,10
Knight's Hill Ward,8.2582445,High,9,10
Crystal Palace & Upper Norwood Ward,8.25222,High,9,10
Woodhouse Ward,8.242046,High,9,10
Lea Bridge Ward (E05013895),8.23636,High,9,10
Wood End Ward,8.225505,High,9,10
Regent's Park Ward (E05013805),8.204091,High,9,10
Queensbury Ward,8.193474,High,9,10
Lavender Ward,8.140766,High,9,10
Blackheath Ward,8.136668,High,9,10
Oval Ward,8.128992,High,9,10
Ponders End Ward,8.091846,High,9,10
Thornton Heath Ward,8.07294,High,9,10
De Beauvoir Ward,8.047482,High,9,10
Central Greenford Ward,7.994263,High,9,10
Abbey Road Ward,7.9841723,High,9,10
South Tottenham Ward,7.968854,High,9,10
Laycock Ward,7.9577317,High,9,10
Greenwich Park Ward,7.9465847,High,9,10
Maida Vale Ward,7.9335704,High,9,10
College Park & Old Oak Ward,7.931418,High,9,10
Hayes Town Ward,7.926935,High,9,10
Beckenham Town & Copers Cope Ward,7.9244466,High,9,10
Downham Ward,7.923316,High,9,10
Golborne Ward,7.9218884,High,9,10
Valley Ward,7.9203854,High,9,10
Crystal Palace & Anerley Ward,7.8973913,High,9,10
Arsenal Ward,7.875586,High,9,10
East Putney Ward,7.8425694,High,9,10
Primrose Hill Ward,7.8420467,High,9,10
Tottenham Hale Ward,7.8391614,High,9,10
Custom House Ward,7.8368297,High,9,10
King's Cross Ward,7.8353195,High,9,10
Plaistow West & Canning Town East Ward,7.831495,High,9,10
Fortune Green Ward,7.8093686,High,9,10
Osterley & Spring Grove Ward,7.7921863,High,9,10
Lower Edmonton Ward,7.789552,High,9,10
Whalebone Ward,7.7575765,High,9,10
Kenton Ward,7.751371,High,9,10
Bromley Town Ward,7.7513227,High,9,10
Hornsey Ward,7.719948,High,9,10
Westbourne Ward,7.719284,High,9,10
Stroud Green Ward,7.695696,High,9,10
Mortlake & Barnes Common Ward,7.6887536,High,9,10
East Ham Ward,7.6760635,High,9,10
Brunswick Park Ward,7.675138,High,9,10
Selhurst Ward,7.638312,High,9,10
Blackwall & Cubitt Town Ward,7.632504,High,9,10
Northolt Mandeville Ward,7.618614,High,9,10
Pinkwell Ward,7.584015,High,9,10
South Hampstead Ward,7.5744977,High,9,10
Tufnell Park Ward,7.5676637,High,9,10
Goodmayes Ward,7.540221,High,9,10
Ilford Town Ward,7.5323143,High,9,10
Little Venice Ward,7.5188985,High,9,10
Crofton Park Ward,7.5017977,High,9,10
Wandsworth Common Ward,7.4960947,High,9,10
Southgate Ward,7.495301,High,9,10
Redcliffe Ward,7.4932227,High,9,10
Greenhill Ward,7.48896,High,9,10
Ealing Broadway Ward,7.486456,High,9,10
Totteridge & Woodside Ward,7.472807,High,9,10
Kentish Town South Ward,7.459881,High,9,10
Earl's Court Ward,7.446518,High,9,10
Telegraph Hill Ward,7.445781,High,9,10
Palmers Green Ward,7.420248,High,9,10
Town Ward,7.3952785,High,9,10
Southfield Ward,7.3815947,High,9,10
Holloway Ward,7.3811793,High,9,10
Bush Hill Park Ward,7.368798,High,9,10
Valentines Ward,7.345183,High,9,10
Furzedown Ward,7.3281417,High,9,10
Harrow Road Ward,7.3184986,High,9,10
Shacklewell Ward,7.2957745,High,9,10
Kew Ward,7.2855673,High,9,10
Clapham Common & Abbeville Ward,7.2810097,High,9,10
East Finchley Ward,7.2749205,High,9,10
Shaftesbury & Queenstown Ward,7.273819,High,9,10
Belmore Ward,7.2719617,High,9,10
Royal Hospital Ward,7.270502,High,9,10
Belvedere Ward,7.270339,High,9,10
Addiscombe West Ward,7.2685604,High,9,10
Bullsmoor Ward,7.262064,High,9,10
Clock House Ward,7.259745,High,9,10
Hanworth Village Ward,7.2447715,High,9,10
Chislehurst Ward,7.242687,High,9,10
Forest Ward,7.241154,High,9,10
Caledonian Ward,7.233314,High,9,10
Bromley South Ward,7.225543,High,9,10
Village Ward (E05013825),7.213047,High,9,10
Wanstead Village Ward,7.181361,High,9,10
Chadwell Ward,7.18093,High,9,10
Lewisham Central Ward,7.1725726,High,9,10
Southbury Ward,7.1666703,High,9,10
Pimlico North Ward,7.1608443,High,9,10
Hounslow Central Ward,7.160704,High,9,10
Leyton Ward,7.150727,High,9,10
St. Pancras & Somers Town Ward,7.150219,High,9,10
Dulwich Wood Ward,7.140029,High,9,10
Gospel Oak Ward,7.1362257,High,9,10
Aldborough Ward,7.126551,High,9,10
Greenford Broadway Ward,7.1190658,High,9,10
Whetstone Ward,7.112395,High,9,10
Norwood Green Ward,7.078757,High,9,10
Abingdon Ward,7.07255,High,9,10
Beckton Ward,7.0554914,High,9,10
Tooting Bec Ward,7.0525885,High,9,10
Haverstock Ward,7.04167,High,9,10
Woodside Ward (E05013605),7.0355167,High,9,10
Dulwich Village Ward,7.0314198,High,9,10
Carterhatch Ward,7.029352,High,9,10
Streatham Common & Vale Ward,7.0184326,High,9,10
Barkingside Ward,7.008449,High,9,10
Walpole Ward,7.0068655,High,9,10
Clapham Park Ward,6.995278,High,9,10
Eastbury Ward,6.9797983,Medium,6,10
Leytonstone Ward,6.9729056,Medium,6,10
Fortis Green Ward,6.969037,Medium,6,10
Stanley Ward,6.945538,Medium,6,10
Perivale Ward,6.9422917,Medium,6,10
St. Dunstan's Ward,6.939046,Medium,6,10
Colindale South Ward,6.9323306,Medium,6,10
Northolt West End Ward,6.9296618,Medium,6,10
Abbey Wood Ward,6.928045,Medium,6,10
Fullwell Ward,6.927674,Medium,6,10
West Dulwich Ward,6.9237423,Medium,6,10
Eltham Town & Avery Hill Ward,6.9137573,Medium,6,10
Rush Green & Crowlands Ward,6.8972,Medium,6,10
Seven Sisters Ward,6.8968306,Medium,6,10
Church Street Ward,6.888661,Medium,6,10
South Ruislip Ward,6.883544,Medium,6,10
Goresbrook Ward,6.866326,Medium,6,10
High Street Ward,6.864658,Medium,6,10
West Hill Ward,6.8601484,Medium,6,10
Campden Ward,6.8490148,Medium,6,10
East Ham South Ward,6.841803,Medium,6,10
North Greenford Ward,6.840813,Medium,6,10
Valence Ward,6.838762,Medium,6,10
Munster Ward,6.836729,Medium,6,10
South Woodford Ward,6.7995543,Medium,6,10
Grove Park Ward,6.797138,Medium,6,10
Woolwich Arsenal Ward,6.79374,Medium,6,10
Edgware Ward (E05013545),6.7804275,Medium,6,10
East Sheen Ward,6.7703204,Medium,6,10
Royal Victoria Ward,6.759762,Medium,6,10
Yiewsley Ward,6.754801,Medium,6,10
Plaistow South Ward,6.7421584,Medium,6,10
Petts Wood & Knoll Ward,6.740296,Medium,6,10
Kelsey & Eden Park Ward,6.73181,Medium,6,10
Eastcote Ward,6.7185884,Medium,6,10
Clapham East Ward,6.7162304,Medium,6,10
Maryland Ward,6.7147913,Medium,6,10
Loxford Ward,6.7030816,Medium,6,10
Barnsbury Ward,6.7014604,Medium,6,10
Greenwich Creekside Ward,6.6979704,Medium,6,10
West Drayton Ward,6.693022,Medium,6,10
Arnos Grove Ward,6.6863976,Medium,6,10
Lee Green Ward,6.679909,Medium,6,10
Hounslow West Ward,6.677548,Medium,6,10
Coningham Ward,6.6640816,Medium,6,10
Village Ward (E05014070),6.6588182,Medium,6,10
Colliers Wood Ward,6.644704,Medium,6,10
Ruislip Ward,6.6230106,Medium,6,10
Larkswood Ward,6.607867,Medium,6,10
Hammersmith Broadway Ward,6.5876093,Medium,6,10
Woodside Ward (E05011489),6.57989,Medium,6,10
Hainault Ward,6.567747,Medium,6,10
Bensham Manor Ward,6.5529504,Medium,6,10
Shepherd's Bush Green Ward,6.551221,Medium,6,10
Queen's Park Ward,6.550611,Medium,6,10
Newington Ward,6.537761,Medium,6,10
Vincent Square Ward,6.5361342,Medium,6,10
Bedfont Ward,6.530792,Medium,6,10
Hanwell Broadway Ward,6.5225806,Medium,6,10
Vauxhall Ward,6.5178237,Medium,6,10
Churchfields Ward,6.5015516,Medium,6,10
Cann Hall Ward,6.5014286,Medium,6,10
Yeading Ward,6.495051,Medium,6,10
Highgate Ward (E05013661),6.494169,Medium,6,10
Alperton Ward,6.4883137,Medium,6,10
Southall Green Ward,6.471257,Medium,6,10
Roxeth Ward,6.456244,Medium,6,10
Pembridge Ward,6.441454,Medium,6,10
Pitshanger Ward,6.4411964,Medium,6,10
Peckham Ward,6.4304924,Medium,6,10
Cockfosters Ward,6.421279,Medium,6,10
South Balham Ward,6.413926,Medium,6,10
St. Martin's Ward,6.4077263,Medium,6,10
West Kensington Ward,6.399948,Medium,6,10
Woolwich Common Ward,6.3924327,Medium,6,10
Kingston Town Ward,6.3923388,Medium,6,10
Shadwell Ward,6.3770924,Medium,6,10
Plaistow North Ward,6.3567133,Medium,6,10
Erith Ward,6.3473763,Medium,6,10
Palace & Hurlingham Ward,6.346575,Medium,6,10
North Richmond Ward,6.3372183,Medium,6,10
Fulham Town Ward,6.326182,Medium,6,10
Wembley Hill Ward,6.3138127,Medium,6,10
Parsloes Ward,6.3120236,Medium,6,10
High Barnet Ward,6.304202,Medium,6,10
Squirrels Heath Ward,6.2970033,Medium,6,10
New Cross Gate Ward,6.266682,Medium,6,10
Hounslow Heath Ward,6.246103,Medium,6,10
Fulham Reach Ward,6.236662,Medium,6,10
Ickenham & South Harefield Ward,6.2352023,Medium,6,10
Northfield Ward,6.2304254,Medium,6,10
Syon & Brentford Lock Ward,6.2217135,Medium,6,10
North Hanwell Ward,6.210752,Medium,6,10
Heston Central Ward,6.207242,Medium,6,10
Chiswick Riverside Ward,6.184948,Medium,6,10
Myatt's Fields Ward,6.1847644,Medium,6,10
Higham Hill Ward,6.177389,Medium,6,10
Falconbrook Ward,6.162965,Medium,6,10
Canning Town North Ward,6.159525,Medium,6,10
Cranford Ward,6.147881,Medium,6,10
King's Park Ward,6.1438265,Medium,6,10
Clayhall Ward,6.1425834,Medium,6,10
Cranbrook Ward,6.142268,Medium,6,10
Rainham & Wennington Ward,6.137776,Medium,6,10
Little Ilford Ward,6.1348505,Medium,6,10
Orpington Ward,6.1191163,Medium,6,10
Bickley & Sundridge Ward,6.118346,Medium,6,10
William Morris Ward,6.1042156,Medium,6,10
Holland Ward,6.082245,Medium,6,10
Muswell Hill Ward,6.0554047,Medium,6,10
Walham Green Ward,6.0547476,Medium,6,10
Harrow Weald Ward,6.0398655,Medium,6,10
Stanmore Ward,6.0356197,Medium,6,10
St. George's Ward,6.0138965,Medium,6,10
Chadwell Heath Ward,6.002065,Medium,6,10
Bromley North Ward,5.981866,Medium,6,10
Pinner Ward,5.9807954,Medium,6,10
Hermitage & Gardens Ward,5.949488,Medium,6,10
Hampton Ward,5.9452314,Medium,6,10
Queen's Gate Ward,5.913789,Medium,6,10
Chapel End Ward,5.8998623,Medium,6,10
Woodberry Down Ward,5.873757,Medium,6,10
Bridge Ward (E05011236),5.863958,Medium,6,10
Bellingham Ward,5.8575664,Medium,6,10
Heston West Ward,5.8574405,Medium,6,10
Highfield Ward,5.8475733,Medium,6,10
Stockwell East Ward,5.8417187,Medium,6,10
Longbridge Ward,5.834604,Medium,6,10
Wandle Ward (E05014026),5.799905,Medium,6,10
Winchmore Hill Ward,5.796293,Medium,6,10
Elm Park Ward,5.7928915,Medium,6,10
West Ham Ward,5.7575383,Medium,6,10
Bromley Common & Holwood Ward,5.735904,Medium,6,10
Streatham Hill East Ward,5.718005,Medium,6,10
Newbury Ward,5.708664,Medium,6,10
St. Ann's Ward,5.704721,Medium,6,10
Feltham West Ward,5.7011647,Medium,6,10
Stepney Green Ward,5.672488,Medium,6,10
Bounds Green Ward,5.6700487,Medium,6,10
Headstone Ward,5.6697493,Medium,6,10
Manor Park Ward,5.6690617,Low,3,10
Northbury Ward,5.656447,Low,3,10
Hatch Lane & Highams Park North Ward,5.6482925,Low,3,10
Wall End Ward,5.630324,Low,3,10
Havering-atte-Bower Ward,5.6181617,Low,3,10
St. Margarets & North Twickenham Ward,5.6059594,Low,3,10
St. Andrew's Ward,5.6036687,Low,3,10
Chingford Green Ward,5.5961246,Low,3,10
Limehouse Ward,5.5885625,Low,3,10
Northwood Hills Ward,5.5773873,Low,3,10
Barnhill Ward,5.567421,Low,3,10
Wimbledon Park Ward,5.5510798,Low,3,10
"Mottingham, Coldharbour & New Eltham Ward",5.542418,Low,3,10
Heston East Ward,5.533166,Low,3,10
Norbury & Pollards Hill Ward,5.5267515,Low,3,10
Harold Wood Ward,5.526083,Low,3,10
Royal Albert Ward,5.524573,Low,3,10
Woolwich Dockyard Ward,5.5136385,Low,3,10
Plaistow Ward,5.5077147,Low,3,10
Mayesbrook Ward,5.5008445,Low,3,10
Mayfield Ward,5.4995255,Low,3,10
Beddington Ward,5.4965234,Low,3,10
Bowes Ward,5.4946814,Low,3,10
Plumstead Common Ward,5.481393,Low,3,10
New Southgate Ward,5.478771,Low,3,10
Trinity Ward,5.4697943,Low,3,10
Kenton East Ward,5.458725,Low,3,10
Kingsbury Ward,5.4559712,Low,3,10
Grove Ward,5.4542317,Low,3,10
New Malden Village Ward,5.45328,Low,3,10
Cazenove Ward,5.4390635,Low,3,10
Charlton Village & Riverside Ward,5.409787,Low,3,10
Sidcup Ward,5.402581,Low,3,10
St. Edward's Ward,5.392329,Low,3,10
Pinner South Ward,5.3897595,Low,3,10
Edgwarebury Ward,5.3867416,Low,3,10
Hylands & Harrow Lodge Ward,5.381884,Low,3,10
Feltham North Ward,5.3510714,Low,3,10
Northcote Ward,5.3448815,Low,3,10
South Hornchurch Ward,5.343348,Low,3,10
Grove Green Ward,5.342678,Low,3,10
Fairlop Ward,5.338515,Low,3,10
Ridgeway Ward,5.33441,Low,3,10
Centenary Ward,5.3132772,Low,3,10
Twickenham Riverside Ward,5.292926,Low,3,10
Barnes Ward,5.291997,Low,3,10
Preston Ward,5.2874117,Low,3,10
Wood Street Ward,5.277649,Low,3,10
Alexandra Park Ward,5.27414,Low,3,10
Dulwich Hill Ward,5.2637424,Low,3,10
Lady Margaret Ward,5.2623043,Low,3,10
St. James Ward,5.2531524,Low,3,10
Colindale North Ward,5.250292,Low,3,10
Brentford East Ward,5.242304,Low,3,10
Dormers Wells Ward,5.2409005,Low,3,10
West Twickenham Ward,5.238457,Low,3,10
Ravenscourt Ward,5.2315917,Low,3,10
Camden Square Ward,5.226825,Low,3,10
Northwick Park Ward,5.225391,Low,3,10
Mawneys Ward,5.2225113,Low,3,10
Hounslow East Ward,5.2165165,Low,3,10
Southall Broadway Ward,5.214962,Low,3,10
Notting Dale Ward,5.199977,Low,3,10
Shortlands & Park Langley Ward,5.1946163,Low,3,10
Brentford West Ward,5.1905475,Low,3,10
Northwood Ward,5.1871176,Low,3,10
Hampton Wick & South Teddington Ward,5.1869135,Low,3,10
Crayford Ward,5.186894,Low,3,10
Frognal Ward,5.1853075,Low,3,10
Gipsy Hill Ward,5.172905,Low,3,10
Brownswood Ward,5.1713705,Low,3,10
Addison Ward,5.167936,Low,3,10
Brook Green Ward,5.1601815,Low,3,10
Beam Ward,5.158816,Low,3,10
Sutton Central Ward,5.153616,Low,3,10
Underhill Ward,5.14606,Low,3,10
Chelsea Riverside Ward,5.1405454,Low,3,10
Avonmore Ward,5.1397634,Low,3,10
Seven Kings Ward,5.1260366,Low,3,10
Upper Walthamstow Ward,5.110062,Low,3,10
Sands End Ward,5.108527,Low,3,10
Abbey Ward (E05013810),5.1053824,Low,3,10
Becontree Ward,5.1006646,Low,3,10
Barking Riverside Ward,5.076626,Low,3,10
Marlborough Ward,4.9881654,Low,3,10
Hillingdon East Ward,4.9856544,Low,3,10
Marshalls & Rise Park Ward,4.9853587,Low,3,10
Addiscombe East Ward,4.9834104,Low,3,10
Wallington South Ward,4.9757166,Low,3,10
Norbury Park Ward,4.967705,Low,3,10
Isleworth Ward,4.963261,Low,3,10
Graveney Ward,4.9349194,Low,3,10
Green Street East Ward,4.933813,Low,3,10
Hayes & Coney Hall Ward,4.9286423,Low,3,10
Kentish Town North Ward,4.9269896,Low,3,10
Hounslow South Ward,4.9069347,Low,3,10
Peckham Rye Ward,4.897963,Low,3,10
West Wickham Ward,4.876421,Low,3,10
Hampstead Town Ward,4.8694587,Low,3,10
Bexleyheath Ward,4.8499966,Low,3,10
Fulwell & Hampton Hill Ward,4.839661,Low,3,10
Cricket Green Ward,4.837767,Low,3,10
"Ham, Petersham & Richmond Riverside Ward",4.835857,Low,3,10
Figge's Marsh Ward,4.813838,Low,3,10
Southfields Ward,4.8108006,Low,3,10
Teddington Ward,4.810159,Low,3,10
Poplar Ward,4.778311,Low,3,10
Lillie Ward,4.777161,Low,3,10
Hampton North Ward,4.770897,Low,3,10
Shooters Hill Ward,4.7689133,Low,3,10
Whitton Ward,4.7514167,Low,3,10
Raynes Park Ward,4.742026,Low,3,10
Boleyn Ward,4.733952,Low,3,10
Champion Hill Ward,4.7313538,Low,3,10
Heathfield Ward,4.7303057,Low,3,10
Wealdstone North Ward,4.72871,Low,3,10
St. Helen's Ward,4.721904,Low,3,10
Canning Town South Ward,4.716525,Low,3,10
Grange Park Ward,4.7160964,Low,3,10
Sutton South Ward,4.712436,Low,3,10
Upminster Ward,4.71026,Low,3,10
Coulsdon Town Ward,4.704281,Low,3,10
New Addington South Ward,4.702795,Low,3,10
Monkhams Ward,4.6999903,Low,3,10
Wembley Central Ward,4.6982346,Low,3,10
Charlton Hornfair Ward,4.6645956,Low,3,10
Slade Green & Northend Ward,4.663,Low,3,10
Gascoigne Ward,4.634606,Low,3,10
Mottingham Ward,4.63291,Low,3,10
Wallington North Ward,4.6320853,Low,3,10
East Wickham Ward,4.6318164,Low,3,10
Shirley North Ward,4.6120753,Low,3,10
Shirley South Ward,4.608443,Low,3,10
Alibon Ward,4.604962,Low,3,10
Abbey Ward (E05014053),4.5969334,Low,3,10
Parsons Green & Sandford Ward,4.5864754,Low,3,10
Sanderstead Ward,4.572666,Low,3,10
Markhouse Ward,4.5632,Low,3,10
Harrow on the Hill Ward,4.559592,Low,3,10
Coombe Hill Ward,4.5526323,Low,3,10
Forest Gate North Ward,4.5410147,Low,3,10
Falconwood & Welling Ward,4.507584,Very Low,1,10
Hanworth Park Ward,4.491399,Very Low,1,10
Stamford Hill West Ward,4.4806128,Very Low,1,10
Wendell Park Ward,4.4723763,Very Low,1,10
Cheam Ward,4.468166,Very Low,1,10
Norland Ward,4.4595275,Very Low,1,10
St. Helier Ward,4.4504457,Very Low,1,10
White City Ward,4.4493003,Very Low,1,10
Green Street West Ward,4.443118,Very Low,1,10
Cathall Ward,4.43466,Very Low,1,10
Charville Ward,4.4288464,Very Low,1,10
Pollards Hill Ward,4.4248195,Very Low,1,10
Kidbrooke Park Ward,4.420519,Very Low,1,10
Endlebury Ward,4.4151926,Very Low,1,10
Carshalton Central Ward,4.4006352,Very Low,1,10
Hale End & Highams Park South Ward,4.38488,Very Low,1,10
Pimlico South Ward,4.3834667,Very Low,1,10
Thamesmead East Ward,4.3676476,Very Low,1,10
West Thamesmead Ward,4.3669276,Very Low,1,10
Canons Ward,4.3662577,Very Low,1,10
Crook Log Ward,4.3303056,Very Low,1,10
Longthornton Ward,4.3109455,Very Low,1,10
Wimbledon Town & Dundonald Ward,4.308389,Very Low,1,10
Sutton North Ward,4.3001623,Very Low,1,10
Hatch End Ward,4.290952,Very Low,1,10
Streatham Wells Ward,4.289017,Very Low,1,10
Norbiton Ward,4.2863584,Very Low,1,10
Merton Park Ward,4.284654,Very Low,1,10
Island Gardens Ward,4.2809877,Very Low,1,10
Chelsfield Ward,4.275002,Very Low,1,10
Sudbury Ward,4.272906,Very Low,1,10
Wanstead Park Ward,4.254368,Very Low,1,10
Purley Oaks & Riddlesdown Ward,4.2383275,Very Low,1,10
St. Helier West Ward,4.172141,Very Low,1,10
Farnborough & Crofton Ward,4.1308975,Very Low,1,10
Ravensbury Ward,4.117721,Very Low,1,10
South Twickenham Ward,4.1150975,Very Low,1,10
Heath Ward,4.1085463,Very Low,1,10
Coombe Vale Ward,4.0725455,Very Low,1,10
Blackfen & Lamorbey Ward,4.0562935,Very Low,1,10
Dalgarno Ward,4.0548916,Very Low,1,10
Eltham Park & Progress Ward,4.0276756,Very Low,1,10
Thamesmead Moorings Ward,4.0253115,Very Low,1,10
Wembley Park Ward,4.0229483,Very Low,1,10
Surbiton Hill Ward,4.0101423,Very Low,1,10
Cannon Hill Ward,4.009659,Very Low,1,10
St. Mark's & Seething Wells Ward,4.0095634,Very Low,1,10
West Barnes Ward,3.9902086,Very Low,1,10
Tolworth Ward,3.9543655,Very Low,1,10
South Beddington & Roundshaw Ward,3.9306433,Very Low,1,10
Stonecot Ward,3.9065049,Very Low,1,10
Roxbourne Ward,3.877563,Very Low,1,10
Wandle Ward (E05013826),3.8696961,Very Low,1,10
Eltham Page Ward,3.8687518,Very Low,1,10
Wormholt Ward,3.8634505,Very Low,1,10
Hillingdon West Ward,3.8631284,Very Low,1,10
Oakwood Ward,3.8540866,Very Low,1,10
Clementswood Ward,3.8075778,Very Low,1,10
St. Alban's Ward,3.8018532,Very Low,1,10
The Wrythe Ward,3.726722,Very Low,1,10
Wealdstone South Ward,3.7147906,Very Low,1,10
St. Mary's & St. James Ward,3.706583,Very Low,1,10
Lavender Fields Ward,3.7059472,Very Low,1,10
North Harrow Ward,3.6860063,Very Low,1,10
Middle Park & Horn Park Ward,3.6340408,Very Low,1,10
Selsdon & Addington Village Ward,3.62714,Very Low,1,10
Plashet Ward,3.6211467,Very Low,1,10
Kenley Ward,3.6186786,Very Low,1,10
Northumberland Heath Ward,3.6039488,Very Low,1,10
Kenton West Ward,3.5977118,Very Low,1,10
Ruislip Manor Ward,3.5933259,Very Low,1,10
Carshalton South & Clockhouse Ward,3.5931306,Very Low,1,10
Kidbrooke Village & Sutcliffe Ward,3.569258,Very Low,1,10
Blendon & Penhill Ward,3.5426922,Very Low,1,10
Tokyngton Ward,3.531663,Very Low,1,10
Belmont Ward (E05013755),3.4994688,Very Low,1,10
Rayners Lane Ward,3.4916735,Very Low,1,10
Kingston Gate Ward,3.475666,Very Low,1,10
Belmont Ward (E05013542),3.4483669,Very Low,1,10
Park Hill & Whitgift Ward,3.405439,Very Low,1,10
West Heath Ward,3.3383164,Very Low,1,10
Beam Park Ward,3.2557788,Very Low,1,10
Lower Morden Ward,3.2328045,Very Low,1,10
Cranham Ward,3.2294126,Very Low,1,10
Green Lane & St. James Ward,3.1920106,Very Low,1,10
Eastbrook & Rush Green Ward,3.16792,Very Low,1,10
Hillside Ward,3.1446092,Very Low,1,10
North Cheam Ward,3.1377163,Very Low,1,10
Thames View Ward,3.0975668,Very Low,1,10
St. Helier East Ward,3.0715387,Very Low,1,10
West Harrow Ward,3.0152876,Very Low,1,10
Nine Elms Ward,2.9734094,Very Low,1,10
Old Coulsdon Ward,2.9529488,Very Low,1,10
Canbury Gardens Ward,2.9161167,Very Low,1,10
Hook & Chessington North Ward,2.8828847,Very Low,1,10
Darwin Ward,2.8519492,Very Low,1,10
Farringdon Without Ward,2.847072,Very Low,1,10
New Addington North Ward,2.8326116,Very Low,1,10
Hackbridge Ward,2.7943606,Very Low,1,10
Sutton West & East Cheam Ward,2.7771657,Very Low,1,10
Southall West Ward,2.7361915,Very Low,1,10
King George's & Sunray Ward,2.7222888,Very Low,1,10
Selsdon Vale & Forestdale Ward,2.6835482,Very Low,1,10
Tudor Ward,2.6467662,Very Low,1,10
Barnehurst Ward,2.5661151,Very Low,1,10
Emerson Park Ward,2.4620092,Very Low,1,10
Worcester Park South Ward,2.4185786,Very Low,1,10
Old Malden Ward,2.4157112,Very Low,1,10
Harefield Village Ward,2.4052093,Very Low,1,10
Worcester Park North Ward,2.3411665,Very Low,1,10
Biggin Hill Ward,2.2509446,Very Low,1,10
Castle Baynard Ward,2.2389858,Very Low,1,10
Longlands Ward,2.2229116,Very Low,1,10
Berrylands Ward,2.193841,Very Low,1,10
Farringdon Within Ward,2.1902647,Very Low,1,10
Motspur Park & Old Malden East Ward,2.1595886,Very Low,1,10
Chessington South & Malden Rushett Ward,2.1388848,Very Low,1,10
Hacton Ward,2.1215215,Very Low,1,10
Alexandra Ward,2.09573,Very Low,1,10
Tower Ward,2.0143118,Very Low,1,10
Bishopsgate Ward,1.9331373,Very Low,1,10
Aldgate Ward,1.4753928,Very Low,1,10
Portsoken Ward,0.8414292,Very Low,1,10
Coleman Street Ward,0.84022963,Very Low,1,10
Cordwainer Ward,0.81077284,Very Low,1,10
Bridge Ward (E05009294),0.79945856,Very Low,1,10
Cripplegate Ward,0.7851056,Very Low,1,10
Vintry Ward,0.76227176,Very Low,1,10
Dowgate Ward,0.7052845,Very Low,1,10
Queenhithe Ward,0.6180282,Very Low,1,10
Cheap Ward,0.6154293,Very Low,1,10
Langbourn Ward,0.5393198,Very Low,1,10
Cornhill Ward,0.5393198,Very Low,1,10
Walbrook Ward,0.5393198,Very Low,1,10
Lime Street Ward,0.5393198,Very Low,1,10
Candlewick Ward,0.5393198,Very Low,1,10
Broad Street Ward,0.5393198,Very Low,1,10
Bread Street Ward,0.5393198,Very Low,1,10
Aldersgate Ward,0.46174055,Very Low,1,10
Billingsgate Ward,0.42338684,Very Low,1,10
Bassishaw Ward,0.20387322,Very Low,1,10
West End Ward,43.927822,Very High,18,11
St. James's Ward,26.581823,Very High,18,11
Bloomsbury Ward,21.666143,Very High,17,11
Marylebone Ward,20.930716,Very High,17,11
Holborn & Covent Garden Ward,19.5658,Very High,17,11
Hoxton East & Shoreditch Ward,19.390541,Very High,17,11
Childs Hill Ward,19.243967,Very High,17,11
Fairfield Ward,17.578388,Very High,17,11
Bethnal Green West Ward,17.576641,Very High,17,11
Hendon Ward,16.719873,Very High,17,11
Hyde Park Ward,16.179796,Very High,17,11
Lancaster Gate Ward,15.634669,Very High,17,11
Rushey Green Ward,15.544525,Very High,17,11
London Bridge & West Bermondsey Ward,15.4165945,Very High,17,11
Bayswater Ward,15.370146,Very High,17,11
Spitalfields & Banglatown Ward,15.318356,Very High,17,11
Deptford Ward,15.243459,Very High,17,11
Borough & Bankside Ward,15.18576,Very High,17,11
Bow East Ward,14.96373,Very High,17,11
Whitechapel Ward,14.278534,Very High,17,11
London Fields Ward,13.501676,Very High,17,11
Bethnal Green East Ward,13.232978,Very High,17,11
Finchley Church End Ward,13.217912,Very High,17,11
Weavers Ward,13.177203,Very High,17,11
Clapham Town Ward,12.897861,Very High,17,11
Brixton Acre Lane Ward,12.883098,Very High,17,11
Dollis Hill Ward,12.852552,Very High,17,11
Lea Bridge Ward (E05009380),12.788083,Very High,17,11
Stonebridge Ward,12.786806,Very High,17,11
Kilburn Ward (E05013503),12.6633625,Very High,17,11
Edmonton Green Ward,12.620292,Very High,17,11
Queens Park Ward,12.595998,Very High,17,11
Northumberland Park Ward,12.595556,Very High,17,11
Mile End Ward,12.579747,Very High,17,11
Brockley Ward,12.5503435,Very High,17,11
Lansbury Ward,12.440353,Very High,17,11
Bunhill Ward,12.180369,Very High,17,11
North Acton Ward,12.122008,Very High,17,11
Balham Ward,12.015279,Very High,17,11
Clerkenwell Ward,11.937413,Very High,17,11
Harlesden & Kensal Green Ward,11.896856,Very High,17,11
North Walworth Ward,11.815327,Very High,17,11
Rye Lane Ward,11.811956,Very High,17,11
Edgware Ward (E05013637),11.743233,Very High,17,11
Burnt Oak Ward,11.738064,Very High,17,11
Finsbury Park Ward,11.730145,Very High,17,11
Brimsdown Ward,11.7227545,Very High,17,11
Herne Hill & Loughborough Junction Ward,11.686715,Very High,17,11
Streatham St. Leonard's Ward,11.63359,Very High,17,11
Junction Ward,11.632322,Very High,17,11
Upper Edmonton Ward,11.506369,Very High,17,11
Wandsworth Town Ward,11.474634,Very High,17,11
South Bermondsey Ward,11.138743,Very High,17,11
Dalston Ward,11.045889,Very High,17,11
Broad Green Ward,11.026005,Very High,17,11
West Finchley Ward,10.992453,Very High,17,11
West Thornton Ward,10.883607,Very High,17,11
Hoxton West Ward,10.883435,Very High,17,11
Hackney Wick Ward,10.838388,Very High,17,11
Mill Hill Ward,10.82633,Very High,17,11
North Bermondsey Ward,10.71607,Very High,17,11
St. Mary Cray Ward,10.675781,Very High,17,11
Harringay Ward,10.634198,Very High,17,11
Bruce Castle Ward,10.625766,Very High,17,11
Uxbridge Ward,10.61697,Very High,17,11
Noel Park Ward,10.598285,Very High,17,11
Crouch End Ward,10.532139,Very High,17,11
Sydenham Ward,10.529329,Very High,17,11
Penge & Cator Ward,10.522338,Very High,17,11
Homerton Ward,10.509664,Very High,17,11
Hackney Downs Ward,10.453998,Very High,17,11
Greenwich Peninsula Ward,10.402767,Very High,17,11
Camberwell Green Ward,10.375864,Very High,17,11
Stratford Ward,10.314164,Very High,17,11
Tollington Ward,10.3133,Very High,17,11
Brompton & Hans Town Ward,10.288603,Very High,17,11
Friern Barnet Ward,10.23043,Very High,17,11
Haggerston Ward,10.228573,Very High,17,11
Waterloo & South Bank Ward,10.214503,Very High,17,11
Hackney Central Ward,10.192122,Very High,17,11
Willesden Green Ward,10.16454,Very High,17,11
Enfield Lock Ward,10.152644,Very High,17,11
St. Giles Ward,10.149686,Very High,17,11
Highgate Ward (E05013592),10.147871,Very High,17,11
St. Paul's Cray Ward,10.147747,Very High,17,11
Mildmay Ward,10.110249,Very High,17,11
Chaucer Ward,10.063865,Very High,17,11
Heathrow Villages Ward,10.058206,Very High,17,11
Stratford Olympic Park Ward,10.035073,Very High,17,11
Knightsbridge & Belgravia Ward,10.032561,Very High,17,11
Victoria Ward,10.025192,Very High,17,11
Hither Green Ward,10.013048,Very High,17,11
Waddon Ward,9.995159,Very High,17,11
Hanger Hill Ward,9.944749,Very High,17,11
Tooting Broadway Ward,9.812672,Very High,17,11
Thamesfield Ward,9.812433,Very High,17,11
Stoke Newington Ward,9.775362,Very High,17,11
Ladywell Ward,9.655046,Very High,17,11
Colville Ward,9.589229,Very High,17,11
South Acton Ward,9.563093,Very High,17,11
Barnet Vale Ward,9.54743,Very High,17,11
East Acton Ward,9.545484,Very High,17,11
Old Kent Road Ward,9.543979,Very High,17,11
Cricklewood & Mapesbury Ward,9.520086,Very High,17,11
Haselbury Ward,9.438235,Very High,17,11
West Hendon Ward,9.436412,Very High,17,11
Jubilee Ward,9.424091,Very High,17,11
Highbury Ward,9.41762,Very High,17,11
Forest Hill Ward,9.403749,Very High,17,11
Purley & Woodcote Ward,9.36031,Very High,17,11
West Green Ward,9.350407,Very High,17,11
Nunhead & Queen's Road Ward,9.261481,Very High,17,11
Kilburn Ward (E05013665),9.176821,Very High,17,11
Brixton Windrush Ward,9.14786,Very High,17,11
Courtfield Ward,9.14419,Very High,17,11
Hillrise Ward,9.089749,Very High,17,11
St. Katharine's & Wapping Ward,9.080546,Very High,17,11
Camden Town Ward,9.075083,Very High,17,11
Welsh Harp Ward,9.058839,Very High,17,11
East Greenwich Ward,9.0555315,Very High,17,11
Ealing Common Ward,9.049118,Very High,17,11
Garden Suburb Ward,9.041801,Very High,17,11
Heaton Ward,9.039977,Very High,17,11
Bow West Ward,9.037932,Very High,17,11
Brixton Rush Common Ward,9.018434,Very High,17,11
Stockwell West & Larkhall Ward,9.017375,Very High,17,11
Golders Green Ward,8.999845,Very High,17,11
South Croydon Ward,8.996457,Very High,17,11
Chiswick Gunnersbury Ward,8.987668,Very High,17,11
Tottenham Central Ward,8.982851,Very High,17,11
Surrey Docks Ward,8.962671,Very High,17,11
Perry Vale Ward,8.927067,Very High,17,11
Clissold Ward,8.9259405,Very High,17,11
Forest Gate South Ward,8.920668,Very High,17,11
West Putney Ward,8.916566,Very High,17,11
Cricklewood Ward,8.916546,Very High,17,11
Colham & Cowley Ward,8.910314,Very High,17,11
Faraday Ward,8.907062,Very High,17,11
Battersea Park Ward,8.880864,Very High,17,11
Brondesbury Park Ward,8.876583,Very High,17,11
Hoe Street Ward,8.866362,Very High,17,11
Blackheath Westcombe Ward,8.85594,High,9,11
Gooshays Ward,8.807183,High,9,11
Canonbury Ward,8.776165,High,9,11
Springfield Ward,8.760685,High,9,11
South Norwood Ward,8.746952,High,9,11
St. Mary's & St. James' Ward,8.739539,High,9,11
Regent's Park Ward (E05013668),8.731484,High,9,11
Plumstead & Glyndon Ward,8.722409,High,9,11
East Barnet Ward,8.6866255,High,9,11
Canary Wharf Ward,8.658493,High,9,11
Roehampton Ward,8.600365,High,9,11
Whitewebbs Ward,8.584731,High,9,11
Woodhouse Ward,8.569655,High,9,11
West Hampstead Ward,8.568719,High,9,11
South Richmond Ward,8.553738,High,9,11
Rotherhithe Ward,8.548827,High,9,11
Queensbury Ward,8.541895,High,9,11
Goose Green Ward,8.487687,High,9,11
Belsize Ward,8.447127,High,9,11
Beckenham Town & Copers Cope Ward,8.416464,High,9,11
St. Mary's Ward,8.375438,High,9,11
Evelyn Ward,8.37307,High,9,11
Hayes Town Ward,8.356205,High,9,11
Lea Bridge Ward (E05013895),8.352948,High,9,11
Crystal Palace & Upper Norwood Ward,8.34541,High,9,11
Roundwood Ward,8.342068,High,9,11
Central Greenford Ward,8.339793,High,9,11
Wood End Ward,8.3239565,High,9,11
St. Peter's & Canalside Ward,8.323458,High,9,11
Valley Ward,8.315893,High,9,11
Kennington Ward,8.312284,High,9,11
Chiswick Homefields Ward,8.290232,High,9,11
Ponders End Ward,8.287004,High,9,11
Regent's Park Ward (E05013805),8.286223,High,9,11
Brixton North Ward,8.278365,High,9,11
Blackheath Ward,8.268394,High,9,11
White Hart Lane Ward,8.232798,High,9,11
Knight's Hill Ward,8.221069,High,9,11
Catford South Ward,8.174494,High,9,11
South Tottenham Ward,8.154752,High,9,11
Maida Vale Ward,8.1419935,High,9,11
Streatham Hill West & Thornton Ward,8.1416855,High,9,11
Kenton Ward,8.13838,High,9,11
Crystal Palace & Anerley Ward,8.119048,High,9,11
Brunswick Park Ward,8.111812,High,9,11
Greenwich Park Ward,8.086991,High,9,11
Thornton Heath Ward,8.086703,High,9,11
Whalebone Ward,8.084029,High,9,11
Abbey Road Ward,8.065687,High,9,11
Osterley & Spring Grove Ward,8.057423,High,9,11
Bromley Town Ward,8.048213,High,9,11
Pinkwell Ward,8.047058,High,9,11
Totteridge & Woodside Ward,8.042305,High,9,11
Stroud Green Ward,8.039817,High,9,11
Lavender Ward,8.028778,High,9,11
Laycock Ward,8.027796,High,9,11
Lower Edmonton Ward,8.025555,High,9,11
Fortune Green Ward,8.02442,High,9,11
Tottenham Hale Ward,8.008748,High,9,11
Primrose Hill Ward,8.007407,High,9,11
De Beauvoir Ward,8.002041,High,9,11
Oval Ward,7.99454,High,9,11
East Ham Ward,7.931926,High,9,11
East Putney Ward,7.9171615,High,9,11
Plaistow West & Canning Town East Ward,7.9043994,High,9,11
Hornsey Ward,7.865505,High,9,11
Golborne Ward,7.8634667,High,9,11
Southgate Ward,7.8493147,High,9,11
South Hampstead Ward,7.822347,High,9,11
Arsenal Ward,7.819763,High,9,11
College Park & Old Oak Ward,7.811761,High,9,11
Northolt Mandeville Ward,7.786481,High,9,11
Mortlake & Barnes Common Ward,7.733579,High,9,11
Custom House Ward,7.702107,High,9,11
Bullsmoor Ward,7.6973515,High,9,11
Bush Hill Park Ward,7.6925654,High,9,11
Ilford Town Ward,7.6804924,High,9,11
Westbourne Ward,7.6774044,High,9,11
Blackwall & Cubitt Town Ward,7.6691713,High,9,11
Goodmayes Ward,7.655263,High,9,11
Chislehurst Ward,7.6512,High,9,11
Selhurst Ward,7.649675,High,9,11
Downham Ward,7.6398096,High,9,11
Wandsworth Common Ward,7.6339192,High,9,11
King's Cross Ward,7.6238303,High,9,11
Fullwell Ward,7.61584,High,9,11
Valentines Ward,7.6102805,High,9,11
Southfield Ward,7.6042213,High,9,11
Crofton Park Ward,7.5934625,High,9,11
East Finchley Ward,7.5740743,High,9,11
Ealing Broadway Ward,7.5499663,High,9,11
Town Ward,7.548258,High,9,11
Greenhill Ward,7.5408006,High,9,11
Little Venice Ward,7.533265,High,9,11
Tufnell Park Ward,7.524651,High,9,11
Palmers Green Ward,7.50472,High,9,11
Belvedere Ward,7.4964347,High,9,11
Clock House Ward,7.494282,High,9,11
Whetstone Ward,7.47582,High,9,11
Hanworth Village Ward,7.4723763,High,9,11
Chadwell Ward,7.4601626,High,9,11
Belmore Ward,7.4332294,High,9,11
Furzedown Ward,7.4281693,High,9,11
Aldborough Ward,7.4256415,High,9,11
Bromley South Ward,7.412499,High,9,11
Holloway Ward,7.40252,High,9,11
Kentish Town South Ward,7.400158,High,9,11
Earl's Court Ward,7.390315,High,9,11
Kew Ward,7.3833632,High,9,11
Redcliffe Ward,7.3833632,High,9,11
Barkingside Ward,7.37884,High,9,11
Carterhatch Ward,7.3761063,High,9,11
Southbury Ward,7.367787,High,9,11
Telegraph Hill Ward,7.3529367,High,9,11
Greenford Broadway Ward,7.3431516,High,9,11
Village Ward (E05013825),7.3420987,High,9,11
South Ruislip Ward,7.336318,High,9,11
Perivale Ward,7.316258,High,9,11
Dulwich Wood Ward,7.311855,High,9,11
Leyton Ward,7.305145,High,9,11
Royal Hospital Ward,7.299579,High,9,11
Gospel Oak Ward,7.2880087,High,9,11
Addiscombe West Ward,7.256555,High,9,11
Edgware Ward (E05013545),7.246214,High,9,11
Forest Ward,7.226894,High,9,11
Rush Green & Crowlands Ward,7.226373,High,9,11
Beckton Ward,7.2229266,High,9,11
Caledonian Ward,7.220448,High,9,11
Wanstead Village Ward,7.216867,High,9,11
Haverstock Ward,7.2106037,High,9,11
Harrow Road Ward,7.2098994,High,9,11
Woodside Ward (E05013605),7.2093945,High,9,11
North Greenford Ward,7.195854,High,9,11
Shacklewell Ward,7.19407,High,9,11
Eltham Town & Avery Hill Ward,7.182121,High,9,11
Tooting Bec Ward,7.173366,High,9,11
Clapham Common & Abbeville Ward,7.1481996,High,9,11
Shaftesbury & Queenstown Ward,7.1461997,High,9,11
St. Pancras & Somers Town Ward,7.1433372,High,9,11
Eastbury Ward,7.1306868,High,9,11
Pimlico North Ward,7.1222267,High,9,11
Norwood Green Ward,7.1147466,Medium,6,11
East Ham South Ward,7.1146297,Medium,6,11
Colindale South Ward,7.1111784,Medium,6,11
Fortis Green Ward,7.0743856,Medium,6,11
Abingdon Ward,7.074182,Medium,6,11
Kelsey & Eden Park Ward,7.0657597,Medium,6,11
Hounslow Central Ward,7.063907,Medium,6,11
Woolwich Arsenal Ward,7.050182,Medium,6,11
Northolt West End Ward,7.046875,Medium,6,11
South Woodford Ward,7.028379,Medium,6,11
Seven Sisters Ward,7.0187507,Medium,6,11
Petts Wood & Knoll Ward,7.014578,Medium,6,11
Church Street Ward,6.9945025,Medium,6,11
Streatham Common & Vale Ward,6.990548,Medium,6,11
Hainault Ward,6.990517,Medium,6,11
Loxford Ward,6.984979,Medium,6,11
Stanley Ward,6.974962,Medium,6,11
Dulwich Village Ward,6.9717484,Medium,6,11
Eastcote Ward,6.969266,Medium,6,11
High Street Ward,6.964786,Medium,6,11
St. Dunstan's Ward,6.957103,Medium,6,11
Larkswood Ward,6.949974,Medium,6,11
West Hill Ward,6.948067,Medium,6,11
Clapham Park Ward,6.9411345,Medium,6,11
Walpole Ward,6.94063,Medium,6,11
Leytonstone Ward,6.9353952,Medium,6,11
East Sheen Ward,6.9296494,Medium,6,11
Bedfont Ward,6.923819,Medium,6,11
West Dulwich Ward,6.9207997,Medium,6,11
Yiewsley Ward,6.9179826,Medium,6,11
Hounslow West Ward,6.9176416,Medium,6,11
Arnos Grove Ward,6.915081,Medium,6,11
Valence Ward,6.908334,Medium,6,11
Goresbrook Ward,6.898175,Medium,6,11
Roxeth Ward,6.8936276,Medium,6,11
Yeading Ward,6.892895,Medium,6,11
Southall Green Ward,6.8873734,Medium,6,11
Ruislip Ward,6.8831744,Medium,6,11
Grove Park Ward,6.8801765,Medium,6,11
West Drayton Ward,6.8781824,Medium,6,11
Munster Ward,6.8706326,Medium,6,11
Cockfosters Ward,6.867485,Medium,6,11
Maryland Ward,6.8637724,Medium,6,11
Plaistow South Ward,6.836976,Medium,6,11
Campden Ward,6.800411,Medium,6,11
Lee Green Ward,6.789866,Medium,6,11
Royal Victoria Ward,6.7683487,Medium,6,11
Greenwich Creekside Ward,6.7642817,Medium,6,11
Abbey Wood Ward,6.754068,Medium,6,11
Alperton Ward,6.7456145,Medium,6,11
Highgate Ward (E05013661),6.718816,Medium,6,11
Queen's Park Ward,6.694891,Medium,6,11
Woodside Ward (E05011489),6.6918507,Medium,6,11
Village Ward (E05014070),6.6904516,Medium,6,11
Hanwell Broadway Ward,6.6699257,Medium,6,11
Plaistow North Ward,6.6690464,Medium,6,11
Churchfields Ward,6.6679516,Medium,6,11
Clapham East Ward,6.656084,Medium,6,11
Lewisham Central Ward,6.6482797,Medium,6,11
Cann Hall Ward,6.645764,Medium,6,11
Erith Ward,6.635627,Medium,6,11
Coningham Ward,6.632856,Medium,6,11
Squirrels Heath Ward,6.6237288,Medium,6,11
High Barnet Ward,6.6220145,Medium,6,11
Barnsbury Ward,6.605105,Medium,6,11
Bensham Manor Ward,6.6014504,Medium,6,11
Hammersmith Broadway Ward,6.5869083,Medium,6,11
Colliers Wood Ward,6.5581894,Medium,6,11
St. Martin's Ward,6.5480905,Medium,6,11
Woolwich Common Ward,6.5316477,Medium,6,11
Peckham Ward,6.5277224,Medium,6,11
Bickley & Sundridge Ward,6.49139,Medium,6,11
Rainham & Wennington Ward,6.483704,Medium,6,11
Newington Ward,6.483252,Medium,6,11
Ickenham & South Harefield Ward,6.473752,Medium,6,11
Wembley Hill Ward,6.4724345,Medium,6,11
Pitshanger Ward,6.4615808,Medium,6,11
Little Ilford Ward,6.451161,Medium,6,11
Clayhall Ward,6.447069,Medium,6,11
Highfield Ward,6.442896,Medium,6,11
Orpington Ward,6.4426084,Medium,6,11
Harrow Weald Ward,6.4393396,Medium,6,11
Pinner Ward,6.428548,Medium,6,11
Pembridge Ward,6.425634,Medium,6,11
Vincent Square Ward,6.418458,Medium,6,11
Shepherd's Bush Green Ward,6.411948,Medium,6,11
Cranford Ward,6.399413,Medium,6,11
Elm Park Ward,6.393261,Medium,6,11
Kingston Town Ward,6.38811,Medium,6,11
Heston Central Ward,6.3872886,Medium,6,11
North Hanwell Ward,6.3857403,Medium,6,11
New Cross Gate Ward,6.375149,Medium,6,11
Northfield Ward,6.365165,Medium,6,11
West Kensington Ward,6.359899,Medium,6,11
Shadwell Ward,6.3539915,Medium,6,11
Cranbrook Ward,6.351654,Medium,6,11
Hounslow Heath Ward,6.337796,Medium,6,11
Vauxhall Ward,6.3220196,Medium,6,11
Palace & Hurlingham Ward,6.3218164,Medium,6,11
South Balham Ward,6.3199506,Medium,6,11
Bridge Ward (E05011236),6.3096848,Medium,6,11
Syon & Brentford Lock Ward,6.2958007,Medium,6,11
North Richmond Ward,6.2905736,Medium,6,11
Higham Hill Ward,6.281831,Medium,6,11
Canning Town North Ward,6.2759433,Medium,6,11
Parsloes Ward,6.2756486,Medium,6,11
William Morris Ward,6.265666,Medium,6,11
Chadwell Heath Ward,6.2589855,Medium,6,11
Fulham Reach Ward,6.2520313,Medium,6,11
Hampton Ward,6.2332892,Medium,6,11
Chiswick Riverside Ward,6.2080255,Medium,6,11
Fulham Town Ward,6.2067146,Medium,6,11
Stanmore Ward,6.141681,Medium,6,11
Hermitage & Gardens Ward,6.139344,Medium,6,11
Heston West Ward,6.131538,Medium,6,11
Falconbrook Ward,6.129001,Medium,6,11
Chapel End Ward,6.1017118,Medium,6,11
King's Park Ward,6.095409,Medium,6,11
Newbury Ward,6.091013,Medium,6,11
Myatt's Fields Ward,6.0883183,Medium,6,11
Longbridge Ward,6.0788665,Medium,6,11
Bromley Common & Holwood Ward,6.0739803,Medium,6,11
Muswell Hill Ward,6.027755,Medium,6,11
Holland Ward,6.0230117,Medium,6,11
Winchmore Hill Ward,6.015503,Medium,6,11
Headstone Ward,6.0091248,Medium,6,11
Feltham West Ward,5.987005,Medium,6,11
Walham Green Ward,5.981405,Medium,6,11
St. George's Ward,5.972645,Medium,6,11
Northbury Ward,5.962713,Medium,6,11
Mayfield Ward,5.9495444,Medium,6,11
West Ham Ward,5.937258,Medium,6,11
Havering-atte-Bower Ward,5.933827,Medium,6,11
St. Ann's Ward,5.9282994,Medium,6,11
Bromley North Ward,5.908874,Medium,6,11
St. Andrew's Ward,5.906201,Medium,6,11
Harold Wood Ward,5.898867,Medium,6,11
Manor Park Ward,5.8964715,Medium,6,11
Chingford Green Ward,5.8823385,Medium,6,11
Plaistow Ward,5.8807583,Medium,6,11
Beddington Ward,5.8594217,Low,3,11
Hatch Lane & Highams Park North Ward,5.858578,Low,3,11
Wall End Ward,5.850368,Low,3,11
"Mottingham, Coldharbour & New Eltham Ward",5.8306684,Low,3,11
Wandle Ward (E05014026),5.8306603,Low,3,11
Barnhill Ward,5.830286,Low,3,11
Queen's Gate Ward,5.8158855,Low,3,11
Bowes Ward,5.796162,Low,3,11
Kingsbury Ward,5.7797065,Low,3,11
Edgwarebury Ward,5.7746534,Low,3,11
Norbury & Pollards Hill Ward,5.74408,Low,3,11
Fairlop Ward,5.730633,Low,3,11
Heston East Ward,5.718222,Low,3,11
Hylands & Harrow Lodge Ward,5.717377,Low,3,11
Kenton East Ward,5.7073865,Low,3,11
Streatham Hill East Ward,5.704471,Low,3,11
Northwood Hills Ward,5.690093,Low,3,11
Stockwell East Ward,5.6871715,Low,3,11
St. Edward's Ward,5.6855516,Low,3,11
Shortlands & Park Langley Ward,5.682192,Low,3,11
Woolwich Dockyard Ward,5.678492,Low,3,11
New Southgate Ward,5.6619873,Low,3,11
Mawneys Ward,5.6457696,Low,3,11
Stepney Green Ward,5.6421103,Low,3,11
Pinner South Ward,5.6416874,Low,3,11
South Hornchurch Ward,5.628969,Low,3,11
Centenary Ward,5.6267276,Low,3,11
Bounds Green Ward,5.6187234,Low,3,11
Plumstead Common Ward,5.616951,Low,3,11
Woodberry Down Ward,5.6106567,Low,3,11
Limehouse Ward,5.598669,Low,3,11
Sidcup Ward,5.5911098,Low,3,11
Bellingham Ward,5.5800176,Low,3,11
Mayesbrook Ward,5.571049,Low,3,11
Charlton Village & Riverside Ward,5.5660872,Low,3,11
St. Margarets & North Twickenham Ward,5.5576386,Low,3,11
Ridgeway Ward,5.5551786,Low,3,11
Wimbledon Park Ward,5.5380774,Low,3,11
Lady Margaret Ward,5.533955,Low,3,11
Cazenove Ward,5.5223536,Low,3,11
New Malden Village Ward,5.5126553,Low,3,11
Colindale North Ward,5.5122643,Low,3,11
Feltham North Ward,5.5079145,Low,3,11
Royal Albert Ward,5.5023975,Low,3,11
Alexandra Park Ward,5.480212,Low,3,11
Crayford Ward,5.477308,Low,3,11
Preston Ward,5.469401,Low,3,11
Seven Kings Ward,5.4442687,Low,3,11
Trinity Ward,5.4388175,Low,3,11
Beam Ward,5.4352317,Low,3,11
Dormers Wells Ward,5.423121,Low,3,11
Wood Street Ward,5.4208255,Low,3,11
Underhill Ward,5.4172926,Low,3,11
West Wickham Ward,5.399684,Low,3,11
Barnes Ward,5.3941903,Low,3,11
Marshalls & Rise Park Ward,5.3927007,Low,3,11
Grove Ward,5.388738,Low,3,11
Northwick Park Ward,5.3859677,Low,3,11
Grove Green Ward,5.380416,Low,3,11
Sutton Central Ward,5.3590555,Low,3,11
Twickenham Riverside Ward,5.3413444,Low,3,11
Hayes & Coney Hall Ward,5.335464,Low,3,11
West Twickenham Ward,5.315455,Low,3,11
Hampton Wick & South Teddington Ward,5.3073616,Low,3,11
Notting Dale Ward,5.304856,Low,3,11
Frognal Ward,5.290631,Low,3,11
Northcote Ward,5.2771606,Low,3,11
St. James Ward,5.2592335,Low,3,11
Northwood Ward,5.2471213,Low,3,11
Becontree Ward,5.2457337,Low,3,11
Hounslow East Ward,5.237268,Low,3,11
Southall Broadway Ward,5.2322474,Low,3,11
Addiscombe East Ward,5.212095,Low,3,11
Hillingdon East Ward,5.199055,Low,3,11
Upper Walthamstow Ward,5.198818,Low,3,11
Norbury Park Ward,5.19876,Low,3,11
Brentford West Ward,5.1948037,Low,3,11
Dulwich Hill Ward,5.1882796,Low,3,11
Bexleyheath Ward,5.1868763,Low,3,11
Marlborough Ward,5.180489,Low,3,11
Avonmore Ward,5.168632,Low,3,11
Camden Square Ward,5.1677437,Low,3,11
Graveney Ward,5.1621103,Low,3,11
Heathfield Ward,5.1539063,Low,3,11
Chelsea Riverside Ward,5.1509156,Low,3,11
Sands End Ward,5.1485887,Low,3,11
Isleworth Ward,5.1483173,Low,3,11
Green Street East Ward,5.1455774,Low,3,11
Wallington South Ward,5.136437,Low,3,11
Abbey Ward (E05013810),5.13275,Low,3,11
Gipsy Hill Ward,5.120659,Low,3,11
Brownswood Ward,5.097303,Low,3,11
Ravenscourt Ward,5.079004,Low,3,11
Brook Green Ward,5.0788484,Low,3,11
Hounslow South Ward,5.0686817,Low,3,11
Wealdstone North Ward,5.06423,Low,3,11
Barking Riverside Ward,5.0619826,Low,3,11
Upminster Ward,5.057384,Low,3,11
Shooters Hill Ward,5.0551105,Low,3,11
Addison Ward,5.0523973,Low,3,11
Brentford East Ward,5.03865,Low,3,11
Kentish Town North Ward,5.019318,Low,3,11
Figge's Marsh Ward,4.9905725,Low,3,11
Boleyn Ward,4.9871593,Low,3,11
East Wickham Ward,4.980325,Low,3,11
"Ham, Petersham & Richmond Riverside Ward",4.9738293,Low,3,11
Hampton North Ward,4.929281,Low,3,11
Hampstead Town Ward,4.9195123,Low,3,11
Fulwell & Hampton Hill Ward,4.9181304,Low,3,11
Peckham Rye Ward,4.916656,Low,3,11
Wembley Central Ward,4.9085026,Low,3,11
New Addington South Ward,4.884199,Low,3,11
Teddington Ward,4.8740034,Low,3,11
Grange Park Ward,4.867243,Low,3,11
Whitton Ward,4.845032,Low,3,11
Monkhams Ward,4.8395643,Low,3,11
Shirley North Ward,4.829458,Low,3,11
Charlton Hornfair Ward,4.828444,Low,3,11
Coulsdon Town Ward,4.8152084,Low,3,11
Poplar Ward,4.811488,Low,3,11
Raynes Park Ward,4.805948,Low,3,11
Southfields Ward,4.805788,Low,3,11
Cricket Green Ward,4.7929935,Low,3,11
Harrow on the Hill Ward,4.783624,Low,3,11
Mottingham Ward,4.7788305,Low,3,11
Gascoigne Ward,4.7778535,Low,3,11
Sutton South Ward,4.77318,Low,3,11
Shirley South Ward,4.768125,Low,3,11
Hanworth Park Ward,4.76536,Low,3,11
Falconwood & Welling Ward,4.7571144,Low,3,11
Lillie Ward,4.7539225,Low,3,11
Charville Ward,4.7507663,Low,3,11
St. Helen's Ward,4.739192,Low,3,11
Wallington North Ward,4.733043,Low,3,11
Parsons Green & Sandford Ward,4.729448,Low,3,11
Canning Town South Ward,4.718807,Low,3,11
Sanderstead Ward,4.7131095,Low,3,11
Markhouse Ward,4.7093964,Low,3,11
Champion Hill Ward,4.7017517,Low,3,11
Alibon Ward,4.6831913,Low,3,11
Coombe Hill Ward,4.678934,Low,3,11
Kidbrooke Park Ward,4.6754856,Very Low,1,11
Pollards Hill Ward,4.650822,Very Low,1,11
Sutton North Ward,4.6440682,Very Low,1,11
Slade Green & Northend Ward,4.635927,Very Low,1,11
Green Street West Ward,4.634607,Very Low,1,11
Endlebury Ward,4.595351,Very Low,1,11
Stamford Hill West Ward,4.5837803,Very Low,1,11
Abbey Ward (E05014053),4.58247,Very Low,1,11
Crook Log Ward,4.57013,Very Low,1,11
Canons Ward,4.5666466,Very Low,1,11
Cathall Ward,4.556465,Very Low,1,11
White City Ward,4.5481105,Very Low,1,11
West Thamesmead Ward,4.5425572,Very Low,1,11
Thamesmead East Ward,4.536001,Very Low,1,11
Carshalton Central Ward,4.5334797,Very Low,1,11
Forest Gate North Ward,4.532274,Very Low,1,11
Longthornton Ward,4.516577,Very Low,1,11
Wanstead Park Ward,4.514165,Very Low,1,11
St. Helier Ward,4.5091314,Very Low,1,11
Pimlico South Ward,4.5036573,Very Low,1,11
Norland Ward,4.496484,Very Low,1,11
Sudbury Ward,4.454154,Very Low,1,11
Hatch End Ward,4.4362917,Very Low,1,11
Cheam Ward,4.4358196,Very Low,1,11
Hale End & Highams Park South Ward,4.4240026,Very Low,1,11
Wendell Park Ward,4.4156556,Very Low,1,11
Chelsfield Ward,4.409591,Very Low,1,11
Blackfen & Lamorbey Ward,4.4028144,Very Low,1,11
Norbiton Ward,4.3543663,Very Low,1,11
Eltham Park & Progress Ward,4.3327312,Very Low,1,11
Purley Oaks & Riddlesdown Ward,4.3324056,Very Low,1,11
Wimbledon Town & Dundonald Ward,4.330979,Very Low,1,11
Ravensbury Ward,4.32437,Very Low,1,11
Merton Park Ward,4.307455,Very Low,1,11
St. Helier West Ward,4.3059025,Very Low,1,11
Coombe Vale Ward,4.258754,Very Low,1,11
Island Gardens Ward,4.2414727,Very Low,1,11
Farnborough & Crofton Ward,4.2191205,Very Low,1,11
Heath Ward,4.2163897,Very Low,1,11
South Beddington & Roundshaw Ward,4.215185,Very Low,1,11
South Twickenham Ward,4.1818104,Very Low,1,11
Streatham Wells Ward,4.1790357,Very Low,1,11
West Barnes Ward,4.1760335,Very Low,1,11
Clementswood Ward,4.123411,Very Low,1,11
St. Mark's & Seething Wells Ward,4.1203938,Very Low,1,11
Dalgarno Ward,4.1153665,Very Low,1,11
Wembley Park Ward,4.109343,Very Low,1,11
Cannon Hill Ward,4.095723,Very Low,1,11
Eltham Page Ward,4.0693355,Very Low,1,11
Surbiton Hill Ward,4.059856,Very Low,1,11
Roxbourne Ward,4.053116,Very Low,1,11
Thamesmead Moorings Ward,4.0444636,Very Low,1,11
Tolworth Ward,4.037183,Very Low,1,11
Oakwood Ward,4.0107155,Very Low,1,11
St. Mary's & St. James Ward,4.010669,Very Low,1,11
Stonecot Ward,3.9883413,Very Low,1,11
Lavender Fields Ward,3.9289403,Very Low,1,11
Selsdon & Addington Village Ward,3.9215136,Very Low,1,11
Hillingdon West Ward,3.9166498,Very Low,1,11
The Wrythe Ward,3.9082336,Very Low,1,11
Middle Park & Horn Park Ward,3.8651066,Very Low,1,11
Wandle Ward (E05013826),3.8613346,Very Low,1,11
West Heath Ward,3.8472059,Very Low,1,11
Wealdstone South Ward,3.8467538,Very Low,1,11
North Harrow Ward,3.830961,Very Low,1,11
St. Alban's Ward,3.8244982,Very Low,1,11
Kenton West Ward,3.814951,Very Low,1,11
Northumberland Heath Ward,3.7974944,Very Low,1,11
Plashet Ward,3.791848,Very Low,1,11
Tokyngton Ward,3.7583528,Very Low,1,11
Wormholt Ward,3.7441514,Very Low,1,11
Blendon & Penhill Ward,3.7138255,Very Low,1,11
Carshalton South & Clockhouse Ward,3.7085433,Very Low,1,11
Kenley Ward,3.699999,Very Low,1,11
Rayners Lane Ward,3.6991763,Very Low,1,11
Ruislip Manor Ward,3.6979434,Very Low,1,11
Kidbrooke Village & Sutcliffe Ward,3.6737883,Very Low,1,11
Belmont Ward (E05013542),3.6487556,Very Low,1,11
Belmont Ward (E05013755),3.6141815,Very Low,1,11
Kingston Gate Ward,3.6061156,Very Low,1,11
Cranham Ward,3.4900985,Very Low,1,11
Park Hill & Whitgift Ward,3.4878488,Very Low,1,11
Beam Park Ward,3.3827982,Very Low,1,11
Eastbrook & Rush Green Ward,3.303905,Very Low,1,11
St. Helier East Ward,3.301527,Very Low,1,11
West Harrow Ward,3.2952557,Very Low,1,11
Lower Morden Ward,3.285314,Very Low,1,11
Green Lane & St. James Ward,3.2852852,Very Low,1,11
North Cheam Ward,3.21453,Very Low,1,11
Hillside Ward,3.2133532,Very Low,1,11
Thames View Ward,3.1011581,Very Low,1,11
Selsdon Vale & Forestdale Ward,3.0026975,Very Low,1,11
Old Coulsdon Ward,2.9897633,Very Low,1,11
Hook & Chessington North Ward,2.9628146,Very Low,1,11
Barnehurst Ward,2.9565582,Very Low,1,11
Darwin Ward,2.9544964,Very Low,1,11
Canbury Gardens Ward,2.9457114,Very Low,1,11
New Addington North Ward,2.9419677,Very Low,1,11
Nine Elms Ward,2.8980618,Very Low,1,11
Sutton West & East Cheam Ward,2.8901477,Very Low,1,11
Hackbridge Ward,2.8504455,Very Low,1,11
King George's & Sunray Ward,2.841184,Very Low,1,11
Southall West Ward,2.7179732,Very Low,1,11
Tudor Ward,2.7120528,Very Low,1,11
Farringdon Without Ward,2.6337113,Very Low,1,11
Old Malden Ward,2.5997295,Very Low,1,11
Emerson Park Ward,2.5684497,Very Low,1,11
Worcester Park South Ward,2.50317,Very Low,1,11
Biggin Hill Ward,2.4475846,Very Low,1,11
Worcester Park North Ward,2.4196832,Very Low,1,11
Harefield Village Ward,2.401457,Very Low,1,11
Berrylands Ward,2.3533347,Very Low,1,11
Longlands Ward,2.3330917,Very Low,1,11
Motspur Park & Old Malden East Ward,2.2858891,Very Low,1,11
Chessington South & Malden Rushett Ward,2.228295,Very Low,1,11
Hacton Ward,2.2113223,Very Low,1,11
Alexandra Ward,2.2112372,Very Low,1,11
Castle Baynard Ward,2.1060045,Very Low,1,11
Farringdon Within Ward,2.067814,Very Low,1,11
Tower Ward,1.967612,Very Low,1,11
Bishopsgate Ward,1.8639367,Very Low,1,11
Aldgate Ward,1.4429578,Very Low,1,11
Portsoken Ward,0.93397266,Very Low,1,11
Cripplegate Ward,0.84402156,Very Low,1,11
Coleman Street Ward,0.81951535,Very Low,1,11
Cordwainer Ward,0.763176,Very Low,1,11
Bridge Ward (E05009294),0.7416801,Very Low,1,11
Vintry Ward,0.6997907,Very Low,1,11
Dowgate Ward,0.69820434,Very Low,1,11
Queenhithe Ward,0.6539576,Very Low,1,11
Cheap Ward,0.59279364,Very Low,1,11
Candlewick Ward,0.49172345,Very Low,1,11
Cornhill Ward,0.49172345,Very Low,1,11
Langbourn Ward,0.49172345,Very Low,1,11
Walbrook Ward,0.49172345,Very Low,1,11
Broad Street Ward,0.49172345,Very Low,1,11
Lime Street Ward,0.49172345,Very Low,1,11
Bread Street Ward,0.49172345,Very Low,1,11
Aldersgate Ward,0.44098616,Very Low,1,11
Billingsgate Ward,0.35407925,Very Low,1,11
Bassishaw Ward,0.20324527,Very Low,1,11
West End Ward,44.27152,Very High,18,12
St. James's Ward,26.484001,Very High,18,12
Bloomsbury Ward,21.131332,Very High,17,12
Marylebone Ward,20.947517,Very High,17,12
Holborn & Covent Garden Ward,19.676641,Very High,17,12
Hoxton East & Shoreditch Ward,19.294138,Very High,17,12
Childs Hill Ward,17.994467,Very High,17,12
Bethnal Green West Ward,17.351816,Very High,17,12
Fairfield Ward,17.320215,Very High,17,12
Hyde Park Ward,16.572512,Very High,17,12
Hendon Ward,16.460133,Very High,17,12
Deptford Ward,15.691383,Very High,17,12
Rushey Green Ward,15.601349,Very High,17,12
Bayswater Ward,15.488357,Very High,17,12
Lancaster Gate Ward,15.354357,Very High,17,12
London Bridge & West Bermondsey Ward,15.187692,Very High,17,12
Borough & Bankside Ward,15.00661,Very High,17,12
Spitalfields & Banglatown Ward,14.97441,Very High,17,12
Bow East Ward,14.7685,Very High,17,12
Whitechapel Ward,14.010786,Very High,17,12
London Fields Ward,13.278531,Very High,17,12
Bethnal Green East Ward,12.880147,Very High,17,12
Stonebridge Ward,12.876862,Very High,17,12
Finchley Church End Ward,12.825648,Very High,17,12
Weavers Ward,12.781363,Very High,17,12
Lansbury Ward,12.687835,Very High,17,12
Clapham Town Ward,12.656108,Very High,17,12
Brixton Acre Lane Ward,12.635505,Very High,17,12
Edmonton Green Ward,12.6112175,Very High,17,12
Northumberland Park Ward,12.451293,Very High,17,12
Dollis Hill Ward,12.364691,Very High,17,12
Kilburn Ward (E05013503),12.361211,Very High,17,12
Lea Bridge Ward (E05009380),12.270109,Very High,17,12
Brockley Ward,12.2369995,Very High,17,12
Mile End Ward,12.165356,Very High,17,12
Queens Park Ward,12.074331,Very High,17,12
Bunhill Ward,12.02788,Very High,17,12
Balham Ward,11.94747,Very High,17,12
North Walworth Ward,11.869181,Very High,17,12
North Acton Ward,11.841629,Very High,17,12
Clerkenwell Ward,11.77907,Very High,17,12
Finsbury Park Ward,11.583802,Very High,17,12
Brimsdown Ward,11.482725,Very High,17,12
Burnt Oak Ward,11.477692,Very High,17,12
Harlesden & Kensal Green Ward,11.418216,Very High,17,12
Junction Ward,11.407628,Very High,17,12
Rye Lane Ward,11.396265,Very High,17,12
Upper Edmonton Ward,11.374163,Very High,17,12
Wandsworth Town Ward,11.219431,Very High,17,12
Edgware Ward (E05013637),11.19147,Very High,17,12
Stratford Ward,10.871552,Very High,17,12
Bruce Castle Ward,10.86943,Very High,17,12
South Bermondsey Ward,10.814251,Very High,17,12
Hackney Wick Ward,10.785374,Very High,17,12
Dalston Ward,10.767826,Very High,17,12
Broad Green Ward,10.762944,Very High,17,12
Herne Hill & Loughborough Junction Ward,10.708577,Very High,17,12
Hoxton West Ward,10.667854,Very High,17,12
West Finchley Ward,10.661729,Very High,17,12
Streatham St. Leonard's Ward,10.559457,Very High,17,12
Mill Hill Ward,10.542673,Very High,17,12
St. Mary Cray Ward,10.528548,Very High,17,12
West Thornton Ward,10.388416,Very High,17,12
North Bermondsey Ward,10.359211,Very High,17,12
Homerton Ward,10.357485,Very High,17,12
Greenwich Peninsula Ward,10.301994,Very High,17,12
Sydenham Ward,10.28108,Very High,17,12
Uxbridge Ward,10.242641,Very High,17,12
Brompton & Hans Town Ward,10.226996,Very High,17,12
Crouch End Ward,10.189461,Very High,17,12
Hackney Downs Ward,10.162941,Very High,17,12
Knightsbridge & Belgravia Ward,10.126554,Very High,17,12
Noel Park Ward,10.12325,Very High,17,12
Stratford Olympic Park Ward,10.110785,Very High,17,12
Waterloo & South Bank Ward,10.091378,Very High,17,12
Harringay Ward,10.084695,Very High,17,12
Enfield Lock Ward,10.073049,Very High,17,12
St. Paul's Cray Ward,10.03879,Very High,17,12
Penge & Cator Ward,10.025719,Very High,17,12
Tollington Ward,10.002884,Very High,17,12
Hackney Central Ward,9.980604,Very High,17,12
Camberwell Green Ward,9.936516,Very High,17,12
Highgate Ward (E05013592),9.908342,Very High,17,12
Heathrow Villages Ward,9.86612,Very High,17,12
Haggerston Ward,9.864518,Very High,17,12
Mildmay Ward,9.862625,Very High,17,12
Willesden Green Ward,9.8327055,Very High,17,12
Chaucer Ward,9.817401,Very High,17,12
Victoria Ward,9.813027,Very High,17,12
St. Giles Ward,9.78108,Very High,17,12
Thamesfield Ward,9.764999,Very High,17,12
Hanger Hill Ward,9.690289,Very High,17,12
Waddon Ward,9.621636,Very High,17,12
Hither Green Ward,9.593643,Very High,17,12
Stoke Newington Ward,9.4888115,Very High,17,12
Friern Barnet Ward,9.488263,Very High,17,12
Tooting Broadway Ward,9.472013,Very High,17,12
Jubilee Ward,9.461702,Very High,17,12
Colville Ward,9.445211,Very High,17,12
Barnet Vale Ward,9.426622,Very High,17,12
Haselbury Ward,9.421576,Very High,17,12
Purley & Woodcote Ward,9.306218,Very High,17,12
East Acton Ward,9.261927,Very High,17,12
Old Kent Road Ward,9.211571,Very High,17,12
Ladywell Ward,9.174402,Very High,17,12
Highbury Ward,9.135348,Very High,17,12
Courtfield Ward,9.123847,Very High,17,12
Cricklewood & Mapesbury Ward,9.121913,Very High,17,12
West Hendon Ward,9.098199,Very High,17,12
West Green Ward,9.075807,Very High,17,12
Forest Hill Ward,9.075007,Very High,17,12
Brixton Windrush Ward,9.047894,Very High,17,12
Nunhead & Queen's Road Ward,9.041761,Very High,17,12
Heaton Ward,9.0331545,Very High,17,12
Gooshays Ward,9.0317135,Very High,17,12
East Greenwich Ward,9.022472,Very High,17,12
Garden Suburb Ward,9.0083,Very High,17,12
South Acton Ward,8.9589815,Very High,17,12
Bow West Ward,8.895531,Very High,17,12
Kilburn Ward (E05013665),8.849168,Very High,17,12
Camden Town Ward,8.826539,Very High,17,12
St. Katharine's & Wapping Ward,8.819559,Very High,17,12
Welsh Harp Ward,8.805715,Very High,17,12
South Croydon Ward,8.7623415,Very High,17,12
Ealing Common Ward,8.750781,Very High,17,12
Surrey Docks Ward,8.750251,Very High,17,12
Brixton Rush Common Ward,8.748726,Very High,17,12
Cricklewood Ward,8.736502,Very High,17,12
Clissold Ward,8.736232,Very High,17,12
Hillrise Ward,8.723413,Very High,17,12
Forest Gate South Ward,8.699928,Very High,17,12
West Putney Ward,8.677356,Very High,17,12
Springfield Ward,8.668619,Very High,17,12
Perry Vale Ward,8.657207,Very High,17,12
Stockwell West & Larkhall Ward,8.65573,Very High,17,12
Battersea Park Ward,8.65363,Very High,17,12
Faraday Ward,8.639676,Very High,17,12
Golders Green Ward,8.633293,Very High,17,12
Chiswick Gunnersbury Ward,8.6087,Very High,17,12
Blackheath Westcombe Ward,8.594018,Very High,17,12
Hoe Street Ward,8.586019,Very High,17,12
Brondesbury Park Ward,8.573948,High,9,12
West Hampstead Ward,8.563016,High,9,12
Tottenham Central Ward,8.561047,High,9,12
Goose Green Ward,8.494989,High,9,12
Canonbury Ward,8.458987,High,9,12
South Norwood Ward,8.422585,High,9,12
Plumstead & Glyndon Ward,8.408273,High,9,12
Regent's Park Ward (E05013668),8.405687,High,9,12
Whitewebbs Ward,8.368655,High,9,12
Colham & Cowley Ward,8.353845,High,9,12
St. Mary's & St. James' Ward,8.344491,High,9,12
Canary Wharf Ward,8.301871,High,9,12
Rotherhithe Ward,8.270141,High,9,12
Beckenham Town & Copers Cope Ward,8.257148,High,9,12
East Barnet Ward,8.238527,High,9,12
Roundwood Ward,8.237355,High,9,12
St. Mary's Ward,8.17379,High,9,12
Ponders End Ward,8.167756,High,9,12
Belsize Ward,8.162994,High,9,12
Streatham Hill West & Thornton Ward,8.160133,High,9,12
Queensbury Ward,8.15628,High,9,12
Chiswick Homefields Ward,8.117348,High,9,12
East Ham Ward,8.102813,High,9,12
White Hart Lane Ward,8.101984,High,9,12
Lea Bridge Ward (E05013895),8.094991,High,9,12
Roehampton Ward,8.080445,High,9,12
South Richmond Ward,8.079584,High,9,12
Central Greenford Ward,8.06554,High,9,12
Regent's Park Ward (E05013805),8.052807,High,9,12
Greenwich Park Ward,8.04115,High,9,12
Kennington Ward,8.035633,High,9,12
St. Peter's & Canalside Ward,8.023253,High,9,12
Blackheath Ward,8.0187435,High,9,12
Crystal Palace & Upper Norwood Ward,8.010408,High,9,12
Valley Ward,7.988213,High,9,12
Custom House Ward,7.9875283,High,9,12
Evelyn Ward,7.9861226,High,9,12
Hayes Town Ward,7.966526,High,9,12
Bullsmoor Ward,7.9352274,High,9,12
Knight's Hill Ward,7.933677,High,9,12
Bromley Town Ward,7.9294534,High,9,12
East Putney Ward,7.918105,High,9,12
Wood End Ward,7.916336,High,9,12
Lavender Ward,7.891436,High,9,12
Primrose Hill Ward,7.890856,High,9,12
Brixton North Ward,7.8831577,High,9,12
Catford South Ward,7.873309,High,9,12
Whalebone Ward,7.868818,High,9,12
Woodhouse Ward,7.8652334,High,9,12
South Tottenham Ward,7.8603916,High,9,12
Lower Edmonton Ward,7.857431,High,9,12
Crystal Palace & Anerley Ward,7.8493166,High,9,12
Plaistow West & Canning Town East Ward,7.847413,High,9,12
De Beauvoir Ward,7.8352623,High,9,12
Maida Vale Ward,7.7978516,High,9,12
Totteridge & Woodside Ward,7.795376,High,9,12
Osterley & Spring Grove Ward,7.790599,High,9,12
College Park & Old Oak Ward,7.787756,High,9,12
Abbey Road Ward,7.7833967,High,9,12
Kenton Ward,7.7610974,High,9,12
Laycock Ward,7.749405,High,9,12
Pinkwell Ward,7.7459674,High,9,12
Stroud Green Ward,7.7036967,High,9,12
Tottenham Hale Ward,7.6846395,High,9,12
Thornton Heath Ward,7.6839657,High,9,12
Fortune Green Ward,7.6579103,High,9,12
Earl's Court Ward,7.655333,High,9,12
Oval Ward,7.6383905,High,9,12
Golborne Ward,7.634103,High,9,12
Blackwall & Cubitt Town Ward,7.6273255,High,9,12
South Hampstead Ward,7.5990005,High,9,12
Downham Ward,7.5851645,High,9,12
Wandsworth Common Ward,7.576761,High,9,12
Northolt Mandeville Ward,7.5608172,High,9,12
Southgate Ward,7.5594587,High,9,12
Ealing Broadway Ward,7.5466213,High,9,12
Hornsey Ward,7.5452137,High,9,12
Mortlake & Barnes Common Ward,7.5419383,High,9,12
Arsenal Ward,7.5350175,High,9,12
Ilford Town Ward,7.50323,High,9,12
Westbourne Ward,7.472747,High,9,12
Selhurst Ward,7.4538,High,9,12
Greenhill Ward,7.3870587,High,9,12
East Sheen Ward,7.380339,High,9,12
Southfield Ward,7.361945,High,9,12
Carterhatch Ward,7.3616323,High,9,12
Bush Hill Park Ward,7.3335934,High,9,12
Brunswick Park Ward,7.3333125,High,9,12
Royal Hospital Ward,7.328878,High,9,12
Goodmayes Ward,7.3205442,High,9,12
Palmers Green Ward,7.296483,High,9,12
Lewisham Central Ward,7.2893233,High,9,12
Whetstone Ward,7.285329,High,9,12
Redcliffe Ward,7.272953,High,9,12
Valentines Ward,7.2717037,High,9,12
Town Ward,7.264477,High,9,12
Village Ward (E05013825),7.249697,High,9,12
King's Cross Ward,7.2351046,High,9,12
Chadwell Ward,7.2351007,High,9,12
Belvedere Ward,7.225748,High,9,12
Chislehurst Ward,7.221518,High,9,12
Crofton Park Ward,7.2117867,High,9,12
Holloway Ward,7.2095656,High,9,12
Barkingside Ward,7.200029,High,9,12
Clock House Ward,7.197365,High,9,12
East Finchley Ward,7.1964927,High,9,12
Clapham Common & Abbeville Ward,7.166976,High,9,12
Furzedown Ward,7.162492,High,9,12
East Ham South Ward,7.1604137,High,9,12
Fullwell Ward,7.154459,High,9,12
Little Venice Ward,7.1515884,High,9,12
Belmore Ward,7.1442156,High,9,12
Kew Ward,7.142028,High,9,12
Greenford Broadway Ward,7.136343,High,9,12
Tufnell Park Ward,7.13283,High,9,12
Beckton Ward,7.1294365,High,9,12
Southbury Ward,7.1262484,High,9,12
Bromley South Ward,7.1239877,High,9,12
Hanworth Village Ward,7.108329,High,9,12
Dulwich Village Ward,7.1071806,High,9,12
Aldborough Ward,7.0963054,High,9,12
Stanley Ward,7.0881524,High,9,12
Leyton Ward,7.0780206,High,9,12
Wanstead Village Ward,7.0730777,High,9,12
Abingdon Ward,7.057145,High,9,12
Kentish Town South Ward,7.0377274,High,9,12
Caledonian Ward,7.030043,High,9,12
Haverstock Ward,7.027948,High,9,12
Dulwich Wood Ward,7.019966,High,9,12
Eastbury Ward,7.018784,High,9,12
Fortis Green Ward,6.9958158,High,9,12
Perivale Ward,6.981708,High,9,12
Shacklewell Ward,6.9780273,High,9,12
South Ruislip Ward,6.959628,High,9,12
Rush Green & Crowlands Ward,6.936617,High,9,12
Telegraph Hill Ward,6.9355807,High,9,12
Goresbrook Ward,6.90967,High,9,12
Campden Ward,6.9057655,High,9,12
Addiscombe West Ward,6.9052644,High,9,12
Woodside Ward (E05013605),6.9032817,High,9,12
Petts Wood & Knoll Ward,6.9023643,High,9,12
Harrow Road Ward,6.885156,Medium,6,12
Kelsey & Eden Park Ward,6.876655,Medium,6,12
St. Pancras & Somers Town Ward,6.866556,Medium,6,12
Forest Ward,6.8663936,Medium,6,12
Walpole Ward,6.852664,Medium,6,12
Tooting Bec Ward,6.8415256,Medium,6,12
Colindale South Ward,6.8394094,Medium,6,12
Clapham Park Ward,6.83329,Medium,6,12
Valence Ward,6.823641,Medium,6,12
Norwood Green Ward,6.8133593,Medium,6,12
Gospel Oak Ward,6.8053145,Medium,6,12
Edgware Ward (E05013545),6.800367,Medium,6,12
Munster Ward,6.7987,Medium,6,12
Eastcote Ward,6.7815957,Medium,6,12
North Greenford Ward,6.776156,Medium,6,12
St. Dunstan's Ward,6.7692327,Medium,6,12
Leytonstone Ward,6.7621818,Medium,6,12
South Woodford Ward,6.74899,Medium,6,12
Shaftesbury & Queenstown Ward,6.743789,Medium,6,12
Loxford Ward,6.7387414,Medium,6,12
Arnos Grove Ward,6.73789,Medium,6,12
Seven Sisters Ward,6.735694,Medium,6,12
West Hill Ward,6.7283354,Medium,6,12
Hounslow Central Ward,6.727149,Medium,6,12
Northolt West End Ward,6.723673,Medium,6,12
Bedfont Ward,6.7227073,Medium,6,12
Maryland Ward,6.71024,Medium,6,12
High Street Ward,6.704167,Medium,6,12
Hounslow West Ward,6.6934605,Medium,6,12
Church Street Ward,6.684369,Medium,6,12
Hainault Ward,6.657593,Medium,6,12
Woolwich Arsenal Ward,6.6402884,Medium,6,12
Greenwich Creekside Ward,6.638185,Medium,6,12
Pimlico North Ward,6.6379633,Medium,6,12
Cockfosters Ward,6.6189513,Medium,6,12
Yiewsley Ward,6.6159925,Medium,6,12
Village Ward (E05014070),6.6134763,Medium,6,12
Plaistow South Ward,6.6112423,Medium,6,12
Ruislip Ward,6.6106544,Medium,6,12
Southall Green Ward,6.588799,Medium,6,12
Streatham Common & Vale Ward,6.582223,Medium,6,12
Grove Park Ward,6.5791545,Medium,6,12
Eltham Town & Avery Hill Ward,6.5760717,Medium,6,12
West Dulwich Ward,6.5671816,Medium,6,12
West Drayton Ward,6.5655217,Medium,6,12
Yeading Ward,6.5502353,Medium,6,12
Larkswood Ward,6.519317,Medium,6,12
Abbey Wood Ward,6.5153537,Medium,6,12
Alperton Ward,6.507763,Medium,6,12
Royal Victoria Ward,6.507086,Medium,6,12
Clapham East Ward,6.5023394,Medium,6,12
Lee Green Ward,6.500039,Medium,6,12
Colliers Wood Ward,6.4837213,Medium,6,12
Roxeth Ward,6.4808316,Medium,6,12
Hanwell Broadway Ward,6.4679456,Medium,6,12
Churchfields Ward,6.450907,Medium,6,12
Hammersmith Broadway Ward,6.394165,Medium,6,12
Shepherd's Bush Green Ward,6.380379,Medium,6,12
Pinner Ward,6.3769517,Medium,6,12
Northfield Ward,6.3625493,Medium,6,12
Woodside Ward (E05011489),6.3614454,Medium,6,12
Highgate Ward (E05013661),6.360489,Medium,6,12
Plaistow North Ward,6.3550606,Medium,6,12
Pembridge Ward,6.3537216,Medium,6,12
Bensham Manor Ward,6.3391137,Medium,6,12
High Barnet Ward,6.336718,Medium,6,12
Little Ilford Ward,6.332124,Medium,6,12
Peckham Ward,6.3254385,Medium,6,12
South Balham Ward,6.3249497,Medium,6,12
Woolwich Common Ward,6.321342,Medium,6,12
Wembley Hill Ward,6.318727,Medium,6,12
Bickley & Sundridge Ward,6.315428,Medium,6,12
Parsloes Ward,6.2998004,Medium,6,12
Kingston Town Ward,6.296259,Medium,6,12
Coningham Ward,6.2804112,Medium,6,12
Erith Ward,6.279222,Medium,6,12
Vincent Square Ward,6.270252,Medium,6,12
Cann Hall Ward,6.2647295,Medium,6,12
Vauxhall Ward,6.2640963,Medium,6,12
Hampton Ward,6.2486267,Medium,6,12
Queen's Park Ward,6.2390757,Medium,6,12
Squirrels Heath Ward,6.238721,Medium,6,12
Ickenham & South Harefield Ward,6.237762,Medium,6,12
Cranbrook Ward,6.1982183,Medium,6,12
North Richmond Ward,6.194887,Medium,6,12
Hounslow Heath Ward,6.1908402,Medium,6,12
Cranford Ward,6.1881704,Medium,6,12
Barnsbury Ward,6.172182,Medium,6,12
Clayhall Ward,6.164327,Medium,6,12
St. Martin's Ward,6.160734,Medium,6,12
Canning Town North Ward,6.1592407,Medium,6,12
Queen's Gate Ward,6.154699,Medium,6,12
Rainham & Wennington Ward,6.142634,Medium,6,12
West Kensington Ward,6.140653,Medium,6,12
Orpington Ward,6.135401,Medium,6,12
Heston Central Ward,6.1207256,Medium,6,12
Newington Ward,6.117156,Medium,6,12
Higham Hill Ward,6.1140985,Medium,6,12
Elm Park Ward,6.1129136,Medium,6,12
Fulham Town Ward,6.1071744,Medium,6,12
Palace & Hurlingham Ward,6.1056323,Medium,6,12
Syon & Brentford Lock Ward,6.0876474,Medium,6,12
Harrow Weald Ward,6.085505,Medium,6,12
Shadwell Ward,6.0803204,Medium,6,12
Highfield Ward,6.0727515,Medium,6,12
Chiswick Riverside Ward,6.059875,Medium,6,12
Fulham Reach Ward,6.0559835,Medium,6,12
Pitshanger Ward,6.026217,Medium,6,12
North Hanwell Ward,6.0197086,Medium,6,12
Holland Ward,6.0190225,Medium,6,12
Chadwell Heath Ward,6.0086856,Medium,6,12
New Cross Gate Ward,5.937221,Medium,6,12
St. George's Ward,5.9254456,Medium,6,12
King's Park Ward,5.91475,Medium,6,12
Muswell Hill Ward,5.9121814,Medium,6,12
Falconbrook Ward,5.9111495,Medium,6,12
Havering-atte-Bower Ward,5.9068027,Medium,6,12
Heston West Ward,5.9001102,Medium,6,12
William Morris Ward,5.8971233,Medium,6,12
Bridge Ward (E05011236),5.8587456,Medium,6,12
Stanmore Ward,5.8574133,Medium,6,12
Hermitage & Gardens Ward,5.8559628,Medium,6,12
Chapel End Ward,5.8369017,Medium,6,12
Walham Green Ward,5.8360043,Medium,6,12
Longbridge Ward,5.814167,Medium,6,12
Winchmore Hill Ward,5.803592,Medium,6,12
Bellingham Ward,5.796778,Medium,6,12
Harold Wood Ward,5.796032,Medium,6,12
Manor Park Ward,5.7856097,Medium,6,12
Headstone Ward,5.766878,Medium,6,12
Wall End Ward,5.766296,Medium,6,12
Bromley Common & Holwood Ward,5.7649264,Medium,6,12
Bromley North Ward,5.757206,Medium,6,12
West Ham Ward,5.733389,Medium,6,12
Myatt's Fields Ward,5.7178254,Medium,6,12
Newbury Ward,5.7143216,Medium,6,12
St. Ann's Ward,5.705525,Medium,6,12
Wandle Ward (E05014026),5.694744,Medium,6,12
Mayfield Ward,5.6861324,Medium,6,12
Shortlands & Park Langley Ward,5.671631,Medium,6,12
Feltham West Ward,5.670446,Low,3,12
Northbury Ward,5.668358,Low,3,12
Hylands & Harrow Lodge Ward,5.6516285,Low,3,12
Stepney Green Ward,5.645309,Low,3,12
Mayesbrook Ward,5.641624,Low,3,12
St. Andrew's Ward,5.630535,Low,3,12
Northwood Hills Ward,5.584972,Low,3,12
Norbury & Pollards Hill Ward,5.5733194,Low,3,12
Bowes Ward,5.5640697,Low,3,12
New Southgate Ward,5.54082,Low,3,12
Chingford Green Ward,5.5338774,Low,3,12
Pinner South Ward,5.5312676,Low,3,12
Plaistow Ward,5.5292335,Low,3,12
Barnhill Ward,5.5237594,Low,3,12
Hatch Lane & Highams Park North Ward,5.518221,Low,3,12
St. Margarets & North Twickenham Ward,5.514004,Low,3,12
Beddington Ward,5.5039635,Low,3,12
Mawneys Ward,5.489125,Low,3,12
Kingsbury Ward,5.4867663,Low,3,12
Edgwarebury Ward,5.477894,Low,3,12
Wimbledon Park Ward,5.477345,Low,3,12
Bounds Green Ward,5.454968,Low,3,12
St. Edward's Ward,5.4449115,Low,3,12
Limehouse Ward,5.439888,Low,3,12
"Mottingham, Coldharbour & New Eltham Ward",5.4329596,Low,3,12
Dormers Wells Ward,5.415938,Low,3,12
Stockwell East Ward,5.4110746,Low,3,12
Northcote Ward,5.3961515,Low,3,12
New Malden Village Ward,5.395024,Low,3,12
Sidcup Ward,5.380826,Low,3,12
Centenary Ward,5.3762674,Low,3,12
Streatham Hill East Ward,5.369632,Low,3,12
Kenton East Ward,5.3695292,Low,3,12
Heston East Ward,5.368337,Low,3,12
West Wickham Ward,5.3587127,Low,3,12
Alexandra Park Ward,5.346212,Low,3,12
Trinity Ward,5.344907,Low,3,12
Fairlop Ward,5.3439703,Low,3,12
Plumstead Common Ward,5.3281565,Low,3,12
Barnes Ward,5.318473,Low,3,12
Ridgeway Ward,5.3093815,Low,3,12
Woolwich Dockyard Ward,5.3055406,Low,3,12
Cazenove Ward,5.288756,Low,3,12
Colindale North Ward,5.268944,Low,3,12
Marshalls & Rise Park Ward,5.26512,Low,3,12
Charlton Village & Riverside Ward,5.264543,Low,3,12
South Hornchurch Ward,5.2453504,Low,3,12
Feltham North Ward,5.226481,Low,3,12
Preston Ward,5.2116523,Low,3,12
Grove Ward,5.20257,Low,3,12
Frognal Ward,5.2012944,Low,3,12
Hayes & Coney Hall Ward,5.196076,Low,3,12
Chelsea Riverside Ward,5.1926064,Low,3,12
Grove Green Ward,5.1876783,Low,3,12
Lady Margaret Ward,5.179895,Low,3,12
Twickenham Riverside Ward,5.175571,Low,3,12
Beam Ward,5.1751904,Low,3,12
Crayford Ward,5.1576552,Low,3,12
Woodberry Down Ward,5.15709,Low,3,12
Becontree Ward,5.156344,Low,3,12
Underhill Ward,5.148298,Low,3,12
Sutton Central Ward,5.1304336,Low,3,12
Seven Kings Ward,5.1249914,Low,3,12
Royal Albert Ward,5.121327,Low,3,12
Northwick Park Ward,5.103141,Low,3,12
Hampton Wick & South Teddington Ward,5.1010246,Low,3,12
Brentford West Ward,5.092129,Low,3,12
Dulwich Hill Ward,5.0848646,Low,3,12
Northwood Ward,5.0734115,Low,3,12
West Twickenham Ward,5.0717797,Low,3,12
Southall Broadway Ward,5.0504074,Low,3,12
Hounslow East Ward,5.04046,Low,3,12
Sands End Ward,5.037239,Low,3,12
Wood Street Ward,5.02856,Low,3,12
Bexleyheath Ward,5.026939,Low,3,12
New Addington South Ward,5.025363,Low,3,12
Notting Dale Ward,5.022075,Low,3,12
Green Street East Ward,5.0151668,Low,3,12
Ravenscourt Ward,4.9873333,Low,3,12
Brook Green Ward,4.9871373,Low,3,12
Upper Walthamstow Ward,4.983063,Low,3,12
St. James Ward,4.967477,Low,3,12
Avonmore Ward,4.9619517,Low,3,12
Barking Riverside Ward,4.9575095,Low,3,12
Addiscombe East Ward,4.939075,Low,3,12
Graveney Ward,4.9255433,Low,3,12
Camden Square Ward,4.9250016,Low,3,12
Norbury Park Ward,4.9093523,Low,3,12
Hillingdon East Ward,4.9033885,Low,3,12
Hampstead Town Ward,4.899785,Low,3,12
Abbey Ward (E05013810),4.893121,Low,3,12
Heathfield Ward,4.8771057,Low,3,12
East Wickham Ward,4.8722878,Low,3,12
Marlborough Ward,4.8710694,Low,3,12
Boleyn Ward,4.8520975,Low,3,12
Kentish Town North Ward,4.847211,Low,3,12
Brownswood Ward,4.844701,Low,3,12
Isleworth Ward,4.840779,Low,3,12
Wallington South Ward,4.826315,Low,3,12
Upminster Ward,4.818733,Low,3,12
Addison Ward,4.782391,Low,3,12
Wealdstone North Ward,4.780621,Low,3,12
Grange Park Ward,4.7754683,Low,3,12
Hounslow South Ward,4.763513,Low,3,12
Brentford East Ward,4.762889,Low,3,12
Hampton North Ward,4.760763,Low,3,12
Teddington Ward,4.7187185,Low,3,12
Shooters Hill Ward,4.7069397,Low,3,12
Gascoigne Ward,4.7059345,Low,3,12
Canning Town South Ward,4.7055106,Low,3,12
Cricket Green Ward,4.6995225,Low,3,12
"Ham, Petersham & Richmond Riverside Ward",4.6977262,Low,3,12
Figge's Marsh Ward,4.6959734,Low,3,12
Monkhams Ward,4.6890936,Low,3,12
Cheam Ward,4.6787024,Low,3,12
Southfields Ward,4.6721992,Low,3,12
Peckham Rye Ward,4.6673813,Low,3,12
Gipsy Hill Ward,4.663284,Low,3,12
Fulwell & Hampton Hill Ward,4.6455407,Low,3,12
Wembley Central Ward,4.639593,Low,3,12
Raynes Park Ward,4.638708,Low,3,12
Shirley North Ward,4.6209893,Low,3,12
Parsons Green & Sandford Ward,4.614299,Low,3,12
Sanderstead Ward,4.603662,Low,3,12
Champion Hill Ward,4.6029997,Low,3,12
Coombe Hill Ward,4.6029143,Low,3,12
Coulsdon Town Ward,4.579263,Low,3,12
Mottingham Ward,4.5776668,Low,3,12
Whitton Ward,4.5691957,Low,3,12
Poplar Ward,4.5633388,Low,3,12
Charlton Hornfair Ward,4.5602627,Low,3,12
Sutton South Ward,4.554431,Low,3,12
St. Helen's Ward,4.552023,Low,3,12
Shirley South Ward,4.543831,Low,3,12
Markhouse Ward,4.541417,Low,3,12
Lillie Ward,4.53525,Low,3,12
Harrow on the Hill Ward,4.527074,Low,3,12
Hanworth Park Ward,4.513567,Low,3,12
Alibon Ward,4.50357,Low,3,12
Wendell Park Ward,4.4955764,Low,3,12
Forest Gate North Ward,4.4892654,Low,3,12
Norland Ward,4.475737,Very Low,1,12
Green Street West Ward,4.4744573,Very Low,1,12
Abbey Ward (E05014053),4.4737425,Very Low,1,12
Falconwood & Welling Ward,4.472457,Very Low,1,12
Slade Green & Northend Ward,4.440851,Very Low,1,12
Pollards Hill Ward,4.437621,Very Low,1,12
Wallington North Ward,4.42216,Very Low,1,12
Sutton North Ward,4.404202,Very Low,1,12
Kidbrooke Park Ward,4.3893113,Very Low,1,12
St. Helier Ward,4.3887644,Very Low,1,12
Cathall Ward,4.3864965,Very Low,1,12
Charville Ward,4.37495,Very Low,1,12
Endlebury Ward,4.355881,Very Low,1,12
White City Ward,4.3354034,Very Low,1,12
Canons Ward,4.2727685,Very Low,1,12
Merton Park Ward,4.2724485,Very Low,1,12
Thamesmead East Ward,4.2644343,Very Low,1,12
Carshalton Central Ward,4.259099,Very Low,1,12
Hale End & Highams Park South Ward,4.254806,Very Low,1,12
Hatch End Ward,4.2515435,Very Low,1,12
Crook Log Ward,4.244555,Very Low,1,12
Chelsfield Ward,4.243508,Very Low,1,12
Sudbury Ward,4.231147,Very Low,1,12
Wimbledon Town & Dundonald Ward,4.2162695,Very Low,1,12
Longthornton Ward,4.2087183,Very Low,1,12
Wanstead Park Ward,4.172516,Very Low,1,12
South Twickenham Ward,4.147769,Very Low,1,12
Blackfen & Lamorbey Ward,4.144732,Very Low,1,12
Purley Oaks & Riddlesdown Ward,4.128767,Very Low,1,12
Coombe Vale Ward,4.1229362,Very Low,1,12
West Thamesmead Ward,4.11373,Very Low,1,12
Norbiton Ward,4.094101,Very Low,1,12
Wembley Park Ward,4.0907764,Very Low,1,12
Eltham Park & Progress Ward,4.083685,Very Low,1,12
Stamford Hill West Ward,4.0674124,Very Low,1,12
Ravensbury Ward,4.0446286,Very Low,1,12
Farnborough & Crofton Ward,4.0334377,Very Low,1,12
St. Mark's & Seething Wells Ward,4.0154366,Very Low,1,12
Pimlico South Ward,4.0134335,Very Low,1,12
St. Helier West Ward,4.006892,Very Low,1,12
Island Gardens Ward,3.9867668,Very Low,1,12
Heath Ward,3.9742367,Very Low,1,12
West Barnes Ward,3.9685972,Very Low,1,12
Streatham Wells Ward,3.9371026,Very Low,1,12
South Beddington & Roundshaw Ward,3.9265528,Very Low,1,12
Surbiton Hill Ward,3.8895404,Very Low,1,12
Dalgarno Ward,3.8466182,Very Low,1,12
Clementswood Ward,3.8364654,Very Low,1,12
Cannon Hill Ward,3.807641,Very Low,1,12
Eltham Page Ward,3.8008776,Very Low,1,12
Oakwood Ward,3.800688,Very Low,1,12
Roxbourne Ward,3.7975357,Very Low,1,12
Tolworth Ward,3.7754958,Very Low,1,12
Thamesmead Moorings Ward,3.7556465,Very Low,1,12
Selsdon & Addington Village Ward,3.7287674,Very Low,1,12
Stonecot Ward,3.7028763,Very Low,1,12
Hillingdon West Ward,3.6936233,Very Low,1,12
Wandle Ward (E05013826),3.6930952,Very Low,1,12
Middle Park & Horn Park Ward,3.6651149,Very Low,1,12
St. Mary's & St. James Ward,3.6501713,Very Low,1,12
Wealdstone South Ward,3.6414955,Very Low,1,12
North Harrow Ward,3.6373208,Very Low,1,12
Plashet Ward,3.620334,Very Low,1,12
The Wrythe Ward,3.6084487,Very Low,1,12
Lavender Fields Ward,3.6025567,Very Low,1,12
Blendon & Penhill Ward,3.5991268,Very Low,1,12
St. Alban's Ward,3.5879674,Very Low,1,12
Tokyngton Ward,3.5749457,Very Low,1,12
West Heath Ward,3.519629,Very Low,1,12
Kenton West Ward,3.502898,Very Low,1,12
Kidbrooke Village & Sutcliffe Ward,3.5017235,Very Low,1,12
Northumberland Heath Ward,3.4963605,Very Low,1,12
Carshalton South & Clockhouse Ward,3.4649189,Very Low,1,12
Ruislip Manor Ward,3.4385357,Very Low,1,12
Wormholt Ward,3.434597,Very Low,1,12
Kingston Gate Ward,3.4050088,Very Low,1,12
Kenley Ward,3.3983629,Very Low,1,12
Belmont Ward (E05013542),3.387849,Very Low,1,12
Belmont Ward (E05013755),3.3761895,Very Low,1,12
Rayners Lane Ward,3.3637648,Very Low,1,12
Beam Park Ward,3.315,Very Low,1,12
Cranham Ward,3.267591,Very Low,1,12
Park Hill & Whitgift Ward,3.1947954,Very Low,1,12
Hillside Ward,3.1476152,Very Low,1,12
West Harrow Ward,3.1284304,Very Low,1,12
Green Lane & St. James Ward,3.1194937,Very Low,1,12
Thames View Ward,3.0927794,Very Low,1,12
Eastbrook & Rush Green Ward,3.0654297,Very Low,1,12
Lower Morden Ward,3.006261,Very Low,1,12
North Cheam Ward,2.9880147,Very Low,1,12
New Addington North Ward,2.9420362,Very Low,1,12
St. Helier East Ward,2.9313066,Very Low,1,12
Darwin Ward,2.8128984,Very Low,1,12
Nine Elms Ward,2.8017805,Very Low,1,12
Canbury Gardens Ward,2.7830675,Very Low,1,12
Selsdon Vale & Forestdale Ward,2.746311,Very Low,1,12
Old Coulsdon Ward,2.7259388,Very Low,1,12
Hook & Chessington North Ward,2.713388,Very Low,1,12
Sutton West & East Cheam Ward,2.699479,Very Low,1,12
Southall West Ward,2.68414,Very Low,1,12
Barnehurst Ward,2.6571193,Very Low,1,12
Hackbridge Ward,2.6259356,Very Low,1,12
King George's & Sunray Ward,2.5817199,Very Low,1,12
Tudor Ward,2.5589373,Very Low,1,12
Farringdon Without Ward,2.4925504,Very Low,1,12
Emerson Park Ward,2.4425514,Very Low,1,12
Old Malden Ward,2.3584642,Very Low,1,12
Worcester Park South Ward,2.2827315,Very Low,1,12
Biggin Hill Ward,2.2321765,Very Low,1,12
Worcester Park North Ward,2.2220213,Very Low,1,12
Berrylands Ward,2.1812477,Very Low,1,12
Harefield Village Ward,2.1778603,Very Low,1,12
Castle Baynard Ward,2.1770432,Very Low,1,12
Longlands Ward,2.0965219,Very Low,1,12
Motspur Park & Old Malden East Ward,2.0479927,Very Low,1,12
Alexandra Ward,2.0159793,Very Low,1,12
Hacton Ward,2.0031438,Very Low,1,12
Chessington South & Malden Rushett Ward,1.9392613,Very Low,1,12
Bishopsgate Ward,1.9387988,Very Low,1,12
Farringdon Within Ward,1.8944718,Very Low,1,12
Tower Ward,1.7895517,Very Low,1,12
Aldgate Ward,1.3107816,Very Low,1,12
Portsoken Ward,0.8609296,Very Low,1,12
Cripplegate Ward,0.7770351,Very Low,1,12
Cordwainer Ward,0.7727527,Very Low,1,12
Coleman Street Ward,0.75285184,Very Low,1,12
Bridge Ward (E05009294),0.67383635,Very Low,1,12
Vintry Ward,0.631947,Very Low,1,12
Dowgate Ward,0.60014176,Very Low,1,12
Queenhithe Ward,0.56122524,Very Low,1,12
Cheap Ward,0.5204359,Very Low,1,12
Candlewick Ward,0.47582412,Very Low,1,12
Cornhill Ward,0.47582412,Very Low,1,12
Langbourn Ward,0.47582412,Very Low,1,12
Bread Street Ward,0.47582412,Very Low,1,12
Broad Street Ward,0.47582412,Very Low,1,12
Walbrook Ward,0.47582412,Very Low,1,12
Lime Street Ward,0.47582412,Very Low,1,12
Aldersgate Ward,0.46113876,Very Low,1,12
Billingsgate Ward,0.3534588,Very Low,1,12
Bassishaw Ward,0.17955987,Very Low,1,12
